frame,DetObj#,x,y,z,v,snr,noise
 , , , , , , , 
0,0,0.3472420871257782,0.27599605917930603,-0.0283298809081316,0.12104576081037521,168,335
0,1,0.23612460494041443,0.44364261627197266,0.19676613807678223,0.12104576081037521,144,347
0,2,1.2917406558990479,1.4821617603302002,-0.09523453563451767,0.12104576081037521,120,371
0,3,0.3611317574977875,0.2358514666557312,-0.10729126632213593,-0.12104576081037521,146,337
0,4,0.2529906630516052,0.4602794349193573,0.12421383708715439,-0.12104576081037521,138,339
 , , , , , , , 
0,0,0.3472420871257782,0.27303335070610046,-0.049286749213933945,0.12104576081037521,216,346
0,1,0.23612460494041443,0.4315498471260071,0.2220369577407837,0.12104576081037521,178,363
0,2,0.942514181137085,1.232107400894165,0.3367384672164917,0.12104576081037521,128,386
0,3,0.3472420871257782,0.24798935651779175,-0.12440931797027588,-0.12104576081037521,202,327
0,4,0.23612460494041443,0.4659000039100647,0.13591499626636505,-0.12104576081037521,179,335
 , , , , , , , 
0,0,0.3472420871257782,0.2659876346588135,-0.07891125977039337,0.12104576081037521,296,332
0,1,0.942514181137085,1.2679157257080078,0.15450331568717957,0.12104576081037521,140,433
 , , , , , , , 
0,0,0.31946271657943726,0.294395387172699,-0.09395956993103027,0.12104576081037521,324,337
0,1,-1.0992692708969116,8.421221733093262,-2.2829344272613525,0.12104576081037521,114,375
0,2,0.23414038121700287,1.2352070808410645,1.3885358572006226,-0.12104576081037521,161,405
0,3,-0.5268158316612244,0.909223735332489,1.5506021976470947,-0.12104576081037521,161,405
 , , , , , , , 
0,0,0.3809741735458374,0.27501413226127625,-0.19301535189151764,0.12104576081037521,312,351
0,1,1.916776418685913,3.152224540710449,7.947906017303467,0.12104576081037521,130,387
0,2,0.9048136472702026,1.204807162284851,0.22806400060653687,0.24209152162075043,113,446
0,3,1.312575101852417,1.5089889764785767,-0.023596683517098427,0.24209152162075043,119,483
0,4,0.23414038121700287,1.2512891292572021,1.374061107635498,-0.12104576081037521,175,415
0,5,-0.5268158316612244,1.1818962097167969,1.3543176651000977,-0.12104576081037521,175,415
 , , , , , , , 
0,0,0.26985669136047363,0.46693599224090576,0.020944740623235703,0.12104576081037521,311,375
0,1,0.17262890934944153,0.877870500087738,1.609411358833313,0.12104576081037521,121,538
0,2,-1.1508594751358032,1.4340627193450928,0.09822655469179153,0.12104576081037521,121,538
0,3,1.3691259622573853,2.0537867546081543,8.40756893157959,0.12104576081037521,123,407
0,4,6.297979354858398,5.997768402099609,1.0686415433883667,0.12104576081037521,123,407
 , , , , , , , 
0,0,0.23414038121700287,0.8156233429908752,1.6698882579803467,0.12104576081037521,158,539
0,1,1.916776418685913,6.273188591003418,5.809718608856201,0.12104576081037521,142,400
0,2,7.119455337524414,4.025018215179443,-3.145209550857544,0.12104576081037521,142,400
0,3,0.37204509973526,0.29013368487358093,-0.0647164061665535,0.24209152162075043,307,350
0,4,0.35716328024864197,0.4218948185443878,-0.1449383795261383,0.24209152162075043,218,408
0,5,0.12500715255737305,0.12518201768398285,0.5433881282806396,0.24209152162075043,218,408
0,6,0.9613645076751709,1.2612133026123047,0.3267023265361786,0.36313727498054504,149,428
 , , , , , , , 
0,0,0.30358877778053284,0.39449337124824524,0.20856499671936035,0.12104576081037521,318,361
0,1,0.10119625926017761,0.333484411239624,-0.41211405396461487,0.12104576081037521,318,361
0,2,0.6547993421554565,0.21445275843143463,-0.11438506096601486,0.12104576081037521,115,397
0,3,0.23414038121700287,1.1415711641311646,1.4664868116378784,0.12104576081037521,194,546
0,4,0.37204509973526,0.27914050221443176,-0.10220737755298615,0.24209152162075043,331,336
 , , , , , , , 
0,0,0.2708488404750824,1.1537420749664307,-0.358574241399765,0.12104576081037521,119,399
0,1,0.23414038121700287,0.9548702836036682,1.5943622589111328,0.12104576081037521,181,551
0,2,-1.2877720594406128,1.3375442028045654,0.24740402400493622,0.12104576081037521,181,551
0,3,0.34922632575035095,0.3637675344944,-0.061181314289569855,0.24209152162075043,360,336
0,4,0.2827542722225189,0.5280629992485046,0.07113908976316452,0.24209152162075043,254,401
0,5,0.05655085667967796,0.2791994512081146,-0.5317056775093079,0.24209152162075043,254,401
 , , , , , , , 
0,0,0.9385457634925842,0.5058725476264954,0.8525724411010742,0.12104576081037521,123,415
0,1,0.2976360619068146,1.1674376726150513,1.475477933883667,0.12104576081037521,188,531
0,2,-1.2500715255737305,1.4321238994598389,0.12196489423513412,0.12104576081037521,188,531
0,3,0.36510026454925537,0.3379209339618683,-0.10266579687595367,0.24209152162075043,361,341
 , , , , , , , 
0,0,0.9127506017684937,0.8165243268013,-0.33594009280204773,0.12104576081037521,139,382
0,1,-1.309598684310913,1.3777949810028076,0.12314819544553757,0.12104576081037521,147,541
0,2,0.23810885846614838,1.1389847993850708,1.5081614255905151,0.12104576081037521,147,541
0,3,0.36510026454925537,0.3490099012851715,-0.05406395345926285,0.24209152162075043,359,337
0,4,2.281876564025879,2.19319224357605,-0.24941031634807587,0.48418304324150085,125,409
 , , , , , , , 
0,0,0.36510026454925537,0.3197438716888428,-0.14998218417167664,0.12104576081037521,343,335
0,1,0.2916833460330963,1.2943874597549438,-0.13214777410030365,0.12104576081037521,131,394
0,2,0.22620342671871185,0.5521765351295471,0.08828557282686234,0.36313727498054504,384,359
0,3,-1.1905442476272583,1.4869403839111328,-0.01208238210529089,-0.12104576081037521,155,411
0,4,0.41669049859046936,1.480242371559143,1.1241817474365234,-0.12104576081037521,155,411
 , , , , , , , 
0,0,0.37105295062065125,0.38525620102882385,-0.07202695310115814,0.12104576081037521,396,336
0,1,0.942514181137085,1.2768738269805908,0.03278632089495659,0.12104576081037521,124,500
0,2,1.1250643730163574,1.6535392999649048,-0.02226170152425766,0.12104576081037521,142,521
0,3,0.2073531448841095,0.5577442646026611,0.09893055260181427,0.36313727498054504,386,352
0,4,0.7976646423339844,1.9622776508331299,0.19436056911945343,0.48418304324150085,145,432
0,5,2.182664632797241,1.6054434776306152,0.681104838848114,0.48418304324150085,117,393
 , , , , , , , 
0,0,0.8929082155227661,1.3121439218521118,-0.028420930728316307,0.12104576081037521,161,469
0,1,1.1786388158798218,1.732435941696167,-0.0009242086671292782,0.12104576081037521,115,511
0,2,0.35716328024864197,0.4424568712711334,0.0568707175552845,0.24209152162075043,378,334
0,3,0.19842404127120972,0.6031485199928284,-0.003179578809067607,0.24209152162075043,321,379
 , , , , , , , 
0,0,0.6696811318397522,0.4252283275127411,0.025722861289978027,0.12104576081037521,223,380
0,1,0.8601682782173157,1.3666611909866333,-0.11816570162773132,0.12104576081037521,158,461
0,2,0.15080228447914124,0.5838606953620911,-0.015053552575409412,0.24209152162075043,338,355
 , , , , , , , 
0,0,0.7936961650848389,1.3728363513946533,-0.07198116928339005,0.12104576081037521,137,469
0,1,1.6112031936645508,0.8633667826652527,0.2220008820295334,0.12104576081037521,145,543
0,2,1.0000572204589844,1.7242525815963745,-0.1652165949344635,0.12104576081037521,114,516
0,3,0.18751071393489838,0.6392695307731628,0.025873374193906784,0.24209152162075043,300,398
 , , , , , , , 
0,0,0.3393051326274872,0.4959565997123718,-0.05253881588578224,0.0,260,315
0,1,0.6448781490325928,0.5102486610412598,0.07166830450296402,0.12104576081037521,246,399
0,2,0.8095701336860657,1.3872240781784058,-0.20450066030025482,0.12104576081037521,162,475
0,3,1.6975177526474,0.7917325496673584,0.013530256226658821,0.24209152162075043,165,532
0,4,0.18751071393489838,0.6337048411369324,0.0880521908402443,0.36313727498054504,343,377
0,5,1.452463984489441,1.1813958883285522,-0.49512019753456116,0.36313727498054504,167,515
0,6,2.52097749710083,2.866368532180786,-0.43086501955986023,0.7262745499610901,127,432
0,7,0.30259665846824646,1.9089324474334717,0.12208167463541031,-0.12104576081037521,149,468
0,8,-0.423635333776474,0.15169209241867065,1.8836174011230469,-0.12104576081037521,149,468
0,9,-1.3334095478057861,1.9825104475021362,-4.768581390380859,-0.12104576081037521,121,424
0,10,0.6667047739028931,2.903672933578491,4.424012184143066,-0.12104576081037521,121,424
 , , , , , , , 
0,0,0.619083046913147,0.537093460559845,0.09810539335012436,0.24209152162075043,233,429
0,1,0.320454865694046,0.5097819566726685,-0.03594896197319031,0.36313727498054504,379,345
0,2,0.25100642442703247,0.6855075359344482,0.016372203826904297,0.36313727498054504,208,465
0,3,1.261976957321167,1.067631483078003,-0.3143896162509918,0.48418304324150085,175,379
0,4,1.3919446468353271,1.3335223197937012,-0.18627984821796417,0.48418304324150085,292,485
0,5,1.452463984489441,3.583763360977173,-0.22126005589962006,-0.9683660864830017,135,420
0,6,-1.118119478225708,2.1106138229370117,-4.519022464752197,-0.12104576081037521,119,413
 , , , , , , , 
0,0,-1.0476789474487305,0.9235304594039917,-0.028365381062030792,0.12104576081037521,154,380
0,1,0.7738537788391113,1.9130020141601562,0.007755685597658157,0.12104576081037521,168,477
0,2,0.6161066889762878,0.5959780216217041,0.0008546773460693657,0.24209152162075043,247,420
0,3,0.30160456895828247,0.5049192905426025,-0.13398663699626923,0.48418304324150085,353,345
0,4,0.1309598684310913,0.6832815408706665,0.06174084171652794,0.48418304324150085,365,393
0,5,2.2223494052886963,3.095890998840332,8.031065940856934,0.48418304324150085,123,390
0,6,-3.8891115188598633,7.709249019622803,2.112743616104126,0.48418304324150085,123,390
0,7,1.312575101852417,1.4540959596633911,-0.40399169921875,0.6052287817001343,187,490
0,8,1.230229139328003,3.6867728233337402,-0.6261866092681885,-0.8473203182220459,114,418
0,9,3.9476466178894043,3.8165414333343506,0.12771667540073395,-0.24209152162075043,127,425
0,10,0.24207733571529388,1.9120516777038574,-0.18960216641426086,-0.12104576081037521,140,472
 , , , , , , , 
0,0,1.1429225206375122,0.9749024510383606,-0.25603604316711426,0.12104576081037521,149,417
0,1,0.6161066889762878,0.5953884124755859,0.026517478749155998,0.36313727498054504,225,406
0,2,0.8254440426826477,0.7364079356193542,-1.2254700660705566,0.36313727498054504,162,456
0,3,0.13691259920597076,0.7114073038101196,0.0913640707731247,0.6052287817001343,384,403
0,4,1.269913911819458,1.5262049436569214,-0.4318346381187439,0.7262745499610901,213,452
0,5,0.12103866785764694,1.921048879623413,-0.213102325797081,-0.12104576081037521,158,456
 , , , , , , , 
0,0,-1.0476789474487305,0.9234603047370911,-0.030565163120627403,0.24209152162075043,160,382
0,1,1.230229139328003,0.9295880794525146,-1.223466157913208,0.36313727498054504,117,520
0,2,0.14286531507968903,0.7402412295341492,0.11044345051050186,0.6052287817001343,361,406
0,3,1.2252684831619263,1.6452058553695679,-0.22472630441188812,0.7262745499610901,234,445
0,4,0.7748458981513977,2.112039089202881,0.1409231275320053,-0.8473203182220459,125,462
 , , , , , , , 
0,0,1.0000572204589844,1.0896446704864502,-0.367179811000824,0.12104576081037521,163,383
0,1,0.2281876653432846,0.6833471059799194,0.11899573355913162,0.6052287817001343,405,344
0,2,0.09921202063560486,0.7738579511642456,0.14578911662101746,0.6052287817001343,345,402
0,3,1.1786388158798218,1.694581151008606,-0.3601806163787842,0.6052287817001343,231,487
0,4,-1.4038501977920532,0.5521854162216187,8.857091903686523,0.6052287817001343,122,389
0,5,2.2461602687835693,6.912291049957275,5.281929016113281,0.6052287817001343,122,389
0,6,0.560547947883606,3.543166399002075,-0.04430653154850006,-0.8473203182220459,149,425
 , , , , , , , 
0,0,1.0417262315750122,0.4924737811088562,-0.6710119843482971,0.24209152162075043,156,371
0,1,0.16667619347572327,1.296513319015503,0.2631601393222809,0.24209152162075043,156,371
0,2,-1.6072348356246948,0.5926744341850281,0.06815571337938309,0.36313727498054504,143,468
0,3,0.10714899003505707,1.7000038623809814,-0.1939532309770584,0.36313727498054504,143,468
0,4,0.05159025266766548,0.8181096315383911,0.0969173014163971,0.6052287817001343,328,408
0,5,1.113158941268921,1.764853835105896,-0.1915539801120758,0.6052287817001343,263,485
0,6,1.1012533903121948,2.0749683380126953,0.03389447182416916,0.8473203182220459,115,471
0,7,0.8929082155227661,4.67730712890625,-0.06199950724840164,-0.8473203182220459,129,405
 , , , , , , , 
0,0,-3.184705972671509,1.1061322689056396,0.4169673025608063,0.24209152162075043,112,506
0,1,0.7302005290985107,0.5377669334411621,1.1447205543518066,0.36313727498054504,116,418
0,2,-1.6608093976974487,0.12971273064613342,0.40496745705604553,0.36313727498054504,158,494
0,3,0.21429798007011414,0.7306796312332153,0.027366656810045242,0.48418304324150085,396,342
0,4,0.5059813261032104,0.8067266941070557,0.01755565032362938,0.48418304324150085,261,398
0,5,1.011962652206421,1.8946962356567383,-0.21611599624156952,0.48418304324150085,205,480
0,6,0.3393051326274872,1.075243353843689,-0.4291490912437439,0.8473203182220459,122,377
 , , , , , , , 
0,0,0.5228474140167236,0.8336749076843262,-0.01528177596628666,0.36313727498054504,211,426
0,1,-1.6369984149932861,0.44944316148757935,0.40891656279563904,0.36313727498054504,153,492
0,2,2.351325035095215,4.42043924331665,-0.30471527576446533,0.36313727498054504,152,470
0,3,0.24803005158901215,0.7494628429412842,-0.08209840953350067,0.48418304324150085,324,332
0,4,0.07440901547670364,0.7433605790138245,0.26801490783691406,0.48418304324150085,324,332
0,5,0.05555873364210129,0.8867620229721069,0.027932249009609222,0.48418304324150085,269,413
0,6,1.011962652206421,1.9036332368850708,-0.11296166479587555,0.48418304324150085,199,518
0,7,-1.97927987575531,5.468944072723389,-6.931224822998047,0.48418304324150085,127,371
0,8,1.6965255737304688,3.4879050254821777,8.174661636352539,0.48418304324150085,127,371
0,9,0.3174784779548645,1.0945475101470947,-0.5602271556854248,0.8473203182220459,141,382
 , , , , , , , 
0,0,0.7460744380950928,0.9486488103866577,0.8774661421775818,0.24209152162075043,140,417
0,1,0.23215614259243011,0.7683039307594299,-0.19279642403125763,0.36313727498054504,385,339
0,2,0.5397133827209473,0.8605281710624695,-0.01779930479824543,0.36313727498054504,242,447
0,3,0.23215614259243011,0.7813082933425903,-0.130455881357193,0.48418304324150085,375,349
0,4,0.9583882093429565,1.9667425155639648,-0.11023023724555969,0.48418304324150085,176,505
0,5,-2.2699711322784424,4.685583591461182,-7.438873767852783,0.48418304324150085,118,385
0,6,0.08929082006216049,0.9454652667045593,0.07249750941991806,0.6052287817001343,264,418
 , , , , , , , 
0,0,0.6994447708129883,0.7743937969207764,1.0665831565856934,0.12104576081037521,205,364
0,1,1.0318050384521484,0.12098048627376556,-1.7830392122268677,0.24209152162075043,125,538
0,2,0.2579512596130371,0.7778476476669312,-0.09885334968566895,0.36313727498054504,328,350
0,3,-1.722320795059204,0.42263472080230713,-0.12588287889957428,0.36313727498054504,188,493
0,4,0.05555873364210129,1.7682443857192993,-0.17629753053188324,0.36313727498054504,188,493
0,5,0.5079655647277832,0.8595981597900391,0.18755820393562317,0.48418304324150085,245,420
0,6,0.15873923897743225,0.9834741353988647,-0.19923996925354004,0.48418304324150085,245,420
0,7,-1.9931695461273193,7.887833118438721,-4.102585315704346,0.48418304324150085,148,362
0,8,2.8473851680755615,1.1805182695388794,-8.574416160583496,0.48418304324150085,148,362
0,9,1.1250643730163574,2.311763286590576,0.05460575222969055,0.6052287817001343,115,436
 , , , , , , , 
0,0,0.1944555640220642,0.8046202659606934,-0.3240172564983368,0.36313727498054504,393,358
0,1,-1.722320795059204,0.4114225506782532,-0.15873906016349792,0.36313727498054504,132,520
0,2,0.11111746728420258,1.7689763307571411,-0.13867712020874023,0.36313727498054504,132,520
0,3,0.9722778797149658,1.9959405660629272,0.09866106510162354,0.36313727498054504,175,517
0,4,-0.5714612603187561,9.122952461242676,0.2157975435256958,0.48418304324150085,118,376
0,5,2.8573062419891357,3.369163751602173,-8.005369186401367,0.48418304324150085,118,376
0,6,0.38395053148269653,1.226449966430664,-0.4604969024658203,0.7262745499610901,128,401
 , , , , , , , 
0,0,0.23414038121700287,0.9522879123687744,-1.5959060192108154,0.12104576081037521,129,504
0,1,0.9861675500869751,2.0256435871124268,-0.07208138704299927,0.24209152162075043,138,525
0,2,0.18056587874889374,0.7902956008911133,-0.15552087128162384,0.36313727498054504,275,348
0,3,0.5397133827209473,0.9256430268287659,0.130600705742836,0.36313727498054504,217,441
0,4,0.22223493456840515,0.8519018888473511,0.12283625453710556,0.48418304324150085,290,340
0,5,-2.0001144409179688,2.774941921234131,-8.479424476623535,0.48418304324150085,119,375
0,6,0.030755728483200073,0.9713546633720398,0.15537361800670624,0.6052287817001343,272,380
0,7,0.8929082155227661,2.7120840549468994,0.10730081051588058,0.7262745499610901,115,461
 , , , , , , , 
0,0,1.113158941268921,0.9253129363059998,-1.514991044998169,0.12104576081037521,120,556
0,1,0.6667047739028931,0.6444367170333862,1.2093250751495361,0.24209152162075043,213,395
0,2,0.9861675500869751,2.0267107486724854,-0.029509412124753,0.24209152162075043,165,519
0,3,0.3164863586425781,0.75203537940979,-0.4265497028827667,0.36313727498054504,341,350
0,4,-1.553660273551941,0.9882928729057312,0.00889121275395155,0.36313727498054504,135,510
0,5,0.23215614259243011,0.7885046601295471,-0.07564212381839752,0.48418304324150085,255,348
0,6,0.29465970396995544,1.0000474452972412,0.1034984216094017,0.48418304324150085,205,444
 , , , , , , , 
0,0,0.8264361619949341,0.6331447958946228,-1.1559242010116577,0.24209152162075043,172,419
0,1,0.9286245703697205,2.078524351119995,0.20610707998275757,0.24209152162075043,145,506
0,2,0.2589433789253235,0.85135418176651,-0.23624123632907867,0.36313727498054504,317,350
0,3,0.5714612603187561,0.9888030290603638,-0.04441297426819801,0.36313727498054504,202,472
0,4,0.4444698691368103,0.8996645212173462,-0.15863920748233795,0.48418304324150085,250,424
 , , , , , , , 
0,0,0.7292083501815796,0.6050058603286743,1.2337961196899414,0.24209152162075043,148,400
0,1,0.05853509530425072,1.1182165145874023,1.5015842914581299,0.24209152162075043,118,512
0,2,1.0000572204589844,2.05546498298645,-0.006051651667803526,0.24209152162075043,184,529
0,3,0.2976360619068146,0.8788861036300659,-0.2147214412689209,0.48418304324150085,361,342
0,4,0.5555873513221741,0.9594911932945251,0.07354313135147095,0.48418304324150085,233,463
 , , , , , , , 
0,0,0.6319805979728699,1.0300016403198242,0.9796565771102905,0.12104576081037521,171,381
0,1,0.8036174178123474,1.5081727504730225,0.13684305548667908,0.24209152162075043,119,402
0,2,1.0139468908309937,2.0814545154571533,-0.10341998189687729,0.24209152162075043,210,528
0,3,0.5357449054718018,1.0085252523422241,0.046109579503536224,0.48418304324150085,291,461
0,4,0.17560528218746185,1.8500868082046509,-0.2343747764825821,0.48418304324150085,138,486
0,5,0.2976360619068146,0.8954823017120361,-0.12906412780284882,0.6052287817001343,380,339
0,6,0.29962030053138733,4.758540153503418,0.4982337951660156,0.6052287817001343,164,393
0,7,0.09425142407417297,3.0103418827056885,0.15965181589126587,-0.9683660864830017,118,442
 , , , , , , , 
0,0,0.942514181137085,1.2747669219970703,-0.08031759411096573,0.12104576081037521,216,376
0,1,1.7203365564346313,1.4611002206802368,2.322087287902832,0.12104576081037521,115,468
0,2,1.0139468908309937,2.077911615371704,-0.15947280824184418,0.24209152162075043,178,492
0,3,-1.6250929832458496,1.1636890172958374,0.07320179045200348,0.48418304324150085,117,496
0,4,-0.2877148687839508,2.1447038650512695,-8.948967933654785,0.48418304324150085,124,375
0,5,0.3383130133152008,0.9164227843284607,-0.11970969289541245,0.6052287817001343,387,336
0,6,0.5139182806015015,1.0510962009429932,0.1045714020729065,0.6052287817001343,272,440
0,7,0.23810885846614838,1.8864825963974,0.11410849541425705,0.6052287817001343,161,458
0,8,-1.7262892723083496,0.7794280648231506,0.20236197113990784,0.6052287817001343,161,458
 , , , , , , , 
0,0,0.7639325857162476,1.5600515604019165,-0.17782485485076904,0.36313727498054504,199,417
0,1,1.027836561203003,2.1111011505126953,0.07877573370933533,0.36313727498054504,162,507
0,2,0.21429798007011414,1.1216435432434082,0.04758340120315552,0.6052287817001343,235,438
0,3,0.3174784779548645,0.9471139907836914,-0.1851986050605774,0.7262745499610901,424,337
0,4,0.15477076172828674,1.1869213581085205,0.31673187017440796,0.7262745499610901,201,455
0,5,0.619083046913147,1.0707539319992065,-0.05724863335490227,0.7262745499610901,201,455
 , , , , , , , 
0,0,0.8095701336860657,0.9424421787261963,-1.0382745265960693,0.36313727498054504,201,402
0,1,0.7778222560882568,1.5970512628555298,-0.07263090461492538,0.36313727498054504,129,476
0,2,1.027836561203003,2.1058995723724365,-0.16775353252887726,0.36313727498054504,157,495
0,3,0.33632874488830566,3.5207607746124268,0.6011089086532593,0.48418304324150085,112,476
0,4,0.37105295062065125,0.9981212019920349,-0.17673656344413757,0.7262745499610901,405,342
0,5,0.619083046913147,1.0671926736831665,-0.1043609231710434,0.8473203182220459,238,407
 , , , , , , , 
0,0,0.722263514995575,0.632968544960022,1.3428021669387817,0.36313727498054504,196,373
0,1,0.9673172235488892,2.1748509407043457,0.062473196536302567,0.36313727498054504,145,502
0,2,0.3125178813934326,1.9708740711212158,-0.1358153223991394,0.6052287817001343,127,477
0,3,0.28573063015937805,1.0992157459259033,-0.12788519263267517,0.7262745499610901,384,362
0,4,0.16270771622657776,1.289427638053894,-0.07229059934616089,0.7262745499610901,180,448
 , , , , , , , 
0,0,0.9802147746086121,1.3179612159729004,-0.1660984307527542,0.24209152162075043,244,349
0,1,0.7917119264602661,1.6197081804275513,-0.15648864209651947,0.48418304324150085,199,439
0,2,0.22620342671871185,1.1100386381149292,0.41483891010284424,0.6052287817001343,342,376
0,3,0.23215614259243011,1.1903103590011597,0.24964016675949097,0.6052287817001343,314,404
0,4,0.5694770216941833,2.5392394065856934,0.07247627526521683,0.8473203182220459,160,477
 , , , , , , , 
0,0,0.6250357031822205,1.1778392791748047,-0.0024517944548279047,0.48418304324150085,173,472
0,1,0.36708447337150574,1.1136596202850342,-0.06972599029541016,0.6052287817001343,421,351
0,2,0.19842404127120972,1.2540559768676758,-0.02554904669523239,0.6052287817001343,220,445
0,3,0.576421856880188,2.5627660751342773,0.20872926712036133,0.8473203182220459,153,456
0,4,1.036765694618225,2.8288958072662354,0.13782794773578644,0.8473203182220459,114,455
 , , , , , , , 
0,0,0.5159025192260742,0.508510410785675,1.483473300933838,0.24209152162075043,119,458
0,1,1.180623173713684,1.272031545639038,1.3881288766860962,0.24209152162075043,140,502
0,2,1.0833953619003296,2.2261595726013184,0.05185776203870773,0.36313727498054504,115,511
0,3,0.6547993421554565,1.2339287996292114,-0.0013544306857511401,0.48418304324150085,198,465
0,4,0.7480586171150208,1.6804050207138062,-0.08549407124519348,0.48418304324150085,113,463
0,5,0.3393051326274872,1.1569793224334717,-0.04142313078045845,0.6052287817001343,403,355
0,6,0.590311586856842,2.62684965133667,0.18291544914245605,0.8473203182220459,131,440
 , , , , , , , 
0,0,0.525823712348938,0.43438729643821716,1.538206934928894,0.24209152162075043,174,435
0,1,0.38692688941955566,1.1709444522857666,-0.11059782654047012,0.48418304324150085,437,353
0,2,0.17858164012432098,1.413770318031311,0.10203879326581955,0.6052287817001343,179,443
0,3,0.6825787425041199,5.405017852783203,0.3719494938850403,-0.9683660864830017,160,378
 , , , , , , , 
0,0,0.525823712348938,0.18479494750499725,1.5876471996307373,0.24209152162075043,167,426
0,1,0.42561960220336914,1.1623187065124512,-0.03030683472752571,0.48418304324150085,358,360
0,2,0.9821990132331848,2.985255718231201,0.04704592376947403,0.8473203182220459,115,444
0,3,0.6865472197532654,5.43425178527832,-0.40469053387641907,-0.9683660864830017,148,384
 , , , , , , , 
0,0,0.4881231486797333,1.2066155672073364,-0.011749506928026676,0.48418304324150085,336,356
0,1,0.6845629811286926,1.2870053052902222,0.088103286921978,0.48418304324150085,152,465
0,2,0.18255013227462769,1.3198232650756836,-0.5979241728782654,0.48418304324150085,152,465
0,3,0.1904870867729187,1.4942480325698853,-0.23064740002155304,0.48418304324150085,130,481
0,4,0.6905156970024109,5.480052471160889,0.09041103720664978,-0.9683660864830017,150,363
 , , , , , , , 
0,0,1.0566080808639526,0.5570998191833496,1.9115891456604004,0.24209152162075043,178,509
0,1,0.37502142786979675,1.2352041006088257,-0.33408206701278687,0.36313727498054504,331,364
 , , , , , , , 
0,0,0.33335238695144653,1.2618963718414307,-0.2729004919528961,0.48418304324150085,365,350
0,1,1.1667333841323853,2.3795225620269775,0.2975388467311859,0.8473203182220459,138,420
 , , , , , , , 
0,0,0.28573063015937805,2.252699851989746,-0.2622761130332947,0.36313727498054504,152,496
0,1,0.416690468788147,1.2341349124908447,-0.2850634753704071,0.48418304324150085,371,351
0,2,0.2678724527359009,1.3995304107666016,0.10299890488386154,0.48418304324150085,286,415
0,3,1.250071406364441,2.3529062271118164,0.11435694247484207,0.8473203182220459,140,424
 , , , , , , , 
0,0,0.19643980264663696,1.3914625644683838,1.5542742013931274,0.12104576081037521,153,425
0,1,1.0714898109436035,0.5605951547622681,1.939775824546814,0.36313727498054504,141,501
0,2,0.37502142786979675,1.2747942209243774,-0.1106325015425682,0.48418304324150085,385,346
0,3,0.5129261612892151,1.401171326637268,0.011580200865864754,0.48418304324150085,210,487
 , , , , , , , 
0,0,0.2539827823638916,1.096738576889038,1.6914849281311035,0.12104576081037521,162,379
0,1,0.2579512596130371,1.179195761680603,1.6737518310546875,0.12104576081037521,163,378
0,2,2.3572776317596436,3.928940534591675,-7.018195629119873,0.12104576081037521,131,396
0,3,2.8573062419891357,1.0350470542907715,-0.23135064542293549,0.24209152162075043,117,497
0,4,1.086371660232544,1.1938447952270508,1.6630598306655884,0.36313727498054504,182,509
0,5,0.3819662928581238,2.41396164894104,-0.05369534343481064,0.36313727498054504,113,518
0,6,0.3928796052932739,1.3266016244888306,-0.192660391330719,0.48418304324150085,369,358
0,7,0.6448781490325928,1.4474354982376099,0.09421873092651367,0.48418304324150085,167,515
0,8,1.1310170888900757,2.6000254154205322,-1.0282021760940552,0.8473203182220459,190,433
 , , , , , , , 
0,0,-0.5803903341293335,0.9397897124290466,1.7431089878082275,0.12104576081037521,193,380
0,1,0.2579512596130371,1.1600375175476074,1.6870864629745483,0.12104576081037521,193,380
0,2,0.38692688941955566,2.4444565773010254,-0.08449948579072952,0.36313727498054504,143,517
0,3,2.7620627880096436,1.287743330001831,-0.04207997024059296,0.36313727498054504,125,520
0,4,0.4365329146385193,1.3213309049606323,-0.12193484604358673,0.6052287817001343,378,352
0,5,0.3730372190475464,1.4378137588500977,0.1415739357471466,0.6052287817001343,294,404
0,6,0.31946271657943726,1.393040657043457,-0.3002537786960602,0.8473203182220459,304,362
 , , , , , , , 
0,0,2.7908341884613037,1.2942829132080078,-0.14017945528030396,0.36313727498054504,130,497
0,1,0.9931123852729797,1.167478084564209,-1.9043936729431152,0.48418304324150085,117,515
0,2,0.4960601031780243,1.5055660009384155,0.08372492343187332,0.6052287817001343,149,504
0,3,0.4107378125190735,1.3945763111114502,-0.13864627480506897,0.7262745499610901,415,368
 , , , , , , , 
0,0,-0.5893194079399109,0.7221593856811523,1.8766229152679443,0.24209152162075043,170,376
0,1,0.2619197368621826,1.0171087980270386,1.813122272491455,0.24209152162075043,170,376
0,2,0.36510026454925537,1.3988767862319946,-0.20643866062164307,0.7262745499610901,441,351
 , , , , , , , 
0,0,0.19346344470977783,0.9185101389884949,1.837769865989685,0.36313727498054504,127,399
0,1,-1.955469012260437,1.243288516998291,-0.040141623467206955,0.48418304324150085,113,490
0,2,0.1517944037914276,1.5960150957107544,0.22651636600494385,0.7262745499610901,218,442
0,3,0.5952721238136292,0.4291083812713623,1.7578538656234741,0.7262745499610901,122,457
0,4,0.3730372190475464,1.4332315921783447,-0.1822054535150528,0.8473203182220459,397,345
0,5,0.27084881067276,2.876265287399292,-0.01928708888590336,-0.7262745499610901,189,389
0,6,0.27382519841194153,2.907862663269043,-0.020994244143366814,-0.7262745499610901,170,408
 , , , , , , , 
0,0,-0.6647205352783203,0.9299021363258362,1.7938804626464844,0.36313727498054504,167,389
0,1,0.0,3.828080415725708,4.6205973625183105,0.48418304324150085,113,409
0,2,1.5000858306884766,5.690435409545898,-1.1716662645339966,0.48418304324150085,113,409
0,3,-0.38295841217041016,2.919600248336792,5.373407363891602,0.48418304324150085,160,416
0,4,1.5318336486816406,5.9200286865234375,0.3885557949542999,0.48418304324150085,160,416
0,5,0.262911856174469,1.6463954448699951,0.2269870638847351,0.6052287817001343,264,412
0,6,0.39684808254241943,1.4817910194396973,-0.408192902803421,0.7262745499610901,379,356
 , , , , , , , 
0,0,0.9286245703697205,0.7261459827423096,2.177748680114746,0.48418304324150085,211,519
0,1,0.2500143051147461,2.650968074798584,0.14759685099124908,0.48418304324150085,132,505
0,2,-0.18949496746063232,1.6502635478973389,-5.831883430480957,0.48418304324150085,122,411
0,3,0.160723477602005,1.6612048149108887,0.3920186161994934,0.6052287817001343,193,480
0,4,0.40478506684303284,1.5546705722808838,-0.2018996924161911,0.7262745499610901,424,358
0,5,0.2797779142856598,2.961325168609619,0.2414781153202057,-0.7262745499610901,218,356
 , , , , , , , 
0,0,0.3720450699329376,2.3353183269500732,-0.27830320596694946,0.48418304324150085,121,541
0,1,0.3680765926837921,1.6106973886489868,-0.3184918463230133,0.6052287817001343,366,367
0,2,0.6220594048500061,1.695099949836731,0.12012206763029099,0.7262745499610901,129,485
 , , , , , , , 
0,0,0.3611317574977875,1.6037296056747437,-0.15187664330005646,0.6052287817001343,420,349
0,1,0.3680765926837921,1.6369811296463013,-0.12679092586040497,0.6052287817001343,410,359
 , , , , , , , 
0,0,0.4732413589954376,1.4861928224563599,-0.6312979459762573,0.12104576081037521,297,347
0,1,0.3819662928581238,2.4125113487243652,-0.0994117483496666,0.36313727498054504,132,526
0,2,-2.0626180171966553,1.3005291223526,-0.17384956777095795,0.36313727498054504,132,526
0,3,0.32144695520401,1.683621883392334,-0.03465655818581581,0.6052287817001343,394,346
0,4,-2.803731918334961,3.6876323223114014,-8.827112197875977,0.6052287817001343,123,355
0,5,0.31152576208114624,9.389615058898926,3.3339972496032715,0.6052287817001343,123,355
 , , , , , , , 
0,0,0.37502145767211914,1.6663206815719604,-0.14780552685260773,0.48418304324150085,419,345
0,1,0.5268158316612244,1.7973674535751343,0.02291714772582054,0.48418304324150085,144,528
 , , , , , , , 
0,0,0.5952721238136292,1.8085839748382568,-0.05664200708270073,0.36313727498054504,156,494
0,1,0.4365329146385193,1.6853744983673096,-0.1338943988084793,0.48418304324150085,368,344
0,2,0.36510026454925537,2.895794153213501,-0.11028669029474258,0.48418304324150085,147,480
 , , , , , , , 
0,0,0.3889111280441284,1.6628698110580444,-0.4944368302822113,0.0,281,320
0,1,0.6657126545906067,1.8183002471923828,-0.033203206956386566,0.24209152162075043,163,479
0,2,0.4365329146385193,1.6824761629104614,-0.16639938950538635,0.48418304324150085,377,346
0,3,0.17659740149974823,2.8119957447052,-0.21277625858783722,0.7262745499610901,143,423
 , , , , , , , 
0,0,0.2877148687839508,1.7995424270629883,-0.2636844217777252,0.36313727498054504,287,381
0,1,0.32739967107772827,1.7123390436172485,-0.09838664531707764,0.48418304324150085,344,342
0,2,0.11707019060850143,1.8509005308151245,0.2627767324447632,0.6052287817001343,272,399
0,3,0.2678724527359009,2.8432953357696533,-0.090089812874794,0.7262745499610901,179,396
 , , , , , , , 
0,0,0.33335238695144653,1.7459906339645386,-0.03533307462930679,0.48418304324150085,387,338
0,1,0.17858164012432098,1.8964803218841553,-0.002078829798847437,0.48418304324150085,260,441
 , , , , , , , 
0,0,0.3393051028251648,1.774501085281372,-0.10377223789691925,0.48418304324150085,440,330
0,1,0.5714612603187561,1.9498106241226196,-0.011608508415520191,0.48418304324150085,132,511
 , , , , , , , 
0,0,0.4028007984161377,1.782357096672058,-0.2271934598684311,0.48418304324150085,404,352
0,1,0.5625321865081787,1.91853666305542,0.05685299262404442,0.48418304324150085,169,512
0,2,0.2827542722225189,3.0026049613952637,0.030734021216630936,0.7262745499610901,147,438
0,3,0.20933736860752106,6.49984073638916,-1.6068947315216064,-0.36313727498054504,167,364
0,4,2.7213857173919678,3.7268970012664795,4.855734825134277,-0.36313727498054504,167,364
0,5,-0.9732699990272522,3.1164987087249756,-1.1468863487243652,-0.12104576081037521,172,374
 , , , , , , , 
0,0,0.37502145767211914,1.9578447341918945,0.1632799357175827,0.48418304324150085,260,454
0,1,0.4097456634044647,1.8159661293029785,-0.20728076994419098,0.6052287817001343,422,337
0,2,0.3928796052932739,3.114180564880371,0.16187991201877594,0.6052287817001343,114,457
 , , , , , , , 
0,0,0.3174784779548645,2.001321792602539,0.14960892498493195,0.48418304324150085,290,412
0,1,0.41669049859046936,1.8423492908477783,-0.24627439677715302,0.7262745499610901,371,341
 , , , , , , , 
0,0,0.3690687417984009,1.9329677820205688,-0.043488044291734695,0.7262745499610901,403,352
0,1,0.6547993421554565,1.9890480041503906,-0.07382843643426895,0.8473203182220459,188,442
0,2,-0.4791940748691559,5.073222637176514,-0.3990359902381897,-0.9683660864830017,181,373
0,3,1.43758225440979,1.5652039051055908,4.648649215698242,-0.9683660864830017,181,373
0,4,-0.1309598684310913,4.157431125640869,-0.5106030702590942,-0.48418304324150085,139,385
0,5,1.4405585527420044,1.5077627897262573,3.6350436210632324,-0.48418304324150085,139,385
 , , , , , , , 
0,0,-3.0279510021209717,1.6753042936325073,0.005938718561083078,0.24209152162075043,117,452
0,1,-0.10814110934734344,2.341820240020752,2.545456886291504,0.24209152162075043,117,452
0,2,0.13889683783054352,4.442200660705566,-0.05392269417643547,0.6052287817001343,126,458
0,3,0.43752503395080566,1.9465950727462769,-0.1407022923231125,0.7262745499610901,393,353
0,4,-0.35418692231178284,3.7602810859680176,-0.08986879885196686,-0.9683660864830017,197,414
0,5,-0.482170432806015,5.109463691711426,-0.3360067307949066,-0.9683660864830017,194,394
0,6,1.4465112686157227,0.8730152249336243,4.857721328735352,-0.9683660864830017,194,394
 , , , , , , , 
0,0,0.27382519841194153,2.1663005352020264,0.175775945186615,0.6052287817001343,156,452
0,1,0.2797779142856598,4.462370872497559,0.2180502563714981,0.6052287817001343,167,442
0,2,0.38692688941955566,2.0197458267211914,-0.17146746814250946,0.7262745499610901,383,356
0,3,0.13691259920597076,2.1802244186401367,-0.16313141584396362,-0.9683660864830017,180,438
0,4,-0.30656516551971436,3.2442476749420166,-0.27195706963539124,-0.9683660864830017,239,422
0,5,0.9196954965591431,0.9147576093673706,3.0017435550689697,-0.9683660864830017,239,422
0,6,-0.48514679074287415,5.15201473236084,0.030955497175455093,-0.9683660864830017,148,391
 , , , , , , , 
0,0,0.42264324426651,4.475592136383057,0.3380296230316162,0.6052287817001343,125,459
0,1,0.5238394737243652,2.0280981063842773,-0.05417315661907196,0.7262745499610901,344,356
0,2,0.7748458981513977,2.1004531383514404,-0.2620401084423065,0.8473203182220459,162,461
0,3,-0.31549423933029175,3.350325345993042,0.028932522982358932,-0.9683660864830017,237,383
0,4,-0.4910995066165924,5.212512493133545,-0.17120826244354248,-0.9683660864830017,145,387
0,5,1.4732985496520996,0.9823170304298401,4.930032730102539,-0.9683660864830017,145,387
 , , , , , , , 
0,0,-1.1349855661392212,0.5501480102539062,-3.0513718128204346,0.24209152162075043,147,456
0,1,0.3095415234565735,1.1075682640075684,3.0950286388397217,0.24209152162075043,147,456
0,2,0.3928796052932739,2.020028829574585,-0.3945300281047821,0.6052287817001343,347,347
0,3,0.21429798007011414,2.2614266872406006,-0.25517305731773376,0.8473203182220459,216,406
0,4,-0.2123137265443802,3.3901262283325195,0.04133892059326172,-0.9683660864830017,204,391
 , , , , , , , 
0,0,-0.9276324510574341,1.8073574304580688,1.776294469833374,0.12104576081037521,172,383
0,1,0.590311586856842,1.5353485345840454,2.1392760276794434,0.12104576081037521,172,383
0,2,0.3928796052932739,2.046734571456909,-0.21690528094768524,0.6052287817001343,301,344
0,3,0.47919410467147827,2.1375420093536377,0.0047267344780266285,0.6052287817001343,283,380
0,4,0.6200751662254333,3.9149906635284424,-0.19286701083183289,0.8473203182220459,189,404
0,5,0.833380937576294,5.262049674987793,-0.2529961168766022,0.8473203182220459,250,385
0,6,1.0417262315750122,6.5797929763793945,-0.2658163905143738,0.8473203182220459,168,360
 , , , , , , , 
0,0,-0.9385457634925842,1.7897735834121704,1.8358819484710693,0.12104576081037521,217,368
0,1,0.5972564220428467,1.5789598226547241,2.1458775997161865,0.12104576081037521,217,368
0,2,0.47919410467147827,2.135519027709961,-0.09309180080890656,0.6052287817001343,368,355
0,3,0.64289391040802,3.365076780319214,-0.13925941288471222,0.7262745499610901,115,435
0,4,0.6299963593482971,3.975646734237671,-0.23275348544120789,0.7262745499610901,123,435
0,5,0.8433022499084473,5.326398849487305,-0.21765688061714172,0.7262745499610901,139,419
0,6,1.0466868877410889,6.613352298736572,-0.2046428620815277,0.7262745499610901,129,379
 , , , , , , , 
0,0,0.0,4.630535125732422,-0.20758597552776337,0.24209152162075043,115,457
0,1,-4.055787563323975,2.2245607376098633,-0.29472628235816956,0.24209152162075043,115,457
0,2,0.42859596014022827,2.245300054550171,0.0046440791338682175,0.48418304324150085,344,376
 , , , , , , , 
0,0,0.5635243058204651,2.1539924144744873,-0.35172542929649353,0.36313727498054504,348,340
0,1,0.23215614259243011,2.459383249282837,0.17250792682170868,0.48418304324150085,119,486
0,2,1.9643981456756592,6.701788425445557,-0.10384141653776169,0.48418304324150085,159,420
 , , , , , , , 
0,0,0.5000286102294922,2.1030659675598145,-0.7430829405784607,0.0,298,323
0,1,-2.398946762084961,1.696825385093689,-0.2887721061706543,0.24209152162075043,122,503
0,2,0.42859596014022827,2.240363597869873,-0.1488759070634842,0.36313727498054504,391,354
0,3,0.7639325857162476,2.321755886077881,0.04300146549940109,0.48418304324150085,134,480
0,4,1.7540686130523682,6.791971683502197,-0.14306744933128357,0.48418304324150085,122,430
 , , , , , , , 
0,0,0.14683379232883453,4.696259021759033,0.03460599482059479,0.24209152162075043,130,448
0,1,-4.111346244812012,2.257704257965088,-0.2778664231300354,0.24209152162075043,130,448
0,2,0.42859596014022827,2.2402594089508057,-0.1504373699426651,0.36313727498054504,415,348
0,3,0.5347528457641602,2.36938214302063,0.2757907509803772,0.48418304324150085,148,476
 , , , , , , , 
0,0,-4.258180141448975,1.9835041761398315,-0.10592551529407501,0.24209152162075043,114,462
0,1,0.43454867601394653,2.2699801921844482,-0.17202803492546082,0.36313727498054504,388,343
0,2,0.4524068534374237,2.3696224689483643,-0.044698044657707214,0.36313727498054504,235,428
0,3,0.627020001411438,2.4076988697052,-0.3166968822479248,0.36313727498054504,121,521
0,4,1.7620055675506592,6.804051399230957,-0.5242527723312378,0.48418304324150085,149,415
0,5,0.9921202659606934,3.842315673828125,0.03391347452998161,0.8473203182220459,148,387
 , , , , , , , 
0,0,-4.286951541900635,1.9364006519317627,-0.49936020374298096,0.24209152162075043,120,428
0,1,0.2956518232822418,4.715042591094971,0.24067460000514984,0.24209152162075043,120,428
0,2,0.3720450699329376,2.3508598804473877,-0.06799060851335526,0.36313727498054504,319,362
0,3,1.238166093826294,4.703888893127441,-0.9323405027389526,0.6052287817001343,120,405
0,4,1.912807822227478,7.201991558074951,-1.7360382080078125,0.6052287817001343,182,373
0,5,0.29366758465766907,2.2538235187530518,-0.594508945941925,0.7262745499610901,295,344
0,6,1.0079941749572754,3.902488946914673,-0.10659557580947876,0.8473203182220459,133,394
 , , , , , , , 
0,0,0.3928796052932739,4.172257900238037,-0.0031766570173203945,0.24209152162075043,126,446
0,1,0.1478259116411209,4.728098392486572,0.013964771293103695,0.24209152162075043,118,446
0,2,-4.43477725982666,1.6312626600265503,-0.22066518664360046,0.24209152162075043,118,446
0,3,0.7143265604972839,2.4265923500061035,-0.22828185558319092,0.36313727498054504,115,519
0,4,0.36708447337150574,2.3123953342437744,-0.19359321892261505,0.48418304324150085,411,346
0,5,1.7858164310455322,6.913687705993652,-0.19500277936458588,0.6052287817001343,113,399
 , , , , , , , 
0,0,0.5278079509735107,4.163058757781982,-0.46857160329818726,0.24209152162075043,120,458
0,1,0.44645410776138306,2.3182408809661865,-0.30987197160720825,0.48418304324150085,412,363
 , , , , , , , 
0,0,0.39585596323013306,4.201296329498291,-0.146993950009346,0.24209152162075043,161,449
0,1,0.1478259116411209,4.728109836578369,0.009202694520354271,0.24209152162075043,143,447
0,2,-4.286951541900635,1.9933258295059204,-0.1601879745721817,0.24209152162075043,143,447
0,3,0.3770056962966919,2.352907419204712,-0.3787800669670105,0.6052287817001343,403,349
0,4,1.5764790773391724,7.016043186187744,0.4767170250415802,0.8473203182220459,162,351
 , , , , , , , 
0,0,0.650830864906311,2.515998601913452,-0.15317648649215698,0.48418304324150085,174,490
0,1,0.0,2.40144681930542,0.45721495151519775,0.6052287817001343,292,350
0,2,0.7639325857162476,2.016627788543701,-1.1513525247573853,0.6052287817001343,292,350
0,3,0.4702650010585785,2.4403328895568848,-0.3377740979194641,0.6052287817001343,274,373
0,4,0.517886757850647,1.790252447128296,5.2002644538879395,-0.12104576081037521,115,406
 , , , , , , , 
0,0,0.7024211287498474,5.570082664489746,-0.24102318286895752,0.36313727498054504,115,406
0,1,-2.502127170562744,1.766050934791565,-0.3224869668483734,0.48418304324150085,120,500
0,2,0.38692688941955566,2.435515880584717,-0.22532488405704498,0.6052287817001343,408,346
0,3,0.16667619347572327,2.6612305641174316,0.044668857008218765,0.7262745499610901,131,452
0,4,-0.13393622636795044,4.279443740844727,-0.19459159672260284,-0.7262745499610901,144,403
 , , , , , , , 
0,0,2.8930225372314453,5.06498384475708,8.472566604614258,0.12104576081037521,127,370
0,1,0.32144695520401,2.549130916595459,-0.10772865265607834,0.6052287817001343,295,367
 , , , , , , , 
0,0,2.8930225372314453,6.149739742279053,7.721343517303467,0.12104576081037521,128,377
0,1,0.29962030053138733,4.783387184143066,0.10557494312524796,0.24209152162075043,146,441
0,2,0.39684808254241943,2.4883763790130615,-0.3181511163711548,0.6052287817001343,366,348
0,3,1.38698410987854,7.261676788330078,-0.2522071301937103,0.8473203182220459,141,361
0,4,-0.12897562980651855,3.9273083209991455,-1.262364149093628,-0.7262745499610901,162,349
0,5,1.2897562980651855,2.374192237854004,3.1198856830596924,-0.7262745499610901,162,349
 , , , , , , , 
0,0,0.14981015026569366,4.791388034820557,0.04328429698944092,0.24209152162075043,160,435
0,1,-4.494304656982422,1.6586698293685913,-0.17819786071777344,0.24209152162075043,160,435
0,2,0.48415467143058777,7.681280136108398,-0.8782910704612732,0.36313727498054504,120,391
0,3,-6.778165340423584,3.664196729660034,-0.7987525463104248,0.36313727498054504,120,391
0,4,0.39684808254241943,2.490670919418335,-0.2996599078178406,0.48418304324150085,392,343
0,5,0.32144695520401,2.533794403076172,-0.2992636561393738,0.48418304324150085,390,345
0,6,0.6230515241622925,4.930149555206299,-0.38703563809394836,0.8473203182220459,129,377
0,7,1.2411425113677979,1.4853705167770386,3.965775728225708,-0.9683660864830017,123,405
0,8,-0.4137141704559326,4.379288673400879,-0.35328441858291626,-0.9683660864830017,123,405
 , , , , , , , 
0,0,2.603323459625244,3.6615285873413086,9.394286155700684,0.12104576081037521,131,368
0,1,0.30160456895828247,4.783372402191162,0.5616960525512695,0.24209152162075043,152,434
0,2,0.4018086791038513,2.5323374271392822,-0.1970233917236328,0.48418304324150085,387,341
0,3,0.42165112495422363,2.65244460105896,-0.262702077627182,0.48418304324150085,236,431
 , , , , , , , 
0,0,2.579512596130371,6.479164123535156,7.604519367218018,0.12104576081037521,145,370
0,1,2.2779080867767334,1.894829273223877,9.982857704162598,0.12104576081037521,115,368
0,2,0.329383909702301,2.5714709758758545,-0.4718514382839203,0.36313727498054504,374,361
0,3,0.517886757850647,2.7074897289276123,0.1740231215953827,0.36313727498054504,114,502
0,4,0.5327685475349426,5.657590866088867,-0.05264793708920479,0.36313727498054504,117,420
 , , , , , , , 
0,0,2.257073402404785,4.8132195472717285,8.84311580657959,0.12104576081037521,142,376
0,1,0.4881231486797333,2.481834888458252,-0.6160563230514526,0.24209152162075043,352,359
0,2,0.33732089400291443,2.675600051879883,-0.0982009768486023,0.36313727498054504,274,411
0,3,1.3641654253005981,8.617219924926758,0.3270536959171295,0.48418304324150085,125,375
 , , , , , , , 
0,0,0.329383909702301,2.611095428466797,-0.1314803808927536,0.24209152162075043,379,339
0,1,0.35716328024864197,5.687124252319336,-0.43110203742980957,0.24209152162075043,144,430
 , , , , , , , 
0,0,0.35716328024864197,5.691684246063232,-0.36600345373153687,0.12104576081037521,155,422
0,1,0.2529906630516052,2.676248073577881,-0.2365514636039734,0.24209152162075043,386,360
0,2,0.26489609479904175,2.809521198272705,-0.14212940633296967,0.24209152162075043,130,511
0,3,2.9515576362609863,1.656079888343811,1.6789714097976685,0.6052287817001343,156,354
 , , , , , , , 
0,0,0.3591475188732147,5.715730667114258,-0.4712701737880707,0.12104576081037521,139,445
0,1,0.33335238695144653,2.5994391441345215,-0.49367690086364746,0.24209152162075043,383,345
 , , , , , , , 
0,0,0.33732089400291443,2.6540069580078125,-0.3531661331653595,0.12104576081037521,376,351
 , , , , , , , 
0,0,0.25596702098846436,2.7105672359466553,-0.20475704967975616,0.12104576081037521,376,353
 , , , , , , , 
0,0,0.42165112495422363,2.5977277755737305,-0.5968961119651794,0.12104576081037521,385,345
0,1,1.0992692708969116,8.722888946533203,0.19992521405220032,0.12104576081037521,112,415
 , , , , , , , 
0,0,0.16667619347572327,2.6366488933563232,0.36362794041633606,0.12104576081037521,360,342
 , , , , , , , 
0,0,0.33732089400291443,2.675905704498291,-0.08948624134063721,0.12104576081037521,408,350
 , , , , , , , 
0,0,0.33732089400291443,2.675384044647217,-0.10391971468925476,0.12104576081037521,386,335
 , , , , , , , 
0,0,0.2529906630516052,2.6859705448150635,-0.061825498938560486,0.12104576081037521,397,334
 , , , , , , , 
0,0,0.2529906630516052,2.6664178371429443,-0.3293565511703491,0.12104576081037521,341,342
 , , , , , , , 
0,0,0.34128937125205994,2.706660270690918,-0.11014698445796967,0.12104576081037521,381,344
0,1,0.44149351119995117,2.790029525756836,0.06781823188066483,0.12104576081037521,209,435
0,2,0.44645410776138306,2.8221631050109863,-0.01652432046830654,0.12104576081037521,162,482
0,3,1.1032377481460571,8.748641014099121,0.3750986158847809,0.12104576081037521,140,364
0,4,0.34128937125205994,2.6574254035949707,-0.5255770683288574,-0.12104576081037521,324,338
 , , , , , , , 
0,0,0.33732089400291443,2.673672914505005,-0.14125317335128784,0.12104576081037521,287,344
0,1,0.35716328024864197,2.83358097076416,0.08633264899253845,0.12104576081037521,130,443
0,2,1.379047155380249,8.716414451599121,-0.13746146857738495,0.12104576081037521,164,363
0,3,0.42165112495422363,2.5974929332733154,-0.5979174375534058,-0.12104576081037521,301,330
 , , , , , , , 
0,0,0.34128937125205994,2.7088632583618164,0.014207100495696068,0.12104576081037521,286,341
0,1,0.5357449054718018,2.8059616088867188,-0.06128501892089844,0.12104576081037521,144,431
0,2,1.1032377481460571,8.755245208740234,-0.15841826796531677,0.12104576081037521,135,362
0,3,0.42165112495422363,2.6141417026519775,-0.5203256011009216,-0.12104576081037521,267,344
 , , , , , , , 
0,0,0.25596702098846436,2.707624912261963,-0.2405589520931244,0.12104576081037521,204,334
0,1,0.25596702098846436,2.6939306259155273,-0.3630964457988739,-0.12104576081037521,207,336
 , , , , , , , 
0,0,0.25596702098846436,2.7165374755859375,-0.09759574383497238,0.12104576081037521,249,338
0,1,0.34128937125205994,2.6555356979370117,-0.535042941570282,-0.12104576081037521,240,341
 , , , , , , , 
0,0,0.34128937125205994,2.699557065963745,-0.22479650378227234,0.12104576081037521,223,340
0,1,0.34128937125205994,2.6500895023345947,-0.5613974928855896,-0.12104576081037521,262,338
 , , , , , , , 
0,0,0.34128937125205994,2.7029852867126465,-0.1789190173149109,0.12104576081037521,220,340
0,1,0.34128937125205994,2.6469204425811768,-0.5761546492576599,-0.12104576081037521,232,348
 , , , , , , , 
0,0,0.25596702098846436,2.7168946266174316,-0.08708786219358444,0.12104576081037521,250,334
0,1,0.34128937125205994,2.6760692596435547,-0.4204692244529724,-0.12104576081037521,265,336
 , , , , , , , 
0,0,0.2529906630516052,2.6866815090179443,0.0014850931474938989,0.12104576081037521,238,341
0,1,0.2529906630516052,2.662933826446533,-0.35643258690834045,-0.12104576081037521,278,338
 , , , , , , , 
0,0,0.16866044700145721,2.692772388458252,-0.052875325083732605,0.12104576081037521,204,344
0,1,0.2529906630516052,2.655283212661743,-0.40955087542533875,-0.12104576081037521,244,352
 , , , , , , , 
0,0,0.33732089400291443,2.6743671894073486,-0.12743538618087769,0.12104576081037521,265,349
0,1,0.33732089400291443,2.6366400718688965,-0.4654116630554199,-0.12104576081037521,313,335
 , , , , , , , 
0,0,0.33732089400291443,2.6724796295166016,-0.16227249801158905,0.12104576081037521,292,340
0,1,0.33732089400291443,2.6301865577697754,-0.5005975961685181,-0.12104576081037521,324,335
 , , , , , , , 
0,0,0.33732089400291443,2.670336961746216,-0.1943686604499817,0.12104576081037521,295,329
0,1,0.17858164012432098,2.851720094680786,-0.00023006860283203423,0.12104576081037521,123,363
0,2,0.33732089400291443,2.626201629638672,-0.521099865436554,-0.12104576081037521,305,343
0,3,0.17858164012432098,2.8269460201263428,-0.3750767409801483,-0.12104576081037521,137,377
 , , , , , , , 
0,0,0.2529906630516052,2.678184986114502,-0.21350738406181335,0.12104576081037521,276,338
0,1,0.33732089400291443,2.6231305599212646,-0.5363441109657288,-0.12104576081037521,307,331
0,2,0.17659740149974823,2.8008158206939697,-0.32867029309272766,-0.12104576081037521,122,388
 , , , , , , , 
0,0,0.2529906630516052,2.6787006855010986,-0.20693573355674744,0.12104576081037521,233,344
0,1,0.2529906630516052,2.634446382522583,-0.5272119045257568,-0.12104576081037521,269,337
0,2,0.26489609479904175,2.8130412101745605,-0.020251523703336716,-0.12104576081037521,134,375
 , , , , , , , 
0,0,0.17262892425060272,2.754866123199463,0.09951059520244598,0.12104576081037521,182,341
0,1,0.2589433789253235,2.740586519241333,-0.22610662877559662,-0.12104576081037521,197,344
 , , , , , , , 
0,0,0.17262892425060272,2.7486886978149414,0.20952348411083221,0.12104576081037521,162,335
0,1,0.17262892425060272,2.7463796138763428,-0.23788399994373322,-0.12104576081037521,180,333
 , , , , , , , 
0,0,0.4266117215156555,2.664419651031494,-0.41652148962020874,-0.12104576081037521,129,332
 , , , , , , , 
0,0,0.25596702098846436,2.7106826305389404,0.20322567224502563,0.12104576081037521,127,335
0,1,0.25596702098846436,2.7179806232452393,-0.04100200533866882,-0.12104576081037521,138,337
 , , , , , , , 
0,0,0.2529906630516052,2.684436321258545,-0.10982812196016312,0.12104576081037521,201,329
0,1,0.33732089400291443,2.651862144470215,-0.36892640590667725,-0.12104576081037521,181,340
 , , , , , , , 
0,0,0.2529906630516052,2.6858129501342773,-0.0683307945728302,0.12104576081037521,184,337
0,1,0.33732089400291443,2.632578134536743,-0.4878641963005066,-0.12104576081037521,178,338
 , , , , , , , 
0,0,0.2529906630516052,2.6866679191589355,0.008702865801751614,0.12104576081037521,180,345
0,1,0.2529906630516052,2.6675803661346436,-0.31980621814727783,-0.12104576081037521,184,332
 , , , , , , , 
0,0,0.416690468788147,2.626110076904297,-0.20454689860343933,0.12104576081037521,158,340
0,1,0.17262892425060272,2.756056785583496,-0.05779491364955902,0.12104576081037521,183,348
0,2,0.34525784850120544,2.6947710514068604,-0.4979921281337738,-0.12104576081037521,225,350
 , , , , , , , 
0,0,0.6180909276008606,2.7406511306762695,-0.300957053899765,0.12104576081037521,146,371
0,1,0.5972564220428467,2.523862361907959,-0.8532431721687317,-0.12104576081037521,259,333
0,2,-0.25596702098846436,2.5006065368652344,1.06586492061615,-0.12104576081037521,259,333
 , , , , , , , 
0,0,0.42165112495422363,2.5822763442993164,-0.6605480909347534,0.12104576081037521,196,332
0,1,0.08631446212530136,2.755519390106201,-0.16927440464496613,-0.12104576081037521,267,334
 , , , , , , , 
0,0,0.2589433789253235,2.749878406524658,-0.010364831425249577,0.12104576081037521,239,342
0,1,0.17262892425060272,2.7491414546966553,-0.2034962773323059,-0.12104576081037521,290,343
 , , , , , , , 
0,0,0.5119340419769287,2.64243483543396,-0.4583466947078705,0.12104576081037521,216,334
0,1,0.16866044700145721,2.6920948028564453,0.08027573674917221,-0.12104576081037521,232,339
0,2,-0.08929082006216049,2.8420910835266113,-0.28061380982398987,-0.12104576081037521,116,423
 , , , , , , , 
0,0,0.44645410776138306,2.820178985595703,-0.1070910096168518,0.12104576081037521,161,406
0,1,0.25596702098846436,2.645575761795044,-0.6245236992835999,-0.12104576081037521,246,345
0,2,0.17858164012432098,2.8389930725097656,-0.26911938190460205,-0.12104576081037521,160,435
 , , , , , , , 
0,0,0.4266117215156555,2.688643217086792,-0.20933321118354797,0.12104576081037521,303,337
0,1,0.5357449054718018,2.7958106994628906,-0.2462087720632553,0.12104576081037521,147,439
0,2,0.25596702098846436,2.7029714584350586,-0.2881758213043213,-0.12104576081037521,343,342
0,3,0.2678724527359009,2.825423002243042,-0.3308004140853882,-0.12104576081037521,132,445
0,4,2.257073402404785,5.600019931793213,8.36705207824707,-0.12104576081037521,131,366
 , , , , , , , 
0,0,0.6905156970024109,2.6126067638397217,-0.5713711380958557,0.12104576081037521,248,348
0,1,1.3641654253005981,8.62273120880127,-0.10938041657209396,-0.48418304324150085,163,353
0,2,0.416690468788147,2.576690435409546,-0.546771764755249,-0.12104576081037521,295,339
0,3,0.08631446212530136,2.727940797805786,0.42412176728248596,-0.12104576081037521,218,365
0,4,2.57157564163208,5.71776819229126,8.154885292053223,-0.12104576081037521,180,378
 , , , , , , , 
0,0,0.6319805979728699,2.816779375076294,-0.11396609246730804,0.12104576081037521,126,481
0,1,0.5595558285713196,4.402442932128906,-0.5864871740341187,0.36313727498054504,120,405
0,2,1.3641654253005981,8.619202613830566,0.2698063552379608,-0.48418304324150085,151,361
0,3,0.33732089400291443,2.61696457862854,-0.5656645894050598,-0.12104576081037521,369,333
0,4,2.57157564163208,5.389064311981201,8.375739097595215,-0.12104576081037521,169,389
 , , , , , , , 
0,0,0.33732089400291443,2.6546695232391357,-0.3481518030166626,-0.12104576081037521,371,340
0,1,2.57157564163208,4.918626308441162,8.660377502441406,-0.12104576081037521,187,371
0,2,2.595386505126953,3.4185311794281006,-9.452730178833008,-0.12104576081037521,125,380
 , , , , , , , 
0,0,0.6319805979728699,2.8148398399353027,-0.15462981164455414,0.12104576081037521,197,428
0,1,-0.13790471851825714,4.386938095092773,-0.4581386148929596,0.12104576081037521,116,469
0,2,0.1696525663137436,3.157738447189331,4.412784576416016,0.12104576081037521,116,443
0,3,-2.0358307361602783,1.2430570125579834,4.8767781257629395,0.12104576081037521,116,443
0,4,-0.15477076172828674,4.892445087432861,-0.7542625069618225,0.24209152162075043,129,467
0,5,-4.488352298736572,2.0763821601867676,-0.2687304615974426,0.24209152162075043,129,467
0,6,0.7341690063476562,5.82209587097168,-0.24588172137737274,0.48418304324150085,133,389
0,7,0.2678724527359009,2.833632469177246,-0.25093916058540344,-0.24209152162075043,125,454
0,8,0.33732089400291443,2.6057212352752686,-0.6153830289840698,-0.12104576081037521,319,340
0,9,2.8930225372314453,5.258895397186279,8.35359001159668,-0.12104576081037521,161,376
 , , , , , , , 
0,0,-4.488352298736572,2.067225694656372,-0.33190011978149414,0.24209152162075043,163,468
0,1,0.5674927830696106,4.499436378479004,-0.20999810099601746,0.48418304324150085,133,396
0,2,0.7341690063476562,5.824247360229492,-0.18814653158187866,0.48418304324150085,158,381
0,3,0.33732089400291443,2.659813404083252,-0.30638614296913147,-0.12104576081037521,344,333
 , , , , , , , 
0,0,0.5972564220428467,2.634315252304077,-0.3978540599346161,0.12104576081037521,322,332
0,1,0.15477076172828674,4.950006484985352,-0.0486585758626461,0.24209152162075043,163,463
0,2,0.9276324510574341,5.849510669708252,-0.410950630903244,0.48418304324150085,145,390
0,3,2.158853530883789,8.346975326538086,-0.4875726103782654,-0.48418304324150085,119,370
0,4,0.5059813261032104,2.512903928756714,-0.8435412645339966,-0.12104576081037521,278,337
0,5,0.34922632575035095,2.7689943313598633,-0.12684176862239838,-0.12104576081037521,215,399
 , , , , , , , 
0,0,0.5674927830696106,4.502007484436035,-0.14475995302200317,0.48418304324150085,143,393
0,1,0.416690468788147,2.6215412616729736,-0.2565456032752991,-0.12104576081037521,321,344
0,2,2.2640182971954346,4.851552486419678,-8.857481956481934,-0.12104576081037521,123,368
 , , , , , , , 
0,0,0.7768301367759705,2.623176097869873,-0.38009512424468994,0.12104576081037521,265,359
0,1,0.576421856880188,2.4871792793273926,-0.652133584022522,-0.36313727498054504,256,349
0,2,2.901951789855957,1.0315845012664795,2.0765373706817627,-0.24209152162075043,113,424
0,3,-0.23215614259243011,3.6408894062042236,-0.6982302069664001,-0.24209152162075043,113,424
0,4,0.576421856880188,2.523446798324585,-0.493512362241745,-0.12104576081037521,297,337
 , , , , , , , 
0,0,-4.488352298736572,2.0924508571624756,-0.07230909168720245,0.12104576081037521,141,479
0,1,0.8869554996490479,4.637979507446289,-0.2818128168582916,0.36313727498054504,171,389
0,2,1.1429225206375122,5.987473487854004,0.008230119943618774,0.36313727498054504,132,395
0,3,0.49407586455345154,2.5692927837371826,-0.31340691447257996,-0.12104576081037521,287,340
 , , , , , , , 
0,0,0.8829870223999023,2.605614185333252,-0.6441184878349304,0.12104576081037521,120,417
0,1,0.5833666920661926,2.5849385261535645,-0.2994992733001709,-0.12104576081037521,353,349
 , , , , , , , 
0,0,1.087363839149475,4.20879602432251,-0.14642490446567535,-0.36313727498054504,122,398
0,1,0.5833666920661926,2.5984463691711426,-0.1402982920408249,-0.12104576081037521,362,355
 , , , , , , , 
0,0,0.6667047739028931,2.5662038326263428,-0.2864037752151489,-0.12104576081037521,346,332
 , , , , , , , 
0,0,0.7500428557395935,2.5573527812957764,-0.09646943211555481,-0.12104576081037521,345,360
0,1,-2.579512596130371,2.061002016067505,0.010533981025218964,-0.12104576081037521,121,474
 , , , , , , , 
0,0,0.7411137819290161,2.5139670372009277,-0.27261796593666077,-0.24209152162075043,401,356
0,1,0.8333809971809387,3.2117276191711426,0.3204120695590973,-0.12104576081037521,117,489
0,2,-2.500143051147461,2.2045021057128906,-0.04285580664873123,-0.12104576081037521,117,489
 , , , , , , , 
0,0,-0.4910995066165924,2.559598922729492,4.544013023376465,0.12104576081037521,134,417
0,1,1.1458988189697266,5.111455917358398,-0.02671663649380207,0.12104576081037521,134,417
0,2,0.8234597444534302,2.502392292022705,0.05956004932522774,-0.24209152162075043,357,348
0,3,0.8254440426826477,3.179704427719116,-0.33143144845962524,-0.12104576081037521,140,489
 , , , , , , , 
0,0,-0.32739967107772827,2.2966701984405518,4.696689605712891,0.12104576081037521,137,414
0,1,0.7321847081184387,2.4910545349121094,-0.1893278956413269,-0.24209152162075043,389,350
0,2,-2.476332187652588,2.183885097503662,0.01227016095072031,-0.12104576081037521,142,503
0,3,0.9286245703697205,3.165104389190674,-0.14661382138729095,-0.12104576081037521,142,503
 , , , , , , , 
0,0,-0.32739967107772827,3.0273630619049072,4.2624711990356445,0.12104576081037521,156,401
0,1,1.1458988189697266,5.101325988769531,-0.32275041937828064,0.12104576081037521,156,401
0,2,0.650830864906311,2.518761396408081,0.09774380177259445,-0.36313727498054504,272,357
0,3,0.8730658292770386,2.266002655029297,-0.7441195249557495,-0.24209152162075043,293,349
0,4,-2.3503329753875732,2.2723991870880127,0.07226402312517166,-0.12104576081037521,119,484
0,5,0.0,4.952617645263672,-0.021508684381842613,-0.12104576081037521,116,440
 , , , , , , , 
0,0,0.8730658292770386,2.3839426040649414,-0.07279745489358902,-0.24209152162075043,380,354
0,1,1.912807822227478,7.272556781768799,-1.4115337133407593,-0.24209152162075043,119,399
0,2,0.9286245703697205,3.1534221172332764,-0.3087242543697357,-0.12104576081037521,127,488
0,3,0.1567550003528595,4.955195903778076,0.763756513595581,-0.12104576081037521,121,438
 , , , , , , , 
0,0,1.152843713760376,5.142418384552002,-0.02982478030025959,0.12104576081037521,171,406
0,1,0.7143265604972839,7.577364444732666,-0.3603002429008484,0.48418304324150085,195,359
0,2,0.96434086561203,7.630173683166504,-0.6062252521514893,0.48418304324150085,139,367
0,3,2.7858736515045166,6.205312252044678,-0.8710905313491821,-0.48418304324150085,115,379
0,4,0.8621525168418884,2.3552322387695312,0.006303017493337393,-0.24209152162075043,399,353
 , , , , , , , 
0,0,-0.3313681483268738,3.5805552005767822,3.8961341381073,0.12104576081037521,133,401
0,1,1.4911566972732544,5.025442600250244,-0.7946195602416992,0.12104576081037521,133,401
0,2,0.7202792763710022,7.601156711578369,-0.8554437756538391,0.24209152162075043,183,373
0,3,0.8512392044067383,2.325411081314087,-0.008738814853131771,-0.12104576081037521,447,348
0,4,0.5059813261032104,3.1753036975860596,-0.3845660984516144,-0.12104576081037521,122,455
 , , , , , , , 
0,0,-0.33335238695144653,4.5497050285339355,2.7634687423706055,0.12104576081037521,147,397
0,1,0.7202792763710022,7.635471820831299,-0.4570995271205902,0.36313727498054504,195,366
0,2,0.9762462973594666,7.713520526885986,-0.7376859784126282,0.36313727498054504,123,385
0,3,1.6875965595245361,5.742844104766846,-0.4193805754184723,-0.36313727498054504,131,385
0,4,1.1389540433883667,2.2979636192321777,-0.44658657908439636,-0.24209152162075043,206,459
0,5,0.9286245703697205,2.295567512512207,0.015711190178990364,-0.12104576081037521,431,343
 , , , , , , , 
0,0,-0.16766832768917084,4.432999610900879,3.017909049987793,0.24209152162075043,133,381
0,1,3.0180299282073975,2.280564546585083,3.8049826622009277,0.24209152162075043,133,381
0,2,0.96434086561203,7.621103286743164,-0.7112217545509338,0.36313727498054504,177,367
0,3,1.2054260969161987,2.2133870124816895,-0.5107515454292297,-0.48418304324150085,238,352
0,4,0.9286245703697205,2.2954111099243164,-0.031071117147803307,-0.12104576081037521,394,342
 , , , , , , , 
0,0,1.9842405319213867,7.684638500213623,-0.06700603663921356,0.12104576081037521,124,367
0,1,0.9762462973594666,7.660354137420654,-1.166856050491333,0.36313727498054504,136,355
0,2,2.944612741470337,6.009084224700928,-0.7213711142539978,-0.36313727498054504,128,391
0,3,0.9286245703697205,2.2953672409057617,0.03415501490235329,-0.12104576081037521,417,347
 , , , , , , , 
0,0,3.1698241233825684,5.969747066497803,0.20718033611774445,-0.48418304324150085,150,363
0,1,0.9167191386222839,2.265817880630493,-0.04108677804470062,-0.12104576081037521,435,334
0,2,0.8839791417121887,2.4050803184509277,-0.21718764305114746,-0.12104576081037521,174,451
 , , , , , , , 
0,0,0.7936961650848389,3.0409903526306152,-0.4490903317928314,0.12104576081037521,130,446
0,1,-2.281876564025879,2.207176446914673,-0.025868002325296402,0.12104576081037521,130,446
0,2,0.9018373489379883,3.070680618286133,-0.1986474096775055,0.12104576081037521,121,455
0,3,0.972277820110321,7.710021018981934,-0.33316776156425476,0.6052287817001343,132,356
0,4,3.154942274093628,5.9189605712890625,-0.5589813590049744,-0.48418304324150085,154,359
0,5,0.9931123852729797,2.2334790229797363,0.035932838916778564,-0.12104576081037521,376,343
 , , , , , , , 
0,0,0.9881517887115479,7.827385425567627,-0.4980005919933319,0.7262745499610901,196,342
0,1,1.222292184829712,2.074406623840332,-0.4228847622871399,-0.36313727498054504,308,350
0,2,0.9802148342132568,2.2043519020080566,-0.042327702045440674,-0.12104576081037521,313,346
 , , , , , , , 
0,0,1.011962652206421,7.883052825927734,-1.5407078266143799,0.36313727498054504,114,387
0,1,0.9921202659606934,7.865167140960693,-0.3875766396522522,0.7262745499610901,186,349
0,2,1.055616021156311,2.168954610824585,-0.05559452623128891,-0.24209152162075043,358,347
0,3,0.6012248992919922,3.1440744400024414,0.18755628168582916,-0.12104576081037521,154,445
 , , , , , , , 
0,0,-0.16667619347572327,2.015416383743286,4.9353837966918945,0.12104576081037521,151,464
0,1,1.0000572204589844,7.877994537353516,-0.9718090891838074,0.6052287817001343,170,351
0,2,1.027836561203003,1.9516816139221191,-0.8086360692977905,-0.24209152162075043,270,345
0,3,1.1310170888900757,2.0904769897460938,-0.4153152108192444,-0.24209152162075043,289,346
 , , , , , , , 
0,0,0.8383416533470154,4.7338056564331055,-2.3823604583740234,0.12104576081037521,120,465
0,1,2.7084882259368896,5.5667948722839355,0.0355687290430069,0.12104576081037521,119,453
0,2,1.0079941749572754,7.975808143615723,-0.6306968927383423,0.6052287817001343,177,344
0,3,1.3661495447158813,2.176149368286133,-0.10493064671754837,-0.24209152162075043,123,496
0,4,1.1012533903121948,2.0714876651763916,-0.12482573837041855,-0.12104576081037521,397,338
 , , , , , , , 
0,0,1.0000572204589844,5.226889133453369,-0.3566697835922241,0.12104576081037521,123,461
0,1,1.011962652206421,8.023528099060059,-0.37323158979415894,0.6052287817001343,171,355
0,2,1.1012533903121948,2.0720181465148926,-0.11568644642829895,-0.12104576081037521,404,336
0,3,1.1458989381790161,2.1288058757781982,0.3620699346065521,-0.12104576081037521,217,423
 , , , , , , , 
0,0,1.4703222513198853,1.9880255460739136,-0.13464094698429108,-0.36313727498054504,175,452
0,1,1.1429225206375122,1.9331594705581665,-0.426274836063385,-0.12104576081037521,353,341
0,2,1.88502836227417,1.7212215662002563,1.887676477432251,-0.12104576081037521,120,469
 , , , , , , , 
0,0,1.027836561203003,8.127685546875,-0.7049500942230225,0.36313727498054504,172,364
0,1,1.8215328454971313,2.6752259731292725,-0.10790976881980896,-0.48418304324150085,138,409
0,2,1.2480872869491577,1.9718091487884521,-0.2713823914527893,-0.24209152162075043,348,360
0,3,1.8661781549453735,1.3618576526641846,2.131056785583496,-0.12104576081037521,122,491
 , , , , , , , 
0,0,1.8215328454971313,2.6771390438079834,0.037486132234334946,-0.48418304324150085,138,402
0,1,1.2649532556533813,2.0172271728515625,-0.01643535867333412,-0.24209152162075043,272,391
0,2,1.1429225206375122,1.978646993637085,-0.061415232717990875,-0.12104576081037521,370,332
 , , , , , , , 
0,0,1.027836561203003,8.089293479919434,-1.0580867528915405,0.24209152162075043,142,362
0,1,1.2480872869491577,1.9829941987991333,-0.17150400578975677,-0.24209152162075043,344,372
 , , , , , , , 
0,0,1.019899606704712,7.910456657409668,-1.7195874452590942,0.12104576081037521,148,385
0,1,1.214355230331421,1.9354709386825562,-0.0661906898021698,-0.24209152162075043,371,352
 , , , , , , , 
0,0,1.0159311294555664,7.987632751464844,-1.1050019264221191,0.12104576081037521,149,363
0,1,1.1429225206375122,1.9765143394470215,-0.11048486083745956,-0.24209152162075043,391,343
 , , , , , , , 
0,0,1.019899606704712,7.91450834274292,-1.700842022895813,0.12104576081037521,175,383
0,1,1.2679296731948853,1.8119689226150513,-0.4359782040119171,-0.48418304324150085,309,338
0,2,1.4137712717056274,1.9094715118408203,-0.1573263704776764,-0.48418304324150085,227,410
0,3,1.0714898109436035,2.001570463180542,-0.2659195065498352,-0.24209152162075043,316,354
 , , , , , , , 
0,0,1.3572205305099487,1.9935311079025269,-0.07460727542638779,-0.48418304324150085,184,400
0,1,1.1270486116409302,1.949628233909607,-0.09831268340349197,-0.24209152162075043,396,351
0,2,1.6528723239898682,1.3201006650924683,2.2815492153167725,-0.12104576081037521,117,477
 , , , , , , , 
0,0,1.0238680839538574,7.941607475280762,-1.7245678901672363,0.24209152162075043,152,373
0,1,1.035773515701294,8.056081771850586,-1.6393975019454956,0.24209152162075043,143,356
0,2,1.4137712717056274,1.9057177305221558,-0.19766882061958313,-0.48418304324150085,200,408
0,3,1.0953007936477661,1.8868696689605713,-0.19691213965415955,-0.24209152162075043,369,337
0,4,1.0714898109436035,2.017394781112671,-0.08435250073671341,-0.12104576081037521,316,364
 , , , , , , , 
0,0,1.1974891424179077,1.8340106010437012,0.5323335528373718,0.0,298,336
0,1,1.2679296731948853,1.8602880239486694,0.11241400986909866,-0.36313727498054504,380,381
0,2,1.011962652206421,1.8932104110717773,-0.2287668138742447,-0.12104576081037521,301,343
 , , , , , , , 
0,0,0.9544196724891663,2.0993082523345947,-0.4487646520137787,0.12104576081037521,134,447
0,1,0.0,4.048997402191162,3.9421749114990234,0.24209152162075043,160,367
0,2,1.011962652206421,1.906028151512146,-0.06030445545911789,-0.12104576081037521,384,365
 , , , , , , , 
0,0,1.5000858306884766,5.800366401672363,-0.3310725688934326,0.12104576081037521,126,424
0,1,2.1280980110168457,4.000065326690674,-0.2859209477901459,-0.7262745499610901,131,368
0,2,1.0159311294555664,1.7349599599838257,-0.29370442032814026,-0.36313727498054504,233,347
0,3,1.011962652206421,1.9067786931991577,-0.02783665806055069,-0.12104576081037521,379,360
 , , , , , , , 
0,0,-1.5397706031799316,2.6669411659240723,0.010293028317391872,-0.48418304324150085,116,436
0,1,1.0159311294555664,1.7109242677688599,-0.4112013876438141,-0.36313727498054504,209,350
0,2,1.0794267654418945,1.8687001466751099,-0.05870405212044716,-0.36313727498054504,307,383
0,3,0.9028294086456299,1.72054922580719,-0.6950511336326599,-0.12104576081037521,296,338
0,4,0.9861675500869751,2.0119142532348633,0.24622927606105804,-0.12104576081037521,207,476
0,5,0.5536031126976013,2.8995935916900635,0.05857815220952034,-0.12104576081037521,123,475
 , , , , , , , 
0,0,1.23518967628479,2.2384684085845947,-0.6380958557128906,0.24209152162075043,176,385
0,1,1.0635528564453125,1.836199402809143,-0.14766794443130493,-0.36313727498054504,283,395
0,2,0.9524354338645935,1.7836123704910278,-0.20014475286006927,-0.24209152162075043,341,345
0,3,0.9306087493896484,1.8796167373657227,0.3543824851512909,-0.12104576081037521,292,381
0,4,0.9157270193099976,2.0288524627685547,0.35518449544906616,-0.12104576081037521,200,456
 , , , , , , , 
0,0,1.152843713760376,2.278907060623169,-0.6489492058753967,0.24209152162075043,147,416
0,1,0.9970808029174805,1.8782671689987183,-0.05021047219634056,-0.24209152162075043,251,416
0,2,-1.4336137771606445,2.279130220413208,-0.1805054247379303,-0.24209152162075043,118,428
0,3,0.7589719891548157,1.1653306484222412,-2.312624216079712,-0.24209152162075043,118,428
0,4,0.4613359272480011,2.9160361289978027,0.038129426538944244,-0.24209152162075043,166,480
0,5,-2.968423843383789,4.72263765335083,-0.3265950381755829,-0.24209152162075043,140,416
0,6,2.444584369659424,4.9101057052612305,-1.0660113096237183,-0.24209152162075043,140,416
0,7,0.8889397382736206,1.8057408332824707,-0.2784786522388458,-0.12104576081037521,365,342
0,8,0.9028294682502747,1.9712227582931519,0.4878696799278259,-0.12104576081037521,203,451
 , , , , , , , 
0,0,0.18949496746063232,2.927474021911621,5.306988716125488,0.12104576081037521,137,436
0,1,1.705454707145691,5.745401382446289,0.9229981303215027,0.12104576081037521,137,436
0,2,1.6072347164154053,3.9731311798095703,-0.0217151902616024,-0.8473203182220459,179,414
0,3,2.2957661151885986,5.154374599456787,0.31144827604293823,-0.8473203182220459,165,375
0,4,0.847270667552948,1.7383755445480347,-0.10331832617521286,-0.36313727498054504,329,344
0,5,0.8254440426826477,1.8345606327056885,-0.285471111536026,-0.12104576081037521,356,346
0,6,0.7421059012413025,1.9958982467651367,0.3554117679595947,-0.12104576081037521,200,448
0,7,-3.298799753189087,4.4598164558410645,0.3093353509902954,-0.12104576081037521,125,430
 , , , , , , , 
0,0,0.37898993492126465,3.8878092765808105,4.638043403625488,0.12104576081037521,154,430
0,1,1.5953292846679688,3.943591356277466,-0.03640419989824295,-0.8473203182220459,168,393
0,2,1.6310458183288574,4.028826713562012,-0.1612701416015625,-0.8473203182220459,151,380
0,3,0.9028294086456299,1.8527231216430664,-0.10393714159727097,-0.48418304324150085,206,401
0,4,0.847270667552948,1.7384309768676758,-0.10238178819417953,-0.36313727498054504,320,352
0,5,0.8254440426826477,1.804336667060852,-0.43757903575897217,-0.24209152162075043,268,405
0,6,-0.54169762134552,2.219923734664917,1.7678052186965942,-0.24209152162075043,133,473
0,7,0.7421059012413025,1.9901971817016602,0.3860601782798767,-0.12104576081037521,218,452
 , , , , , , , 
0,0,0.37898993492126465,3.005516767501831,5.252939701080322,0.12104576081037521,134,453
0,1,1.8880048990249634,5.147774696350098,-0.3194783926010132,-0.8473203182220459,163,368
0,2,1.2550320625305176,3.428276538848877,0.04040449485182762,-0.7262745499610901,130,418
0,3,1.5953292846679688,3.9327075481414795,0.295041561126709,-0.7262745499610901,146,385
0,4,0.8125464916229248,1.797180414199829,-0.33221736550331116,-0.24209152162075043,321,380
0,5,0.54169762134552,2.8357889652252197,0.107224240899086,-0.24209152162075043,133,480
0,6,0.7311925888061523,1.0242115259170532,-1.714913010597229,-0.12104576081037521,139,439
 , , , , , , , 
0,0,0.6161066889762878,2.056570291519165,0.435506671667099,0.12104576081037521,149,406
0,1,1.429645299911499,3.904404640197754,0.09355106204748154,-0.7262745499610901,130,419
0,2,1.8989181518554688,5.187272071838379,0.047763533890247345,-0.7262745499610901,219,362
0,3,0.7143265604972839,1.7632356882095337,-0.09628257155418396,-0.36313727498054504,345,331
0,4,0.7500429153442383,1.818750023841858,-0.360613077878952,-0.24209152162075043,308,379
0,5,0.6746417284011841,1.6487116813659668,1.2195312976837158,-0.12104576081037521,124,437
0,6,0.3611317574977875,2.8553788661956787,0.2510547935962677,-0.12104576081037521,152,457
 , , , , , , , 
0,0,1.070497751235962,1.1423629522323608,-2.1195852756500244,0.12104576081037521,168,410
0,1,0.0,1.8577628135681152,5.805591583251953,0.12104576081037521,130,434
0,2,1.8880048990249634,5.157136917114258,0.07476847618818283,-0.7262745499610901,224,358
0,3,0.7024211287498474,1.7322465181350708,-0.12048359960317612,-0.36313727498054504,336,344
0,4,0.7500429153442383,1.8301011323928833,-0.29769623279571533,-0.24209152162075043,304,418
 , , , , , , , 
0,0,1.070497751235962,0.7018166184425354,-2.3032777309417725,0.12104576081037521,147,432
0,1,0.7024211287498474,1.7348220348358154,-0.07474520057439804,-0.24209152162075043,287,350
0,2,0.6766260266304016,1.8262112140655518,-0.2856515347957611,-0.12104576081037521,353,378
 , , , , , , , 
0,0,0.6071775555610657,1.970603108406067,0.6393018364906311,0.12104576081037521,120,446
0,1,0.5714612603187561,4.280643463134766,-4.301825046539307,0.12104576081037521,123,450
0,2,0.6766260266304016,1.823770523071289,-0.30084145069122314,-0.12104576081037521,373,392
0,3,0.6746417284011841,2.0027718544006348,0.44092100858688354,-0.12104576081037521,133,481
0,4,-3.27994966506958,4.433136940002441,0.3243318200111389,-0.12104576081037521,113,446
 , , , , , , , 
0,0,0.6071775555610657,2.0283751487731934,0.42151886224746704,0.12104576081037521,216,442
0,1,1.08339524269104,1.830923080444336,-1.6080732345581055,0.12104576081037521,115,443
0,2,1.8691545724868774,4.619785785675049,0.09057436138391495,0.24209152162075043,131,379
0,3,1.0000572204589844,2.055306911468506,-0.026199517771601677,-0.36313727498054504,216,481
0,4,0.6329727172851562,1.7252800464630127,-0.11582859605550766,-0.12104576081037521,268,335
0,5,0.6766260266304016,1.8212491273880005,-0.31574705243110657,-0.12104576081037521,347,382
 , , , , , , , 
0,0,0.5536031126976013,1.882358431816101,-0.15721756219863892,0.12104576081037521,282,352
0,1,0.6071775555610657,2.052504062652588,0.28144365549087524,0.12104576081037521,213,434
0,2,1.152843713760376,1.177399754524231,-2.056278705596924,0.12104576081037521,142,439
0,3,0.3809741735458374,3.864302396774292,-4.698744773864746,0.12104576081037521,121,435
0,4,1.9286818504333496,2.6073241233825684,-1.112877368927002,0.7262745499610901,184,339
0,5,0.9286245703697205,2.087350368499756,-0.0755794420838356,-0.36313727498054504,220,456
0,6,0.6875393390655518,1.878223180770874,-0.005004086997359991,-0.12104576081037521,328,356
 , , , , , , , 
0,0,0.6151145696640015,1.8570915460586548,-0.2175130993127823,0.12104576081037521,298,380
0,1,0.6071775555610657,2.043976068496704,0.33785390853881836,0.12104576081037521,213,452
0,2,1.1548279523849487,5.810230255126953,-1.685790777206421,0.12104576081037521,171,446
0,3,1.0962928533554077,1.1441539525985718,-2.1843347549438477,0.24209152162075043,116,449
0,4,0.9861675500869751,2.0261147022247314,-0.0573325976729393,-0.36313727498054504,270,396
0,5,0.6766260266304016,1.8119746446609497,-0.3652292788028717,-0.12104576081037521,325,333
 , , , , , , , 
0,0,0.5536031126976013,1.8883936405181885,0.04427341744303703,0.12104576081037521,344,353
0,1,1.0962928533554077,0.7109153866767883,-2.36114501953125,0.24209152162075043,161,437
0,2,-0.19147920608520508,3.249847650527954,-5.1909589767456055,0.24209152162075043,114,430
0,3,1.5675499439239502,4.7594218254089355,0.22924332320690155,0.36313727498054504,119,393
0,4,0.9028294682502747,2.0305335521698,-0.025865014642477036,-0.24209152162075043,225,462
 , , , , , , , 
0,0,0.5625321865081787,1.9180688858032227,-0.07090158015489578,0.24209152162075043,364,347
0,1,0.4861389398574829,2.1252899169921875,0.43086960911750793,0.24209152162075043,135,491
0,2,0.4861389398574829,2.0929784774780273,0.56740403175354,0.36313727498054504,149,477
0,3,0.8333810567855835,2.0540566444396973,-0.15863387286663055,-0.12104576081037521,241,425
 , , , , , , , 
0,0,0.6151145696640015,1.7781081199645996,-0.5783017873764038,0.24209152162075043,268,340
0,1,0.5159025192260742,1.9800078868865967,-0.26814135909080505,0.24209152162075043,267,363
0,2,0.5397133827209473,1.9895870685577393,-0.6410160064697266,0.48418304324150085,185,432
0,3,0.37502145767211914,1.963736891746521,-0.05961381271481514,0.6052287817001343,247,344
0,4,0.8899319171905518,1.9991812705993652,-0.10015299916267395,-0.12104576081037521,230,392
 , , , , , , , 
0,0,0.517886757850647,2.6831881999969482,-0.4016028642654419,0.12104576081037521,138,513
0,1,0.634956955909729,1.9225276708602905,-0.1708243042230606,0.24209152162075043,309,350
0,2,0.6746417284011841,1.9776467084884644,-0.5426052808761597,0.24209152162075043,156,452
0,3,0.45141470432281494,2.0112931728363037,-0.09701083600521088,0.48418304324150085,298,347
0,4,-0.08929082006216049,2.8541810512542725,0.0993770882487297,0.48418304324150085,145,432
0,5,1.1984812021255493,4.627877712249756,-0.3579169511795044,0.48418304324150085,113,411
0,6,0.5536031126976013,2.875523567199707,-0.3774108588695526,-0.12104576081037521,126,424
 , , , , , , , 
0,0,0.4315723180770874,2.726952314376831,0.08041607588529587,0.12104576081037521,148,501
0,1,-2.244175910949707,1.604690670967102,0.1327890306711197,0.12104576081037521,148,501
0,2,0.5079655647277832,1.9604429006576538,-0.16461732983589172,0.24209152162075043,405,343
0,3,0.64289391040802,2.192962408065796,-0.05187472328543663,0.24209152162075043,117,490
0,4,0.821475625038147,2.0181915760040283,-0.22542360424995422,-0.12104576081037521,184,397
0,5,0.5536031126976013,2.899711847305298,-0.05239615961909294,-0.12104576081037521,120,412
 , , , , , , , 
0,0,0.5159025192260742,1.9936296939849854,-0.133310928940773,0.24209152162075043,405,350
0,1,0.40478503704071045,2.1098885536193848,-0.2125260978937149,0.48418304324150085,231,390
0,2,0.6786102652549744,1.1185261011123657,2.0273549556732178,0.6052287817001343,166,404
0,3,0.8095700740814209,1.9989069700241089,-0.09805911034345627,-0.12104576081037521,287,361
0,4,0.466296523809433,2.9369986057281494,-0.25028252601623535,-0.12104576081037521,130,412
0,5,2.095357894897461,1.223271131515503,3.4168965816497803,-0.12104576081037521,137,400
 , , , , , , , 
0,0,0.5893194079399109,2.0107176303863525,0.015564345754683018,0.12104576081037521,356,349
0,1,-2.2699711322784424,1.6144542694091797,-0.2148154079914093,0.12104576081037521,136,508
0,2,0.2837463915348053,4.531023025512695,-0.019934233278036118,0.12104576081037521,149,432
0,3,0.32739967107772827,2.068549633026123,-0.06661124527454376,0.6052287817001343,392,327
0,4,0.8095700740814209,2.0001537799835205,0.06803721189498901,-0.24209152162075043,274,345
 , , , , , , , 
0,0,0.5893194079399109,2.0072312355041504,-0.11937452107667923,0.12104576081037521,375,351
0,1,0.6250357627868652,1.8785303831100464,-1.0095994472503662,0.12104576081037521,152,486
0,2,0.0,4.539942264556885,0.0013626969885081053,0.12104576081037521,123,435
0,3,1.2738823890686035,10.088895797729492,-0.670136570930481,0.48418304324150085,118,365
0,4,0.33236026763916016,2.100656270980835,-0.036866601556539536,0.6052287817001343,345,342
0,5,-1.0179153680801392,3.158123254776001,-1.4453750848770142,-0.6052287817001343,125,396
0,6,4.0855512619018555,1.6221449375152588,-1.0003666877746582,-0.6052287817001343,183,365
0,7,0.8095700740814209,2.001081943511963,-0.03026938997209072,-0.24209152162075043,351,345
 , , , , , , , 
0,0,0.5238394737243652,2.7311816215515137,0.2676119804382324,0.12104576081037521,121,511
0,1,0.33732086420059204,2.131350517272949,-0.06486444920301437,0.48418304324150085,361,354
0,2,4.0855512619018555,1.5585978031158447,-1.096750020980835,-0.7262745499610901,161,363
0,3,0.7421059012413025,2.027055025100708,-0.031219707801938057,-0.24209152162075043,311,352
0,4,0.6518229842185974,1.4285844564437866,1.704555630683899,-0.12104576081037521,117,435
 , , , , , , , 
0,0,0.28573063015937805,4.560688495635986,0.13721787929534912,0.12104576081037521,137,459
0,1,0.4653043746948242,2.0753636360168457,-0.030585264787077904,0.24209152162075043,399,344
0,2,0.3422814905643463,2.163379192352295,-0.036998201161623,0.6052287817001343,370,335
0,3,3.125178813934326,1.8443580865859985,-1.6832799911499023,-0.8473203182220459,173,373
0,4,-2.125121593475342,1.2336126565933228,3.1565628051757812,-0.8473203182220459,173,373
0,5,4.028008460998535,1.557860255241394,-1.0505084991455078,-0.6052287817001343,137,386
 , , , , , , , 
0,0,0.4653043746948242,2.075369119644165,-0.030225062742829323,0.24209152162075043,402,344
0,1,1.0000572204589844,5.218681335449219,-0.4614622890949249,0.24209152162075043,114,403
0,2,0.3472420871257782,2.194967269897461,-0.019475620239973068,0.6052287817001343,359,360
0,3,0.6339648365974426,2.1459779739379883,0.2717002034187317,-0.12104576081037521,188,464
 , , , , , , , 
0,0,0.4653043746948242,2.066210985183716,-0.19708532094955444,0.12104576081037521,335,349
0,1,0.8383416533470154,5.25565242767334,-0.6802019476890564,0.12104576081037521,132,418
0,2,0.3522026836872101,2.224576234817505,-0.09037904441356659,0.48418304324150085,347,373
0,3,0.6875393390655518,1.8759902715682983,-0.0916946679353714,-0.36313727498054504,188,345
0,4,0.5893194079399109,2.009976863861084,-0.05674894526600838,-0.12104576081037521,346,332
0,5,0.5297921895980835,2.775308132171631,-0.027671566233038902,-0.12104576081037521,136,503
 , , , , , , , 
0,0,0.5238394737243652,1.9792753458023071,-0.4456302225589752,0.12104576081037521,290,344
0,1,1.4584167003631592,9.13570499420166,-1.238135576248169,0.12104576081037521,125,372
0,2,0.28176215291023254,2.2346973419189453,-0.0877060815691948,0.48418304324150085,305,381
0,3,0.6875393390655518,1.8776473999023438,-0.046771079301834106,-0.36313727498054504,176,335
0,4,0.5238394737243652,2.027104377746582,-0.08345751464366913,-0.12104576081037521,300,326
0,5,0.6250357627868652,2.124911308288574,0.181435227394104,-0.12104576081037521,232,405
 , , , , , , , 
0,0,0.49308377504348755,2.197352886199951,0.09727820754051208,0.12104576081037521,126,466
0,1,0.3988323211669922,2.0000996589660645,-0.6042456030845642,0.24209152162075043,284,338
0,2,-2.3731517791748047,1.6906476020812988,-0.20235151052474976,0.36313727498054504,115,471
0,3,0.29366758465766907,2.3212482929229736,-0.2120533287525177,0.48418304324150085,262,401
0,4,0.6161066889762878,2.0648984909057617,-0.39413487911224365,-0.24209152162075043,139,446
0,5,0.5536031126976013,1.8853305578231812,-0.11627253890037537,-0.12104576081037521,212,334
0,6,0.5238394737243652,2.0232434272766113,-0.1503448188304901,-0.12104576081037521,211,386
 , , , , , , , 
0,0,0.49308377504348755,2.1917693614959717,0.18430949747562408,0.12104576081037521,172,458
0,1,0.30160456895828247,2.267688512802124,-0.7670751214027405,0.12104576081037521,140,453
0,2,0.33732086420059204,2.094479560852051,-0.40002313256263733,0.24209152162075043,305,348
0,3,0.2976360619068146,2.3528783321380615,-0.21203425526618958,0.48418304324150085,181,438
0,4,0.525823712348938,3.319962501525879,-0.1625201553106308,-0.48418304324150085,154,407
0,5,0.6071775555610657,2.0383667945861816,-0.3701944351196289,-0.24209152162075043,184,433
0,6,0.49209165573120117,1.9035776853561401,-0.09330148994922638,-0.12104576081037521,240,329
 , , , , , , , 
0,0,0.42264324426651,2.179816961288452,0.38823288679122925,0.12104576081037521,223,458
0,1,0.33236026763916016,2.0931551456451416,-0.181155726313591,0.24209152162075043,265,349
0,2,0.22620342671871185,2.397857189178467,-0.14454391598701477,0.48418304324150085,188,452
0,3,0.6200751662254333,3.916912317276001,-0.14881905913352966,-0.36313727498054504,115,424
0,4,0.4653043746948242,2.047672986984253,-0.3392714560031891,-0.12104576081037521,308,356
 , , , , , , , 
0,0,0.35716328024864197,2.223659038543701,0.3909767270088196,0.12104576081037521,222,452
0,1,0.24604582786560059,1.952247977256775,-0.05154113098978996,0.24209152162075043,316,346
0,2,0.1994161605834961,2.1112887859344482,-0.16514122486114502,0.24209152162075043,133,453
0,3,-0.18453437089920044,2.9464309215545654,0.04521157965064049,0.24209152162075043,143,435
0,4,1.1964970827102661,6.268119812011719,0.016810335218906403,0.36313727498054504,140,415
0,5,1.3215041160583496,6.9228034019470215,-0.05514443665742874,0.48418304324150085,130,383
0,6,0.32739967107772827,2.029099702835083,-0.4075399935245514,-0.12104576081037521,304,360
 , , , , , , , 
0,0,0.18751072883605957,1.9848370552062988,-0.16037221252918243,0.12104576081037521,327,345
0,1,0.35716328024864197,2.2181954383850098,0.4208694100379944,0.12104576081037521,252,423
0,2,-0.09425142407417297,3.014162063598633,0.04973753169178963,0.24209152162075043,118,434
0,3,-0.18255013227462769,2.9144983291625977,0.058818425983190536,0.36313727498054504,162,403
0,4,1.0020414590835571,6.331008434295654,-0.2040911465883255,0.36313727498054504,144,400
0,5,1.1062140464782715,6.983263969421387,-0.3653237223625183,0.48418304324150085,132,364
0,6,0.32739967107772827,2.0052943229675293,-0.5119858384132385,-0.12104576081037521,295,351
0,7,0.42264324426651,2.213942527770996,0.02802267298102379,-0.12104576081037521,137,493
 , , , , , , , 
0,0,0.18751072883605957,1.9880231618881226,-0.11428580433130264,0.12104576081037521,381,339
0,1,0.2658882141113281,2.109315872192383,-0.06833192706108093,0.12104576081037521,231,446
0,2,-0.18255013227462769,2.910233974456787,0.16822373867034912,0.24209152162075043,143,420
0,3,1.2024497985839844,6.288426399230957,-0.37042996287345886,0.24209152162075043,140,425
0,4,1.1111747026443481,7.0151262283325195,-0.3563462793827057,0.48418304324150085,133,375
0,5,0.4881231486797333,3.8698599338531494,-0.1866256594657898,0.6052287817001343,128,400
0,6,0.35716328024864197,2.253465175628662,0.13934576511383057,-0.12104576081037521,185,496
 , , , , , , , 
0,0,0.12500715255737305,1.9898608922958374,-0.1590109020471573,0.12104576081037521,341,334
0,1,0.1994161605834961,2.115997791290283,-0.08581875264644623,0.12104576081037521,267,420
0,2,1.2024497985839844,6.279654026031494,-0.4974588453769684,0.24209152162075043,136,431
0,3,1.1161352396011353,7.037197113037109,-0.5082797408103943,0.36313727498054504,144,399
0,4,0.35716328024864197,2.2282731533050537,0.36375972628593445,-0.12104576081037521,177,495
0,5,-2.3473563194274902,1.6497149467468262,0.3391045033931732,-0.12104576081037521,127,477
0,6,0.45141470432281494,2.8208014965057373,-0.43120381236076355,-0.12104576081037521,127,477
 , , , , , , , 
0,0,0.1994161605834961,2.107872247695923,-0.20417331159114838,0.12104576081037521,233,401
0,1,0.12500715255737305,1.9945876598358154,-0.08031842112541199,0.24209152162075043,341,333
0,2,-0.18453437089920044,2.942775011062622,-0.1535365730524063,0.36313727498054504,162,438
0,3,0.3522026836872101,2.2263615131378174,0.01490224339067936,-0.12104576081037521,166,487
 , , , , , , , 
0,0,0.0634956955909729,2.0273876190185547,-0.11887823790311813,0.24209152162075043,327,346
0,1,0.0932593047618866,2.9789862632751465,0.1515807807445526,0.24209152162075043,142,458
0,2,0.5000286102294922,1.7553883790969849,1.944352626800537,-0.48418304324150085,134,407
0,3,-1.08339524269104,1.7418079376220703,1.7041960954666138,-0.48418304324150085,134,407
0,4,0.26985669136047363,2.041393756866455,-0.6484882831573486,-0.12104576081037521,311,371
 , , , , , , , 
0,0,0.0,2.02801775932312,-0.38161611557006836,0.12104576081037521,389,347
0,1,-2.9217941761016846,0.7335695028305054,-0.14671488106250763,0.12104576081037521,124,454
0,2,0.13492834568023682,2.1521644592285156,-0.10310805588960648,-0.12104576081037521,323,360
0,3,0.14286531507968903,2.2813472747802734,-0.011490989476442337,-0.12104576081037521,125,484
 , , , , , , , 
0,0,0.06448781490325928,2.0504069328308105,-0.2239629030227661,0.12104576081037521,330,341
0,1,0.06647205352783203,2.1240944862365723,0.09155500680208206,0.12104576081037521,306,364
0,2,0.3512105643749237,5.602595806121826,-0.2547208070755005,0.12104576081037521,140,444
0,3,2.678724765777588,1.765677571296692,-1.2096545696258545,-0.6052287817001343,151,387
0,4,0.0,3.424440383911133,-0.8317822813987732,-0.48418304324150085,136,404
0,5,3.5002002716064453,1.6514015197753906,-1.0115840435028076,-0.48418304324150085,142,390
0,6,0.13492834568023682,2.1544992923736572,-0.023987295106053352,-0.12104576081037521,335,349
0,7,0.14088107645511627,2.236165761947632,0.24631060659885406,-0.12104576081037521,268,420
 , , , , , , , 
0,0,0.0,2.113356828689575,-0.2414582371711731,0.12104576081037521,382,355
0,1,0.13492834568023682,2.1508424282073975,-0.12774758040905,-0.12104576081037521,363,339
0,2,0.07143265753984451,2.214804172515869,0.5609168410301208,-0.12104576081037521,172,466
 , , , , , , , 
0,0,-0.19247132539749146,3.065105438232422,-0.2272811233997345,0.12104576081037521,129,438
0,1,1.92868173122406,4.468421459197998,9.062087059020996,0.12104576081037521,128,378
0,2,-0.13294410705566406,2.122093439102173,-0.06019888073205948,0.24209152162075043,412,342
0,3,0.0,2.1828129291534424,0.5623895525932312,-0.12104576081037521,205,423
 , , , , , , , 
0,0,0.06547993421554565,2.0280609130859375,-0.5226913094520569,0.12104576081037521,321,350
0,1,1.952492594718933,4.105953693389893,9.368330001831055,0.12104576081037521,142,399
0,2,-0.20239251852035522,2.1493051052093506,0.01317062322050333,0.24209152162075043,290,362
0,3,0.06647205352783203,2.0999369621276855,-0.33230239152908325,-0.12104576081037521,346,346
0,4,0.211321622133255,2.207578659057617,-0.40360158681869507,-0.12104576081037521,192,423
 , , , , , , , 
0,0,-0.06647205352783203,2.0985050201416016,-0.34122759103775024,0.12104576081037521,394,333
0,1,-0.1904870867729187,3.0335865020751953,-0.2238558828830719,0.12104576081037521,114,463
0,2,0.0,2.252810001373291,0.07616834342479706,-0.12104576081037521,206,439
0,3,-0.576421856880188,1.1478018760681152,2.3008453845977783,-0.12104576081037521,126,515
 , , , , , , , 
0,0,-0.13294410705566406,2.0982465744018555,-0.32290220260620117,0.24209152162075043,329,352
0,1,-0.3512105643749237,3.7296643257141113,-0.02478324994444847,-0.36313727498054504,132,416
0,2,0.07143265753984451,2.2810611724853516,-0.12940163910388947,-0.24209152162075043,215,412
 , , , , , , , 
0,0,-0.13492834568023682,2.148587703704834,-0.16128703951835632,0.12104576081037521,367,345
0,1,-2.611260414123535,10.097612380981445,0.5642920136451721,0.12104576081037521,164,398
0,2,-0.33732089400291443,2.6709439754486084,-0.18584473431110382,0.36313727498054504,165,405
0,3,0.07440901547670364,2.3710649013519287,-0.20517610013484955,-0.24209152162075043,132,489
0,4,-0.35716328024864197,2.784465789794922,-0.5323386192321777,-0.24209152162075043,114,495
0,5,-0.14286531507968903,2.263590097427368,-0.2843182384967804,-0.12104576081037521,158,428
0,6,4.047850608825684,1.4607691764831543,-0.3516432046890259,-0.12104576081037521,113,463
 , , , , , , , 
0,0,-0.26985669136047363,2.140732765197754,-0.07133836299180984,0.24209152162075043,315,335
0,1,0.23414038121700287,7.469118118286133,-0.5430405139923096,0.24209152162075043,137,399
0,2,-0.3422814905643463,2.163015842437744,0.054237231612205505,0.36313727498054504,320,330
0,3,-0.5952721238136292,4.718534469604492,-0.24375136196613312,-0.24209152162075043,161,415
0,4,0.0,2.179063558578491,-0.43648505210876465,-0.12104576081037521,340,342
 , , , , , , , 
0,0,5.8396196365356445,2.9921517372131348,-8.045021057128906,0.12104576081037521,171,377
0,1,-2.270963191986084,9.978072166442871,-1.748512625694275,0.12104576081037521,171,377
0,2,-0.27382519841194153,2.173109769821167,0.03673074394464493,0.24209152162075043,344,342
0,3,-0.29465970396995544,3.1291234493255615,-0.021019013598561287,0.24209152162075043,144,458
0,4,2.946597099304199,1.0867021083831787,-0.12379250675439835,0.24209152162075043,144,458
0,5,0.0,2.372446060180664,-0.20268675684928894,-0.24209152162075043,159,478
0,6,-0.5992406010627747,4.752121925354004,-0.19990156590938568,-0.24209152162075043,125,404
0,7,4.047850608825684,1.4765208959579468,-0.27818265557289124,-0.12104576081037521,119,474
0,8,0.2291797697544098,7.3301100730896,0.029840543866157532,-0.12104576081037521,153,410
0,9,-2.291797637939453,0.9934113025665283,6.895268440246582,-0.12104576081037521,153,410
 , , , , , , , 
0,0,-0.27382519841194153,2.113405227661133,-0.5072211027145386,0.12104576081037521,363,345
0,1,9.408275604248047,4.380451202392578,0.2692472040653229,0.12104576081037521,142,375
0,2,-0.06944841891527176,2.194322109222412,-0.34491246938705444,-0.12104576081037521,337,343
0,3,0.0,7.301386833190918,-0.09499979764223099,-0.12104576081037521,115,412
 , , , , , , , 
0,0,-0.26985669136047363,2.113748073577881,-0.3462582528591156,0.12104576081037521,373,345
0,1,0.0,7.485044002532959,-0.33400416374206543,0.12104576081037521,118,399
0,2,0.07242477685213089,2.3148341178894043,-0.08680516481399536,-0.24209152162075043,206,425
0,3,4.018086910247803,1.4309155941009521,-0.42059850692749023,-0.12104576081037521,124,457
 , , , , , , , 
0,0,9.111632347106934,5.038792133331299,0.15944790840148926,0.12104576081037521,112,368
0,1,5.532062530517578,2.8145675659179688,-8.36129093170166,0.12104576081037521,112,368
0,2,-0.06845629960298538,2.1465184688568115,-0.43186452984809875,-0.12104576081037521,375,341
0,3,-0.8869554996490479,4.612784385681152,-0.55901038646698,-0.12104576081037521,113,438
 , , , , , , , 
0,0,-0.41669052839279175,2.1809463500976562,-0.09315796941518784,0.12104576081037521,345,366
0,1,0.0,2.090423107147217,-0.5392394661903381,-0.12104576081037521,328,341
0,2,0.0,2.280134439468384,-0.1614772528409958,-0.12104576081037521,222,431
 , , , , , , , 
0,0,-0.6647205352783203,10.552300453186035,1.149593710899353,0.12104576081037521,135,388
0,1,-0.06746417284011841,2.1162753105163574,-0.421278715133667,-0.12104576081037521,398,337
0,2,-0.4266117215156555,2.639134407043457,-0.5546093583106995,-0.12104576081037521,115,489
0,3,-0.7341689467430115,4.626209259033203,-0.3698524534702301,-0.12104576081037521,133,445
 , , , , , , , 
0,0,-0.27382519841194153,2.122314453125,-0.4685468077659607,0.12104576081037521,315,339
0,1,-0.49308377504348755,2.16939640045166,0.36268681287765503,0.12104576081037521,269,353
0,2,-0.5139182806015015,2.2642650604248047,-0.3583204746246338,0.12104576081037521,127,462
0,3,-0.33236026763916016,10.597556114196777,0.8341463208198547,0.12104576081037521,115,379
0,4,-0.06746417284011841,2.0557260513305664,-0.6558104157447815,-0.12104576081037521,324,347
0,5,0.07242477685213089,2.3014092445373535,-0.2636413872241974,-0.12104576081037521,134,490
0,6,-0.7341689467430115,4.530624866485596,-1.0060023069381714,-0.12104576081037521,147,423
 , , , , , , , 
0,0,-0.27382519841194153,2.159409761428833,-0.24638210237026215,0.12104576081037521,346,331
0,1,-0.06746417284011841,2.12097430229187,-0.3969447612762451,-0.12104576081037521,367,336
0,2,-0.07242477685213089,2.308861017227173,-0.18748845160007477,-0.12104576081037521,116,494
0,3,-0.10020414739847183,3.2009263038635254,0.16087780892848969,-0.12104576081037521,131,457
0,4,3.1063284873962402,0.7228426337242126,-0.3317733407020569,-0.12104576081037521,131,457
0,5,-0.12401503324508667,3.9040329456329346,-0.7014195322990417,-0.12104576081037521,137,444
0,6,0.43454867601394653,2.9663496017456055,3.535093307495117,-0.12104576081037521,125,423
0,7,-1.1587964296340942,4.188310623168945,-1.6125112771987915,-0.12104576081037521,125,423
 , , , , , , , 
0,0,-0.41669052839279175,2.1712989807128906,-0.22509300708770752,0.12104576081037521,302,351
0,1,-0.5139182806015015,2.283982992172241,-0.19675259292125702,0.12104576081037521,154,456
0,2,-0.23612461984157562,7.480947494506836,-1.035673975944519,0.12104576081037521,125,370
0,3,-0.19842404127120972,3.1685149669647217,0.019974201917648315,-0.12104576081037521,135,448
 , , , , , , , 
0,0,-0.42264324426651,2.208897590637207,-0.15197984874248505,0.12104576081037521,194,366
0,1,-0.47224923968315125,7.516797065734863,-0.6063815951347351,0.12104576081037521,133,344
0,2,0.0,2.104982614517212,-0.3059840798377991,-0.12104576081037521,268,343
0,3,-0.07044053822755814,2.2390666007995605,-0.25014567375183105,-0.12104576081037521,175,401
0,4,3.0755727291107178,0.7844038605690002,-0.06943410634994507,-0.12104576081037521,139,440
 , , , , , , , 
0,0,-0.13492834568023682,2.0890069007873535,-0.5277238488197327,0.12104576081037521,185,346
0,1,-0.20239251852035522,1.9998029470443726,-0.7877015471458435,-0.12104576081037521,206,329
0,2,-0.07044053822755814,2.2492973804473877,-0.12904727458953857,-0.12104576081037521,234,363
0,3,-0.10020414739847183,3.201164484024048,0.15606603026390076,-0.12104576081037521,146,416
0,4,-0.23612461984157562,7.505395889282227,-0.8403724431991577,-0.12104576081037521,134,369
 , , , , , , , 
0,0,-0.20834526419639587,2.207261323928833,-0.15305951237678528,0.12104576081037521,201,344
0,1,-0.47224923968315125,7.540886878967285,-0.07040873914957047,0.12104576081037521,137,346
0,2,-0.07044053822755814,2.2308590412139893,-0.31505531072616577,-0.12104576081037521,237,349
0,3,-0.47224923968315125,7.4651198387146,-1.068608283996582,-0.12104576081037521,163,360
 , , , , , , , 
0,0,-0.20536890625953674,2.1609983444213867,-0.2943553626537323,0.12104576081037521,156,349
0,1,0.0,2.2514195442199707,-0.10983684659004211,0.12104576081037521,141,352
0,2,-0.20239251852035522,2.034788131713867,-0.692331075668335,-0.12104576081037521,168,342
0,3,-0.47224923968315125,7.4725189208984375,-1.0155763626098633,-0.12104576081037521,179,341
 , , , , , , , 
0,0,-0.13492834568023682,2.130613088607788,-0.3208284080028534,0.12104576081037521,221,347
0,1,-0.13492834568023682,2.067373752593994,-0.6069662570953369,-0.12104576081037521,203,350
 , , , , , , , 
0,0,-0.20239251852035522,2.1330695152282715,-0.2640073001384735,0.12104576081037521,224,345
0,1,-0.13492834568023682,2.090648889541626,-0.5211818218231201,-0.12104576081037521,211,342
 , , , , , , , 
0,0,-0.20239251852035522,2.1411495208740234,-0.18751972913742065,0.12104576081037521,231,339
0,1,-0.20239251852035522,2.0882771015167236,-0.5087088942527771,-0.12104576081037521,212,339
 , , , , , , , 
0,0,-0.26985669136047363,2.140014886856079,-0.0903446227312088,0.12104576081037521,223,346
0,1,-0.20239251852035522,2.117279529571533,-0.3698827028274536,-0.12104576081037521,206,342
 , , , , , , , 
0,0,-0.26985669136047363,2.1412458419799805,-0.05377211049199104,0.12104576081037521,231,331
0,1,-0.20239251852035522,2.129124641418457,-0.2941317856311798,-0.12104576081037521,199,348
 , , , , , , , 
0,0,-0.26985669136047363,2.1401283740997314,-0.08761236816644669,0.12104576081037521,242,337
0,1,-0.20239251852035522,2.1216630935668945,-0.343848317861557,-0.12104576081037521,222,336
 , , , , , , , 
0,0,-0.26985669136047363,2.136603355407715,-0.15083681046962738,0.12104576081037521,226,341
0,1,-0.20239251852035522,2.1137566566467285,-0.3895103931427002,-0.12104576081037521,206,343
 , , , , , , , 
0,0,-0.20239251852035522,2.1477036476135254,-0.08398989588022232,0.12104576081037521,231,352
0,1,-0.20239251852035522,2.1208200454711914,-0.34901008009910583,-0.12104576081037521,226,337
 , , , , , , , 
0,0,-0.13492834568023682,2.1380791664123535,-0.26656991243362427,0.12104576081037521,177,350
0,1,-0.13492834568023682,2.1004369258880615,-0.4802161753177643,-0.12104576081037521,181,336
 , , , , , , , 
0,0,-0.13492834568023682,2.1344153881073,-0.29447194933891296,0.12104576081037521,182,343
0,1,-0.13492834568023682,2.085475206375122,-0.5415123105049133,-0.12104576081037521,169,350
 , , , , , , , 
0,0,-0.13492834568023682,2.1390841007232666,-0.25838202238082886,0.12104576081037521,197,343
0,1,-0.06746417284011841,2.093322277069092,-0.5235440135002136,-0.12104576081037521,194,333
 , , , , , , , 
0,0,-0.13492834568023682,2.132951498031616,-0.3048943877220154,0.12104576081037521,208,340
0,1,-0.06746417284011841,2.075488805770874,-0.5902906656265259,-0.12104576081037521,201,331
 , , , , , , , 
0,0,-0.20536890625953674,2.163522243499756,-0.27519121766090393,0.12104576081037521,352,336
0,1,-0.5595558285713196,2.930169105529785,0.08390386402606964,-0.24209152162075043,118,419
0,2,-0.20536890625953674,2.1380116939544678,-0.4306563138961792,-0.12104576081037521,282,350
0,3,-0.35716328024864197,2.2554433345794678,-0.10246022790670395,-0.12104576081037521,182,398
 , , , , , , , 
0,0,-0.13492834568023682,2.146639108657837,-0.18542559444904327,0.12104576081037521,358,348
0,1,-0.8869554996490479,4.627538204193115,-0.4197147786617279,0.12104576081037521,119,428
0,2,-0.42264324426651,2.2134854793548584,0.05299387127161026,-0.12104576081037521,266,375
0,3,-0.6667047739028931,10.59800910949707,1.0141487121582031,-0.12104576081037521,112,377
 , , , , , , , 
0,0,-0.06746417284011841,2.1225955486297607,-0.3881819248199463,0.12104576081037521,365,346
0,1,2.529906749725342,0.9383163452148438,0.03740081936120987,0.12104576081037521,121,506
0,2,-0.09921202063560486,3.1731297969818115,0.02572150155901909,0.12104576081037521,126,478
0,3,-0.25199854373931885,3.9308574199676514,-0.8612158298492432,0.12104576081037521,114,451
0,4,0.07143265753984451,2.284350872039795,-0.04154597222805023,0.24209152162075043,178,433
0,5,-0.42264324426651,2.213881015777588,0.032523415982723236,-0.24209152162075043,333,363
0,6,-0.23513250052928925,7.465116500854492,-0.9115577340126038,-0.12104576081037521,133,380
 , , , , , , , 
0,0,-0.10020414739847183,3.198733329772949,-0.19978778064250946,0.12104576081037521,116,506
0,1,3.006124496459961,1.1152459383010864,0.03597187623381615,0.12104576081037521,116,506
0,2,0.20834524929523468,6.663625240325928,-0.04707825556397438,0.12104576081037521,116,405
0,3,0.0,2.09437894821167,-0.5236648917198181,0.24209152162075043,320,347
0,4,0.0,2.3154988288879395,-0.0984974205493927,0.24209152162075043,196,466
0,5,-0.3472420871257782,2.192340135574341,-0.10911133885383606,-0.12104576081037521,303,364
 , , , , , , , 
0,0,-0.06845629960298538,2.1224656105041504,-0.5377627015113831,0.12104576081037521,367,356
0,1,-0.7440901398658752,4.671507358551025,-0.5492498278617859,0.12104576081037521,146,407
0,2,-0.3313681483268738,10.335484504699707,-2.346938371658325,0.12104576081037521,117,359
0,3,-0.27382519841194153,2.1686272621154785,-0.1442609429359436,-0.12104576081037521,385,345
0,4,-0.23414038121700287,7.284119129180908,-1.7390305995941162,-0.12104576081037521,116,393
 , , , , , , , 
0,0,-0.06845629960298538,2.164477825164795,-0.33027946949005127,0.12104576081037521,364,338
0,1,-0.7391295433044434,4.6563239097595215,-0.38638702034950256,0.12104576081037521,138,441
0,2,-0.3422814905643463,2.1561222076416016,-0.18087327480316162,-0.12104576081037521,344,344
0,3,-0.2976360619068146,3.1489551067352295,-0.27341020107269287,-0.12104576081037521,113,476
0,4,2.8771486282348633,1.2606654167175293,-0.460430383682251,-0.12104576081037521,113,476
0,5,-0.7053974866867065,7.489688873291016,0.14548012614250183,-0.12104576081037521,121,403
 , , , , , , , 
0,0,-0.13889683783054352,2.209745168685913,-0.19123652577400208,0.12104576081037521,326,349
0,1,-0.7391295433044434,4.6654052734375,-0.2542496919631958,0.12104576081037521,128,431
0,2,-0.3472420871257782,2.190582513809204,-0.14002975821495056,-0.24209152162075043,328,354
0,3,3.7502143383026123,2.02504825592041,-0.4522365927696228,-0.12104576081037521,115,444
0,4,-2.270963191986084,10.052420616149902,-1.2522269487380981,-0.12104576081037521,165,377
0,5,5.515196323394775,3.2608625888824463,-8.168591499328613,-0.12104576081037521,165,377
 , , , , , , , 
0,0,-0.13889683783054352,2.203047513961792,-0.25715172290802,0.12104576081037521,338,341
0,1,-0.5307843089103699,3.3386917114257812,-0.3333878517150879,0.12104576081037521,131,476
0,2,3.884150505065918,1.8021891117095947,-0.1869090497493744,0.12104576081037521,152,453
0,3,-0.8869554996490479,4.640237808227539,-0.24179615080356598,0.12104576081037521,121,430
0,4,0.07341689616441727,2.33429217338562,-0.25512921810150146,0.24209152162075043,203,425
0,5,-0.3422814905643463,2.1596245765686035,-0.13266514241695404,-0.24209152162075043,314,342
0,6,-0.35716328024864197,2.257239818572998,-0.04889174550771713,-0.24209152162075043,241,396
0,7,-0.19643980264663696,2.0317623615264893,-0.47315725684165955,-0.12104576081037521,196,330
0,8,-0.2976360619068146,3.159642219543457,0.0856328010559082,-0.12104576081037521,120,484
 , , , , , , , 
0,0,4.047850608825684,1.5019886493682861,-0.03911493346095085,0.12104576081037521,180,451
0,1,0.0,2.3751370906829834,-0.16824473440647125,0.24209152162075043,150,462
0,2,2.9059202671051025,1.3492050170898438,-0.13086429238319397,-0.24209152162075043,117,448
0,3,-0.20239251852035522,2.1368374824523926,-0.23154158890247345,-0.12104576081037521,379,341
0,4,0.46828076243400574,7.404897212982178,-1.0419466495513916,-0.12104576081037521,114,406
0,5,9.408275604248047,4.214034557342529,1.2258716821670532,-0.12104576081037521,154,386
0,6,5.893194198608398,4.707944869995117,-7.271081924438477,-0.12104576081037521,122,391
0,7,-2.946597099304199,10.053585052490234,-0.07811803370714188,-0.12104576081037521,122,391
 , , , , , , , 
0,0,0.07044053822755814,2.1925594806671143,-0.5183384418487549,0.12104576081037521,282,367
0,1,5.12132453918457,2.3752129077911377,-0.2559700310230255,0.12104576081037521,114,430
0,2,-0.42859596014022827,3.397700548171997,-0.1684756726026535,0.24209152162075043,122,485
0,3,-0.7391295433044434,4.671618938446045,-0.08140480518341064,0.24209152162075043,168,438
0,4,3.535916328430176,2.0829248428344727,-0.8490105271339417,0.36313727498054504,128,410
0,5,0.0,7.407623291015625,-1.1245245933532715,-0.36313727498054504,150,367
0,6,-0.35716328024864197,2.2560503482818604,-0.08808887749910355,-0.24209152162075043,138,421
0,7,2.9059202671051025,1.3324356079101562,-0.24918855726718903,-0.24209152162075043,119,453
0,8,-0.26985669136047363,2.1416194438934326,-0.035941820591688156,-0.12104576081037521,373,339
 , , , , , , , 
0,0,4.047850608825684,1.4929836988449097,-0.1688174158334732,0.12104576081037521,134,460
0,1,-2.291797637939453,2.1111772060394287,6.638864517211914,0.12104576081037521,116,420
0,2,0.0,7.318302631378174,0.4757894277572632,0.12104576081037521,116,420
0,3,-0.35716328024864197,2.2515881061553955,-0.1669529229402542,-0.24209152162075043,124,454
0,4,-0.20239251852035522,2.1430604457855225,-0.16424831748008728,-0.12104576081037521,390,346
 , , , , , , , 
0,0,-0.06746417284011841,2.1391029357910156,0.28343552350997925,0.12104576081037521,312,352
0,1,0.0,2.2504968643188477,0.12735062837600708,0.12104576081037521,256,394
0,2,-0.27084881067276,2.8314223289489746,-0.5062819719314575,0.24209152162075043,126,511
0,3,4.213534832000732,1.0056099891662598,-0.3906858265399933,0.24209152162075043,116,463
0,4,-0.40776145458221436,4.330265522003174,-0.01717301644384861,0.24209152162075043,116,463
0,5,-0.3522026836872101,2.2238709926605225,-0.10632734000682831,-0.24209152162075043,211,406
0,6,-0.27382519841194153,2.16227388381958,0.2198326736688614,-0.12104576081037521,297,344
0,7,-2.611260414123535,10.10952091217041,0.2789188623428345,-0.12104576081037521,113,402
 , , , , , , , 
0,0,0.07044053822755814,2.0961124897003174,-0.8260175585746765,0.12104576081037521,223,385
0,1,3.855379104614258,1.6720261573791504,-0.662340521812439,0.12104576081037521,119,461
0,2,-2.4852612018585205,2.1548080444335938,4.158163070678711,0.12104576081037521,118,448
0,3,0.0,2.1352407932281494,0.3184255361557007,0.24209152162075043,309,349
0,4,0.1488180309534073,2.376190185546875,0.033989667892456055,0.36313727498054504,118,496
0,5,0.0,6.663650989532471,0.21279054880142212,-0.36313727498054504,126,393
0,6,0.23215614259243011,7.327402591705322,-1.2021903991699219,-0.36313727498054504,149,374
0,7,-0.1994161605834961,2.1009416580200195,-0.2661876082420349,-0.12104576081037521,369,338
0,8,3.014061212539673,0.7091294527053833,-0.3044499158859253,-0.12104576081037521,141,464
0,9,-0.0972277820110321,3.106893539428711,0.13371171057224274,-0.12104576081037521,141,464
 , , , , , , , 
0,0,-2.6509451866149902,1.6667956113815308,4.278355121612549,0.12104576081037521,123,445
0,1,0.0,2.164071798324585,0.33989450335502625,0.36313727498054504,343,347
0,2,0.23116402328014374,7.273200035095215,-1.3290642499923706,-0.48418304324150085,168,347
0,3,-0.06647205352783203,2.0729715824127197,-0.4721754193305969,-0.12104576081037521,345,340
 , , , , , , , 
0,0,0.0,2.1539149284362793,-0.14593975245952606,0.12104576081037521,354,346
0,1,0.0,2.252697229385376,0.07943215221166611,0.24209152162075043,291,403
0,2,5.09255313873291,2.3186380863189697,-0.5168453454971313,0.24209152162075043,115,431
0,3,-0.7024211287498474,5.520202159881592,-0.7818458080291748,0.24209152162075043,115,431
 , , , , , , , 
0,0,0.06647205352783203,2.0918450355529785,-0.37992656230926514,0.12104576081037521,361,343
0,1,0.07044053822755814,2.2528014183044434,-0.029632171615958214,0.24209152162075043,261,416
0,2,2.6291186809539795,1.8788237571716309,-0.9395801424980164,0.48418304324150085,143,426
0,3,0.46034377813339233,7.280370235443115,-1.01729416847229,-0.24209152162075043,171,392
0,4,-0.06647205352783203,2.101820945739746,-0.3201700448989868,-0.12104576081037521,358,347
0,5,-0.09623566269874573,3.076801300048828,0.08721691370010376,-0.12104576081037521,151,460
0,6,2.9833054542541504,0.7290372848510742,-0.22796350717544556,-0.12104576081037521,151,460
 , , , , , , , 
0,0,0.13691259920597076,2.186173915863037,-0.02518595941364765,0.12104576081037521,285,396
0,1,0.0,2.054774045944214,-0.19076280295848846,-0.12104576081037521,411,334
0,2,0.06845629960298538,2.186089277267456,-0.12272955477237701,-0.12104576081037521,181,446
 , , , , , , , 
0,0,0.1309598684310913,2.0433545112609863,-0.4450581669807434,0.12104576081037521,352,338
0,1,0.06845629960298538,2.187586784362793,0.09226220101118088,0.12104576081037521,211,398
0,2,0.21727433800697327,2.2845921516418457,0.3235227167606354,0.36313727498054504,261,455
0,3,0.0,2.0472922325134277,-0.25900110602378845,-0.24209152162075043,340,347
0,4,0.06845629960298538,2.1865057945251465,-0.11506956070661545,-0.12104576081037521,175,426
0,5,-2.9833054542541504,0.7334776520729065,-0.21324460208415985,-0.12104576081037521,190,443
 , , , , , , , 
0,0,0.13889683783054352,2.2179319858551025,-0.017967725172638893,0.12104576081037521,158,449
0,1,0.1994161605834961,2.0503013134002686,-0.5301661491394043,0.24209152162075043,343,354
0,2,0.29366758465766907,2.3123178482055664,0.29384881258010864,0.36313727498054504,185,474
0,3,-1.152843713760376,1.870055079460144,1.4551446437835693,0.7262745499610901,135,416
0,4,-0.28573063015937805,3.031532049179077,0.1312078833580017,-0.48418304324150085,199,383
0,5,0.06448781490325928,2.0582916736602783,-0.13327988982200623,-0.12104576081037521,344,342
 , , , , , , , 
0,0,0.1994161605834961,2.04717755317688,-0.5421032905578613,0.12104576081037521,344,344
0,1,0.22322705388069153,2.34482479095459,0.34863731265068054,0.24209152162075043,151,515
0,2,0.590311586856842,1.691896677017212,2.0177419185638428,0.8473203182220459,170,414
0,3,-1.0962928533554077,1.7445646524429321,1.7426706552505493,0.8473203182220459,170,414
0,4,0.0,2.952549695968628,0.0013844576897099614,-0.36313727498054504,132,429
0,5,0.12897562980651855,2.0496268272399902,-0.2021925300359726,-0.12104576081037521,323,341
 , , , , , , , 
0,0,0.305573046207428,2.177589178085327,1.0680464506149292,0.12104576081037521,121,460
0,1,0.2579512596130371,2.0453805923461914,-0.09146665036678314,0.24209152162075043,296,341
0,2,0.33732086420059204,2.1124093532562256,-0.29084235429763794,0.36313727498054504,276,379
0,3,0.49407586455345154,5.245656490325928,-0.11568215489387512,0.7262745499610901,176,371
0,4,1.1905442476272583,6.197686195373535,-0.6987993121147156,-0.36313727498054504,140,374
0,5,-0.12996774911880493,4.152081489562988,-0.20085258781909943,-0.24209152162075043,136,414
0,6,0.0,4.666062831878662,-0.09013523161411285,-0.24209152162075043,154,416
0,7,0.0,2.8984177112579346,0.36091509461402893,-0.12104576081037521,114,448
 , , , , , , , 
0,0,0.27779367566108704,2.2048301696777344,0.019798556342720985,0.24209152162075043,325,409
0,1,0.3224390745162964,2.0375349521636963,-0.054503776133060455,0.36313727498054504,252,338
0,2,0.07738538086414337,2.470782995223999,-0.14650511741638184,-0.24209152162075043,237,489
0,3,-0.12996774911880493,4.156181335449219,-0.07925023138523102,-0.12104576081037521,135,418
0,4,0.0,4.6662445068359375,0.08018673956394196,-0.12104576081037521,176,416
 , , , , , , , 
0,0,0.29366758465766907,2.2709155082702637,-0.5254548192024231,0.12104576081037521,194,440
0,1,0.3472420871257782,2.192110061645508,-0.11363772302865982,0.24209152162075043,427,345
0,2,2.619197368621826,3.3650171756744385,-9.569722175598145,0.24209152162075043,115,365
0,3,-0.9821990132331848,10.424954414367676,0.3445725440979004,0.24209152162075043,115,365
0,4,0.31549423933029175,3.3484957218170166,-0.11442823708057404,0.7262745499610901,138,432
0,5,-0.5238394737243652,4.156518936157227,-0.10507253557443619,-0.9683660864830017,133,411
0,6,1.0476789474487305,1.0292232036590576,3.9249417781829834,-0.9683660864830017,133,411
0,7,0.15477076172828674,2.468829393386841,-0.11466993391513824,-0.24209152162075043,244,465
0,8,0.0,4.656676769256592,0.3092428147792816,-0.12104576081037521,148,395
 , , , , , , , 
0,0,0.2976360619068146,2.273167371749878,-0.6431987881660461,0.12104576081037521,169,434
0,1,3.6430654525756836,2.0566463470458984,-1.068116545677185,0.12104576081037521,115,452
0,2,0.0,1.6303150653839111,2.1504273414611816,0.24209152162075043,118,527
0,3,-2.276916027069092,1.431066632270813,0.22353151440620422,0.24209152162075043,118,527
0,4,0.41669052839279175,2.1795804500579834,-0.12097595632076263,0.36313727498054504,400,349
0,5,0.2877148687839508,4.57438325881958,0.428813099861145,0.6052287817001343,127,430
0,6,0.4653043746948242,2.074843645095825,-0.05562349036335945,0.7262745499610901,233,346
0,7,0.152786523103714,2.436988592147827,-0.11719923466444016,-0.36313727498054504,292,367
0,8,-2.704519748687744,1.2337369918823242,-0.2636280059814453,-0.24209152162075043,150,435
 , , , , , , , 
0,0,0.42264324426651,2.20814847946167,0.1625012308359146,0.48418304324150085,329,345
0,1,-4.200636863708496,1.9556820392608643,-0.12208861857652664,0.7262745499610901,141,425
0,2,0.5387212634086609,5.7035441398620605,-0.44723376631736755,0.7262745499610901,141,405
0,3,0.15080228447914124,2.404604196548462,-0.1300661861896515,-0.36313727498054504,363,342
 , , , , , , , 
0,0,0.4405013918876648,2.30350923538208,-0.1385831981897354,0.12104576081037521,410,355
0,1,-0.16270771622657776,4.725025653839111,2.181016206741333,0.12104576081037521,124,422
0,2,-2.242191791534424,2.225630283355713,6.442046642303467,0.12104576081037521,115,414
0,3,-5.157041072845459,4.988361358642578,0.044698599725961685,0.12104576081037521,115,414
0,4,0.658767819404602,2.53554630279541,0.2839549481868744,0.6052287817001343,117,452
 , , , , , , , 
0,0,-0.3254154324531555,3.539520502090454,3.804611921310425,0.12104576081037521,124,419
0,1,0.5714612603187561,2.1844370365142822,-0.3560263514518738,0.24209152162075043,336,341
0,2,0.7738537788391113,2.3523032665252686,0.006347866728901863,0.8473203182220459,324,352
0,3,0.44645410776138306,2.3100080490112305,-0.3662296235561371,-0.12104576081037521,297,342
 , , , , , , , 
0,0,0.7440901398658752,2.2584407329559326,0.12392546236515045,0.12104576081037521,365,346
0,1,1.0238680839538574,2.5269999504089355,-0.14347511529922485,0.48418304324150085,142,505
0,2,0.64289391040802,2.178910493850708,-0.253228098154068,-0.12104576081037521,190,344
0,3,0.650830864906311,2.4893996715545654,0.3957301378250122,-0.12104576081037521,116,458
 , , , , , , , 
0,0,0.5149103999137878,2.206609010696411,5.003194808959961,0.24209152162075043,143,430
0,1,-3.9476466178894043,3.8132214546203613,0.20406554639339447,0.24209152162075043,143,430
0,2,0.7341689467430115,2.201296329498291,-0.3670039176940918,0.36313727498054504,370,342
0,3,0.9385457634925842,2.5620126724243164,-0.09921448677778244,0.48418304324150085,152,497
0,4,0.64289391040802,2.4561922550201416,0.40842145681381226,-0.12104576081037521,172,443
 , , , , , , , 
0,0,0.7857592105865479,2.1433568000793457,-0.11701220273971558,0.12104576081037521,295,340
0,1,0.8234597444534302,2.42962908744812,-0.6020110249519348,0.12104576081037521,143,446
0,2,0.8184991478919983,2.1984734535217285,-0.40786781907081604,0.24209152162075043,310,393
0,3,0.64289391040802,2.472402334213257,0.29481399059295654,-0.24209152162075043,223,401
0,4,-2.4048995971679688,2.1119942665100098,0.19439437985420227,-0.12104576081037521,129,431
0,5,0.9018373489379883,2.7979795932769775,-1.280566692352295,-0.12104576081037521,129,431
 , , , , , , , 
0,0,0.8234597444534302,2.2992889881134033,-0.9893359541893005,0.12104576081037521,123,450
0,1,0.7857592105865479,2.144944906234741,-0.08295731991529465,0.24209152162075043,293,349
0,2,0.8184991478919983,2.181837320327759,-0.489109069108963,0.24209152162075043,283,380
0,3,0.517886757850647,1.1552895307540894,5.377086639404297,0.24209152162075043,118,420
0,4,-3.7978363037109375,4.010138511657715,0.10579171776771545,0.24209152162075043,118,420
0,5,1.4484955072402954,4.393268585205078,-0.2932591736316681,0.7262745499610901,146,426
0,6,0.7232556343078613,2.4454569816589355,0.33112335205078125,-0.24209152162075043,279,400
 , , , , , , , 
0,0,0.8403258919715881,2.294041872024536,-0.08495157212018967,0.12104576081037521,304,380
0,1,0.8690973520278931,2.14274525642395,-0.1566833108663559,0.36313727498054504,309,350
0,2,-1.771926760673523,2.396618127822876,-0.15010200440883636,0.36313727498054504,121,468
0,3,1.1191116571426392,2.7465479373931885,-0.33180859684944153,0.36313727498054504,121,468
0,4,-2.1608378887176514,2.2776880264282227,-0.14695891737937927,0.36313727498054504,137,493
0,5,-3.4922633171081543,4.353545188903809,0.26880118250846863,0.48418304324150085,127,427
0,6,0.7143265604972839,2.4146828651428223,0.33131423592567444,-0.24209152162075043,330,353
 , , , , , , , 
0,0,0.9286245703697205,2.2821688652038574,-0.24815888702869415,0.12104576081037521,398,350
0,1,1.800698161125183,4.864200115203857,-0.7333642840385437,0.12104576081037521,122,442
0,2,-0.16369983553886414,2.677345037460327,4.499533653259277,0.12104576081037521,122,442
0,3,0.8948924541473389,2.4445347785949707,0.02665434405207634,0.24209152162075043,201,461
 , , , , , , , 
0,0,-0.329383909702301,2.675717353820801,4.528404235839844,0.12104576081037521,138,432
0,1,1.4822275638580322,5.0438313484191895,-0.3703661561012268,0.12104576081037521,138,432
0,2,0.9286245703697205,2.292818069458008,-0.11341264098882675,0.24209152162075043,363,346
0,3,1.3750786781311035,3.6644070148468018,-0.8265052437782288,0.36313727498054504,114,452
0,4,0.9167190790176392,2.467190980911255,-0.4295559823513031,-0.24209152162075043,219,350
 , , , , , , , 
0,0,0.8948924541473389,2.38016676902771,-0.5579124093055725,0.12104576081037521,309,367
0,1,1.6469194889068604,4.931268692016602,-0.8629297614097595,0.12104576081037521,159,431
0,2,-0.329383909702301,2.4286675453186035,4.665563583374023,0.12104576081037521,159,431
0,3,1.0318050384521484,2.3202502727508545,0.050424326211214066,0.36313727498054504,271,378
0,4,1.1905442476272583,2.241807460784912,0.08734407275915146,0.6052287817001343,278,375
0,5,2.944612741470337,6.03633451461792,-0.43833205103874207,-0.12104576081037521,135,378
 , , , , , , , 
0,0,1.0189075469970703,2.287785530090332,-0.1353873312473297,0.36313727498054504,380,343
0,1,1.0318050384521484,3.1348021030426025,-0.10059607774019241,0.36313727498054504,123,473
0,2,1.1905442476272583,2.242554187774658,0.06542626768350601,0.6052287817001343,355,355
0,3,0.905805766582489,2.429640293121338,-0.4690033197402954,-0.12104576081037521,238,375
0,4,0.9712857007980347,2.6461081504821777,-0.19620424509048462,-0.12104576081037521,133,388
 , , , , , , , 
0,0,-3.336500406265259,4.521620750427246,0.004675769247114658,0.12104576081037521,113,449
0,1,0.3512105643749237,1.448266863822937,-5.4181623458862305,0.12104576081037521,113,449
0,2,1.0972850322723389,2.231804609298706,-0.32477641105651855,0.36313727498054504,326,344
0,3,0.722263514995575,3.15627121925354,-0.6465386748313904,0.36313727498054504,118,487
0,4,1.2054260969161987,2.2714157104492188,0.02490547113120556,0.6052287817001343,346,352
0,5,-2.023925304412842,3.812822103500366,0.0933142900466919,0.7262745499610901,159,382
0,6,0.9683093428611755,7.626730918884277,-0.9503822326660156,-0.24209152162075043,141,364
0,7,0.8829870223999023,2.6663143634796143,-0.30802908539772034,-0.12104576081037521,136,408
 , , , , , , , 
0,0,1.7709347009658813,3.334862232208252,-0.12539155781269073,0.12104576081037521,120,443
0,1,1.0447026491165161,2.337841272354126,-0.23684656620025635,0.24209152162075043,352,338
0,2,1.317535638809204,2.280346632003784,0.08785998821258545,0.8473203182220459,301,341
0,3,0.9603723883628845,2.616847515106201,-0.18754151463508606,-0.12104576081037521,156,404
 , , , , , , , 
0,0,0.9762462973594666,2.412743091583252,-0.05391968786716461,0.12104576081037521,332,350
0,1,0.6250357627868652,3.2385780811309814,-0.4830363392829895,0.24209152162075043,115,483
0,2,1.1111747026443481,2.2796525955200195,-0.1385672390460968,0.36313727498054504,345,329
0,3,1.23518967628479,2.324065685272217,0.12893924117088318,0.48418304324150085,309,372
0,4,0.9603723883628845,2.6230244636535645,-0.05296461656689644,-0.24209152162075043,183,359
 , , , , , , , 
0,0,1.0576001405715942,2.376309394836426,-0.10922273993492126,0.12104576081037521,340,345
0,1,1.3492835760116577,2.3353848457336426,0.08761218935251236,0.7262745499610901,219,352
0,2,1.011962652206421,2.4990053176879883,-0.11475693434476852,-0.12104576081037521,202,375
0,3,0.9603723883628845,2.6219213008880615,-0.0926867350935936,-0.12104576081037521,185,410
 , , , , , , , 
0,0,1.23518967628479,2.3196089267730713,-0.19318780303001404,0.36313727498054504,329,350
 , , , , , , , 
0,0,1.070497751235962,2.4077744483947754,-0.016045089811086655,0.24209152162075043,357,346
0,1,1.2203078269958496,2.2913944721221924,-0.19404588639736176,0.48418304324150085,304,345
0,2,1.3651574850082397,2.3639423847198486,-0.05235816538333893,0.48418304324150085,200,404
0,3,0.9802147746086121,7.77324914932251,-0.3291229009628296,-0.36313727498054504,135,381
0,4,0.8730658292770386,2.6513831615448,-0.11532911658287048,-0.12104576081037521,159,398
 , , , , , , , 
0,0,1.180623173713684,2.28193998336792,-0.8253137469291687,0.12104576081037521,243,371
0,1,1.0576001405715942,2.353748321533203,-0.34444868564605713,0.24209152162075043,328,352
0,2,1.4673458337783813,2.31547474861145,-0.3383242189884186,0.36313727498054504,183,436
0,3,1.920744776725769,3.3241147994995117,0.13432276248931885,0.48418304324150085,119,402
0,4,0.9603723883628845,7.461426734924316,-1.559798002243042,-0.24209152162075043,113,398
 , , , , , , , 
0,0,1.070497751235962,2.4060332775115967,-0.09294407069683075,0.24209152162075043,381,348
 , , , , , , , 
0,0,1.250071406364441,2.278620481491089,-0.5976071357727051,0.12104576081037521,337,340
0,1,1.08339524269104,2.3998334407806396,0.42305848002433777,0.36313727498054504,309,350
0,2,0.972277820110321,7.709609031677246,-0.34256693720817566,-0.24209152162075043,128,386
 , , , , , , , 
0,0,1.250071406364441,2.2799465656280518,-0.592528223991394,0.0,337,326
0,1,1.0962928533554077,2.4651920795440674,-0.05687751621007919,0.36313727498054504,385,346
0,2,1.7084310054779053,3.508896589279175,-0.13347716629505157,0.6052287817001343,148,384
0,3,0.9683093428611755,7.640292644500732,-0.8343708515167236,-0.24209152162075043,143,388
 , , , , , , , 
0,0,1.1945128440856934,2.4505186080932617,-0.1507246196269989,0.12104576081037521,376,334
0,1,1.0040256977081299,2.7413721084594727,-0.08885783702135086,0.36313727498054504,149,432
 , , , , , , , 
0,0,1.1945128440856934,2.425980567932129,-0.3773283362388611,0.12104576081037521,369,359
0,1,0.9712857007980347,2.6525721549987793,0.06515958160161972,0.24209152162075043,239,446
 , , , , , , , 
0,0,1.1945128440856934,2.4428348541259766,-0.24559564888477325,0.12104576081037521,371,360
0,1,0.948466956615448,7.302401065826416,-1.8300493955612183,-0.24209152162075043,125,377
 , , , , , , , 
0,0,1.1220879554748535,2.523533821105957,-0.04106525331735611,0.12104576081037521,408,337
0,1,0.9524354338645935,7.500814437866211,-0.9419015645980835,-0.12104576081037521,128,400
 , , , , , , , 
0,0,1.1945128440856934,2.442711114883423,-0.24682296812534332,0.12104576081037521,402,338
0,1,0.9444984793663025,7.3961710929870605,-1.2237352132797241,-0.12104576081037521,163,371
 , , , , , , , 
0,0,1.222292184829712,2.501112699508667,0.23625105619430542,0.12104576081037521,331,348
0,1,0.8929082155227661,2.713141679763794,-0.07600201666355133,0.12104576081037521,250,389
 , , , , , , , 
0,0,1.1349855661392212,2.5524990558624268,-0.043978579342365265,0.12104576081037521,358,365
0,1,0.940530002117157,7.401698589324951,-0.9718271493911743,-0.12104576081037521,138,387
 , , , , , , , 
0,0,1.1349855661392212,2.5528619289398193,-0.00902208685874939,0.12104576081037521,367,356
 , , , , , , , 
0,0,1.180623173713684,2.3951408863067627,-0.3894791305065155,0.12104576081037521,250,351
0,1,1.1349855661392212,2.5488531589508057,0.14329348504543304,0.12104576081037521,325,357
 , , , , , , , 
0,0,1.2798351049423218,2.3922038078308105,-0.3065991699695587,0.12104576081037521,259,342
0,1,0.9821990132331848,2.6825196743011475,0.05977204069495201,0.12104576081037521,266,403
 , , , , , , , 
0,0,1.059584379196167,2.615360736846924,0.14473752677440643,0.12104576081037521,297,366
 , , , , , , , 
0,0,1.222292184829712,2.5120432376861572,-0.0319112092256546,0.12104576081037521,290,346
0,1,0.81254643201828,2.771916627883911,0.05366519093513489,0.12104576081037521,156,404
0,2,1.222292184829712,2.477325916290283,-0.4174152612686157,-0.12104576081037521,247,338
 , , , , , , , 
0,0,1.222292184829712,2.5102593898773193,0.09988907724618912,0.12104576081037521,241,346
0,1,0.722263514995575,2.786160945892334,-0.24954932928085327,0.12104576081037521,124,405
0,2,1.2947169542312622,2.410130500793457,-0.3794337511062622,-0.12104576081037521,200,335
 , , , , , , , 
0,0,1.1349855661392212,2.551187753677368,-0.09287881851196289,0.12104576081037521,240,344
0,1,1.1349855661392212,2.505971908569336,-0.4871246814727783,-0.12104576081037521,205,340
 , , , , , , , 
0,0,1.1349855661392212,2.5527398586273193,-0.02653411775827408,0.12104576081037521,267,337
0,1,1.222292184829712,2.4807331562042236,-0.39666470885276794,-0.12104576081037521,233,342
 , , , , , , , 
0,0,1.1478830575942993,2.5818064212799072,-0.02051367424428463,0.12104576081037521,250,345
0,1,1.2361818552017212,2.508938789367676,-0.40107524394989014,-0.12104576081037521,234,343
 , , , , , , , 
0,0,1.1349855661392212,2.5528621673583984,0.00891894567757845,0.12104576081037521,238,357
0,1,1.1349855661392212,2.5277915000915527,-0.3570081293582916,-0.12104576081037521,233,342
 , , , , , , , 
0,0,1.1349855661392212,2.552769422531128,0.02353016659617424,0.12104576081037521,210,344
0,1,1.222292184829712,2.4830410480499268,-0.38195163011550903,-0.12104576081037521,201,344
 , , , , , , , 
0,0,1.1220879554748535,2.5078699588775635,-0.2837211489677429,0.12104576081037521,148,350
0,1,1.2084025144577026,2.40889573097229,-0.6049585342407227,-0.12104576081037521,155,343
 , , , , , , , 
0,0,1.1349855661392212,2.5040946006774902,-0.49668461084365845,-0.12104576081037521,129,340
 , , , , , , , 
0,0,1.1349855661392212,2.5510165691375732,-0.09746615588665009,0.12104576081037521,200,334
0,1,1.1349855661392212,2.5112059116363525,-0.4593794643878937,-0.12104576081037521,196,345
 , , , , , , , 
0,0,1.1220879554748535,2.51015305519104,-0.26275739073753357,0.12104576081037521,233,344
0,1,1.2084025144577026,2.4063615798950195,-0.614961564540863,-0.12104576081037521,255,344
 , , , , , , , 
0,0,1.1220879554748535,2.4957122802734375,-0.3759388029575348,0.12104576081037521,217,344
0,1,1.059584379196167,2.6091816425323486,0.23071976006031036,0.12104576081037521,199,359
0,2,1.2084025144577026,2.3607513904571533,-0.771755576133728,-0.12104576081037521,256,341
0,3,1.1478830575942993,2.5806946754455566,-0.07848215103149414,-0.12104576081037521,218,363
 , , , , , , , 
0,0,1.059584379196167,2.6079394817352295,0.24436239898204803,0.12104576081037521,237,345
0,1,1.1945128440856934,2.3406450748443604,-0.7410396337509155,-0.12104576081037521,251,345
0,2,1.1478830575942993,2.581353187561035,-0.05254112929105759,-0.12104576081037521,241,377
 , , , , , , , 
0,0,1.1349855661392212,2.5470449924468994,0.17247459292411804,0.12104576081037521,265,337
0,1,1.1349855661392212,2.5486719608306885,-0.146479070186615,-0.12104576081037521,293,351
 , , , , , , , 
0,0,0.9028294086456299,2.6986849308013916,0.4986298978328705,0.12104576081037521,155,378
0,1,1.222292184829712,2.4968113899230957,-0.2780507802963257,-0.12104576081037521,320,358
0,2,0.993112325668335,2.6963658332824707,0.2999531626701355,-0.12104576081037521,135,452
 , , , , , , , 
0,0,1.1220879554748535,2.4900364875793457,-0.41185811161994934,-0.12104576081037521,334,340
0,1,0.9028294086456299,2.7246127128601074,0.32865944504737854,-0.12104576081037521,167,459
 , , , , , , , 
0,0,1.1091904640197754,2.457094192504883,-0.4324400722980499,-0.12104576081037521,337,335
0,1,0.9821990132331848,2.681018829345703,-0.1078048124909401,-0.12104576081037521,227,422
 , , , , , , , 
0,0,1.0476789474487305,2.5898802280426025,-0.016324639320373535,-0.24209152162075043,321,396
0,1,1.264953374862671,2.3200759887695312,-0.5471788048744202,-0.12104576081037521,325,339
 , , , , , , , 
0,0,0.948466956615448,7.439477920532227,-1.152524471282959,0.12104576081037521,130,398
0,1,1.1945128440856934,2.455110788345337,-0.013799221254885197,-0.24209152162075043,334,356
0,2,0.8829870223999023,2.6831512451171875,0.06937628984451294,-0.24209152162075043,267,435
0,3,0.6488466262817383,3.3638646602630615,-0.488445520401001,-0.24209152162075043,126,487
0,4,0.5456661581993103,3.4351606369018555,-0.3127671778202057,-0.24209152162075043,126,487
 , , , , , , , 
0,0,0.9603723883628845,2.623368501663208,0.031617291271686554,-0.24209152162075043,289,399
 , , , , , , , 
0,0,1.070497751235962,2.381451368331909,-0.3554213345050812,0.0,210,330
0,1,0.9444984793663025,7.31026029586792,-1.6616157293319702,0.12104576081037521,119,382
0,2,1.23518967628479,2.23636794090271,-0.6454187631607056,-0.36313727498054504,230,354
0,3,1.1091904640197754,2.494846820831299,0.007479473948478699,-0.36313727498054504,287,368
0,4,0.8829870223999023,2.6840333938598633,-0.008866519667208195,-0.36313727498054504,183,446
 , , , , , , , 
0,0,0.9444984793663025,7.414344787597656,-1.1083168983459473,0.24209152162075043,121,390
0,1,1.0962928533554077,2.4400992393493652,-0.3554186522960663,-0.36313727498054504,263,367
0,2,0.8631446361541748,2.5885183811187744,0.4284203052520752,-0.36313727498054504,233,413
 , , , , , , , 
0,0,1.0447026491165161,2.348858594894409,-0.06678911298513412,-0.6052287817001343,386,342
0,1,1.011962652206421,2.50152587890625,-0.023747805505990982,-0.6052287817001343,247,452
 , , , , , , , 
0,0,1.7709347009658813,3.328594207763672,-0.23976902663707733,-0.9683660864830017,184,374
0,1,1.0318050384521484,2.289788007736206,-0.378120481967926,-0.7262745499610901,378,338
0,2,0.9881517291069031,2.4262585639953613,0.28359466791152954,-0.6052287817001343,243,417
 , , , , , , , 
0,0,1.756052851676941,3.30816388130188,-0.08179542422294617,-0.9683660864830017,223,346
0,1,1.0318050384521484,2.31803822517395,-0.11314571648836136,-0.7262745499610901,363,365
 , , , , , , , 
0,0,1.0060099363327026,2.2619566917419434,-0.06097060814499855,-0.7262745499610901,373,352
0,1,0.7321847081184387,2.4959464073181152,-0.10700675845146179,-0.7262745499610901,172,468
0,2,4.361360549926758,2.0550107955932617,-1.2648437023162842,-0.12104576081037521,113,405
 , , , , , , , 
0,0,1.0079941749572754,7.952637672424316,-0.8756981492042542,0.48418304324150085,144,378
0,1,0.9673172235488892,2.175067663192749,0.054408177733421326,-0.48418304324150085,399,338
0,2,1.0060099363327026,2.2593252658843994,-0.12495865672826767,-0.48418304324150085,220,446
 , , , , , , , 
0,0,1.011962652206421,7.971700191497803,-0.9840216040611267,0.36313727498054504,137,367
0,1,1.6816438436508179,3.1224329471588135,-0.5410104990005493,-0.6052287817001343,119,428
0,2,1.027836561203003,2.107544422149658,-0.14563541114330292,-0.48418304324150085,390,351
0,3,0.9167191386222839,2.2632529735565186,-0.1153433546423912,-0.48418304324150085,234,434
0,4,0.5893194079399109,3.072469472885132,-0.3021816611289978,-0.48418304324150085,121,479
 , , , , , , , 
0,0,0.7708774209022522,8.144511222839355,-0.8278605937957764,0.36313727498054504,150,363
0,1,4.286951541900635,1.5800083875656128,-1.2257983684539795,-0.6052287817001343,120,401
0,2,0.9415221214294434,2.1072185039520264,-0.2107187956571579,-0.48418304324150085,404,352
0,3,1.0695055723190308,2.8529694080352783,-0.6299546360969543,-0.36313727498054504,115,488
 , , , , , , , 
0,0,0.7589719891548157,8.054707527160645,-0.293287068605423,0.36313727498054504,167,376
0,1,0.8690973520278931,2.0671353340148926,-0.5855407118797302,-0.7262745499610901,309,361
0,2,0.9861675500869751,1.9879478216171265,-0.39558929204940796,-0.48418304324150085,326,355
0,3,1.1012533903121948,2.043442964553833,-0.3619159162044525,-0.36313727498054504,317,367
 , , , , , , , 
0,0,0.9286245703697205,2.087459087371826,0.0725131630897522,-0.48418304324150085,355,350
0,1,0.5774139761924744,3.01593279838562,-0.23306170105934143,-0.36313727498054504,116,494
0,2,-3.4724209308624268,4.33261251449585,-0.19619527459144592,-0.12104576081037521,116,443
 , , , , , , , 
0,0,0.7619483470916748,8.038652420043945,-0.9246209263801575,0.24209152162075043,169,358
0,1,1.0566080808639526,1.9911121129989624,0.002387515502050519,-0.36313727498054504,369,340
0,2,1.1905442476272583,2.0587451457977295,0.11728042364120483,-0.36313727498054504,228,457
 , , , , , , , 
0,0,0.796672523021698,2.173231840133667,0.11667630821466446,-0.6052287817001343,263,397
0,1,0.9028294682502747,1.994568109512329,-0.38135793805122375,-0.48418304324150085,365,343
 , , , , , , , 
0,0,0.9306087493896484,1.910203456878662,-0.09832991659641266,-0.6052287817001343,382,339
0,1,-0.16866044700145721,2.3443703651428223,4.858450412750244,-0.12104576081037521,125,427
0,2,0.3809741735458374,1.2149269580841064,-5.961122989654541,-0.12104576081037521,115,446
 , , , , , , , 
0,0,0.9821990132331848,1.848548412322998,0.09315795451402664,-0.7262745499610901,341,354
0,1,0.6845629811286926,2.0806291103363037,0.03303506225347519,-0.7262745499610901,243,428
0,2,1.0000572204589844,0.3961053490638733,-2.4402685165405273,-0.36313727498054504,197,398
0,3,0.568484902381897,4.178510665893555,4.357409477233887,-0.12104576081037521,180,436
 , , , , , , , 
0,0,0.8125464916229248,1.826725959777832,-0.05743100121617317,-0.7262745499610901,276,388
0,1,0.7738537788391113,1.7343500852584839,-0.1473548859357834,-0.6052287817001343,324,347
0,2,0.9821990132331848,1.8463599681854248,0.12947800755500793,-0.6052287817001343,168,466
 , , , , , , , 
0,0,0.881994903087616,0.6387935876846313,3.8821210861206055,0.8473203182220459,139,401
0,1,2.0626180171966553,5.620296955108643,-0.40248119831085205,-0.9683660864830017,147,393
0,2,0.6875393390655518,1.8769052028656006,0.07052800059318542,-0.6052287817001343,285,410
0,3,0.7143265604972839,1.7218071222305298,-0.39198318123817444,-0.48418304324150085,318,348
0,4,1.1111747026443481,0.9365302920341492,-2.0830092430114746,-0.24209152162075043,183,422
 , , , , , , , 
0,0,0.7609562277793884,1.6971189975738525,-0.22208723425865173,-0.6052287817001343,393,353
0,1,1.3264647722244263,5.854250907897949,0.8592890501022339,-0.12104576081037521,126,436
0,2,0.19147920608520508,3.545549154281616,4.9936604499816895,-0.12104576081037521,135,427
 , , , , , , , 
0,0,0.6786102056503296,1.6766116619110107,0.05667659267783165,-0.48418304324150085,340,342
0,1,0.6151145696640015,1.863953948020935,0.14756888151168823,-0.48418304324150085,236,457
0,2,1.254040002822876,0.6527989506721497,-2.0716423988342285,-0.24209152162075043,176,432
0,3,0.1904870867729187,3.88903546333313,4.689914226531982,-0.12104576081037521,135,448
0,4,1.714383840560913,5.845935344696045,0.20519039034843445,-0.12104576081037521,135,448
 , , , , , , , 
0,0,0.86314457654953,1.5460907220840454,-0.5052201747894287,-0.8473203182220459,291,343
0,1,0.6667047739028931,1.6430562734603882,-0.12933075428009033,-0.48418304324150085,380,341
0,2,0.8750500679016113,1.7979873418807983,0.04457083344459534,-0.48418304324150085,197,469
0,3,1.0318050384521484,0.9002144932746887,-2.1390926837921143,-0.12104576081037521,166,429
0,4,0.18850284814834595,3.7947347164154053,4.685144424438477,-0.12104576081037521,139,452
0,5,1.5080227851867676,5.768112659454346,0.9169904589653015,-0.12104576081037521,139,452
 , , , , , , , 
0,0,0.6667047739028931,1.6355072259902954,-0.20365731418132782,-0.48418304324150085,401,355
0,1,0.41669049859046936,1.842741847038269,0.24332036077976227,-0.48418304324150085,210,465
0,2,0.18751072883605957,3.1141464710235596,5.1255292892456055,-0.12104576081037521,144,437
0,3,1.5000858306884766,5.703074932098389,1.108510136604309,-0.12104576081037521,144,437
 , , , , , , , 
0,0,1.011962652206421,3.076096534729004,0.0047455099411308765,-0.6052287817001343,135,452
0,1,0.6220594048500061,1.6977150440216064,-0.07454249262809753,-0.48418304324150085,392,354
0,2,2.2025070190429688,1.9124773740768433,5.097809314727783,-0.24209152162075043,125,472
 , , , , , , , 
0,0,0.5357449650764465,1.6050524711608887,-0.2754923701286316,-0.48418304324150085,374,357
0,1,1.4822275638580322,5.056556224822998,0.09297602623701096,-0.48418304324150085,142,426
0,2,1.0695056915283203,0.4548627436161041,-2.150639533996582,-0.24209152162075043,204,485
0,3,1.0447026491165161,0.19534911215305328,-2.3416738510131836,-0.24209152162075043,128,497
0,4,0.568484902381897,5.860564708709717,1.4493968486785889,-0.24209152162075043,126,444
0,5,3.221414566040039,0.8772901892662048,5.061915874481201,-0.24209152162075043,126,444
0,6,1.1250643730163574,5.870665550231934,0.5231031775474548,-0.12104576081037521,116,459
 , , , , , , , 
0,0,0.6309884786605835,1.5587961673736572,-0.05719739943742752,-0.6052287817001343,363,358
0,1,1.4732985496520996,5.0254669189453125,-0.12186373025178909,-0.6052287817001343,135,423
0,2,0.4028007984161377,1.795564889907837,-0.0660344734787941,-0.36313727498054504,157,476
0,3,1.0417262315750122,0.7632303237915039,-2.00046706199646,-0.24209152162075043,201,435
0,4,1.0833953619003296,1.0662908554077148,-1.954865574836731,-0.24209152162075043,162,478
0,5,0.18850284814834595,4.984235763549805,3.3923418521881104,-0.24209152162075043,114,468
 , , , , , , , 
0,0,1.1072062253952026,2.733747959136963,-0.1351582258939743,-0.7262745499610901,115,462
0,1,0.5952721238136292,1.4611467123031616,-0.17468814551830292,-0.6052287817001343,391,337
0,2,0.4732413589954376,1.5983167886734009,-0.2295423299074173,-0.48418304324150085,326,368
0,3,0.4524068236351013,1.7521607875823975,-0.0034234754275530577,-0.48418304324150085,139,517
0,4,1.1310170888900757,0.98802250623703,-1.8884893655776978,-0.24209152162075043,231,453
0,5,1.4921488761901855,5.765166759490967,0.40059608221054077,-0.24209152162075043,114,472
0,6,0.0,2.8019533157348633,5.2700276374816895,-0.24209152162075043,114,472
0,7,-0.1904870867729187,1.6273704767227173,-5.871248245239258,-0.24209152162075043,119,443
0,8,1.904870867729187,5.769260883331299,0.4932307004928589,-0.24209152162075043,119,443
 , , , , , , , 
0,0,1.036765694618225,2.8282668590545654,-0.150178924202919,-0.8473203182220459,134,434
0,1,0.6071776151657104,1.5009326934814453,-0.012303728610277176,-0.7262745499610901,376,367
0,2,0.39585596323013306,1.759555697441101,-0.14836661517620087,-0.48418304324150085,128,487
0,3,1.4842119216918945,5.7440924644470215,0.2206290364265442,-0.36313727498054504,136,443
 , , , , , , , 
0,0,0.7361531853675842,1.5115737915039062,0.06698250770568848,-0.8473203182220459,239,431
0,1,0.5833666920661926,1.4420713186264038,0.011974113062024117,-0.7262745499610901,404,345
0,2,0.3889111280441284,1.7321410179138184,-0.09639108926057816,-0.48418304324150085,153,474
0,3,1.1012533903121948,0.3202298581600189,-2.050389051437378,-0.36313727498054504,260,471
0,4,0.0,2.205036163330078,5.477957725524902,-0.24209152162075043,126,468
0,5,1.4762749671936035,5.6494832038879395,0.8798638582229614,-0.24209152162075043,126,468
 , , , , , , , 
0,0,0.7589719891548157,1.4275538921356201,0.0875576063990593,-0.8473203182220459,268,449
0,1,0.5595558285713196,1.375281810760498,-0.14834283292293549,-0.7262745499610901,386,344
0,2,0.4365329146385193,1.690482497215271,-0.02614567056298256,-0.6052287817001343,125,515
0,3,0.29366758465766907,2.091953992843628,-1.0280512571334839,-0.6052287817001343,114,496
0,4,1.1587964296340942,0.9152535796165466,-1.7862638235092163,-0.36313727498054504,180,453
 , , , , , , , 
0,0,2.830519199371338,9.61728572845459,0.8839870095252991,-0.7262745499610901,115,368
0,1,0.5129261612892151,1.3891887664794922,-0.1832205355167389,-0.6052287817001343,384,351
0,2,0.3819662928581238,1.6930441856384277,-0.19151639938354492,-0.6052287817001343,150,497
0,3,0.611146092414856,2.725249767303467,0.06994597613811493,-0.6052287817001343,146,477
0,4,0.9673172235488892,0.870734453201294,1.9939160346984863,-0.36313727498054504,121,490
 , , , , , , , 
0,0,0.7143265604972839,1.3460321426391602,0.014000382274389267,-0.7262745499610901,322,433
0,1,1.1091904640197754,2.4946658611297607,0.030959047377109528,-0.7262745499610901,132,470
0,2,-1.5328258275985718,2.8880250453948975,-0.05330885574221611,-0.7262745499610901,123,449
0,3,0.5357449054718018,1.2936341762542725,-0.2837916910648346,-0.6052287817001343,383,348
 , , , , , , , 
0,0,0.7460744380950928,1.2918623685836792,0.031194236129522324,-0.7262745499610901,329,396
0,1,0.4910995066165924,1.3224079608917236,-0.22607095539569855,-0.6052287817001343,355,367
0,2,0.3611317574977875,1.5807799100875854,-0.3100810647010803,-0.48418304324150085,120,470
 , , , , , , , 
0,0,0.4910995066165924,1.3330025672912598,-0.15157575905323029,-0.48418304324150085,341,382
0,1,0.4732413589954376,1.524044394493103,0.5334743857383728,-0.36313727498054504,116,484
0,2,0.47919410467147827,1.7773091793060303,-1.1875520944595337,-0.36313727498054504,124,480
0,3,1.0566080808639526,0.9447761178016663,-1.7526925802230835,-0.24209152162075043,129,469
 , , , , , , , 
0,0,0.4067692756652832,1.2310442924499512,0.11572359502315521,0.0,336,318
0,1,0.9028294086456299,2.73058819770813,0.27462637424468994,-0.6052287817001343,117,454
0,2,0.4018086791038513,1.3144415616989136,0.3896705210208893,-0.36313727498054504,195,465
0,3,0.4067692756652832,1.2324529886245728,-0.09960725903511047,-0.24209152162075043,398,361
 , , , , , , , 
0,0,0.39684808254241943,1.197160243988037,0.14832523465156555,0.0,336,325
0,1,1.3195199966430664,1.1653069257736206,1.3563789129257202,-0.48418304324150085,137,472
0,2,2.142979621887207,5.293542385101318,-0.20698313415050507,-0.48418304324150085,130,441
0,3,0.39684808254241943,1.2036590576171875,-0.07998663187026978,-0.36313727498054504,420,350
0,4,0.48018619418144226,1.288156270980835,0.24782833456993103,-0.36313727498054504,241,454
0,5,-0.5833666920661926,5.341019630432129,7.632448196411133,-0.24209152162075043,122,403
0,6,1.2629690170288086,1.499949336051941,-0.8244026899337769,-0.12104576081037521,127,488
0,7,1.2143551111221313,1.0186347961425781,-1.4657329320907593,-0.12104576081037521,132,483
 , , , , , , , 
0,0,0.35716328024864197,1.2141636610031128,0.10451054573059082,0.0,354,326
0,1,3.0785491466522217,1.4009649753570557,-0.3155549168586731,0.12104576081037521,142,393
0,2,2.071547031402588,5.095064163208008,-0.5147576928138733,-0.48418304324150085,113,429
0,3,2.1310741901397705,5.267461776733398,-0.08556846529245377,-0.48418304324150085,164,413
0,4,0.4365329146385193,1.1848472356796265,-0.1351202130317688,-0.36313727498054504,436,363
0,5,0.3928796052932739,1.320827841758728,0.22891868650913239,-0.24209152162075043,161,514
0,6,-0.2916833460330963,5.62770414352417,7.440762042999268,-0.24209152162075043,135,404
 , , , , , , , 
0,0,0.33732086420059204,2.123431921005249,0.19468042254447937,-0.48418304324150085,183,443
0,1,1.8880048990249634,5.157298564910889,-0.06261947751045227,-0.48418304324150085,139,419
0,2,0.38692688941955566,1.174822211265564,-0.0559973306953907,-0.24209152162075043,436,358
0,3,0.19346344470977783,0.6657947301864624,1.943650245666504,-0.24209152162075043,119,470
0,4,-0.5813824534416199,4.804495334625244,7.9440693855285645,-0.24209152162075043,159,382
 , , , , , , , 
0,0,1.1468908786773682,0.3700244128704071,-1.7911927700042725,0.12104576081037521,179,468
0,1,-0.07440901547670364,2.3624846935272217,0.28759750723838806,0.24209152162075043,134,450
0,2,0.42264324426651,2.196720838546753,-0.27702751755714417,-0.6052287817001343,180,418
0,3,-0.6984526515007019,0.9412177801132202,1.6597400903701782,-0.36313727498054504,133,473
0,4,0.23017188906669617,3.6752731800079346,0.045135270804166794,-0.36313727498054504,115,469
0,5,0.3770056962966919,1.1420787572860718,-0.09469860047101974,-0.24209152162075043,397,389
0,6,0.35716328024864197,1.372801661491394,0.16999934613704681,-0.12104576081037521,187,417
0,7,-2.0001144409179688,1.4311169385910034,-4.732773303985596,-0.12104576081037521,120,445
0,8,1.4832197427749634,7.667781352996826,5.395809650421143,-0.12104576081037521,113,396
0,9,-2.076507568359375,4.109340667724609,-8.301265716552734,-0.12104576081037521,113,396
 , , , , , , , 
0,0,0.6696811318397522,1.115511178970337,1.9941775798797607,0.24209152162075043,138,458
0,1,3.1370842456817627,0.8031380772590637,-0.0115234749391675,0.48418304324150085,163,392
0,2,-1.5060384273529053,1.4527536630630493,0.10899517685174942,-0.48418304324150085,147,456
0,3,0.29366758465766907,1.1346505880355835,-0.07859988510608673,-0.12104576081037521,398,363
0,4,0.35716328024864197,1.3651829957962036,0.22306859493255615,-0.12104576081037521,144,423
 , , , , , , , 
0,0,0.7500429153442383,1.036605954170227,1.1410502195358276,0.12104576081037521,170,470
0,1,0.6309884786605835,4.876812934875488,1.1401413679122925,0.12104576081037521,116,415
0,2,2.3662068843841553,3.524750232696533,-2.731039047241211,0.12104576081037521,116,415
0,3,3.0358879566192627,1.1264007091522217,0.03265531361103058,0.48418304324150085,161,402
0,4,0.7589719891548157,2.5755507946014404,0.2697495222091675,-0.7262745499610901,163,418
0,5,-1.6369984149932861,1.2878937721252441,-0.22823408246040344,-0.36313727498054504,132,476
0,6,0.4583595395088196,2.015902042388916,-0.3414238691329956,-0.36313727498054504,132,476
0,7,0.30358877778053284,1.0153506994247437,-0.20508264005184174,-0.24209152162075043,319,341
0,8,0.29366758465766907,1.1317061185836792,-0.11336210370063782,-0.12104576081037521,384,364
0,9,0.305573046207428,1.3503950834274292,0.18547940254211426,-0.12104576081037521,132,453
 , , , , , , , 
0,0,0.18850284814834595,1.1651004552841187,-0.2499053031206131,0.12104576081037521,283,372
0,1,0.16667619347572327,1.3191094398498535,0.10074841976165771,0.12104576081037521,145,489
0,2,0.9028294682502747,0.7650957703590393,-1.8810540437698364,0.12104576081037521,150,476
0,3,3.167840003967285,0.8052127361297607,0.09750667214393616,0.48418304324150085,155,402
0,4,0.26985669136047363,1.0315810441970825,-0.16786903142929077,-0.12104576081037521,279,333
0,5,0.29366758465766907,1.1249150037765503,-0.16785742342472076,-0.12104576081037521,343,359
0,6,0.833380937576294,0.9696699976921082,5.178118705749512,-0.12104576081037521,132,470
 , , , , , , , 
0,0,0.64289391040802,0.7790049314498901,1.3852618932724,0.12104576081037521,145,473
0,1,0.821475625038147,1.114901065826416,-1.6973239183425903,0.12104576081037521,146,490
0,2,0.15080228447914124,1.1849606037139893,-0.16903239488601685,0.24209152162075043,226,364
0,3,0.21429798007011414,1.0808136463165283,-0.303628534078598,-0.12104576081037521,369,349
0,4,1.0000572204589844,2.098189353942871,4.800539970397949,-0.12104576081037521,134,442
 , , , , , , , 
0,0,0.11607807129621506,1.221557855606079,0.16546164453029633,0.12104576081037521,181,449
0,1,0.14286531507968903,1.099918246269226,-0.27575549483299255,0.24209152162075043,340,356
0,2,0.08730658143758774,1.3438092470169067,0.3713471293449402,0.24209152162075043,131,501
0,3,0.07143265753984451,2.2738330364227295,-0.22286424040794373,0.24209152162075043,144,482
0,4,0.20239251852035522,1.0530989170074463,-0.12321555614471436,-0.12104576081037521,342,334
 , , , , , , , 
0,0,2.6291184425354004,3.460097074508667,-7.20396089553833,0.12104576081037521,137,386
0,1,0.10714899003505707,1.1057049036026,-0.26871457695961,0.24209152162075043,338,340
0,2,0.04365329071879387,1.3607028722763062,0.31293219327926636,0.24209152162075043,150,472
0,3,0.14484955370426178,2.2943246364593506,-0.29381853342056274,0.24209152162075043,139,482
0,4,0.7292083501815796,4.443690299987793,-1.2256182432174683,0.6052287817001343,210,354
0,5,0.16866043210029602,1.0618144273757935,-0.0962596908211708,-0.12104576081037521,322,333
0,6,0.14981015026569366,4.756405353546143,-0.5795511603355408,-0.12104576081037521,163,456
 , , , , , , , 
0,0,0.13492834568023682,1.0703405141830444,-0.036435920745134354,0.12104576081037521,357,332
0,1,0.044645410031080246,1.391530990600586,0.320465624332428,0.24209152162075043,115,491
0,2,0.07242477685213089,2.3042855262756348,-0.23719099164009094,0.24209152162075043,157,468
0,3,0.07341689616441727,1.1054013967514038,-0.39057421684265137,0.36313727498054504,247,367
0,4,0.03968480974435806,1.2553640604019165,0.18752996623516083,0.36313727498054504,154,442
0,5,0.34029722213745117,1.5170031785964966,-0.054119572043418884,-0.24209152162075043,153,487
0,6,-0.07738538086414337,2.4749157428741455,0.032010212540626526,-0.24209152162075043,112,476
 , , , , , , , 
0,0,0.1101253479719162,1.1499449014663696,-0.2129543274641037,0.12104576081037521,337,399
0,1,0.14484955370426178,2.299248218536377,-0.2524145543575287,0.24209152162075043,125,513
0,2,0.0,1.3945800065994263,0.31015506386756897,0.36313727498054504,128,437
0,3,3.3216187953948975,0.8503564596176147,0.013786832801997662,0.36313727498054504,131,455
0,4,0.34029722213745117,1.5155680179595947,-0.0853305533528328,-0.24209152162075043,197,466
 , , , , , , , 
0,0,0.17461316287517548,1.3848768472671509,-0.054503511637449265,0.12104576081037521,202,421
0,1,0.038692690432071686,1.1884020566940308,-0.3453384339809418,0.36313727498054504,381,349
0,2,0.07540114223957062,2.4107322692871094,-0.06682068854570389,0.36313727498054504,183,499
0,3,-5.074695110321045,1.2646337747573853,-0.29824337363243103,0.6052287817001343,124,404
0,4,-0.16667619347572327,1.3042447566986084,-0.22168803215026855,0.8473203182220459,299,336
0,5,0.3264075517654419,1.4462894201278687,-0.16796840727329254,-0.12104576081037521,199,442
0,6,-0.24604582786560059,1.9412823915481567,-0.2129589319229126,-0.12104576081037521,139,442
 , , , , , , , 
0,0,0.2797779142856598,1.463379979133606,-0.08216884732246399,0.12104576081037521,226,441
0,1,1.8552649021148682,1.655492901802063,2.452190399169922,0.12104576081037521,136,459
0,2,0.0,1.292184829711914,0.15678595006465912,0.48418304324150085,339,362
0,3,0.076393261551857,2.4409728050231934,0.10866618901491165,0.48418304324150085,200,512
0,4,-2.3681910037994385,0.6042155027389526,-0.05086744949221611,0.48418304324150085,200,512
0,5,-0.17461316287517548,1.34923255443573,-0.31690070033073425,0.7262745499610901,293,347
0,6,2.3681910037994385,0.5966519117355347,-0.10802921652793884,0.7262745499610901,247,421
0,7,-0.152786523103714,2.43980073928833,-0.004599703010171652,0.7262745499610901,247,421
0,8,0.3730372190475464,1.4365520477294922,-0.15384963154792786,-0.12104576081037521,211,411
0,9,-0.24604582786560059,1.9464654922485352,-0.15874667465686798,-0.12104576081037521,214,388
 , , , , , , , 
0,0,0.3264075517654419,1.4535950422286987,-0.08383256942033768,0.12104576081037521,214,456
0,1,0.0,1.3013883829116821,-0.026674142107367516,0.48418304324150085,412,362
0,2,-0.12897562980651855,2.049891233444214,-0.19949424266815186,0.48418304324150085,134,466
0,3,0.0,2.444547653198242,-0.013395620509982109,0.48418304324150085,202,499
0,4,2.398946762084961,0.6096307635307312,-0.07500546425580978,0.7262745499610901,249,427
0,5,0.2827542722225189,3.002568244934082,0.03412792831659317,0.8473203182220459,135,469
 , , , , , , , 
0,0,0.3264075517654419,1.4486567974090576,-0.1461508572101593,0.12104576081037521,277,413
0,1,0.13393622636795044,1.4024114608764648,-0.23738756775856018,0.36313727498054504,252,424
0,2,0.0,2.472139358520508,-0.14404179155826569,0.48418304324150085,184,506
0,3,-0.04166904836893082,1.3288335800170898,-0.10220561176538467,0.6052287817001343,405,363
0,4,-0.2500143051147461,1.9329687356948853,-0.44897928833961487,0.6052287817001343,133,446
0,5,2.351325035095215,0.8705151081085205,-0.06276442855596542,0.7262745499610901,250,422
 , , , , , , , 
0,0,0.1944555640220642,1.5417146682739258,-0.07302568852901459,0.48418304324150085,217,483
0,1,-0.3174784779548645,1.8680543899536133,-0.7335153222084045,0.48418304324150085,130,495
0,2,2.4108521938323975,0.8835582733154297,-0.14183780550956726,0.6052287817001343,180,491
0,3,-0.1309598684310913,1.3853625059127808,0.12233038246631622,0.7262745499610901,385,351
 , , , , , , , 
0,0,1.9346344470977783,0.7157579660415649,0.058023881167173386,0.36313727498054504,115,513
0,1,0.1944555640220642,1.5399459600448608,-0.10384324193000793,0.48418304324150085,248,471
0,2,2.440615653991699,0.9054548740386963,-0.028978029265999794,0.6052287817001343,204,484
0,3,-0.18255013227462769,1.448830008506775,-0.018390938639640808,0.7262745499610901,335,383
 , , , , , , , 
0,0,0.0,0.5323358774185181,-1.8289755582809448,0.12104576081037521,122,431
0,1,0.36212387681007385,2.280411720275879,-0.19956271350383759,0.24209152162075043,115,515
0,2,-2.0278937816619873,1.118833303451538,-0.08423513174057007,0.24209152162075043,115,515
0,3,1.9643980264663696,0.727085292339325,-0.05488450452685356,0.36313727498054504,147,505
0,4,0.0466296523809433,1.4823755025863647,-0.1640031933784485,0.48418304324150085,342,380
0,5,0.1517944037914276,1.6063625812530518,-0.13480739295482635,0.48418304324150085,181,501
0,6,0.04365329071879387,1.3260115385055542,-0.4371865689754486,0.6052287817001343,276,349
0,7,2.47037935256958,0.9136540293693542,-0.07786435633897781,0.6052287817001343,218,490
 , , , , , , , 
0,0,-2.0278937816619873,1.1093024015426636,-0.168319970369339,0.12104576081037521,124,500
0,1,0.28969910740852356,2.2820372581481934,-0.2821645438671112,0.12104576081037521,124,500
0,2,0.1517944037914276,1.6117812395095825,-0.02711152844130993,0.36313727498054504,303,435
0,3,-0.09524354338645935,1.5208954811096191,0.008149854838848114,0.6052287817001343,378,369
0,4,2.416804790496826,1.120683193206787,-0.12267082929611206,0.6052287817001343,225,464
0,5,0.10218838602304459,3.2678120136260986,-0.06361938267946243,0.8473203182220459,139,438
 , , , , , , , 
0,0,0.15477076172828674,1.6435993909835815,0.007635986898094416,0.24209152162075043,315,385
0,1,-0.04861389100551605,1.5547668933868408,-0.019140273332595825,0.48418304324150085,334,395
0,2,2.4455764293670654,1.1323564052581787,-0.1385270208120346,0.6052287817001343,206,457
0,3,-0.1904870867729187,1.5109913349151611,0.05367357283830643,0.7262745499610901,376,349
 , , , , , , , 
0,0,0.5833666920661926,6.139536380767822,-0.8284044861793518,0.24209152162075043,122,420
0,1,-1.8512964248657227,9.675153732299805,-0.6720825433731079,0.36313727498054504,126,365
0,2,-0.10318050533533096,1.6443696022033691,-0.10408606380224228,0.48418304324150085,386,375
 , , , , , , , 
0,0,0.05159025266766548,1.6492023468017578,-0.05386711284518242,0.36313727498054504,369,357
0,1,0.05258237197995186,1.681272029876709,-0.042696513235569,0.36313727498054504,350,376
0,2,-0.15774711966514587,1.67418372631073,-0.05906020849943161,0.6052287817001343,330,375
 , , , , , , , 
0,0,0.0,1.621760606765747,-0.4485042095184326,0.0,323,321
0,1,0.05159025266766548,1.6450930833816528,-0.1282140016555786,0.36313727498054504,354,355
0,2,-1.8632018566131592,9.760671615600586,-0.057169631123542786,0.48418304324150085,127,368
0,3,-0.21032948791980743,1.6693925857543945,0.012379792518913746,0.6052287817001343,365,365
0,4,-0.27779367566108704,1.755692481994629,0.035072967410087585,0.7262745499610901,306,412
0,5,0.12103866785764694,1.6609554290771484,-0.988467812538147,0.7262745499610901,125,451
0,6,0.36311599612236023,1.6412365436553955,0.9617593288421631,-0.9683660864830017,199,378
0,7,-0.36311599612236023,1.66302490234375,-0.9235728979110718,-0.9683660864830017,199,378
 , , , , , , , 
0,0,-0.10714899003505707,1.7110271453857422,0.004134500399231911,0.48418304324150085,391,372
0,1,3.7799782752990723,1.4026873111724854,0.03268894553184509,0.48418304324150085,124,460
0,2,-0.2827542722225189,1.7872588634490967,-0.022505251690745354,0.6052287817001343,209,497
0,3,-0.9524354338645935,2.8290462493896484,-0.6151488423347473,-0.9683660864830017,170,399
0,4,0.1904870867729187,2.0771703720092773,2.2221884727478027,-0.9683660864830017,170,399
 , , , , , , , 
0,0,-0.11111746728420258,1.547346591949463,-0.8684625625610352,0.24209152162075043,269,337
0,1,3.809741735458374,1.4120814800262451,-0.07582986354827881,0.48418304324150085,150,458
0,2,-0.16369983553886414,1.7238585948944092,0.2246990203857422,0.6052287817001343,365,377
0,3,-0.2926754653453827,1.8384802341461182,-0.20717477798461914,0.6052287817001343,113,547
0,4,-1.8691545724868774,9.791990280151367,0.02529536373913288,0.6052287817001343,133,367
0,5,-1.0020414590835571,2.9743189811706543,-0.6566517949104309,-0.9683660864830017,130,437
0,6,0.20040829479694366,2.084684371948242,2.4281227588653564,-0.9683660864830017,130,437
0,7,-1.830461859703064,6.244969844818115,-0.08857224881649017,-0.8473203182220459,159,391
0,8,0.6101539731025696,1.8252431154251099,6.217257022857666,-0.8473203182220459,159,391
 , , , , , , , 
0,0,4.821704387664795,1.789610743522644,-0.021591944620013237,0.24209152162075043,131,431
0,1,-0.10913322865962982,1.7402924299240112,-0.0919133722782135,0.6052287817001343,446,341
0,2,-1.0218838453292847,3.0291831493377686,-0.6876683831214905,-0.8473203182220459,116,430
0,3,0.20437677204608917,1.9701534509658813,2.601886034011841,-0.8473203182220459,116,430
0,4,-1.2599927186965942,3.829113721847534,0.08451644331216812,-0.6052287817001343,148,395
0,5,0.25199854373931885,1.0284408330917358,3.8904552459716797,-0.6052287817001343,148,395
 , , , , , , , 
0,0,2.7680156230926514,0.9426398277282715,0.4087429642677307,0.24209152162075043,116,480
0,1,-0.2976360619068146,1.8724061250686646,0.1845027059316635,0.6052287817001343,225,456
0,2,0.11310170590877533,1.7614177465438843,-0.39920705556869507,0.7262745499610901,347,363
0,3,-2.2322704792022705,0.8127797245979309,-0.16105982661247253,0.7262745499610901,138,514
0,4,-2.1945700645446777,9.771560668945312,0.5898430943489075,0.7262745499610901,117,368
0,5,1.5675499439239502,3.6274027824401855,9.22128963470459,0.7262745499610901,117,368
0,6,-0.9286245703697205,3.0675718784332275,-0.7933375835418701,-0.7262745499610901,154,395
0,7,0.3095415234565735,2.2919564247131348,2.356447696685791,-0.7262745499610901,154,395
 , , , , , , , 
0,0,-2.6509451866149902,2.1626195907592773,4.050383567810059,0.12104576081037521,140,397
0,1,2.704519748687744,1.2442196607589722,-0.20862387120723724,0.24209152162075043,114,483
0,2,-0.2797779142856598,2.9695467948913574,0.09772485494613647,0.24209152162075043,114,483
0,3,-0.08829870074987411,2.8152718544006348,-0.22411760687828064,0.36313727498054504,118,489
0,4,-0.24604582786560059,1.9465572834014893,-0.15761755406856537,0.6052287817001343,189,501
0,5,0.0,1.8094216585159302,-0.0272781141102314,0.7262745499610901,431,342
0,6,-0.6032091379165649,1.0185267925262451,2.102503776550293,0.7262745499610901,134,529
0,7,-2.111232042312622,1.1365008354187012,-0.26989883184432983,0.7262745499610901,134,529
0,8,-1.5606051683425903,4.260317802429199,-0.15900571644306183,-0.8473203182220459,147,398
0,9,0.14187319576740265,1.7618118524551392,4.181742191314697,-0.8473203182220459,147,398
 , , , , , , , 
0,0,0.056550852954387665,1.7800195217132568,-0.32106608152389526,0.7262745499610901,378,347
0,1,-0.24604582786560059,1.9529262781143188,-0.002753946930170059,0.7262745499610901,210,502
 , , , , , , , 
0,0,0.9921202063560486,6.2505011558532715,-0.5137720704078674,0.24209152162075043,121,406
0,1,-0.45835956931114197,2.387369155883789,-0.2576179802417755,0.48418304324150085,113,457
0,2,-1.2986854314804077,0.16206082701683044,2.0647385120391846,0.48418304324150085,113,457
0,3,0.059527214616537094,1.9014610052108765,-0.09713736176490784,0.7262745499610901,429,366
0,4,4.090511798858643,1.0354622602462769,0.1572587639093399,0.7262745499610901,129,464
0,5,-0.13195198774337769,4.17255973815918,0.6336657404899597,0.7262745499610901,129,464
0,6,-2.4297025203704834,0.5452492833137512,-0.29952341318130493,0.8473203182220459,143,485
 , , , , , , , 
0,0,1.1905442476272583,6.2097978591918945,-0.5814144611358643,0.24209152162075043,130,406
0,1,-1.1905442476272583,1.4420888423919678,6.0679497718811035,0.24209152162075043,130,406
0,2,-0.13294410705566406,4.251983165740967,0.035813406109809875,0.6052287817001343,122,457
0,3,0.12103866785764694,1.9328324794769287,-0.0004860646731685847,0.7262745499610901,389,360
0,4,-0.9583881497383118,10.144590377807617,-0.8213175535202026,0.7262745499610901,113,381
 , , , , , , , 
0,0,-0.19346344470977783,2.051509380340576,-0.11121178418397903,0.6052287817001343,331,432
0,1,0.12500715255737305,1.9956371784210205,0.047570910304784775,0.7262745499610901,407,358
 , , , , , , , 
0,0,-2.7084882259368896,1.0013424158096313,-0.08965405821800232,0.36313727498054504,119,490
0,1,0.06250357627868652,1.9933950901031494,-0.1514165848493576,0.6052287817001343,420,361
0,2,-0.81254643201828,2.762850284576416,-0.23034518957138062,-0.9683660864830017,189,408
0,3,0.27084881067276,1.2627522945404053,2.5843238830566406,-0.9683660864830017,189,408
 , , , , , , , 
0,0,0.1994161605834961,2.1169159412384033,-0.05898080766201019,0.6052287817001343,418,360
0,1,0.3254154324531555,10.351245880126953,1.0874263048171997,0.6052287817001343,121,370
0,2,-1.3929368257522583,7.289284706115723,0.3406495749950409,-0.7262745499610901,135,374
 , , , , , , , 
0,0,0.211321622133255,2.0101704597473145,-0.9977535605430603,0.12104576081037521,279,355
0,1,0.0,2.1266672611236572,-0.04318937286734581,0.6052287817001343,358,348
0,2,0.0,2.2149722576141357,-0.18092793226242065,0.6052287817001343,340,398
0,3,0.0,4.995847225189209,-0.450966477394104,0.8473203182220459,137,377
0,4,2.5070877075195312,3.2755250930786133,-0.902577817440033,-0.7262745499610901,160,386
0,5,-0.5347528457641602,2.183985948562622,-0.9592898488044739,-0.6052287817001343,239,343
0,6,0.3819662928581238,1.9383984804153442,1.4396893978118896,-0.6052287817001343,239,343
 , , , , , , , 
0,0,0.0,2.247514009475708,-0.172146275639534,0.6052287817001343,347,402
0,1,0.0,5.047725677490234,-0.04286494478583336,0.7262745499610901,117,408
0,2,2.44160795211792,2.085130214691162,-1.109290361404419,-0.9683660864830017,174,395
 , , , , , , , 
0,0,0.27779367566108704,2.200254440307617,-0.14334748685359955,0.7262745499610901,388,346
0,1,-0.14286531507968903,2.2807509899139404,-0.053404275327920914,0.7262745499610901,325,395
0,2,0.0,5.078084468841553,-0.1263294816017151,0.8473203182220459,140,384
 , , , , , , , 
0,0,0.20536890625953674,2.1196646690368652,-0.5134006142616272,0.7262745499610901,294,350
0,1,-0.07242477685213089,2.309267520904541,-0.1824161410331726,0.7262745499610901,335,412
0,2,-2.619197368621826,0.9568045139312744,-0.17235976457595825,0.7262745499610901,126,516
 , , , , , , , 
0,0,0.14484955370426178,2.308560609817505,-0.14423246681690216,0.7262745499610901,391,362
0,1,-0.7292083501815796,3.2494802474975586,-0.14668358862400055,-0.6052287817001343,215,362
0,2,0.5208631157875061,1.4431971311569214,2.9594366550445557,-0.6052287817001343,215,362
0,3,0.6547993421554565,0.2573496997356415,4.131235599517822,-0.48418304324150085,129,370
0,4,-0.9167190790176392,4.083896636962891,-0.2085968255996704,-0.48418304324150085,129,370
0,5,-1.2153472900390625,7.657212257385254,-0.625124454498291,-0.36313727498054504,123,358
0,6,1.7014862298965454,2.7075231075286865,7.090487480163574,-0.36313727498054504,123,358
 , , , , , , , 
0,0,0.2202506959438324,2.3313398361206055,-0.18906544148921967,0.8473203182220459,403,363
0,1,0.5893194079399109,2.3169143199920654,2.040414333343506,-0.9683660864830017,147,450
0,2,-0.4910995066165924,2.9796366691589355,-0.8713590502738953,-0.9683660864830017,147,450
 , , , , , , , 
0,0,-0.44645410776138306,2.3356571197509766,-0.12233728915452957,-0.9683660864830017,429,350
0,1,0.44645410776138306,0.6820724606513977,2.237194299697876,-0.9683660864830017,429,350
 , , , , , , , 
0,0,-0.45835956931114197,2.3970718383789062,-0.14122949540615082,-0.9683660864830017,414,360
0,1,0.45835956931114197,0.7304233908653259,2.2874398231506348,-0.9683660864830017,414,360
0,2,-0.7778222560882568,3.458266496658325,-0.28072792291641235,-0.36313727498054504,157,390
0,3,0.5555873513221741,1.6393948793411255,3.105982780456543,-0.36313727498054504,157,390
 , , , , , , , 
0,0,2.57157564163208,5.607385635375977,8.231175422668457,0.12104576081037521,123,372
0,1,0.0,4.653052806854248,-0.35967469215393066,0.6052287817001343,141,435
0,2,4.521091938018799,1.0953545570373535,-0.37442582845687866,0.6052287817001343,141,435
0,3,-0.46431228518486023,2.4319920539855957,-0.04527831822633743,-0.9683660864830017,373,358
0,4,-1.0089863538742065,6.973067760467529,8.13573169708252,-0.9683660864830017,122,370
0,5,2.620189666748047,3.3642048835754395,-1.1361631155014038,-0.6052287817001343,144,390
0,6,-0.8056015968322754,3.592397689819336,-0.09129351377487183,-0.36313727498054504,174,395
0,7,0.5754297375679016,1.1934057474136353,3.4361770153045654,-0.36313727498054504,174,395
 , , , , , , , 
0,0,-1.0318050384521484,4.998447418212891,6.487425327301025,0.48418304324150085,116,384
0,1,0.15873923897743225,2.53177547454834,-0.12506067752838135,0.8473203182220459,407,367
0,2,-0.8194913268089294,3.6402440071105957,-0.3337916433811188,-0.48418304324150085,184,395
0,3,0.5853509306907654,1.6162999868392944,3.3285579681396484,-0.48418304324150085,184,395
 , , , , , , , 
0,0,0.160723477602005,2.530571699142456,-0.42822399735450745,0.6052287817001343,313,334
0,1,0.2500143051147461,2.653977632522583,0.0762845054268837,0.7262745499610901,373,348
0,2,-0.8681052327156067,3.8719382286071777,-0.05769709497690201,-0.7262745499610901,178,389
0,3,0.6200751662254333,1.097301721572876,3.763014554977417,-0.7262745499610901,178,389
 , , , , , , , 
0,0,0.17659740149974823,2.606480598449707,-1.0765002965927124,0.12104576081037521,267,358
0,1,0.0,2.696495532989502,-0.4284060299396515,0.48418304324150085,314,348
0,2,0.17858164012432098,2.791606903076172,0.582441508769989,0.6052287817001343,130,493
0,3,-0.7559956312179565,3.955115795135498,-0.20582956075668335,-0.7262745499610901,137,391
0,4,0.7559956312179565,1.291292667388916,3.744044542312622,-0.7262745499610901,137,391
 , , , , , , , 
0,0,0.17659740149974823,2.5670289993286133,-1.167456865310669,0.12104576081037521,243,334
0,1,0.9821990132331848,2.7000350952148438,4.380168437957764,0.24209152162075043,117,432
0,2,0.16866044700145721,2.6743993759155273,-0.31844452023506165,0.6052287817001343,353,358
 , , , , , , , 
0,0,0.9821990132331848,2.7456893920898438,4.351695537567139,0.24209152162075043,123,421
0,1,1.721328616142273,7.709898471832275,7.67840051651001,0.6052287817001343,116,373
0,2,-2.065594434738159,10.128829002380371,-3.8083441257476807,0.6052287817001343,116,373
0,3,0.2589433789253235,2.746825695037842,-0.12994933128356934,0.7262745499610901,386,350
0,4,-0.3809741735458374,2.89460825920105,-0.8747263550758362,-0.8473203182220459,264,358
0,5,0.7619483470916748,2.041995048522949,2.1304306983947754,-0.8473203182220459,264,358
0,6,-0.7857592105865479,4.109989643096924,-0.22948937118053436,-0.7262745499610901,136,386
0,7,0.7857592105865479,1.4421758651733398,3.8554909229278564,-0.7262745499610901,136,386
 , , , , , , , 
0,0,0.26489609479904175,2.812741279602051,-0.04579952731728554,0.7262745499610901,346,372
 , , , , , , , 
0,0,0.0,4.9182586669921875,-0.16172151267528534,0.48418304324150085,126,412
0,1,0.0,2.8221521377563477,-0.13869886100292206,0.6052287817001343,385,346
0,2,0.09524354338645935,2.9806644916534424,0.628977358341217,0.7262745499610901,132,507
 , , , , , , , 
0,0,0.0,4.949060440063477,-0.18890582025051117,0.6052287817001343,115,442
0,1,4.797893524169922,1.1219595670700073,-0.5003085732460022,0.6052287817001343,115,442
0,2,0.17858164012432098,2.840947389602661,-0.2476395219564438,0.7262745499610901,401,349
 , , , , , , , 
0,0,0.18850284814834595,2.987349510192871,-0.36978408694267273,0.8473203182220459,346,345
 , , , , , , , 
0,0,0.0,5.111393451690674,-0.010014472529292107,0.6052287817001343,117,435
0,1,4.951672077178955,1.2304829359054565,-0.30545246601104736,0.6052287817001343,117,435
0,2,0.19247132539749146,3.0662596225738525,-0.2111397534608841,0.8473203182220459,367,354
 , , , , , , , 
0,0,0.1944555640220642,3.0950772762298584,-0.25060462951660156,0.7262745499610901,366,354
 , , , , , , , 
0,0,-0.16171559691429138,5.162727355957031,-0.3157147765159607,0.48418304324150085,153,413
0,1,5.01318359375,1.2051477432250977,-0.4418036639690399,0.48418304324150085,153,413
0,2,0.29465970396995544,3.1148996353149414,-0.29875561594963074,0.7262745499610901,331,349
0,3,-0.40478506684303284,3.212733507156372,0.030878596007823944,-0.9683660864830017,247,373
0,4,-1.0536316633224487,5.503044605255127,-0.428564190864563,-0.8473203182220459,151,375
0,5,1.0536316633224487,2.046766996383667,5.126198768615723,-0.8473203182220459,151,375
 , , , , , , , 
0,0,0.3125178813934326,3.204451322555542,-0.8638319969177246,0.24209152162075043,185,424
0,1,0.0,3.1541690826416016,-0.3612149655818939,0.36313727498054504,283,363
0,2,0.29465970396995544,3.104358673095703,-0.39346396923065186,0.7262745499610901,313,356
0,3,0.3125178813934326,3.317434787750244,0.09665210545063019,0.7262745499610901,129,500
 , , , , , , , 
0,0,0.31549423933029175,3.1940431594848633,-1.0117340087890625,0.24209152162075043,182,439
0,1,0.0,3.1879870891571045,-0.3443686068058014,0.36313727498054504,316,349
0,2,0.2976360619068146,3.117842435836792,-0.5193548798561096,0.7262745499610901,306,352
 , , , , , , , 
0,0,0.0,3.2294111251831055,-0.23950955271720886,0.48418304324150085,302,360
0,1,0.20239253342151642,3.2215869426727295,-0.25860321521759033,0.7262745499610901,307,349
0,2,0.4246274530887604,3.360788106918335,-0.2540423572063446,0.7262745499610901,138,477
0,3,0.5357449650764465,2.477679491043091,2.3087940216064453,-0.24209152162075043,231,355
0,4,-0.7500429153442383,3.17707896232605,-1.0488346815109253,-0.24209152162075043,231,355
 , , , , , , , 
0,0,3.2233986854553223,0.20990414917469025,4.363301753997803,0.24209152162075043,117,411
0,1,0.10218838602304459,3.2553915977478027,-0.291664183139801,0.6052287817001343,357,344
0,2,0.4246274530887604,3.3612751960754395,-0.2475140392780304,0.7262745499610901,184,446
 , , , , , , , 
0,0,0.10318050533533096,3.277400493621826,-0.3869447112083435,0.6052287817001343,328,351
 , , , , , , , 
0,0,0.32144695520401,3.2771799564361572,-0.9556208252906799,0.36313727498054504,243,344
0,1,0.10318050533533096,3.2740695476531982,-0.4141830801963806,0.7262745499610901,335,349
0,2,0.5456661581993103,3.4296715259552,-0.3681093454360962,0.7262745499610901,136,509
 , , , , , , , 
0,0,-5.20863151550293,1.903517484664917,-0.33838963508605957,0.48418304324150085,128,405
0,1,0.10516474395990372,3.3524320125579834,-0.2742134928703308,0.8473203182220459,346,343
 , , , , , , , 
0,0,0.2242191731929779,3.535945415496826,-0.5630455613136292,0.7262745499610901,163,460
0,1,0.21429798007011414,3.4072229862213135,-0.31836503744125366,0.8473203182220459,305,348
 , , , , , , , 
0,0,0.0,3.7324025630950928,-0.9089628458023071,0.36313727498054504,258,351
0,1,0.0,3.489959478378296,-0.6808851361274719,0.7262745499610901,219,345
0,2,0.23414038121700287,3.7388651371002197,-0.020617345348000526,0.8473203182220459,223,434
0,3,0.6905156373977661,2.2629945278167725,2.822178840637207,-0.36313727498054504,252,340
0,4,-0.6905156373977661,3.5142982006073,-0.8576396703720093,-0.36313727498054504,252,340
 , , , , , , , 
0,0,0.49209165573120117,1.8379007577896118,-3.4464235305786133,0.24209152162075043,194,347
0,1,-1.8453437089920044,1.9491478204727173,2.879826068878174,0.24209152162075043,194,347
0,2,-3.8057734966278076,2.079251289367676,-0.3325132131576538,0.48418304324150085,131,460
0,3,0.0,3.595571756362915,-0.4133613109588623,0.7262745499610901,352,343
0,4,0.23612461984157562,3.765820264816284,-0.18994992971420288,0.7262745499610901,164,476
 , , , , , , , 
0,0,0.0,3.7818233966827393,-0.8365280032157898,0.24209152162075043,238,353
0,1,3.178753137588501,1.126270055770874,4.534552574157715,0.48418304324150085,120,402
0,2,1.059584379196167,4.606828212738037,3.0966973304748535,0.48418304324150085,120,402
0,3,0.11310170590877533,3.584637403488159,-0.4864014685153961,0.6052287817001343,266,346
0,4,0.11607807129621506,3.68833065032959,-0.4245472252368927,0.6052287817001343,280,361
 , , , , , , , 
0,0,-0.11707019060850143,3.7079734802246094,-0.5211402773857117,0.6052287817001343,311,354
0,1,-0.5317764282226562,2.1322829723358154,3.6426498889923096,0.6052287817001343,114,500
 , , , , , , , 
0,0,0.0,3.691793441772461,-1.2726236581802368,0.12104576081037521,243,356
0,1,0.24009309709072113,3.8296334743499756,-0.18249672651290894,0.6052287817001343,281,380
 , , , , , , , 
0,0,-0.12302291393280029,3.761300563812256,-1.1555743217468262,0.24209152162075043,212,358
0,1,0.0,3.8277947902679443,-0.3240817189216614,0.6052287817001343,355,350
 , , , , , , , 
0,0,0.0,3.769965648651123,-1.1336787939071655,0.24209152162075043,266,346
0,1,0.0,3.7610740661621094,-0.7818974256515503,0.6052287817001343,284,355
0,2,-0.26985669136047363,3.2398462295532227,2.841331958770752,0.6052287817001343,115,514
0,3,0.24604582786560059,3.926575183868408,-0.13905513286590576,0.7262745499610901,263,399
 , , , , , , , 
0,0,0.0,3.897526979446411,-0.2412308305501938,0.7262745499610901,368,349
 , , , , , , , 
0,0,0.0,3.9267754554748535,-0.5738258361816406,0.6052287817001343,287,366
 , , , , , , , 
0,0,-0.12401503324508667,3.955620765686035,-0.29415443539619446,0.7262745499610901,331,350
0,1,-0.6944841742515564,2.679356813430786,3.4776554107666016,0.7262745499610901,142,489
0,2,0.12103866785764694,3.8596134185791016,-0.30116787552833557,0.8473203182220459,182,346
0,3,0.12897562980651855,4.123202800750732,0.12848766148090363,0.8473203182220459,141,477
 , , , , , , , 
0,0,-2.378112316131592,0.8674343824386597,3.6919796466827393,0.7262745499610901,133,499
0,1,-0.5595558285713196,2.6349709033966064,3.5752482414245605,0.7262745499610901,133,499
0,2,-0.12500715255737305,3.991257667541504,-0.23678086698055267,0.8473203182220459,318,364
0,3,-0.8889397382736206,3.9644947052001953,-0.0801544189453125,-0.9683660864830017,270,384
0,4,0.634956955909729,1.1464885473251343,3.8465895652770996,-0.9683660864830017,270,384
 , , , , , , , 
0,0,-1.13399338722229,3.8519699573516846,-0.3649965822696686,-0.9683660864830017,322,340
0,1,0.37799781560897827,2.014526605606079,3.4721226692199707,-0.9683660864830017,322,340
0,2,0.7798064947128296,1.3415086269378662,3.858661651611328,-0.9683660864830017,190,432
0,3,-0.7798064947128296,4.0690083503723145,-0.36343488097190857,-0.9683660864830017,190,432
 , , , , , , , 
0,0,0.0,4.083380222320557,-0.31447914242744446,0.8473203182220459,337,341
0,1,0.13195198774337769,4.22003173828125,0.05585959181189537,0.8473203182220459,211,430
 , , , , , , , 
0,0,0.9375536441802979,4.387222766876221,3.9846444129943848,0.48418304324150085,139,402
0,1,-0.5754297375679016,2.672269105911255,3.703984260559082,0.7262745499610901,146,506
0,2,0.0,4.107131481170654,-0.40671634674072266,0.8473203182220459,310,342
0,3,0.2658882141113281,4.2203450202941895,-0.4650880694389343,0.8473203182220459,186,444
 , , , , , , , 
0,0,0.0,4.285704135894775,-1.0520819425582886,0.36313727498054504,208,416
0,1,-0.12996774911880493,4.129514694213867,-0.4766872227191925,0.6052287817001343,302,349
0,2,-4.200636863708496,1.958939790725708,0.046394359320402145,0.6052287817001343,151,488
0,3,0.1359204798936844,3.587474822998047,2.455465793609619,0.7262745499610901,117,495
 , , , , , , , 
0,0,0.9524354338645935,4.2022857666015625,4.311593532562256,0.36313727498054504,114,404
0,1,0.0,4.248977184295654,-0.5618188381195068,0.48418304324150085,318,344
0,2,0.13790471851825714,4.408749103546143,0.13435274362564087,0.6052287817001343,209,433
 , , , , , , , 
0,0,-1.3403544425964355,5.941542148590088,-0.6676446199417114,0.36313727498054504,119,417
0,1,-0.13492834568023682,4.309043884277344,-0.2377600222826004,0.6052287817001343,335,349
0,2,0.0,4.420609951019287,-0.7048259973526001,0.6052287817001343,114,496
 , , , , , , , 
0,0,0.1398889571428299,4.4035234451293945,-0.7924566864967346,0.24209152162075043,198,372
0,1,-0.1359204798936844,4.346900939941406,-0.06116294488310814,0.6052287817001343,324,354
 , , , , , , , 
0,0,0.1398889571428299,4.320277690887451,-1.1637030839920044,0.24209152162075043,222,352
0,1,0.14088107645511627,4.399688243865967,-0.972990095615387,0.48418304324150085,168,436
0,2,-3.072596311569214,4.021191596984863,-1.0810878276824951,0.48418304324150085,122,452
0,3,-0.13691259920597076,4.376454830169678,-0.1511216163635254,0.6052287817001343,318,354
0,4,-1.312575101852417,4.33705472946167,-1.1168581247329712,-0.9683660864830017,224,353
0,5,0.43752503395080566,3.1620476245880127,3.404452323913574,-0.9683660864830017,224,353
 , , , , , , , 
0,0,-3.6252074241638184,4.137394905090332,-0.5057632923126221,0.36313727498054504,126,425
0,1,-0.13790471851825714,4.385955810546875,-0.4674527943134308,0.6052287817001343,372,348
 , , , , , , , 
0,0,-3.6460418701171875,4.06587028503418,-1.0211800336837769,0.36313727498054504,127,406
0,1,-0.13889683783054352,4.430788516998291,-0.3227538764476776,0.7262745499610901,349,326
 , , , , , , , 
0,0,0.0,4.432380676269531,-0.8232965469360352,0.6052287817001343,336,343
0,1,-0.611146092414856,2.275266170501709,4.284114360809326,0.6052287817001343,136,497
 , , , , , , , 
0,0,-0.1398889571428299,4.4243879318237305,-0.6661809682846069,0.7262745499610901,290,349
0,1,-0.1438574343919754,4.576098918914795,-0.47986066341400146,0.7262745499610901,227,401
 , , , , , , , 
0,0,-0.152786523103714,4.652923107147217,-1.4936304092407227,0.12104576081037521,236,382
0,1,0.0,4.644490718841553,-0.45713603496551514,0.6052287817001343,281,354
0,2,0.0,4.757657527923584,-0.588563084602356,0.6052287817001343,181,442
 , , , , , , , 
0,0,-0.14683379232883453,4.657502174377441,-0.603091299533844,0.48418304324150085,319,344
 , , , , , , , 
0,0,-0.152786523103714,4.72882080078125,-1.2324286699295044,0.12104576081037521,187,401
0,1,-0.4405013918876648,4.637990474700928,-0.6104168891906738,0.24209152162075043,277,341
0,2,-0.15080228447914124,4.787766456604004,-0.5845285654067993,0.48418304324150085,236,421
 , , , , , , , 
0,0,-0.2956518232822418,4.671300411224365,-0.6844736933708191,0.12104576081037521,256,349
0,1,0.14683379232883453,4.6484375,-0.6693835854530334,0.36313727498054504,254,344
0,2,-0.49407586455345154,3.1141796112060547,4.222816467285156,0.48418304324150085,119,462
0,3,0.0,4.851212024688721,-0.24552282691001892,0.6052287817001343,242,380
 , , , , , , , 
0,0,-0.1478259116411209,4.715470314025879,-0.3456104099750519,0.36313727498054504,261,353
0,1,-0.305573046207428,4.861690521240234,0.4178042709827423,0.36313727498054504,149,457
0,2,-3.4119014739990234,4.575319766998291,-0.6678584218025208,0.48418304324150085,219,399
0,3,0.0,4.8696818351745605,-0.43608367443084717,0.6052287817001343,215,405
 , , , , , , , 
0,0,-0.1488180309534073,4.739687919616699,-0.4376552402973175,0.36313727498054504,279,350
0,1,-0.305573046207428,4.867690086364746,0.34086474776268005,0.36313727498054504,138,437
0,2,-3.25018572807312,4.730137348175049,-0.6697945594787598,0.48418304324150085,138,388
0,3,0.0,4.91199254989624,-0.2962239980697632,0.7262745499610901,235,365
 , , , , , , , 
0,0,-0.2956518232822418,4.684073448181152,-0.5907689332962036,0.12104576081037521,214,337
0,1,-0.30755728483200073,4.9110188484191895,-0.05219094455242157,0.12104576081037521,155,438
0,2,-0.30160456895828247,4.766165733337402,-0.6926888227462769,0.24209152162075043,210,366
 , , , , , , , 
0,0,-0.2956518232822418,4.647382736206055,-0.8314955830574036,0.12104576081037521,180,350
0,1,-0.30755728483200073,4.851675033569336,-0.7629407048225403,0.12104576081037521,152,433
0,2,0.0,4.760270118713379,-0.9666266441345215,0.48418304324150085,224,356
 , , , , , , , 
0,0,-0.2956518232822418,4.687595844268799,-0.5621355175971985,0.24209152162075043,228,347
0,1,-0.152786523103714,4.840782165527344,-0.668920636177063,0.36313727498054504,261,404
0,2,0.0,5.131828784942627,-0.341081440448761,0.8473203182220459,196,372
0,3,-1.261976957321167,4.876284122467041,0.33262142539024353,-0.12104576081037521,161,401
 , , , , , , , 
0,0,-0.2976360619068146,4.716012954711914,-0.5907325744628906,0.36313727498054504,182,352
0,1,-0.15377864241600037,4.851645469665527,-0.8082764148712158,0.36313727498054504,157,417
0,2,-0.152786523103714,4.8632659912109375,-0.47881993651390076,0.6052287817001343,205,349
0,3,0.0,5.196050643920898,-0.33201101422309875,0.8473203182220459,193,391
0,4,-0.46431228518486023,4.930790424346924,0.024582065641880035,-0.24209152162075043,214,346
 , , , , , , , 
0,0,-0.30755728483200073,4.8969831466674805,-0.3746770918369293,0.36313727498054504,173,420
0,1,-0.1488180309534073,4.749653339385986,-0.3114105463027954,0.48418304324150085,247,345
0,2,0.0,5.205776214599609,-0.5836709141731262,0.7262745499610901,180,390
 , , , , , , , 
0,0,-0.4613359272480011,4.886828422546387,0.3485628068447113,0.12104576081037521,197,354
0,1,-0.15774711966514587,4.575371265411377,-2.1266095638275146,0.12104576081037521,139,398
0,2,-0.14981015026569366,4.7654218673706055,-0.5000256896018982,0.48418304324150085,276,345
0,3,-0.15477076172828674,4.836549758911133,-1.0548526048660278,0.48418304324150085,163,435
 , , , , , , , 
0,0,-0.15477076172828674,4.8808393478393555,-0.8260383009910583,0.36313727498054504,256,368
0,1,-0.15080228447914124,4.815277099609375,-0.27836278080940247,0.6052287817001343,257,339
0,2,-0.4910995066165924,1.2595165967941284,5.06095027923584,0.6052287817001343,138,427
 , , , , , , , 
0,0,-0.15774711966514587,4.956449031829834,-0.9434520602226257,0.24209152162075043,319,351
0,1,-0.5000286102294922,1.5142261981964111,5.089674472808838,0.6052287817001343,147,452
 , , , , , , , 
0,0,-0.15774711966514587,4.997025966644287,-0.6972947120666504,0.24209152162075043,287,356
0,1,-0.32144695520401,5.085456371307373,-0.6977177262306213,0.36313727498054504,161,431
 , , , , , , , 
0,0,-0.15774711966514587,4.972080707550049,-0.8572648167610168,0.12104576081037521,284,351
0,1,-0.3254154324531555,5.054592132568359,-1.2059743404388428,0.12104576081037521,129,478
0,2,-0.1567550003528595,5.013209819793701,-0.07081510871648788,0.48418304324150085,264,349
 , , , , , , , 
0,0,-0.1567550003528595,4.980322360992432,-0.5776481628417969,0.24209152162075043,332,349
 , , , , , , , 
0,0,-0.32739967107772827,5.2148661613464355,-0.3725050389766693,0.12104576081037521,142,439
0,1,-0.15774711966514587,5.044484615325928,-0.09830215573310852,0.36313727498054504,309,345
 , , , , , , , 
0,0,-0.15873923897743225,5.074854373931885,-0.15348002314567566,0.24209152162075043,321,351
0,1,-0.15774711966514587,4.981914043426514,-0.7981376051902771,-0.12104576081037521,288,339
 , , , , , , , 
0,0,0.0,5.0667243003845215,-0.3622249662876129,0.24209152162075043,319,336
0,1,-0.15774711966514587,4.991707801818848,-0.7343987822532654,-0.12104576081037521,293,340
 , , , , , , , 
0,0,-0.1736210435628891,2.7629737854003906,-4.817007541656494,0.12104576081037521,132,434
0,1,0.0,5.003451347351074,-0.66846764087677,0.24209152162075043,238,353
0,2,-0.15973135828971863,5.099942684173584,-0.30251264572143555,-0.12104576081037521,291,350
0,3,-0.32739967107772827,4.998798370361328,-1.5315355062484741,-0.12104576081037521,175,419
 , , , , , , , 
0,0,0.0,5.107757091522217,-0.19303831458091736,0.12104576081037521,259,333
0,1,-0.15973135828971863,5.101291656494141,-0.2788449823856354,-0.12104576081037521,296,342
 , , , , , , , 
0,0,0.0,5.077406406402588,-0.5885469913482666,0.12104576081037521,297,336
0,1,-0.3591475188732147,5.716062545776367,-0.46722376346588135,-0.36313727498054504,136,400
0,2,-0.15973135828971863,5.100756645202637,-0.288466215133667,-0.12104576081037521,294,345
 , , , , , , , 
0,0,-0.3254154324531555,5.135365009307861,-0.7945445775985718,-0.24209152162075043,201,388
0,1,-0.15973135828971863,5.105854511260986,-0.1765749603509903,-0.12104576081037521,308,335
 , , , , , , , 
0,0,0.160723477602005,5.135904312133789,-0.2205898016691208,0.12104576081037521,282,336
0,1,-0.31946271657943726,5.087230682373047,-0.380097359418869,-0.12104576081037521,265,343
 , , , , , , , 
0,0,0.0,5.1428375244140625,-0.056814711540937424,0.12104576081037521,295,345
0,1,-0.160723477602005,5.131250381469727,-0.31054964661598206,-0.12104576081037521,286,343
 , , , , , , , 
0,0,-0.32144695520401,5.121583461761475,0.34360113739967346,-0.36313727498054504,226,372
0,1,-0.15774711966514587,5.033875465393066,-0.34144893288612366,-0.24209152162075043,241,358
0,2,-0.160723477602005,5.0992937088012695,-0.650675892829895,-0.12104576081037521,200,389
 , , , , , , , 
0,0,0.0,5.064512252807617,-0.39194098114967346,-0.24209152162075043,292,352
 , , , , , , , 
0,0,0.0,5.046089172363281,-0.1354929506778717,-0.24209152162075043,268,347
0,1,0.0,5.075212478637695,-0.21241573989391327,-0.24209152162075043,263,352
 , , , , , , , 
0,0,0.0,4.941611289978027,-0.33069878816604614,-0.36313727498054504,319,349
 , , , , , , , 
0,0,0.0,4.9176411628723145,-0.1795138716697693,-0.6052287817001343,301,351
0,1,0.0,4.874766826629639,-0.6723600029945374,-0.36313727498054504,324,341
 , , , , , , , 
0,0,-0.152786523103714,4.827456474304199,-0.7591391205787659,-0.48418304324150085,321,345
0,1,-3.4119014739990234,4.604280948638916,-0.4244791865348816,-0.48418304324150085,114,458
 , , , , , , , 
0,0,-0.20040829479694366,6.393326282501221,-0.4611106514930725,-0.8473203182220459,117,396
0,1,-0.2033846527338028,6.478468418121338,-0.5883565545082092,-0.8473203182220459,121,402
0,2,0.0,4.850486755371094,-0.6137990355491638,-0.7262745499610901,354,349
 , , , , , , , 
0,0,-1.011962652206421,3.039058208465576,5.62902307510376,0.8473203182220459,180,364
0,1,-0.20239253342151642,6.465872764587402,-0.3120400011539459,-0.9683660864830017,151,393
0,2,0.0,4.791289329528809,-0.7988002896308899,-0.8473203182220459,318,349
0,3,-0.32739967107772827,2.32387113571167,4.683290481567383,-0.8473203182220459,123,484
0,4,-3.551790475845337,4.406395435333252,-0.5132390260696411,-0.7262745499610901,144,420
 , , , , , , , 
0,0,-0.1478259116411209,4.686293601989746,-0.6275023221969604,-0.9683660864830017,217,340
0,1,0.0,4.820079326629639,-0.23228318989276886,-0.9683660864830017,266,353
0,2,0.0,6.215816020965576,-0.9372023940086365,-0.9683660864830017,116,420
0,3,-3.336500406265259,4.495993137359619,-0.4807494580745697,-0.8473203182220459,147,426
 , , , , , , , 
0,0,-0.9921202063560486,2.9828133583068848,5.516842842102051,0.7262745499610901,189,369
0,1,-0.5913036465644836,2.3464930057525635,4.064639091491699,0.8473203182220459,315,342
 , , , , , , , 
0,0,0.0,4.647130489349365,-0.42947304248809814,-0.8473203182220459,348,350
0,1,-2.555701732635498,1.748172402381897,4.066783428192139,-0.8473203182220459,114,492
0,2,-0.4791940748691559,2.881693124771118,4.194360733032227,-0.8473203182220459,114,492
0,3,-3.27994966506958,4.397313594818115,-0.6492484211921692,-0.7262745499610901,195,446
 , , , , , , , 
0,0,0.0,4.4794087409973145,-0.5086406469345093,-0.8473203182220459,342,343
0,1,-0.46431228518486023,1.895285725593567,4.552053451538086,-0.7262745499610901,124,487
0,2,-2.476332187652588,2.334043502807617,3.5984585285186768,-0.7262745499610901,124,487
 , , , , , , , 
0,0,-0.4613359272480011,3.363752841949463,3.5619876384735107,-0.7262745499610901,134,480
0,1,0.1398889571428299,4.4251885414123535,-0.66084223985672,-0.6052287817001343,301,353
 , , , , , , , 
0,0,0.13889683783054352,4.419783115386963,-0.44896724820137024,-0.8473203182220459,295,357
0,1,-0.45835956931114197,3.1272523403167725,3.730170249938965,-0.7262745499610901,129,495
0,2,-2.444584369659424,1.1034932136535645,4.087821006774902,-0.7262745499610901,129,495
 , , , , , , , 
0,0,0.0,4.378495693206787,-0.15400336682796478,-0.8473203182220459,340,347
0,1,-3.1291470527648926,4.200116157531738,-0.5846946239471436,-0.6052287817001343,163,439
 , , , , , , , 
0,0,0.13492834568023682,4.287502288818359,-0.4916413128376007,-0.9683660864830017,331,353
0,1,-3.1291470527648926,4.195240020751953,-0.6187105774879456,-0.6052287817001343,177,436
 , , , , , , , 
0,0,-0.40478503704071045,2.265545129776001,3.653224229812622,0.8473203182220459,361,347
 , , , , , , , 
0,0,-0.1398889571428299,1.8381308317184448,4.079249858856201,0.8473203182220459,151,433
0,1,0.13294410705566406,4.231513023376465,-0.41825851798057556,-0.9683660864830017,323,360
0,2,-0.4434777498245239,2.95615553855896,3.6662559509277344,-0.7262745499610901,165,481
0,3,-4.286951541900635,1.9544857740402222,0.4230765700340271,-0.7262745499610901,165,481
0,4,-3.2739968299865723,4.069345951080322,-0.40267521142959595,-0.48418304324150085,147,419
 , , , , , , , 
0,0,-0.3809741735458374,2.2387640476226807,3.3699631690979004,0.8473203182220459,269,359
0,1,0.1269913911819458,4.020813941955566,-0.5751402974128723,-0.7262745499610901,311,342
0,2,0.1309598684310913,4.188457012176514,-0.04215230792760849,-0.7262745499610901,202,409
0,3,0.6468623876571655,5.0952467918396,-0.6321457624435425,-0.12104576081037521,139,390
 , , , , , , , 
0,0,0.12500715255737305,3.8989908695220947,-0.8854801058769226,-0.9683660864830017,297,343
0,1,0.3988323211669922,4.197705268859863,-0.5643740296363831,-0.8473203182220459,150,420
0,2,0.25199854373931885,4.003836154937744,-0.4032732844352722,-0.7262745499610901,324,351
0,3,0.25596702098846436,4.0800018310546875,-0.24690411984920502,-0.7262745499610901,315,362
0,4,-3.194627285003662,3.9588098526000977,-0.4986242949962616,-0.36313727498054504,173,417
 , , , , , , , 
0,0,0.2500143051147461,3.956742525100708,-0.5324578285217285,-0.7262745499610901,315,353
 , , , , , , , 
0,0,0.12500715255737305,3.9954986572265625,-0.14898014068603516,-0.7262745499610901,288,350
0,1,0.12897562980651855,4.123850345611572,0.10568218678236008,-0.7262745499610901,130,440
0,2,0.12203078716993332,3.80234956741333,-0.8809968829154968,-0.48418304324150085,196,347
 , , , , , , , 
0,0,0.24604582786560059,3.838993787765503,-0.8363351225852966,-0.8473203182220459,288,344
0,1,-4.0855512619018555,1.8846721649169922,-0.28301650285720825,-0.7262745499610901,126,482
0,2,-0.42264324426651,1.6378912925720215,4.178815841674805,-0.7262745499610901,126,482
0,3,0.17659740149974823,5.6483001708984375,-0.025243477895855904,-0.7262745499610901,126,423
0,4,0.12203078716993332,3.7977864742279053,-0.9004641175270081,-0.48418304324150085,317,352
0,5,-0.18056587874889374,5.7694411277771,0.25975632667541504,-0.48418304324150085,114,443
 , , , , , , , 
0,0,0.12203078716993332,3.8884902000427246,-0.3371369242668152,-0.8473203182220459,350,342
0,1,0.17461316287517548,5.51386833190918,-0.8878499269485474,-0.8473203182220459,123,394
0,2,-4.056779861450195,1.8831692934036255,-0.18650829792022705,-0.7262745499610901,125,487
0,3,-0.1398889571428299,1.9681332111358643,4.01814079284668,-0.7262745499610901,125,487
0,4,-0.18155799806118011,5.78510856628418,-0.5039646029472351,-0.6052287817001343,117,430
 , , , , , , , 
0,0,0.12203078716993332,3.8996083736419678,-0.16453662514686584,-0.8473203182220459,302,366
0,1,0.0,5.745879173278809,0.07438016682863235,-0.6052287817001343,137,419
 , , , , , , , 
0,0,0.3482342064380646,3.6768054962158203,-0.39665061235427856,-0.8473203182220459,290,350
0,1,0.23612461984157562,3.7453253269195557,-0.4359145760536194,-0.8473203182220459,241,401
0,2,-3.855379104614258,1.7900059223175049,-0.17391201853752136,-0.7262745499610901,125,507
0,3,-0.2658882141113281,2.1122987270355225,3.6831796169281006,-0.7262745499610901,125,507
0,4,-3.4684524536132812,3.3008816242218018,-0.6009483337402344,-0.7262745499610901,148,458
0,5,0.23414038121700287,3.565817356109619,-1.12449312210083,-0.48418304324150085,267,342
 , , , , , , , 
0,0,0.34525781869888306,3.6153204441070557,-0.6106593608856201,-0.8473203182220459,289,353
0,1,-3.8266077041625977,1.7531498670578003,-0.33576521277427673,-0.7262745499610901,145,508
0,2,0.9196954965591431,9.765097618103027,0.18656907975673676,-0.7262745499610901,127,370
0,3,-3.295823335647583,3.4369242191314697,-0.5539084672927856,-0.6052287817001343,170,445
 , , , , , , , 
0,0,0.23017188906669617,3.61773681640625,-0.6493456959724426,-0.9683660864830017,262,344
0,1,0.22620341181755066,3.6108815670013428,-0.09679228812456131,-0.8473203182220459,270,358
0,2,0.23215614259243011,3.699150323867798,-0.2447206974029541,-0.7262745499610901,145,436
0,3,1.2183237075805664,9.64346694946289,-0.7178058624267578,-0.7262745499610901,122,371
0,4,0.22223493456840515,3.474642038345337,-0.721731960773468,-0.6052287817001343,310,333
0,5,-3.7978363037109375,1.7517825365066528,-0.26419180631637573,-0.6052287817001343,132,510
0,6,0.0,6.762250900268555,0.023395808413624763,-0.48418304324150085,118,395
 , , , , , , , 
0,0,0.33632874488830566,3.537538766860962,-0.49285534024238586,-0.7262745499610901,313,348
0,1,-3.7690646648406982,1.7013481855392456,-0.4433729648590088,-0.6052287817001343,133,519
0,2,-3.5478219985961914,3.11279559135437,-0.3168954849243164,-0.48418304324150085,115,446
 , , , , , , , 
0,0,0.0,2.386653184890747,2.635774850845337,0.8473203182220459,288,348
0,1,-0.5159025192260742,1.2761175632476807,3.890927314758301,-0.6052287817001343,136,506
0,2,-3.740293264389038,1.7040482759475708,-0.37466323375701904,-0.6052287817001343,136,506
0,3,1.2103867530822754,9.574690818786621,-0.7890281677246094,-0.6052287817001343,121,375
0,4,-0.3432736098766327,5.44014835357666,-0.6731735467910767,-0.48418304324150085,120,431
 , , , , , , , 
0,0,0.21826645731925964,3.4749972820281982,-0.2695501446723938,-0.7262745499610901,330,341
0,1,-3.711521863937378,1.7027307748794556,-0.31338050961494446,-0.6052287817001343,142,497
 , , , , , , , 
0,0,0.2162822186946869,3.4536194801330566,-0.030036216601729393,-0.6052287817001343,319,347
0,1,-0.42065897583961487,6.713068962097168,-0.24077467620372772,-0.36313727498054504,122,395
 , , , , , , , 
0,0,-0.15774711966514587,2.0967800617218018,4.589118003845215,0.7262745499610901,146,357
0,1,1.1786388158798218,9.352807998657227,-0.20958290994167328,-0.9683660864830017,152,354
0,2,0.3125178813934326,3.3088817596435547,-0.25693479180336,-0.7262745499610901,376,338
0,3,-3.596436023712158,1.6074196100234985,-0.48030468821525574,-0.6052287817001343,113,489
0,4,-0.16667619347572327,5.311376094818115,-0.45738086104393005,-0.48418304324150085,189,440
 , , , , , , , 
0,0,-0.160723477602005,2.3502323627471924,4.571934223175049,0.48418304324150085,146,360
0,1,-0.32144695520401,1.625091552734375,4.86906099319458,0.6052287817001343,129,377
0,2,0.0,1.8826625347137451,9.142026901245117,0.8473203182220459,132,354
0,3,0.5109419226646423,3.0978949069976807,-0.913822591304779,-0.9683660864830017,277,342
0,4,0.0,3.2788848876953125,0.3881224989891052,-0.7262745499610901,257,352
0,5,0.1061568632721901,3.3368027210235596,-0.627869725227356,-0.7262745499610901,198,404
0,6,0.5159025192260742,3.0701584815979004,-1.0998620986938477,-0.48418304324150085,248,347
0,7,-0.1656840741634369,5.299285888671875,-0.01261947676539421,-0.48418304324150085,155,436
0,8,-5.228473663330078,1.312483549118042,-0.2636451721191406,-0.48418304324150085,124,441
 , , , , , , , 
0,0,0.3035888075828552,3.2240099906921387,-0.007385960314422846,-0.8473203182220459,313,346
0,1,0.0,5.301055431365967,-0.09408301115036011,-0.48418304324150085,174,430
 , , , , , , , 
0,0,0.5357449650764465,3.3117592334747314,-0.7082911133766174,-0.9683660864830017,147,402
0,1,0.3035888075828552,3.21270751953125,-0.26982545852661133,-0.8473203182220459,307,362
 , , , , , , , 
0,0,0.39684808254241943,3.1298673152923584,-0.3545425832271576,-0.8473203182220459,335,356
0,1,-0.3254154324531555,5.153082370758057,-0.6700876355171204,-0.48418304324150085,127,444
0,2,-5.043939113616943,1.1466056108474731,-0.5942608118057251,-0.48418304324150085,127,444
0,3,-0.6667047739028931,5.2500433921813965,-0.663507878780365,-0.48418304324150085,139,420
 , , , , , , , 
0,0,0.3809741735458374,3.021510601043701,-0.1199023649096489,-0.7262745499610901,335,348
0,1,1.69057297706604,8.704230308532715,-1.6351163387298584,-0.7262745499610901,116,367
 , , , , , , , 
0,0,0.3730372190475464,2.956559658050537,-0.16010262072086334,-0.6052287817001343,381,340
0,1,-0.2916833460330963,4.648777484893799,-0.289926677942276,-0.36313727498054504,121,452
0,2,0.0,5.126468658447266,-0.4139126241207123,-0.36313727498054504,138,450
 , , , , , , , 
0,0,0.6875393390655518,3.0512924194335938,-0.3091678321361542,-0.7262745499610901,145,462
0,1,0.3730372190475464,2.9450151920318604,-0.30620813369750977,-0.6052287817001343,382,356
0,2,0.44645410776138306,4.713328838348389,-0.5133593082427979,-0.6052287817001343,150,432
0,3,-4.632209300994873,2.1533255577087402,-0.1796441525220871,-0.36313727498054504,143,445
 , , , , , , , 
0,0,0.4613359272480011,2.9045848846435547,-0.26097431778907776,-0.6052287817001343,365,356
0,1,0.2976360619068146,4.7311835289001465,-0.45348069071769714,-0.6052287817001343,122,434
 , , , , , , , 
0,0,0.568484902381897,6.030174732208252,-0.2897588610649109,-0.7262745499610901,114,404
0,1,0.3611317574977875,2.849198818206787,-0.3135027289390564,-0.6052287817001343,377,345
0,2,0.466296523809433,2.932912826538086,-0.2943175733089447,-0.6052287817001343,241,414
0,3,0.38692688941955566,4.032799243927002,-0.7878850698471069,-0.6052287817001343,181,442
 , , , , , , , 
0,0,0.152786523103714,2.3622403144836426,4.277902126312256,0.7262745499610901,126,404
0,1,0.18850284814834595,2.974884510040283,-0.459413081407547,-0.8473203182220459,126,446
0,2,0.3899032473564148,4.131670951843262,-0.27255356311798096,-0.8473203182220459,201,387
0,3,0.44645410776138306,2.820125102996826,-0.10849684476852417,-0.7262745499610901,381,341
0,4,0.4444698691368103,0.4259088933467865,-3.5020666122436523,-0.36313727498054504,121,447
 , , , , , , , 
0,0,0.38692688941955566,4.107240676879883,-0.1217019259929657,-0.8473203182220459,156,429
0,1,0.5357449054718018,2.786123752593994,-0.3386607766151428,-0.7262745499610901,378,333
0,2,1.3840078115463257,8.739462852478027,-0.4053160548210144,-0.6052287817001343,137,373
 , , , , , , , 
0,0,0.32739967107772827,3.3789303302764893,-0.8194772601127625,-0.9683660864830017,155,388
0,1,0.41669052839279175,4.4229655265808105,-0.1381751298904419,-0.9683660864830017,136,417
0,2,0.54169762134552,5.742217063903809,-0.34646156430244446,-0.9683660864830017,185,380
0,3,0.42165112495422363,2.642817497253418,-0.3463974595069885,-0.8473203182220459,315,356
0,4,0.5297921895980835,2.7746646404266357,-0.065851591527462,-0.8473203182220459,150,482
0,5,0.152786523103714,4.877449035644531,-0.30185961723327637,-0.6052287817001343,144,432
0,6,-4.430809020996094,2.0442302227020264,-0.3050006926059723,-0.6052287817001343,144,432
 , , , , , , , 
0,0,-0.17957375943660736,3.0017125606536865,4.89674711227417,0.8473203182220459,137,372
0,1,0.0,1.1895188093185425,5.751635551452637,0.8473203182220459,118,371
0,2,0.329383909702301,2.5916895866394043,-0.343877375125885,-0.7262745499610901,361,357
0,3,0.1517944037914276,4.855039119720459,0.009536010213196278,-0.6052287817001343,206,442
0,4,-4.553832054138184,1.6495707035064697,-0.3688731789588928,-0.6052287817001343,206,442
 , , , , , , , 
0,0,0.40776145458221436,4.326615333557129,-0.17858286201953888,-0.8473203182220459,140,411
0,1,0.329383909702301,2.6020684242248535,-0.25366559624671936,-0.7262745499610901,360,359
0,2,-0.13393622636795044,4.246190547943115,-0.5668953657150269,-0.6052287817001343,144,448
0,3,0.15080228447914124,4.793153762817383,0.5385677814483643,-0.48418304324150085,122,453
0,4,-4.524068355560303,1.6616617441177368,0.24250240623950958,-0.48418304324150085,122,453
 , , , , , , , 
0,0,0.09623566269874573,2.551748514175415,1.7213054895401,0.48418304324150085,204,359
0,1,0.2678724527359009,4.265288829803467,-0.32403624057769775,-0.8473203182220459,207,419
0,2,0.34922632575035095,5.5148749351501465,-0.8280743956565857,-0.8473203182220459,118,389
0,3,0.3551790416240692,5.664905548095703,-0.27865147590637207,-0.8473203182220459,147,370
0,4,0.16270771622657776,2.5961503982543945,-0.10403081774711609,-0.6052287817001343,331,352
0,5,-0.13393622636795044,4.269418239593506,-0.3515295088291168,-0.48418304324150085,134,471
0,6,0.14981015026569366,4.791262626647949,0.055420566350221634,-0.48418304324150085,124,455
 , , , , , , , 
0,0,0.305573046207428,2.34714412689209,-0.6111729145050049,-0.48418304324150085,356,342
0,1,0.0,4.6978678703308105,0.08742114156484604,-0.36313727498054504,148,436
0,2,-3.1112890243530273,1.7207547426223755,-0.048017919063568115,-0.24209152162075043,118,448
0,3,-0.22223493456840515,2.974417209625244,1.9356846809387207,-0.24209152162075043,118,448
0,4,2.595386505126953,2.429232120513916,9.753937721252441,-0.12104576081037521,116,375
 , , , , , , , 
0,0,0.3393051028251648,3.5833542346954346,-0.3787461817264557,-0.9683660864830017,233,359
0,1,0.3770056962966919,2.355668544769287,-0.36121034622192383,-0.48418304324150085,368,345
0,2,2.595386505126953,4.354572772979736,9.059700012207031,-0.12104576081037521,118,363
 , , , , , , , 
0,0,0.4444698691368103,3.5156619548797607,-0.29324084520339966,-0.9683660864830017,221,369
0,1,1.363173246383667,7.096081256866455,-0.8025129437446594,-0.7262745499610901,126,386
0,2,0.2976360619068146,2.3503119945526123,-0.2388068586587906,-0.6052287817001343,321,351
0,3,0.23513250052928925,2.442640542984009,-0.5183481574058533,-0.6052287817001343,207,433
0,4,0.44645410776138306,2.2594635486602783,-0.6042229533195496,-0.36313727498054504,280,352
 , , , , , , , 
0,0,0.4405013918876648,3.485196590423584,-0.27931785583496094,-0.9683660864830017,226,366
0,1,0.3720450699329376,2.3327579498291016,-0.2990059554576874,-0.6052287817001343,360,350
0,2,0.07738538086414337,2.469241142272949,-0.1705312281847,-0.6052287817001343,183,437
0,3,-2.4912140369415283,1.57988703250885,-0.12393968552350998,-0.48418304324150085,113,541
0,4,-0.12996774911880493,4.15691614151001,-0.013089662417769432,-0.36313727498054504,123,456
0,5,0.14584167301654816,4.65754508972168,0.25743186473846436,-0.36313727498054504,147,455
 , , , , , , , 
0,0,0.32442331314086914,3.4395668506622314,-0.1982356607913971,-0.9683660864830017,195,385
0,1,1.3453149795532227,6.998332977294922,-0.8332393765449524,-0.8473203182220459,183,379
0,2,0.3720450699329376,2.3499279022216797,-0.09488709270954132,-0.7262745499610901,329,363
0,3,-2.4644267559051514,1.5147271156311035,-0.4040888249874115,-0.6052287817001343,117,515
0,4,0.28969910740852356,4.624149799346924,-0.13513219356536865,-0.48418304324150085,160,441
0,5,-4.345486640930176,1.5303093194961548,-0.5097506046295166,-0.48418304324150085,160,441
 , , , , , , , 
0,0,0.32739967107772827,2.067732572555542,-0.0884099155664444,-0.6052287817001343,389,346
0,1,0.6547993421554565,5.15640926361084,-0.6507359743118286,-0.48418304324150085,148,434
0,2,0.14088107645511627,4.503169536590576,0.15947453677654266,-0.36313727498054504,136,445
0,3,-1.036765694618225,0.6745954751968384,-2.750739574432373,-0.12104576081037521,116,461
0,4,0.18850284814834595,0.4245666563510895,2.9800572395324707,-0.12104576081037521,116,461
 , , , , , , , 
0,0,0.3224390745162964,1.9770159721374512,-0.4959105849266052,-0.8473203182220459,295,347
0,1,0.38692688941955566,2.0153908729553223,-0.21673399209976196,-0.6052287817001343,385,349
0,2,0.4107378125190735,2.1458187103271484,0.15966089069843292,-0.6052287817001343,150,473
0,3,0.40875354409217834,3.2205328941345215,-0.3926487863063812,-0.48418304324150085,161,478
0,4,0.4881231486797333,5.183640956878662,-0.027844958007335663,-0.36313727498054504,128,436
 , , , , , , , 
0,0,0.0,2.741626262664795,3.3355777263641357,0.8473203182220459,135,382
0,1,0.4444698691368103,1.9658141136169434,-0.25784832239151,-0.48418304324150085,411,343
0,2,0.40478506684303284,3.204925537109375,-0.2259698510169983,-0.48418304324150085,152,481
0,3,0.482170432806015,5.106809616088867,-0.37418606877326965,-0.36313727498054504,125,438
0,4,0.0,4.505507946014404,0.15560656785964966,-0.24209152162075043,121,472
 , , , , , , , 
0,0,0.6944841742515564,2.1110339164733887,-0.00802428275346756,-0.6052287817001343,114,495
0,1,0.4444698691368103,1.9773756265640259,-0.14455577731132507,-0.48418304324150085,410,348
0,2,0.5059813261032104,3.18973708152771,-0.23668818175792694,-0.48418304324150085,113,482
0,3,0.1398889571428299,4.4705810546875,-0.181415393948555,-0.24209152162075043,115,462
 , , , , , , , 
0,0,0.8968766927719116,3.4634835720062256,-0.26476070284843445,-0.9683660864830017,138,391
0,1,0.7619483470916748,3.9915361404418945,-0.030499763786792755,-0.8473203182220459,126,407
0,2,0.3690687417984009,1.9210692644119263,-0.21851429343223572,-0.48418304324150085,392,341
0,3,0.32739967107772827,2.0606794357299805,0.19218452274799347,-0.48418304324150085,255,445
0,4,0.39684808254241943,3.144026756286621,-0.19200317561626434,-0.48418304324150085,153,478
 , , , , , , , 
0,0,0.6071775555610657,2.0682151317596436,-0.12029258161783218,-0.6052287817001343,157,484
0,1,0.39684808254241943,3.1379504203796387,-0.2739279866218567,-0.6052287817001343,188,460
0,2,0.7986568212509155,5.022890567779541,-0.5090817213058472,-0.6052287817001343,155,414
0,3,0.3690687417984009,1.910652756690979,-0.2960773706436157,-0.48418304324150085,397,353
 , , , , , , , 
0,0,0.0,1.0298887491226196,2.562873363494873,0.8473203182220459,226,382
0,1,0.4365329146385193,3.4591164588928223,-0.1996345967054367,-0.9683660864830017,171,419
0,2,0.4365329146385193,1.6536682844161987,-0.3518466055393219,-0.8473203182220459,364,347
0,3,0.46034377813339233,1.7563998699188232,-0.30627626180648804,-0.7262745499610901,307,398
0,4,0.6151145696640015,1.869786024093628,-0.001177899888716638,-0.7262745499610901,147,527
0,5,0.6667047739028931,5.291550636291504,0.05189317464828491,-0.7262745499610901,127,428
 , , , , , , , 
0,0,0.1101253479719162,0.999870777130127,3.3773932456970215,0.8473203182220459,167,420
0,1,0.5992406010627747,4.753519058227539,-0.16334044933319092,-0.9683660864830017,169,368
0,2,0.27084881067276,2.874380111694336,-0.10589047521352768,-0.8473203182220459,142,459
0,3,0.22223493456840515,1.7606420516967773,0.10773451626300812,-0.7262745499610901,339,369
0,4,0.5754297375679016,1.7185076475143433,-0.3259976804256439,-0.7262745499610901,249,436
0,5,0.46431228518486023,2.432129383087158,0.03718283772468567,-0.6052287817001343,121,536
0,6,-2.166790723800659,1.1900290250778198,-0.14515544474124908,-0.6052287817001343,121,536
0,7,-1.9098315238952637,2.9969727993011475,-4.270647048950195,-0.12104576081037521,121,408
 , , , , , , , 
0,0,0.262911856174469,1.598535180091858,-0.45478177070617676,-0.7262745499610901,357,348
0,1,0.5208631157875061,2.6664116382598877,-4.846305847167969,-0.12104576081037521,123,420
0,2,-1.7362104654312134,0.7052512168884277,5.230288982391357,-0.12104576081037521,123,420
 , , , , , , , 
0,0,0.10714899003505707,0.5738557577133179,3.378706216812134,0.8473203182220459,189,385
0,1,0.525823712348938,3.3220226764678955,-0.11282693594694138,-0.8473203182220459,171,414
0,2,0.37502145767211914,1.6324464082717896,-0.3654988706111908,-0.7262745499610901,294,377
0,3,0.35418692231178284,1.579270362854004,0.04551776871085167,-0.6052287817001343,345,349
0,4,0.3720450699329376,2.3470797538757324,-0.14960181713104248,-0.6052287817001343,114,535
 , , , , , , , 
0,0,0.8621525168418884,0.7422491908073425,-2.2352235317230225,0.0,183,421
0,1,0.525823712348938,3.3230068683624268,-0.07867375761270523,-0.8473203182220459,159,455
0,2,0.3254154324531555,2.5808401107788086,-0.10325928777456284,-0.7262745499610901,117,467
0,3,4.137141704559326,1.2722771167755127,-0.8599448800086975,-0.7262745499610901,120,425
0,4,0.3611317574977875,1.5942769050598145,-0.23086005449295044,-0.6052287817001343,395,343
 , , , , , , , 
0,0,0.8512392044067383,0.6082706451416016,-2.244464159011841,0.0,187,423
0,1,0.41669049859046936,3.3052661418914795,-0.11818525940179825,-0.7262745499610901,132,442
0,2,0.26787248253822327,1.692474603652954,-0.053718920797109604,-0.6052287817001343,253,436
0,3,0.2976360619068146,1.504746913909912,-0.4086124300956726,-0.48418304324150085,355,352
0,4,3.0210061073303223,1.365259051322937,0.3492443859577179,-0.12104576081037521,121,450
0,5,3.0497775077819824,1.416136384010315,0.13590091466903687,-0.12104576081037521,127,444
 , , , , , , , 
0,0,0.15477076172828674,1.6435140371322632,0.018410634249448776,-0.6052287817001343,327,381
0,1,0.40875354409217834,3.2368314266204834,0.22119426727294922,-0.6052287817001343,149,458
0,2,-2.0278937816619873,1.1167441606521606,-0.10847029089927673,-0.48418304324150085,158,542
 , , , , , , , 
0,0,0.16270771622657776,2.5920603275299072,-0.1790057271718979,-0.7262745499610901,147,428
0,1,0.40478506684303284,3.2127974033355713,-0.02330070734024048,-0.6052287817001343,161,465
0,2,0.2916833460330963,1.5118277072906494,-0.22209800779819489,-0.48418304324150085,360,346
0,3,0.46431228518486023,1.5793935060501099,-0.12394198775291443,-0.48418304324150085,231,424
 , , , , , , , 
0,0,0.7063896059989929,2.7099497318267822,-0.37545570731163025,-0.8473203182220459,123,429
0,1,0.14584167301654816,1.5049948692321777,0.3657189607620239,-0.6052287817001343,350,356
0,2,0.3095415234565735,1.620479702949524,0.06050575152039528,-0.6052287817001343,224,436
0,3,0.2916833460330963,1.4346082210540771,-0.526165246963501,-0.36313727498054504,326,354
0,4,0.36311599612236023,3.850922107696533,0.20127980411052704,-0.36313727498054504,116,507
0,5,0.8512392044067383,0.7722451686859131,-2.1934561729431152,-0.24209152162075043,125,540
 , , , , , , , 
0,0,0.14584167301654816,1.5334213972091675,0.21766678988933563,-0.6052287817001343,347,370
0,1,0.4067692756652832,2.5652294158935547,-0.1772853285074234,-0.6052287817001343,123,492
0,2,0.4960601031780243,3.1357805728912354,-0.007846076041460037,-0.6052287817001343,139,446
0,3,0.3522026836872101,2.2173962593078613,-0.20015402138233185,-0.36313727498054504,152,561
0,4,2.992234706878662,1.35640287399292,-0.3292854130268097,-0.24209152162075043,146,501
 , , , , , , , 
0,0,0.1904870867729187,1.511944055557251,-0.0008036789949983358,-0.6052287817001343,324,368
0,1,0.525823712348938,1.598358392715454,0.004816005472093821,-0.6052287817001343,113,509
0,2,0.3889111280441284,3.085441827774048,-0.09442877769470215,-0.6052287817001343,147,451
0,3,0.36510026454925537,1.4081823825836182,-0.12843415141105652,-0.48418304324150085,358,345
0,4,0.4018086791038513,2.535675048828125,-0.14799541234970093,-0.48418304324150085,124,511
0,5,0.35716328024864197,3.7904815673828125,0.13717211782932281,-0.36313727498054504,114,498
 , , , , , , , 
0,0,0.5833666920661926,1.4419200420379639,-0.024080362170934677,-0.7262745499610901,115,522
0,1,0.17461316287517548,1.3846778869628906,-0.05934470519423485,-0.6052287817001343,330,366
0,2,0.2797779142856598,1.4655992984771729,0.015860265120863914,-0.6052287817001343,201,444
0,3,1.027836561203003,0.869795024394989,1.9252039194107056,-0.6052287817001343,141,494
0,4,0.1865186095237732,2.9715845584869385,-0.20231153070926666,-0.48418304324150085,133,492
0,5,-1.8889968395233154,1.0450465679168701,0.014731280505657196,-0.36313727498054504,150,478
0,6,0.11806230992078781,3.7628486156463623,0.3166532814502716,-0.36313727498054504,125,470
 , , , , , , , 
0,0,0.3254154324531555,1.2587076425552368,-0.06390092521905899,-0.7262745499610901,370,342
0,1,0.3730372190475464,2.958193778991699,0.12635721266269684,-0.48418304324150085,124,495
0,2,0.11607807129621506,3.7091009616851807,0.1630774736404419,-0.24209152162075043,117,486
0,3,2.3572776317596436,3.8335490226745605,-7.0707526206970215,-0.12104576081037521,154,388
 , , , , , , , 
0,0,0.5000286102294922,2.8302559852600098,4.493030071258545,0.12104576081037521,112,414
0,1,0.2847385108470917,1.2699294090270996,0.0229465551674366,-0.6052287817001343,385,348
0,2,1.8215327262878418,0.5765848755836487,-1.005095362663269,-0.48418304324150085,124,503
0,3,0.14088107645511627,2.2420737743377686,0.1849644035100937,-0.48418304324150085,153,510
0,4,0.0,3.690720319747925,0.6426071524620056,-0.36313727498054504,120,487
0,5,-1.6369984149932861,1.3033652305603027,-0.10954520106315613,-0.24209152162075043,153,449
0,6,0.32739967107772827,2.0117647647857666,-0.4859393835067749,-0.24209152162075043,153,449
0,7,0.0,3.600391387939453,1.0351530313491821,-0.24209152162075043,117,490
0,8,2.3572776317596436,2.2737622261047363,-7.715027332305908,-0.24209152162075043,127,386
0,9,-0.8125464916229248,1.0734304189682007,1.479179859161377,-0.12104576081037521,153,386
0,10,0.0,1.3488929271697998,1.4768024682998657,-0.12104576081037521,153,386
 , , , , , , , 
0,0,1.1756625175476074,2.193586587905884,0.310581773519516,-0.9683660864830017,154,399
0,1,0.6547993421554565,1.233710765838623,0.02323596179485321,-0.6052287817001343,182,438
0,2,0.7609562277793884,1.705143690109253,-0.14839448034763336,-0.6052287817001343,126,431
0,3,0.3770056962966919,1.14507257938385,-0.04605147987604141,-0.48418304324150085,417,352
0,4,0.5833666920661926,2.6021902561187744,0.01458553783595562,-0.36313727498054504,135,503
0,5,0.11607807129621506,3.656442642211914,0.6437780261039734,-0.24209152162075043,119,474
 , , , , , , , 
0,0,1.0447026491165161,2.3496816158294678,0.024368496611714363,-0.7262745499610901,127,432
0,1,0.3393051326274872,1.1562068462371826,-0.0591854453086853,-0.48418304324150085,414,354
0,2,0.6825787425041199,1.1822599172592163,-0.0016644991701468825,-0.48418304324150085,163,474
0,3,0.576421856880188,2.5709564685821533,-0.03900080546736717,-0.36313727498054504,123,517
 , , , , , , , 
0,0,0.6399175524711609,1.2057958841323853,-0.014718287624418736,-0.48418304324150085,154,498
0,1,0.36708447337150574,1.1158112287521362,0.008039286360144615,-0.36313727498054504,406,343
0,2,1.0268445014953613,1.4180809259414673,-1.3165760040283203,-0.24209152162075043,112,537
0,3,0.49407586455345154,2.587916135787964,-0.046683017164468765,-0.24209152162075043,132,514
0,4,0.34525781869888306,3.665849208831787,0.07068424671888351,-0.12104576081037521,121,495
 , , , , , , , 
0,0,0.8333809971809387,1.5704022645950317,-0.012982743792235851,-0.48418304324150085,117,478
0,1,0.3303760290145874,1.1267147064208984,0.03487289696931839,-0.36313727498054504,385,360
0,2,0.6667047739028931,1.153673768043518,0.0502253919839859,-0.36313727498054504,141,513
0,3,0.9970808029174805,0.5491575002670288,-1.7968957424163818,-0.24209152162075043,155,522
 , , , , , , , 
0,0,1.1905442476272583,2.0593953132629395,-0.10525135695934296,-0.48418304324150085,135,488
0,1,0.3472420871257782,1.051778793334961,0.08884523808956146,-0.36313727498054504,390,350
0,2,0.7083738446235657,1.129120945930481,0.03568694368004799,-0.36313727498054504,135,538
0,3,0.650830864906311,2.5135207176208496,0.18954142928123474,-0.36313727498054504,167,511
 , , , , , , , 
0,0,0.32144695520401,1.0909193754196167,0.11330875754356384,-0.48418304324150085,376,360
0,1,1.2649532556533813,1.9911986589431763,0.3234252333641052,-0.48418304324150085,158,470
0,2,0.64289391040802,2.4883954524993896,-0.08704613894224167,-0.48418304324150085,119,481
0,3,0.6915078163146973,1.1020151376724243,0.041264403611421585,-0.36313727498054504,196,498
 , , , , , , , 
0,0,0.9931123852729797,2.2167208194732666,-0.2754440903663635,-0.8473203182220459,172,389
0,1,0.2500143051147461,1.0758297443389893,0.293862521648407,-0.48418304324150085,347,366
0,2,0.7143265604972839,2.4366579055786133,0.0562271811068058,-0.48418304324150085,128,494
0,3,0.7083738446235657,1.1293095350265503,0.02911098301410675,-0.36313727498054504,121,520
 , , , , , , , 
0,0,0.3928796052932739,0.9701084494590759,-0.046544335782527924,-0.48418304324150085,339,351
0,1,0.3472420871257782,1.0554872751235962,-0.00887329038232565,-0.48418304324150085,306,378
0,2,0.7321847081184387,1.0714445114135742,-0.10117001831531525,-0.48418304324150085,137,468
0,3,0.627020001411438,2.390650510787964,-0.42673400044441223,-0.48418304324150085,142,500
0,4,2.5973708629608154,1.261020541191101,-3.9455623626708984,-0.12104576081037521,140,450
 , , , , , , , 
0,0,0.7936961650848389,2.3983805179595947,-0.2618071734905243,-0.6052287817001343,116,495
0,1,0.33732086420059204,0.4121658504009247,0.938880205154419,-0.48418304324150085,318,359
0,2,0.6964684128761292,1.0218713283538818,0.06136861816048622,-0.36313727498054504,202,474
0,3,0.8413179516792297,1.4560681581497192,-0.05755850672721863,-0.36313727498054504,155,467
0,4,0.23215614259243011,3.695380449295044,0.296249121427536,-0.36313727498054504,143,465
0,5,1.2441186904907227,1.6025506258010864,-0.5239513516426086,-0.24209152162075043,133,549
0,6,0.972277820110321,1.2094086408615112,-0.10971005260944366,-0.12104576081037521,208,390
 , , , , , , , 
0,0,1.4018659591674805,1.8538479804992676,4.409351825714111,0.8473203182220459,124,384
0,1,0.5655085444450378,2.905832290649414,-0.5769495964050293,-0.8473203182220459,117,444
0,2,0.7837749719619751,2.3800766468048096,-0.10675754398107529,-0.7262745499610901,145,468
0,3,0.4444698691368103,0.8873143196105957,-0.21733815968036652,-0.48418304324150085,374,337
0,4,0.6786102652549744,0.9973981976509094,0.011401178315281868,-0.36313727498054504,187,462
0,5,0.2242191731929779,3.576284646987915,0.17355075478553772,-0.36313727498054504,173,493
0,6,0.23017188906669617,3.645524263381958,0.46885234117507935,-0.36313727498054504,143,472
0,7,0.972277820110321,1.2110261917114258,-0.09011717885732651,-0.12104576081037521,189,376
 , , , , , , , 
0,0,0.22322705388069153,2.369473695755005,0.07311856746673584,-0.8473203182220459,176,402
0,1,0.7053974866867065,2.4067203998565674,-0.024024825543165207,-0.8473203182220459,158,453
0,2,0.8036173582077026,2.442211866378784,0.052929725497961044,-0.8473203182220459,139,479
0,3,0.2539827823638916,0.9774925112724304,0.11007792502641678,-0.6052287817001343,359,361
0,4,-1.48818039894104,1.1826732158660889,-0.12303011864423752,-0.48418304324150085,146,505
0,5,0.22223493456840515,3.54746150970459,-0.09773023426532745,-0.48418304324150085,174,480
0,6,0.6786102652549744,0.9940096139907837,0.08293337374925613,-0.36313727498054504,189,468
0,7,0.5952721238136292,0.8762431144714355,1.1822282075881958,-0.24209152162075043,142,449
0,8,1.1409382820129395,1.0830142498016357,-0.21249552071094513,-0.24209152162075043,142,449
0,9,1.160780668258667,0.6622134447097778,-1.5724339485168457,-0.24209152162075043,191,510
 , , , , , , , 
0,0,1.7758952379226685,5.3894124031066895,-0.3088400363922119,-0.9683660864830017,113,411
0,1,0.6786102652549744,2.315380811691284,-0.016735976561903954,-0.8473203182220459,206,458
0,2,0.34525781869888306,0.8483519554138184,-0.0936032310128212,-0.6052287817001343,360,346
0,3,0.1904870867729187,0.982115626335144,0.17686040699481964,-0.6052287817001343,348,386
0,4,0.6607520580291748,0.9701240658760071,-0.04600430652499199,-0.48418304324150085,188,462
0,5,1.180623173713684,1.8767390251159668,-0.15105079114437103,-0.36313727498054504,119,511
0,6,0.5952721238136292,1.03230619430542,1.048717975616455,-0.24209152162075043,212,383
0,7,1.160780668258667,0.35985201597213745,-1.6678074598312378,-0.24209152162075043,147,534
 , , , , , , , 
0,0,0.13889683783054352,2.0980231761932373,-0.7196131348609924,-0.7262745499610901,155,455
0,1,1.9495162963867188,3.6716067790985107,-0.125319704413414,-0.7262745499610901,119,397
0,2,0.5952721238136292,2.2471368312835693,0.5153734087944031,-0.6052287817001343,114,474
0,3,0.17262890934944153,0.8731414079666138,0.2355608344078064,-0.48418304324150085,333,396
0,4,0.16667619347572327,1.768568992614746,-0.07237372547388077,-0.48418304324150085,205,463
0,5,0.6409096717834473,0.8192463517189026,-0.288500040769577,-0.36313727498054504,182,428
0,6,0.21429798007011414,3.4085800647735596,0.30349060893058777,-0.36313727498054504,177,495
0,7,-3.3216187953948975,0.844494640827179,-0.10062303394079208,-0.36313727498054504,177,495
0,8,0.22223493456840515,3.5397555828094482,0.2533091604709625,-0.36313727498054504,130,476
0,9,0.932593047618866,0.9997149705886841,-0.5977864265441895,-0.24209152162075043,134,405
0,10,0.5833666920661926,0.8754130005836487,1.1460214853286743,-0.12104576081037521,193,353
0,11,0.972277820110321,1.2072721719741821,0.13114683330059052,-0.12104576081037521,193,353
0,12,1.1429225206375122,1.0501881837844849,-1.3112196922302246,-0.12104576081037521,156,516
