frame,DetObj#,x,y,z,v,snr,noise
 , , , , , , , 
0,0,-0.2418464720249176,0.6554685235023499,-0.08281732350587845,0.09796791523694992,244,367
0,1,-0.25192341208457947,0.6853697896003723,-0.06243879720568657,0.09796791523694992,232,389
0,2,0.03664340451359749,0.5850167870521545,-0.012403558008372784,0.29390373826026917,310,343
0,3,-0.13466452062129974,0.5906609892845154,-0.10936081409454346,0.29390373826026917,295,357
0,4,0.05771336704492569,0.6102082133293152,-0.05735744535923004,0.29390373826026917,295,357
0,5,0.09893719106912613,0.5150413513183594,-0.058087799698114395,0.3918716609477997,283,339
0,6,0.10443370789289474,0.5433272123336792,-0.06415306031703949,0.3918716609477997,309,343
0,7,-0.0604616180062294,0.6405931115150452,0.04372361674904823,0.3918716609477997,275,389
0,8,-0.2821542024612427,0.29695022106170654,-0.49813294410705566,0.3918716609477997,275,389
0,9,-0.06320987641811371,0.6701323390007019,0.03905048221349716,0.3918716609477997,247,423
 , , , , , , , 
0,0,-0.13191625475883484,0.6808005571365356,-0.11872682720422745,0.19593583047389984,239,414
0,1,0.03847557678818703,0.6137554049491882,-0.028260745108127594,0.29390373826026917,397,342
0,2,0.04030774533748627,0.643118679523468,-0.02646804042160511,0.29390373826026917,373,362
0,3,0.042139917612075806,0.6724969744682312,-0.02387172356247902,0.29390373826026917,312,390
0,4,0.07328680902719498,0.5803412795066833,-0.039677008986473083,0.3918716609477997,374,338
0,5,0.08244766294956207,0.5211135745048523,0.008569666184484959,0.4898395836353302,266,329
0,6,0.0696224719285965,0.5525593757629395,0.0075721764005720615,0.4898395836353302,341,330
 , , , , , , , 
0,0,0.05221685394644737,0.5521222949028015,-0.051583223044872284,0.19593583047389984,307,343
0,1,0.05496510863304138,0.5815073251724243,-0.05068790912628174,0.19593583047389984,390,343
0,2,0.03847557678818703,0.6120215654373169,-0.05407407134771347,0.19593583047389984,429,348
0,3,0.04030774533748627,0.6410268545150757,-0.05819591134786606,0.19593583047389984,431,355
0,4,0.042139917612075806,0.6696561574935913,-0.0662018433213234,0.19593583047389984,392,374
0,5,0.06595812737941742,0.6946365833282471,-0.09009391069412231,0.19593583047389984,305,409
 , , , , , , , 
0,0,0.03664340451359749,0.5847739577293396,-0.02092532441020012,0.09796791523694992,307,335
0,1,0.03847557678818703,0.6140207052230835,-0.021747861057519913,0.09796791523694992,371,334
0,2,0.04030774533748627,0.6435141563415527,-0.013845984824001789,0.09796791523694992,389,336
0,3,0.06320987641811371,0.6711211800575256,0.014094374142587185,0.09796791523694992,367,344
0,4,-0.14748971164226532,0.5428606867790222,-0.3716811239719391,0.09796791523694992,367,344
0,5,-0.13191625475883484,0.6324535012245178,-0.2785463333129883,0.09796791523694992,308,367
0,6,-0.13741277158260345,0.7036230564117432,-0.1520790010690689,0.09796791523694992,230,408
0,7,-0.0696224719285965,0.5254681706428528,0.17106252908706665,0.29390373826026917,241,331
0,8,-0.05496510863304138,0.5661032199859619,0.1422925889492035,0.29390373826026917,290,333
 , , , , , , , 
0,0,0.07328680902719498,0.5811517834663391,-0.025156892836093903,0.09796791523694992,330,328
0,1,0.07695115357637405,0.6099924445152283,-0.031023338437080383,0.09796791523694992,392,331
0,2,0.0604616180062294,0.6406578421592712,-0.04276406764984131,0.09796791523694992,418,334
0,3,0.06320987641811371,0.6695056557655334,-0.0486261323094368,0.09796791523694992,409,343
0,4,0.043972086161375046,0.6988492012023926,-0.06829062849283218,0.09796791523694992,355,371
0,5,0.0,0.725405752658844,-0.10431794077157974,0.09796791523694992,273,413
 , , , , , , , 
0,0,0.018321702256798744,0.5854475498199463,-0.02562558650970459,0.09796791523694992,290,343
0,1,0.0,0.614187479019165,-0.04181453585624695,0.09796791523694992,343,347
0,2,-0.020153872668743134,0.6413482427597046,-0.06475403159856796,0.09796791523694992,368,348
0,3,-0.042139917612075806,0.6653715968132019,-0.10051196813583374,0.09796791523694992,364,353
0,4,-0.06595812737941742,0.6894843578338623,-0.1234838142991066,0.09796791523694992,327,377
0,5,-0.09160851687192917,0.7186745405197144,-0.11050144582986832,0.09796791523694992,259,412
 , , , , , , , 
0,0,0.03664340451359749,0.5800280570983887,-0.07723946124315262,0.09796791523694992,248,339
0,1,0.03847557678818703,0.5886152386665344,-0.17614339292049408,0.09796791523694992,291,342
0,2,-0.13741277158260345,0.6932368874549866,-0.19400016963481903,0.09796791523694992,278,396
0,3,0.13741277158260345,0.7123439311981201,0.1038246899843216,0.09796791523694992,278,396
0,4,0.08061549067497253,0.613726019859314,0.18102049827575684,0.19593583047389984,315,349
0,5,0.10534979403018951,0.6534489989280701,0.12846633791923523,0.19593583047389984,346,352
0,6,0.10993021726608276,0.6859082579612732,0.11150138825178146,0.19593583047389984,340,359
0,7,0.04030774533748627,0.6252217292785645,-0.15297038853168488,-0.09796791523694992,265,339
0,8,-0.1603149026632309,0.7149999737739563,-0.013035483658313751,-0.09796791523694992,260,360
0,9,-0.2143639177083969,0.7313581109046936,0.009278046898543835,-0.09796791523694992,225,390
 , , , , , , , 
0,0,0.03664340451359749,0.5846742391586304,-0.023547818884253502,0.09796791523694992,255,326
0,1,0.03847557678818703,0.6139860153198242,-0.022705957293510437,0.09796791523694992,337,324
0,2,0.0604616180062294,0.6419942378997803,0.010708375833928585,0.09796791523694992,381,325
0,3,0.06320987641811371,0.6706172227859497,0.02957764081656933,0.09796791523694992,406,332
0,4,0.043972086161375046,0.7018940448760986,0.019965343177318573,0.09796791523694992,389,348
0,5,-0.06870638579130173,0.7223222851753235,-0.10308098793029785,0.09796791523694992,344,381
0,6,-0.07145464420318604,0.7561166882514954,-0.06406589597463608,0.09796791523694992,263,423
 , , , , , , , 
0,0,0.018321702256798744,0.5856373310089111,-0.020842330530285835,0.09796791523694992,232,341
0,1,0.0,0.6155579686164856,-0.007942422293126583,0.09796791523694992,309,343
0,2,-0.020153872668743134,0.6445608139038086,0.007878312841057777,0.09796791523694992,351,342
0,3,-0.06320987641811371,0.6698347330093384,0.04386037588119507,0.09796791523694992,362,344
0,4,-0.06595812737941742,0.6855676174163818,0.143645241856575,0.09796791523694992,348,358
0,5,-0.06870638579130173,0.7093285918235779,0.1709621697664261,0.09796791523694992,310,387
0,6,0.1603149026632309,0.7128187417984009,-0.05730876326560974,0.09796791523694992,310,387
0,7,-0.07145464420318604,0.750575602054596,0.11159352958202362,0.09796791523694992,244,427
0,8,0.0,0.6539683938026428,-0.1640828549861908,-0.09796791523694992,306,337
 , , , , , , , 
0,0,0.0,0.6141101121902466,-0.04293562099337578,0.09796791523694992,300,339
0,1,-0.020153872668743134,0.6385036110877991,-0.08850887417793274,0.09796791523694992,366,339
0,2,-0.021069958806037903,0.666091799736023,-0.10235024988651276,0.09796791523694992,399,342
0,3,-0.043972086161375046,0.6916265487670898,-0.121270552277565,0.09796791523694992,394,355
0,4,-0.045804258435964584,0.7151259183883667,-0.1535990834236145,0.09796791523694992,348,381
0,5,-0.047636426985263824,0.7198582887649536,-0.24588102102279663,0.09796791523694992,262,419
 , , , , , , , 
0,0,0.07695115357637405,0.5971256494522095,-0.12842993438243866,0.09796791523694992,268,332
0,1,0.08061549067497253,0.628859281539917,-0.11816961318254471,0.09796791523694992,329,333
0,2,0.10534979403018951,0.6534174680709839,-0.12862654030323029,0.09796791523694992,359,333
0,3,-0.08427983522415161,0.6338769793510437,0.21376323699951172,0.09796791523694992,359,333
0,4,0.10993021726608276,0.6826663017272949,-0.12988238036632538,0.09796791523694992,350,342
0,5,-0.10993021726608276,0.635651707649231,0.2808017134666443,0.09796791523694992,350,342
0,6,0.13741277158260345,0.7092713117599487,-0.12307599931955338,0.09796791523694992,298,362
0,7,-0.11451064795255661,0.6423349976539612,0.33374959230422974,0.09796791523694992,298,362
0,8,-0.26200035214424133,0.7137370705604553,-0.053459376096725464,-0.09796791523694992,229,353
 , , , , , , , 
0,0,-0.04030774533748627,0.6376492977142334,0.0877814069390297,0.09796791523694992,306,342
0,1,-0.042139917612075806,0.6711011528968811,0.04945020005106926,0.09796791523694992,356,340
0,2,-0.043972086161375046,0.7018206119537354,0.022397978231310844,0.09796791523694992,370,341
0,3,-0.045804258435964584,0.7314331531524658,0.0017976918024942279,0.09796791523694992,340,355
0,4,0.0,0.7613374590873718,0.03588778153061867,0.09796791523694992,261,384
0,5,0.23818212747573853,0.6968827247619629,-0.1963324248790741,-0.6857753992080688,278,345
0,6,0.2720772922039032,0.7106114625930786,-0.21788465976715088,-0.6857753992080688,272,349
0,7,0.28215423226356506,0.7347888946533203,-0.2328241467475891,-0.6857753992080688,231,361
 , , , , , , , 
0,0,0.16123098134994507,0.6138919591903687,-0.11431583017110825,-0.5878074765205383,268,340
0,1,0.16855967044830322,0.6377109289169312,-0.13967880606651306,-0.5878074765205383,337,338
0,2,0.19787438213825226,0.6562395691871643,-0.15869061648845673,-0.5878074765205383,361,341
0,3,0.20611916482448578,0.6806719899177551,-0.17690736055374146,-0.5878074765205383,351,344
0,4,0.2143639177083969,0.7050787806510925,-0.1945112645626068,-0.5878074765205383,298,360
0,5,0.16123098134994507,0.6107819080352783,-0.12991128861904144,-0.3918716609477997,285,339
0,6,0.16855967044830322,0.6422971487045288,-0.11678960919380188,-0.3918716609477997,340,340
0,7,0.1539023071527481,0.6767048835754395,-0.11563709378242493,-0.3918716609477997,359,344
0,8,0.1603149026632309,0.7054854035377502,-0.11698368936777115,-0.3918716609477997,340,354
0,9,0.16672749817371368,0.732728898525238,-0.12740856409072876,-0.3918716609477997,277,379
0,10,0.11542673408985138,0.6029109954833984,-0.0463654100894928,-0.19593583047389984,250,329
0,11,0.1209232360124588,0.6316264271736145,-0.04850256070494652,-0.19593583047389984,315,330
0,12,0.10534979403018951,0.6642641425132751,-0.04745921492576599,-0.19593583047389984,344,333
 , , , , , , , 
0,0,-0.11451064795255661,0.7209250330924988,-0.06519309431314468,0.09796791523694992,318,342
0,1,-0.11909106373786926,0.7506797909736633,-0.05674383044242859,0.09796791523694992,276,362
0,2,0.13466452062129974,0.5994647145271301,-0.038500040769577026,-0.3918716609477997,334,344
0,3,0.14107710123062134,0.6273465752601624,-0.049602486193180084,-0.3918716609477997,396,346
0,4,0.14748971164226532,0.6553106904029846,-0.05841634050011635,-0.3918716609477997,422,347
0,5,0.1539023071527481,0.6830961108207703,-0.06841858476400375,-0.3918716609477997,409,357
0,6,0.1603149026632309,0.7101808190345764,-0.08389297872781754,-0.3918716609477997,347,385
0,7,0.16672749817371368,0.7344492077827454,-0.1170852780342102,-0.3918716609477997,263,408
0,8,0.03664340451359749,0.579022228717804,-0.08444934338331223,-0.09796791523694992,243,332
0,9,0.019237788394093513,0.606243371963501,-0.10523128509521484,-0.09796791523694992,320,331
0,10,0.020153872668743134,0.6334381699562073,-0.11948560178279877,-0.09796791523694992,357,332
 , , , , , , , 
0,0,0.7035533785820007,2.61955189704895,-0.7501723766326904,-0.5878074765205383,239,361
0,1,0.12825191020965576,0.571397066116333,-0.028249314054846764,-0.29390373826026917,272,338
0,2,0.13466452062129974,0.5998453497886658,-0.03202781081199646,-0.29390373826026917,347,338
0,3,0.14107710123062134,0.628301739692688,-0.035511668771505356,-0.29390373826026917,382,338
0,4,0.14748971164226532,0.6566852927207947,-0.04011214151978493,-0.29390373826026917,376,345
0,5,0.018321702256798744,0.5820990204811096,-0.0675739124417305,-0.09796791523694992,268,341
0,6,0.019237788394093513,0.6111023426055908,-0.07182320207357407,-0.09796791523694992,350,341
0,7,0.020153872668743134,0.6407378315925598,-0.07053893804550171,-0.09796791523694992,394,341
0,8,0.0,0.6699826717376709,-0.0756373330950737,-0.09796791523694992,411,343
0,9,-0.021986043080687523,0.7001391649246216,-0.06564382463693619,-0.09796791523694992,393,362
0,10,-0.045804258435964584,0.7307505011558533,-0.03164507448673248,-0.09796791523694992,342,399
0,11,-0.047636426985263824,0.7606644034385681,0.006570075172930956,-0.09796791523694992,264,443
 , , , , , , , 
0,0,0.018321702256798744,0.5834479331970215,-0.054717645049095154,-0.09796791523694992,309,338
0,1,0.03847557678818703,0.6133430004119873,-0.03612098470330238,-0.09796791523694992,380,340
0,2,0.04030774533748627,0.6429954767227173,-0.02930852212011814,-0.09796791523694992,412,344
0,3,0.06320987641811371,0.6711958050727844,-0.009925248101353645,-0.09796791523694992,405,354
0,4,0.06595812737941742,0.700347363948822,0.012265872210264206,-0.09796791523694992,363,378
0,5,0.045804258435964584,0.7295770645141602,0.052105579525232315,-0.09796791523694992,290,419
 , , , , , , , 
0,0,0.017405617982149124,0.5297505855560303,-0.17113685607910156,-0.09796791523694992,229,332
0,1,0.03664340451359749,0.5646607875823975,-0.15348173677921295,-0.09796791523694992,323,329
0,2,0.03847557678818703,0.5996429324150085,-0.13387566804885864,-0.09796791523694992,382,326
0,3,0.04030774533748627,0.6349337100982666,-0.1056474894285202,-0.09796791523694992,406,328
0,4,0.0,0.6659152507781982,-0.10561592876911163,-0.09796791523694992,397,339
0,5,-0.043972086161375046,0.6943206191062927,-0.10475058853626251,-0.09796791523694992,375,368
0,6,-0.045804258435964584,0.7286490201950073,-0.06378345191478729,-0.09796791523694992,322,410
0,7,-0.023818213492631912,0.7614568471908569,-0.023213064298033714,-0.09796791523694992,241,460
 , , , , , , , 
0,0,0.08702808618545532,0.5500829815864563,0.0078301802277565,-0.09796791523694992,245,338
0,1,0.07328680902719498,0.5814820528030396,-0.015776243060827255,-0.09796791523694992,328,339
0,2,0.05771336704492569,0.6106376051902771,-0.052589330822229385,-0.09796791523694992,372,338
0,3,0.0604616180062294,0.6325458288192749,-0.11025892943143845,-0.09796791523694992,383,342
0,4,0.042139917612075806,0.6396384835243225,-0.20900878310203552,-0.09796791523694992,358,358
0,5,-0.10993021726608276,0.6941355466842651,-0.032840877771377563,-0.09796791523694992,337,391
0,6,-0.11451064795255661,0.7232820987701416,-0.029087619855999947,-0.09796791523694992,289,432
 , , , , , , , 
0,0,0.05221685394644737,0.5544214844703674,0.010801409371197224,-0.09796791523694992,259,329
0,1,0.05496510863304138,0.583671510219574,0.00690376665443182,-0.09796791523694992,349,327
0,2,0.05771336704492569,0.6128968000411987,0.001177256810478866,-0.09796791523694992,387,332
0,3,0.0604616180062294,0.6420629620552063,-0.005138761829584837,-0.09796791523694992,392,336
0,4,0.06320987641811371,0.6711768507957458,-0.01113183330744505,-0.09796791523694992,355,350
0,5,0.08794417232275009,0.6979523301124573,0.010757886804640293,-0.09796791523694992,275,383
 , , , , , , , 
0,0,0.12825191020965576,0.5602326393127441,-0.11589657515287399,0.09796791523694992,275,330
0,1,0.0696224719285965,0.5526041984558105,-0.0027949411887675524,-0.09796791523694992,232,341
0,2,0.07328680902719498,0.5816436409950256,0.007805299013853073,-0.09796791523694992,314,342
0,3,0.07695115357637405,0.6107253432273865,0.008236558176577091,-0.09796791523694992,357,340
0,4,0.08061549067497253,0.6397618651390076,-0.011522285640239716,-0.09796791523694992,358,345
0,5,-0.1209232360124588,0.5383068323135376,0.3339613974094391,-0.09796791523694992,358,345
0,6,-0.08427983522415161,0.6619366407394409,0.09661560505628586,-0.09796791523694992,340,358
0,7,-0.06595812737941742,0.7003067135810852,-0.014401408843696117,-0.09796791523694992,317,388
0,8,-0.06870638579130173,0.7257645726203918,-0.07510638982057571,-0.09796791523694992,249,427
 , , , , , , , 
0,0,0.16489532589912415,0.5593221783638,-0.060905490070581436,0.09796791523694992,246,334
0,1,0.17314009368419647,0.5872805118560791,-0.06402222067117691,0.09796791523694992,276,336
0,2,0.07328680902719498,0.5806471705436707,0.03491600230336189,-0.09796791523694992,289,323
0,3,0.07695115357637405,0.6099167466163635,0.032477639615535736,-0.09796791523694992,322,329
0,4,-0.08061549067497253,0.6337730288505554,-0.08808984607458115,-0.09796791523694992,363,333
0,5,-0.06320987641811371,0.6690269708633423,-0.05482006072998047,-0.09796791523694992,387,344
0,6,-0.06595812737941742,0.6980194449424744,-0.0583588182926178,-0.09796791523694992,365,368
0,7,-0.09160851687192917,0.7205761671066284,-0.09733256697654724,-0.09796791523694992,300,402
 , , , , , , , 
0,0,0.12825191020965576,0.5715545415878296,-0.024861061945557594,0.09796791523694992,267,340
0,1,0.13466452062129974,0.6001316905021667,-0.026118285953998566,0.09796791523694992,297,343
0,2,0.1209232360124588,0.6334830522537231,0.001922930940054357,0.09796791523694992,304,346
0,3,0.139244943857193,0.5315389037132263,-0.09112469851970673,-0.09796791523694992,250,341
0,4,0.14657361805438995,0.5582533478736877,-0.10300758481025696,-0.09796791523694992,320,340
0,5,0.1539023071527481,0.5860375761985779,-0.1088520884513855,-0.09796791523694992,354,340
0,6,0.1209232360124588,0.6303889155387878,-0.06256402283906937,-0.09796791523694992,363,344
0,7,-0.06320987641811371,0.6568714380264282,-0.1382831335067749,-0.09796791523694992,345,359
0,8,-0.06595812737941742,0.6954143047332764,-0.08387992531061172,-0.09796791523694992,319,388
0,9,-0.06870638579130173,0.7277032732963562,-0.05313319340348244,-0.09796791523694992,251,426
 , , , , , , , 
0,0,0.15665055811405182,0.5307700634002686,-0.0630096048116684,-0.09796791523694992,293,340
0,1,0.16489532589912415,0.5590642690658569,-0.0632287859916687,-0.09796791523694992,361,343
0,2,0.17314009368419647,0.58685702085495,-0.06779439747333527,-0.09796791523694992,389,344
0,3,0.1813848614692688,0.6143483519554138,-0.07484994828701019,-0.09796791523694992,381,350
0,4,0.21069958806037903,0.635999321937561,-0.07555366307497025,-0.09796791523694992,324,371
 , , , , , , , 
0,0,0.16489532589912415,0.5523490309715271,-0.10705728828907013,0.09796791523694992,252,339
0,1,0.0,0.5553159117698669,0.18805699050426483,0.09796791523694992,252,339
0,2,0.17314009368419647,0.5772435665130615,-0.12564678490161896,0.09796791523694992,282,338
0,3,0.019237788394093513,0.5995656251907349,0.13829569518566132,0.09796791523694992,282,338
0,4,0.04030774533748627,0.6363429427146912,0.09679780900478363,0.09796791523694992,287,338
0,5,0.20153872668743134,0.5902636051177979,-0.1640058010816574,0.09796791523694992,287,338
0,6,0.06320987641811371,0.6670399904251099,0.07523246854543686,0.09796791523694992,256,347
0,7,0.17405617237091064,0.5154319405555725,-0.11941881477832794,-0.09796791523694992,254,330
0,8,-0.017405617982149124,0.5124002695083618,0.21764521300792694,-0.09796791523694992,254,330
0,9,0.18321701884269714,0.5395509004592896,-0.1380491554737091,-0.09796791523694992,310,334
0,10,0.0,0.5621923804283142,0.16637586057186127,-0.09796791523694992,310,334
0,11,0.019237788394093513,0.6036530137062073,0.11919606477022171,-0.09796791523694992,333,336
0,12,0.2116156667470932,0.5552594065666199,-0.16087427735328674,-0.09796791523694992,333,336
0,13,0.020153872668743134,0.6397191882133484,0.0792466476559639,-0.09796791523694992,328,339
0,14,0.22169259190559387,0.5750197172164917,-0.1900830715894699,-0.09796791523694992,328,339
0,15,0.042139917612075806,0.6717106103897095,0.0403345562517643,-0.09796791523694992,285,359
 , , , , , , , 
0,0,0.10993021726608276,0.5758621692657471,0.006268520839512348,0.09796791523694992,242,340
0,1,0.11542673408985138,0.604661762714386,-0.005962052848190069,0.09796791523694992,275,341
0,2,0.1209232360124588,0.6330382227897644,-0.023812592029571533,0.09796791523694992,276,344
0,3,0.12641975283622742,0.6603179574012756,-0.05095171183347702,0.09796791523694992,240,354
0,4,0.09160850942134857,0.5770769119262695,-0.04828415438532829,-0.09796791523694992,277,329
0,5,0.11542673408985138,0.598289966583252,-0.08775247633457184,-0.09796791523694992,307,326
0,6,0.1209232360124588,0.6244645714759827,-0.10652893781661987,-0.09796791523694992,303,327
0,7,0.12641975283622742,0.6524757146835327,-0.11353986710309982,-0.09796791523694992,258,339
0,8,-0.08427983522415161,0.588700532913208,0.3176892101764679,-0.09796791523694992,258,339
 , , , , , , , 
0,0,0.18321701884269714,0.5537487864494324,-0.05945579707622528,0.09796791523694992,233,333
0,1,0.19237788021564484,0.5825750827789307,-0.050712719559669495,0.09796791523694992,248,334
0,2,0.16123098134994507,0.6193569302558899,-0.07955122739076614,0.09796791523694992,238,334
0,3,0.07328680902719498,0.5720574855804443,-0.10545388609170914,-0.09796791523694992,237,336
0,4,0.07695115357637405,0.5972266793251038,-0.12795908749103546,-0.09796791523694992,265,338
0,5,0.08061549067497253,0.6214582920074463,-0.1523733139038086,-0.09796791523694992,261,340
 , , , , , , , 
0,0,0.2116156667470932,0.5751122832298279,-0.058646347373723984,0.09796791523694992,233,333
0,1,0.019237788394093513,0.44551706314086914,-0.424404501914978,0.09796791523694992,233,333
0,2,0.20153872668743134,0.5247372388839722,-0.16665580868721008,-0.09796791523694992,274,326
0,3,0.23085346817970276,0.5427481532096863,-0.1763685792684555,-0.09796791523694992,290,326
0,4,0.2418464720249176,0.5630814433097839,-0.2009388953447342,-0.09796791523694992,274,326
 , , , , , , , 
0,0,0.15665055811405182,0.5342180132865906,0.017267152667045593,0.09796791523694992,236,329
0,1,0.16489532589912415,0.5623641014099121,0.017244141548871994,0.09796791523694992,289,333
0,2,0.17314009368419647,0.5905992984771729,0.013773645274341106,0.09796791523694992,308,335
0,3,0.1813848614692688,0.618847668170929,0.00734653789550066,0.09796791523694992,293,337
0,4,0.21069958806037903,0.6403713226318359,0.011314666830003262,0.09796791523694992,228,353
0,5,0.17405617237091064,0.522038996219635,-0.08605941385030746,-0.09796791523694992,291,332
0,6,0.18321701884269714,0.5497230887413025,-0.08931559324264526,-0.09796791523694992,347,334
0,7,0.19237788021564484,0.5772426128387451,-0.09357602149248123,-0.09796791523694992,363,337
0,8,0.20153872668743134,0.604549765586853,-0.09913919866085052,-0.09796791523694992,344,344
0,9,0.23176954686641693,0.6265792846679688,-0.09098955988883972,-0.09796791523694992,274,368
 , , , , , , , 
0,0,-0.06320987641811371,0.6708380579948425,0.02405492775142193,0.09796791523694992,264,362
0,1,-0.06595812737941742,0.7002344131469727,0.017568152397871017,0.09796791523694992,243,385
0,2,0.17405617237091064,0.5223751068115234,-0.08399508893489838,-0.09796791523694992,280,331
0,3,0.18321701884269714,0.5504555106163025,-0.08468437194824219,-0.09796791523694992,337,332
0,4,0.19237788021564484,0.578081488609314,-0.08824557065963745,-0.09796791523694992,357,333
0,5,0.20153872668743134,0.6058868169784546,-0.09060989320278168,-0.09796791523694992,340,337
0,6,0.21069958806037903,0.633854329586029,-0.09182674437761307,-0.09796791523694992,278,358
 , , , , , , , 
0,0,-0.04030774533748627,0.6349893808364868,0.10531219094991684,0.09796791523694992,304,324
0,1,0.22169259190559387,0.6056123375892639,-0.0036004027351737022,0.09796791523694992,304,324
0,2,-0.06320987641811371,0.671167254447937,0.01169765554368496,0.09796791523694992,309,337
0,3,-0.06595812737941742,0.7003966569900513,-0.009022001177072525,0.09796791523694992,282,363
0,4,0.17405617237091064,0.5201739072799683,-0.09669535607099533,-0.09796791523694992,283,328
0,5,0.18321701884269714,0.5487456917762756,-0.09513618052005768,-0.09796791523694992,335,328
0,6,0.19237788021564484,0.5764965415000916,-0.09806759655475616,-0.09796791523694992,349,329
0,7,0.20153872668743134,0.6037323474884033,-0.10400139540433884,-0.09796791523694992,324,336
0,8,-0.021069958806037903,0.6630139946937561,0.12069110572338104,-0.09796791523694992,265,359
0,9,0.23176954686641693,0.627082109451294,-0.0874570980668068,-0.09796791523694992,265,359
 , , , , , , , 
0,0,-0.08061549067497253,0.6398648023605347,0.001049650483764708,0.09796791523694992,271,345
0,1,-0.10534979403018951,0.6645911335945129,-0.04263610020279884,0.09796791523694992,296,349
0,2,-0.10993021726608276,0.6924821138381958,-0.05806201696395874,0.09796791523694992,281,364
0,3,-0.13741277158260345,0.7180046439170837,-0.05179516598582268,0.09796791523694992,240,388
0,4,0.10993021726608276,0.5736775398254395,-0.0505036860704422,-0.09796791523694992,226,329
0,5,0.11542673408985138,0.6013182401657104,-0.06377927213907242,-0.09796791523694992,257,331
0,6,0.10076936334371567,0.6257246732711792,-0.11933600157499313,-0.09796791523694992,265,333
0,7,-0.06320987641811371,0.6683006882667542,-0.06305962800979614,-0.09796791523694992,271,343
0,8,-0.08794417232275009,0.6875243186950684,-0.12067946791648865,-0.09796791523694992,246,366
 , , , , , , , 
0,0,0.17405617237091064,0.5192667841911316,-0.101453997194767,0.09796791523694992,271,332
0,1,0.18321701884269714,0.5496712327003479,-0.08963420987129211,0.09796791523694992,313,332
0,2,0.19237788021564484,0.5790889263153076,-0.08137275278568268,0.09796791523694992,316,337
0,3,0.20153872668743134,0.6077464818954468,-0.07715731114149094,0.09796791523694992,283,344
0,4,-0.08427983522415161,0.6604002118110657,-0.10661276429891586,0.09796791523694992,233,367
0,5,0.25283950567245483,0.613334059715271,-0.12037992477416992,0.09796791523694992,233,367
0,6,0.05771336704492569,0.5592808723449707,-0.25069671869277954,-0.09796791523694992,283,331
0,7,0.04030774533748627,0.5775936245918274,-0.2840559482574463,-0.09796791523694992,284,334
0,8,0.021069958806037903,0.609663188457489,-0.28716665506362915,-0.09796791523694992,250,344
 , , , , , , , 
0,0,0.1484057903289795,0.5052227973937988,-0.03399987518787384,0.09796791523694992,238,326
0,1,0.15665055811405182,0.5332154631614685,-0.03699059039354324,0.09796791523694992,339,324
0,2,0.16489532589912415,0.5611880421638489,-0.04023360088467598,0.09796791523694992,388,327
0,3,0.17314009368419647,0.5890972018241882,-0.04429164528846741,0.09796791523694992,402,329
0,4,0.1813848614692688,0.6169260740280151,-0.049281273037195206,0.09796791523694992,375,341
0,5,0.18962962925434113,0.6448710560798645,-0.05272305756807327,0.09796791523694992,297,372
 , , , , , , , 
0,0,0.12825191020965576,0.565295934677124,-0.08793840557336807,0.09796791523694992,274,337
0,1,0.13466452062129974,0.5943045020103455,-0.0874205231666565,0.09796791523694992,296,337
0,2,0.1209232360124588,0.6246566772460938,-0.10539697855710983,0.09796791523694992,283,340
0,3,0.10534979403018951,0.6542073488235474,-0.12454695254564285,0.09796791523694992,237,355
 , , , , , , , 
0,0,0.10993021726608276,0.5529725551605225,-0.1608661711215973,0.09796791523694992,236,329
0,1,-0.09160850942134857,0.5275170803070068,0.23890331387519836,0.09796791523694992,236,329
0,2,-0.07695115357637405,0.5945607423782349,0.1398240625858307,0.09796791523694992,282,330
0,3,-0.08061549067497253,0.6367473006248474,0.06309442967176437,0.09796791523694992,323,333
0,4,-0.08427983522415161,0.6687497496604919,0.01638673059642315,0.09796791523694992,332,342
0,5,-0.06595812737941742,0.700395941734314,0.009075936861336231,0.09796791523694992,301,363
0,6,-0.06870638579130173,0.7293446660041809,0.020771395415067673,0.09796791523694992,235,395
0,7,-0.03847557678818703,0.61146080493927,0.060083791613578796,-0.09796791523694992,229,346
0,8,0.17314009368419647,0.5428194999694824,-0.23311841487884521,-0.09796791523694992,229,346
0,9,-0.0604616180062294,0.6407646536827087,-0.04113275557756424,-0.09796791523694992,266,347
0,10,-0.06320987641811371,0.6656521558761597,-0.08665738254785538,-0.09796791523694992,279,356
0,11,-0.06595812737941742,0.6938724517822266,-0.09580137580633163,-0.09796791523694992,250,378
 , , , , , , , 
0,0,-0.08061549067497253,0.6335315108299255,-0.0898100808262825,0.09796791523694992,307,332
0,1,-0.08427983522415161,0.6669695973396301,-0.051441896706819534,0.09796791523694992,336,343
0,2,-0.08794417232275009,0.6966341137886047,-0.04420488327741623,0.09796791523694992,315,367
0,3,-0.09160851687192917,0.7252619862556458,-0.05194922909140587,0.09796791523694992,256,400
0,4,0.17405617237091064,0.5168447494506836,-0.11314788460731506,-0.09796791523694992,283,340
0,5,0.18321701884269714,0.5471242666244507,-0.10405664145946503,-0.09796791523694992,337,344
0,6,0.19237788021564484,0.5752394795417786,-0.10519035160541534,-0.09796791523694992,356,346
0,7,0.20153872668743134,0.6025511026382446,-0.11063975840806961,-0.09796791523694992,337,353
0,8,-0.06320987641811371,0.581190288066864,-0.3358871638774872,-0.09796791523694992,276,375
0,9,0.18962962925434113,0.6395679712295532,-0.09793470054864883,-0.09796791523694992,276,375
0,10,-0.06595812737941742,0.6715372800827026,-0.19918473064899445,-0.09796791523694992,231,409
 , , , , , , , 
0,0,-0.10076936334371567,0.6291857957839966,-0.0994868129491806,0.09796791523694992,275,344
0,1,-0.10534979403018951,0.6603423953056335,-0.08629667013883591,0.09796791523694992,298,353
0,2,-0.08794417232275009,0.6926137208938599,-0.086829774081707,0.09796791523694992,275,376
0,3,0.17405617237091064,0.5237077474594116,-0.07524034380912781,-0.09796791523694992,276,324
0,4,0.18321701884269714,0.551624596118927,-0.07670092582702637,-0.09796791523694992,328,327
0,5,0.19237788021564484,0.5795314311981201,-0.07815918326377869,-0.09796791523694992,341,330
0,6,0.20153872668743134,0.6082053780555725,-0.07345212996006012,-0.09796791523694992,315,335
0,7,-0.08427983522415161,0.6625206470489502,-0.09252618998289108,-0.09796791523694992,266,354
0,8,-0.08794417232275009,0.6822316646575928,-0.14769268035888672,-0.09796791523694992,232,391
 , , , , , , , 
0,0,0.16489532589912415,0.562362551689148,-0.017293833196163177,0.09796791523694992,270,330
0,1,0.17314009368419647,0.5907300114631653,-0.0059400759637355804,0.09796791523694992,284,332
0,2,0.1813848614692688,0.6188164353370667,-0.009625837206840515,0.09796791523694992,269,334
0,3,0.15665055811405182,0.53281170129776,-0.04241186007857323,-0.09796791523694992,247,338
0,4,0.14657361805438995,0.5655160546302795,-0.04948715493083,-0.09796791523694992,301,340
0,5,0.1539023071527481,0.5935975909233093,-0.05413571372628212,-0.09796791523694992,321,340
0,6,0.16123098134994507,0.6208744049072266,-0.06668175756931305,-0.09796791523694992,308,341
0,7,0.18962962925434113,0.640207052230835,-0.0936661958694458,-0.09796791523694992,244,360
 , , , , , , , 
0,0,0.10993021726608276,0.5636646747589111,0.11806207150220871,0.09796791523694992,277,332
0,1,0.13466452062129974,0.5926140546798706,0.09822825342416763,0.09796791523694992,303,334
0,2,0.14107710123062134,0.6267311573028564,0.05685235559940338,0.09796791523694992,296,337
0,3,-0.10076936334371567,0.3034918010234833,0.5600581765174866,0.09796791523694992,296,337
0,4,-0.08427983522415161,0.6646586060523987,0.07565491646528244,0.09796791523694992,259,352
0,5,-0.06595812737941742,0.699069619178772,0.0440293587744236,0.09796791523694992,241,379
0,6,0.14657361805438995,0.5666094422340393,-0.034801118075847626,-0.09796791523694992,263,345
0,7,0.1539023071527481,0.5941755175590515,-0.04737380892038345,-0.09796791523694992,285,345
0,8,-0.08061549067497253,0.5052052736282349,0.39267754554748535,-0.09796791523694992,280,342
0,9,0.16123098134994507,0.6201885938644409,-0.07278434187173843,-0.09796791523694992,280,342
0,10,-0.06320987641811371,0.6712582111358643,0.003835640149191022,-0.09796791523694992,280,353
0,11,-0.043972086161375046,0.7015795111656189,-0.028982510790228844,-0.09796791523694992,266,379
 , , , , , , , 
0,0,0.18321701884269714,0.5556968450546265,-0.0370643176138401,0.09796791523694992,252,323
0,1,0.2116156667470932,0.5772871971130371,-0.03054651990532875,0.09796791523694992,261,326
0,2,-0.08061549067497253,0.638662576675415,0.03921943157911301,0.09796791523694992,249,328
0,3,0.22169259190559387,0.6056216955184937,-0.001270888838917017,0.09796791523694992,249,328
0,4,-0.08427983522415161,0.6689329147338867,-0.00484749348834157,0.09796791523694992,257,341
0,5,-0.08794417232275009,0.6980289816856384,0.0029537216760218143,0.09796791523694992,231,365
0,6,-0.08061549067497253,0.6293162107467651,-0.11571139842271805,-0.09796791523694992,246,335
0,7,-0.08427983522415161,0.660578727722168,-0.10550092905759811,-0.09796791523694992,269,345
0,8,-0.06595812737941742,0.6946731209754944,-0.08981157094240189,-0.09796791523694992,246,367
 , , , , , , , 
0,0,0.18321701884269714,0.553223729133606,-0.06415801495313644,0.09796791523694992,230,334
0,1,0.19237788021564484,0.5806876420974731,-0.0690462589263916,0.09796791523694992,246,333
0,2,-0.019237788394093513,0.2290826290845871,0.5710742473602295,0.09796791523694992,246,333
0,3,0.20153872668743134,0.6089811325073242,-0.06671565771102905,0.09796791523694992,226,335
0,4,-0.020153872668743134,0.6183985471725464,0.18194480240345,0.09796791523694992,226,335
0,5,0.19146180152893066,0.49870893359184265,-0.15766498446464539,-0.09796791523694992,236,335
0,6,0.20153872668743134,0.5234096646308899,-0.17077967524528503,-0.09796791523694992,281,337
0,7,0.2116156667470932,0.5481674075126648,-0.18359214067459106,-0.09796791523694992,296,335
0,8,0.22169259190559387,0.571869969367981,-0.1993589550256729,-0.09796791523694992,274,339
 , , , , , , , 
0,0,0.2116156667470932,0.5711207389831543,-0.08952461928129196,0.09796791523694992,232,342
0,1,0.019237788394093513,0.5559032559394836,0.2637730538845062,0.09796791523694992,232,342
0,2,0.0,0.6270312666893005,0.15085968375205994,0.09796791523694992,260,337
0,3,0.2418464720249176,0.5906222462654114,-0.09274963289499283,0.09796791523694992,260,337
0,4,-0.08427983522415161,0.6670389175415039,-0.05053463205695152,0.09796791523694992,262,344
0,5,-0.08794417232275009,0.6959262490272522,-0.05422021076083183,0.09796791523694992,244,363
0,6,0.20153872668743134,0.531913697719574,-0.1420956552028656,-0.09796791523694992,270,345
0,7,0.2116156667470932,0.5605037212371826,-0.14152443408966064,-0.09796791523694992,276,350
0,8,0.22169259190559387,0.5896267294883728,-0.1382737159729004,-0.09796791523694992,241,356
 , , , , , , , 
0,0,0.18321701884269714,0.5552003383636475,-0.04387807846069336,0.09796791523694992,227,334
0,1,-0.10076936334371567,0.6311114430427551,-0.08643356710672379,0.09796791523694992,270,340
0,2,-0.08427983522415161,0.6643906235694885,-0.07797301560640335,0.09796791523694992,287,352
0,3,-0.08794417232275009,0.6935168504714966,-0.07929397374391556,0.09796791523694992,265,373
0,4,0.17405617237091064,0.5187957286834717,-0.10383597016334534,-0.09796791523694992,237,334
0,5,0.18321701884269714,0.5472412109375,-0.10343983769416809,-0.09796791523694992,295,331
0,6,0.19237788021564484,0.5742995738983154,-0.11020661890506744,-0.09796791523694992,312,331
0,7,0.22169259190559387,0.5949916839599609,-0.11297862231731415,-0.09796791523694992,288,337
0,8,-0.08427983522415161,0.640168309211731,-0.19411148130893707,-0.09796791523694992,266,353
0,9,-0.08794417232275009,0.6730246543884277,-0.18517829477787018,-0.09796791523694992,237,382
 , , , , , , , 
0,0,0.14657361805438995,0.5675438046455383,-0.012304759584367275,0.09796791523694992,256,340
0,1,0.1539023071527481,0.5955559015274048,-0.024534769356250763,0.09796791523694992,276,339
0,2,-0.08061549067497253,0.632964015007019,0.09372636675834656,0.09796791523694992,275,337
0,3,-0.08427983522415161,0.6689234375953674,0.006011253222823143,0.09796791523694992,287,352
0,4,-0.08794417232275009,0.6968979239463806,-0.039830274879932404,0.09796791523694992,262,377
0,5,0.15665055811405182,0.529942512512207,-0.06962737441062927,-0.09796791523694992,258,334
0,6,0.16489532589912415,0.5575825572013855,-0.07518251985311508,-0.09796791523694992,307,337
0,7,0.17314009368419647,0.5848015546798706,-0.08369214832782745,-0.09796791523694992,315,344
0,8,0.1813848614692688,0.6114044785499573,-0.09597384184598923,-0.09796791523694992,293,351
0,9,-0.06320987641811371,0.6685986518859863,0.05981738120317459,-0.09796791523694992,240,371
 , , , , , , , 
0,0,-0.08427983522415161,0.6641867756843567,-0.07969102263450623,0.09796791523694992,259,357
0,1,-0.10993021726608276,0.6905531883239746,-0.07771117985248566,0.09796791523694992,253,371
0,2,-0.08427983522415161,0.6425808072090149,-0.18596938252449036,-0.09796791523694992,250,340
0,3,-0.08794417232275009,0.6773465275764465,-0.16868574917316437,-0.09796791523694992,244,354
 , , , , , , , 
0,0,0.21986043453216553,0.4982840120792389,-0.21706132590770721,0.09796791523694992,258,345
0,1,0.2116156667470932,0.5522289276123047,-0.17098762094974518,0.09796791523694992,267,348
0,2,-0.04030774533748627,0.5870718359947205,0.2639106512069702,0.09796791523694992,254,355
0,3,0.20153872668743134,0.6023253798484802,-0.11186223477125168,0.09796791523694992,254,355
0,4,-0.08427983522415161,0.6683161854743958,0.02912404201924801,0.09796791523694992,242,372
0,5,-0.08794417232275009,0.6980333924293518,-0.0015924492618069053,0.09796791523694992,231,398
0,6,-0.08427983522415161,0.6547355055809021,-0.13717198371887207,-0.09796791523694992,256,335
0,7,-0.08794417232275009,0.6849486827850342,-0.13453055918216705,-0.09796791523694992,255,348
 , , , , , , , 
0,0,0.10443370789289474,0.5402095317840576,0.08656638860702515,0.09796791523694992,283,336
0,1,0.10993021726608276,0.5718165636062622,0.06842779368162155,0.09796791523694992,339,336
0,2,0.13466452062129974,0.5985155701637268,0.05117937922477722,0.09796791523694992,352,341
0,3,0.14107710123062134,0.6283634901046753,0.03440161421895027,0.09796791523694992,328,349
0,4,0.14748971164226532,0.6579048037528992,0.002410169458016753,0.09796791523694992,255,371
0,5,-0.021069958806037903,0.6733910441398621,-0.026426490396261215,-0.09796791523694992,240,341
 , , , , , , , 
0,0,0.05496510863304138,0.5830606818199158,-0.02757379040122032,0.09796791523694992,267,336
0,1,0.05771336704492569,0.6123635172843933,-0.02559022046625614,0.09796791523694992,308,336
0,2,0.0604616180062294,0.641827404499054,-0.0181328933686018,0.09796791523694992,315,336
0,3,0.08427983522415161,0.6689400672912598,-0.0037256814539432526,0.09796791523694992,278,342
0,4,-0.14748971164226532,0.5022549033164978,-0.4249524474143982,0.09796791523694992,278,342
0,5,-0.13191625475883484,0.6819663643836975,-0.11183619499206543,0.09796791523694992,237,365
0,6,0.12825191020965576,0.5520978569984436,-0.14993546903133392,-0.09796791523694992,238,333
0,7,0.09618894010782242,0.5961391925811768,-0.11975192278623581,-0.09796791523694992,266,338
0,8,0.10076936334371567,0.6275349259376526,-0.10941798985004425,-0.09796791523694992,269,342
0,9,-0.12641975283622742,0.5227906107902527,-0.4065782129764557,-0.09796791523694992,230,353
0,10,0.10534979403018951,0.6606544852256775,-0.08387413620948792,-0.09796791523694992,230,353
 , , , , , , , 
0,0,0.018321702256798744,0.5857772827148438,0.016446946188807487,0.09796791523694992,292,336
0,1,0.019237788394093513,0.6152750849723816,-0.006421975791454315,0.09796791523694992,334,338
0,2,0.020153872668743134,0.6441875696182251,-0.023304173722863197,0.09796791523694992,344,342
0,3,0.0,0.6735656261444092,-0.030119113624095917,0.09796791523694992,318,353
0,4,-0.043972086161375046,0.7019995450973511,-0.015827016904950142,0.09796791523694992,269,379
0,5,0.19146180152893066,0.48806455731391907,-0.188047394156456,-0.09796791523694992,235,326
0,6,0.20153872668743134,0.5181355476379395,-0.18616904318332672,-0.09796791523694992,272,329
0,7,0.0,0.5336565971374512,0.2428000271320343,-0.09796791523694992,272,329
0,8,-0.021069958806037903,0.6709957718849182,-0.06259819865226746,-0.09796791523694992,249,368
 , , , , , , , 
0,0,0.07328680902719498,0.5807273387908936,-0.03355586901307106,0.09796791523694992,293,342
0,1,0.07695115357637405,0.6095134019851685,-0.039327871054410934,0.09796791523694992,332,345
0,2,0.0604616180062294,0.6402466893196106,-0.048533063381910324,0.09796791523694992,335,349
0,3,0.08427983522415161,0.6672074198722839,-0.04825923219323158,0.09796791523694992,303,360
0,4,0.12825191020965576,0.563518226146698,-0.0986906886100769,-0.09796791523694992,258,330
0,5,0.11542673408985138,0.5936183929443359,-0.1151895523071289,-0.09796791523694992,286,332
0,6,0.10076936334371567,0.6218265891075134,-0.13821767270565033,-0.09796791523694992,292,335
0,7,0.10534979403018951,0.6463207006454468,-0.16052637994289398,-0.09796791523694992,253,347
 , , , , , , , 
0,0,0.05771336704492569,0.6126587390899658,0.017122097313404083,0.09796791523694992,245,331
0,1,0.0,0.6449184417724609,-0.0026653027161955833,0.09796791523694992,261,331
0,2,-0.021069958806037903,0.6738834381103516,-0.005915326997637749,0.09796791523694992,279,336
0,3,-0.043972086161375046,0.7021076083183289,0.00993706937879324,0.09796791523694992,263,355
0,4,-0.020153872668743134,0.6412959694862366,-0.06526991724967957,-0.09796791523694992,231,333
0,5,-0.26200035214424133,0.07162043452262878,-0.584938645362854,-0.09796791523694992,231,333
0,6,-0.021069958806037903,0.6663191914558411,-0.10085922479629517,-0.09796791523694992,241,341
 , , , , , , , 
0,0,0.16489532589912415,0.5616309642791748,-0.033486783504486084,0.09796791523694992,271,330
0,1,0.17314009368419647,0.5897412896156311,-0.03467592969536781,0.09796791523694992,285,331
0,2,0.20153872668743134,0.6100365519523621,-0.05625346675515175,0.09796791523694992,265,337
0,3,-0.08427983522415161,0.6630218625068665,-0.08886373788118362,0.09796791523694992,256,355
0,4,-0.08794417232275009,0.6848095655441284,-0.13523699343204498,0.09796791523694992,233,384
0,5,0.18321701884269714,0.5432652235031128,-0.12261982262134552,-0.09796791523694992,255,332
0,6,0.19237788021564484,0.5688822865486145,-0.13541944324970245,-0.09796791523694992,273,334
0,7,0.22169259190559387,0.5846841335296631,-0.1578725129365921,-0.09796791523694992,271,338
0,8,-0.020153872668743134,0.6362728476524353,0.10333216935396194,-0.09796791523694992,271,338
0,9,-0.021069958806037903,0.6738940477371216,0.0045463512651622295,-0.09796791523694992,256,351
0,10,-0.043972086161375046,0.6988896131515503,-0.06787567585706711,-0.09796791523694992,228,375
 , , , , , , , 
0,0,0.15665055811405182,0.5341585874557495,-0.019016796723008156,0.09796791523694992,277,340
0,1,0.18321701884269714,0.555819034576416,-0.03518437594175339,0.09796791523694992,326,341
0,2,-0.018321702256798744,0.3902615010738373,0.43715155124664307,0.09796791523694992,326,341
0,3,-0.019237788394093513,0.6116576194763184,0.06692986935377121,0.09796791523694992,338,345
0,4,0.19237788021564484,0.5804842710494995,-0.07073558866977692,0.09796791523694992,338,345
0,5,0.0,0.6448140740394592,0.011904412880539894,0.09796791523694992,328,352
0,6,-0.021069958806037903,0.673775851726532,-0.013415125198662281,0.09796791523694992,294,373
0,7,-0.06595812737941742,0.7004222273826599,-0.006753037683665752,0.09796791523694992,229,409
0,8,0.0,0.6097813248634338,0.08450709283351898,-0.09796791523694992,316,334
0,9,0.0,0.6407707333564758,0.07307356595993042,-0.09796791523694992,323,336
0,10,-0.021069958806037903,0.6698693633079529,0.07368125766515732,-0.09796791523694992,296,343
0,11,-0.043972086161375046,0.6999361515045166,0.056064050644636154,-0.09796791523694992,230,366
 , , , , , , , 
0,0,0.139244943857193,0.5388587713241577,-0.021646074950695038,0.09796791523694992,297,346
0,1,0.14657361805438995,0.5673810839653015,-0.018331704661250114,0.09796791523694992,365,347
0,2,0.13466452062129974,0.6001409292221069,-0.025905102491378784,0.09796791523694992,395,349
0,3,0.1209232360124588,0.6321160793304443,-0.04163782671093941,0.09796791523694992,388,357
0,4,0.08427983522415161,0.6641417145729065,-0.08006555587053299,0.09796791523694992,343,377
0,5,-0.021986043080687523,0.681883692741394,-0.17186789214611053,0.09796791523694992,281,416
 , , , , , , , 
0,0,0.05221685394644737,0.5519137382507324,0.05376850441098213,0.09796791523694992,228,339
0,1,0.03664340451359749,0.5848097205162048,0.01990080066025257,0.09796791523694992,324,339
0,2,0.05771336704492569,0.6128345131874084,-0.008818998001515865,0.09796791523694992,377,340
0,3,0.0604616180062294,0.6418040990829468,-0.018941601738333702,0.09796791523694992,391,342
0,4,-0.10534979403018951,0.612546443939209,-0.26131606101989746,0.09796791523694992,369,356
0,5,-0.08794417232275009,0.6797577142715454,-0.15869034826755524,0.09796791523694992,356,385
0,6,-0.09160851687192917,0.7194933295249939,-0.10503789782524109,0.09796791523694992,296,426
 , , , , , , , 
0,0,0.08702808618545532,0.5494880676269531,-0.02674785628914833,0.09796791523694992,228,341
0,1,0.09160850942134857,0.5781183242797852,-0.03359038755297661,0.09796791523694992,319,337
0,2,0.07695115357637405,0.6094459295272827,-0.04036024957895279,0.09796791523694992,368,338
0,3,0.08061549067497253,0.6389263272285461,-0.03465745598077774,0.09796791523694992,384,339
0,4,-0.10534979403018951,0.596718966960907,-0.2956782579421997,0.09796791523694992,356,350
0,5,0.08427983522415161,0.6688575744628906,-0.011146454140543938,0.09796791523694992,356,350
0,6,-0.08794417232275009,0.6750380992889404,-0.17769858241081238,0.09796791523694992,343,378
0,7,-0.09160851687192917,0.7141208052635193,-0.13687624037265778,0.09796791523694992,288,420
0,8,-0.018321702256798744,0.5518933534622192,0.19702592492103577,-0.09796791523694992,290,327
0,9,0.0,0.5946606397628784,0.15922769904136658,-0.09796791523694992,320,327
 , , , , , , , 
0,0,0.03847557678818703,0.6141628623008728,-0.01727234199643135,0.09796791523694992,240,340
0,1,-0.0604616180062294,0.6420431733131409,-0.007202026434242725,0.09796791523694992,297,342
0,2,-0.08427983522415161,0.665692925453186,-0.06593694537878036,0.09796791523694992,346,345
0,3,-0.10993021726608276,0.6876960396766663,-0.09988439828157425,0.09796791523694992,352,361
0,4,-0.11451064795255661,0.7137947678565979,-0.1203332170844078,0.09796791523694992,317,390
0,5,-0.09527285397052765,0.747357189655304,-0.1153385192155838,0.09796791523694992,252,421
0,6,0.09618894010782242,0.6012541651725769,-0.09064135700464249,-0.09796791523694992,240,338
 , , , , , , , 
0,0,-0.10534979403018951,0.6653395295143127,-0.028679130598902702,0.09796791523694992,244,353
0,1,-0.10993021726608276,0.6920698881149292,-0.06278552860021591,0.09796791523694992,276,371
0,2,-0.11451064795255661,0.7202970385551453,-0.07179967314004898,0.09796791523694992,260,392
0,3,0.11542673408985138,0.602972686290741,-0.04555577039718628,-0.09796791523694992,226,326
0,4,0.10076936334371567,0.6334604024887085,-0.0670841708779335,-0.09796791523694992,234,328
 , , , , , , , 
0,0,0.0,0.558614194393158,0.17802077531814575,0.09796791523694992,234,332
0,1,0.0,0.5932413339614868,0.1644367277622223,0.09796791523694992,272,335
0,2,0.0,0.6274363994598389,0.1491658091545105,0.09796791523694992,275,342
0,3,0.021069958806037903,0.6593891382217407,0.13913953304290771,0.09796791523694992,240,353
0,4,0.11542673408985138,0.6021393537521362,-0.05549420043826103,-0.09796791523694992,252,329
0,5,0.10076936334371567,0.6354929208755493,-0.043831389397382736,-0.09796791523694992,255,331
0,6,0.10534979403018951,0.6647750735282898,-0.039664946496486664,-0.09796791523694992,238,336
 , , , , , , , 
0,0,0.13466452062129974,0.5980582237243652,-0.056272443383932114,0.09796791523694992,244,337
0,1,0.1209232360124588,0.6289321184158325,-0.07582113891839981,0.09796791523694992,246,342
0,2,-0.14748971164226532,0.6448583602905273,0.13039284944534302,0.09796791523694992,229,348
0,3,0.08427983522415161,0.6619052290916443,-0.09683073312044144,0.09796791523694992,229,348
0,4,-0.13191625475883484,0.6871182918548584,-0.07385051250457764,0.09796791523694992,240,365
0,5,0.14657361805438995,0.5620783567428589,-0.07953157275915146,-0.09796791523694992,262,332
0,6,0.1539023071527481,0.5897102952003479,-0.08677876740694046,-0.09796791523694992,294,333
0,7,0.16123098134994507,0.6173397898674011,-0.09393096715211868,-0.09796791523694992,295,332
0,8,0.14748971164226532,0.651236891746521,-0.09346181154251099,-0.09796791523694992,259,341
0,9,-0.10534979403018951,0.5155686736106873,0.42153072357177734,-0.09796791523694992,259,341
 , , , , , , , 
0,0,0.05771336704492569,0.6127631068229675,0.012856966815888882,0.09796791523694992,262,334
0,1,0.04030774533748627,0.6419830322265625,0.04647549241781235,0.09796791523694992,297,332
0,2,-0.14107710123062134,0.5598839521408081,-0.2873223125934601,0.09796791523694992,297,332
0,3,-0.12641975283622742,0.6300561428070068,-0.20407134294509888,0.09796791523694992,342,333
0,4,-0.13191625475883484,0.6615402102470398,-0.1998748779296875,0.09796791523694992,358,347
0,5,-0.13741277158260345,0.6843299865722656,-0.22339631617069244,0.09796791523694992,330,371
0,6,-0.14290928840637207,0.6935597062110901,-0.28191232681274414,0.09796791523694992,262,404
0,7,0.14657361805438995,0.5542432069778442,-0.12276727706193924,-0.09796791523694992,254,338
0,8,0.13466452062129974,0.5894768834114075,-0.11557343602180481,-0.09796791523694992,276,342
0,9,0.14107710123062134,0.6184878945350647,-0.1161760538816452,-0.09796791523694992,261,349
 , , , , , , , 
0,0,-0.10534979403018951,0.6505908370018005,-0.1422349214553833,0.09796791523694992,296,337
0,1,-0.10993021726608276,0.6908757090568542,-0.07478941231966019,0.09796791523694992,330,349
0,2,-0.11451064795255661,0.7211166620254517,-0.06303822994232178,0.09796791523694992,315,369
0,3,-0.11909106373786926,0.7504162788391113,-0.060127850621938705,0.09796791523694992,259,394
 , , , , , , , 
0,0,-0.05496510863304138,0.5461879968643188,0.2059095948934555,0.09796791523694992,296,330
0,1,-0.05771336704492569,0.5804596543312073,0.19674977660179138,0.09796791523694992,349,325
0,2,-0.04030774533748627,0.6043790578842163,0.2214229553937912,0.09796791523694992,355,325
0,3,-0.021069958806037903,0.45973390340805054,0.4927459955215454,0.09796791523694992,311,330
0,4,-0.10993021726608276,0.6831743717193604,-0.1271829754114151,0.09796791523694992,326,356
0,5,-0.11451064795255661,0.7189767956733704,-0.08399654179811478,0.09796791523694992,313,393
0,6,-0.11909106373786926,0.7469978332519531,-0.09345702826976776,0.09796791523694992,251,437
 , , , , , , , 
0,0,-0.05496510863304138,0.5549823641777039,0.1808718591928482,0.09796791523694992,254,343
0,1,-0.07695115357637405,0.5758775472640991,0.20351482927799225,0.09796791523694992,302,345
0,2,-0.08061549067497253,0.582622766494751,0.26453498005867004,0.09796791523694992,310,344
0,3,-0.08427983522415161,0.35835468769073486,0.564868688583374,0.09796791523694992,274,347
0,4,-0.10993021726608276,0.6688580513000488,-0.18849840760231018,0.09796791523694992,291,365
0,5,-0.11451064795255661,0.7175918817520142,-0.09510478377342224,0.09796791523694992,275,397
 , , , , , , , 
0,0,-0.10993021726608276,0.6891672015190125,-0.08916976302862167,0.09796791523694992,243,365
0,1,-0.09160851687192917,0.7258588671684265,-0.042808353900909424,0.09796791523694992,255,386
0,2,-0.09527285397052765,0.7549739480018616,-0.04312834143638611,0.09796791523694992,230,411
0,3,0.09618894010782242,0.6059865355491638,-0.050027187913656235,-0.09796791523694992,237,330
 , , , , , , , 
0,0,-0.07695115357637405,0.6018892526626587,0.1038392186164856,0.09796791523694992,247,345
0,1,-0.08061549067497253,0.6273438334465027,0.1259671300649643,0.09796791523694992,281,343
0,2,-0.08427983522415161,0.6359637379646301,0.20747247338294983,0.09796791523694992,268,344
0,3,-0.1603149026632309,0.6747261881828308,-0.23693755269050598,0.09796791523694992,234,377
0,4,0.10993021726608276,0.5748973488807678,-0.033905256539583206,-0.09796791523694992,225,331
0,5,0.11542673408985138,0.6026978492736816,-0.04905834048986435,-0.09796791523694992,244,330
 , , , , , , , 
0,0,-0.07695115357637405,0.5600767731666565,0.24365392327308655,0.09796791523694992,238,341
0,1,-0.10076936334371567,0.5737021565437317,0.27683621644973755,0.09796791523694992,267,345
0,2,-0.08427983522415161,0.6048828363418579,0.2856771945953369,0.09796791523694992,270,351
0,3,-0.08794417232275009,0.6475188136100769,0.2607155740261078,0.09796791523694992,245,367
 , , , , , , , 
0,0,-0.07695115357637405,0.5761111378669739,0.20285266637802124,0.09796791523694992,230,337
0,1,-0.10076936334371567,0.6132214665412903,0.17242927849292755,0.09796791523694992,266,342
0,2,-0.10534979403018951,0.6541309356689453,0.12494775652885437,0.09796791523694992,294,346
0,3,-0.10993021726608276,0.6909924745559692,0.07370249181985855,0.09796791523694992,304,358
0,4,-0.09160851687192917,0.7251589894294739,0.053367409855127335,0.09796791523694992,284,377
0,5,-0.07145464420318604,0.7577461004257202,0.04046909511089325,0.09796791523694992,227,404
 , , , , , , , 
0,0,-0.10993021726608276,0.6914844512939453,0.06893447041511536,0.09796791523694992,237,345
0,1,-0.09160851687192917,0.7089794278144836,0.16140571236610413,0.09796791523694992,250,362
 , , , , , , , 
0,0,0.03847557678818703,0.6082968711853027,-0.08642499893903732,-0.09796791523694992,241,340
0,1,0.020153872668743134,0.636563777923584,-0.10152479261159897,-0.09796791523694992,240,350
 , , , , , , , 
0,0,-0.07695115357637405,0.5883947610855103,0.16384410858154297,-0.09796791523694992,231,341
0,1,-0.08061549067497253,0.6191145777702332,0.16163280606269836,-0.09796791523694992,286,343
0,2,-0.08427983522415161,0.6487796306610107,0.16303278505802155,-0.09796791523694992,306,345
0,3,-0.08794417232275009,0.6753984093666077,0.17632408440113068,-0.09796791523694992,285,351
 , , , , , , , 
0,0,-0.11542673408985138,0.5698097348213196,0.2024061679840088,-0.09796791523694992,250,331
0,1,-0.10076936334371567,0.612696647644043,0.17428497970104218,-0.09796791523694992,297,336
0,2,-0.10534979403018951,0.6409871578216553,0.1806507259607315,-0.09796791523694992,298,347
0,3,-0.10993021726608276,0.6247454881668091,0.3042956292629242,-0.09796791523694992,250,361
 , , , , , , , 
0,0,-0.10076936334371567,0.6280750632286072,0.10627381503582001,-0.09796791523694992,259,347
0,1,-0.10534979403018951,0.6599772572517395,0.08904621005058289,-0.09796791523694992,264,354
0,2,-0.043972086161375046,0.6903499960899353,0.12833808362483978,-0.09796791523694992,253,360
0,3,-0.022902129217982292,0.7233181595802307,0.11568064242601395,-0.09796791523694992,243,375
 , , , , , , , 
0,0,-0.042139917612075806,0.67120760679245,-0.04798289015889168,-0.09796791523694992,234,366
0,1,-0.06595812737941742,0.700267493724823,-0.01619541272521019,-0.09796791523694992,243,382
0,2,-0.11451064795255661,0.7227734327316284,-0.03977055102586746,-0.09796791523694992,228,402
 , , , , , , , 
0,0,-0.07695115357637405,0.5717659592628479,0.2147950977087021,0.09796791523694992,256,325
0,1,-0.08061549067497253,0.6115716099739075,0.18817076086997986,0.09796791523694992,306,326
0,2,-0.08427983522415161,0.6489046216011047,0.1625346541404724,0.09796791523694992,316,332
0,3,-0.08794417232275009,0.686725914478302,0.1251428723335266,0.09796791523694992,288,345
0,4,0.03847557678818703,0.6011202931404114,-0.12707772850990295,-0.09796791523694992,239,337
0,5,0.020153872668743134,0.6281409859657288,-0.1447743922472,-0.09796791523694992,251,342
 , , , , , , , 
0,0,-0.1209232360124588,0.6074908971786499,0.17960868775844574,0.09796791523694992,265,336
0,1,-0.14748971164226532,0.6344419121742249,0.17414937913417816,0.09796791523694992,276,341
0,2,-0.17588834464550018,0.6720666289329529,0.1112523227930069,0.09796791523694992,236,350
0,3,0.022902129217982292,0.45974984765052795,0.5702642202377319,0.09796791523694992,233,361
0,4,-0.22902129590511322,0.6956117749214172,0.027735719457268715,0.09796791523694992,233,361
 , , , , , , , 
0,0,0.03664340451359749,0.5837791562080383,-0.04000473767518997,0.09796791523694992,239,331
0,1,0.03847557678818703,0.6106290817260742,-0.06801837682723999,0.09796791523694992,285,336
0,2,0.04030774533748627,0.635722815990448,-0.10079024732112885,0.09796791523694992,310,344
0,3,-0.1813848614692688,0.42831388115882874,0.4467366635799408,0.09796791523694992,310,344
0,4,0.042139917612075806,0.6660483479499817,-0.09592510014772415,0.09796791523694992,301,362
0,5,-0.18962962925434113,0.4576877951622009,0.45734044909477234,0.09796791523694992,301,362
0,6,0.021986043080687523,0.6998710632324219,-0.06844327598810196,0.09796791523694992,277,386
0,7,-0.21986043453216553,0.35232579708099365,0.5679042935371399,0.09796791523694992,277,386
0,8,0.0,0.731164276599884,-0.04994538426399231,0.09796791523694992,247,419
 , , , , , , , 
0,0,0.08702808618545532,0.5453037023544312,-0.07277686893939972,0.09796791523694992,228,325
0,1,0.07328680902719498,0.5816213488578796,-0.009322070516645908,0.19593583047389984,265,336
0,2,0.07695115357637405,0.6094045639038086,0.0409797839820385,0.19593583047389984,277,338
0,3,-0.0604616180062294,0.6161080598831177,0.1807820349931717,0.19593583047389984,289,340
0,4,-0.08427983522415161,0.6224121451377869,0.24514861404895782,0.19593583047389984,320,355
0,5,-0.06595812737941742,0.6480396389961243,0.2658599019050598,0.19593583047389984,312,382
0,6,-0.045804258435964584,0.6871349215507507,0.2506856322288513,0.19593583047389984,281,416
0,7,-0.023818213492631912,0.7391242980957031,0.1845279484987259,0.19593583047389984,245,451
 , , , , , , , 
0,0,-0.07145464420318604,0.7392691373825073,-0.17116668820381165,0.09796791523694992,269,458
0,1,0.03664340451359749,0.5840281844139099,0.036188043653964996,0.19593583047389984,259,333
0,2,0.03847557678818703,0.6139795780181885,-0.022879572585225105,0.19593583047389984,329,341
0,3,0.020153872668743134,0.6433724761009216,-0.03990660607814789,0.19593583047389984,354,358
0,4,0.0,0.673354983329773,-0.034508924931287766,0.19593583047389984,351,381
0,5,-0.021986043080687523,0.7030084729194641,-0.016824930906295776,0.19593583047389984,337,402
0,6,-0.045804258435964584,0.7313215732574463,-0.012900101020932198,0.19593583047389984,303,434
 , , , , , , , 
0,0,-0.045804258435964584,0.684330403804779,-0.25824326276779175,0.09796791523694992,337,368
0,1,-0.047636426985263824,0.6995784044265747,-0.2987365126609802,0.09796791523694992,310,398
0,2,0.019237788394093513,0.6046943664550781,-0.11379534006118774,0.19593583047389984,268,350
0,3,0.020153872668743134,0.6354193687438965,-0.10845696181058884,0.19593583047389984,325,351
0,4,0.021069958806037903,0.6657330393791199,-0.10465851426124573,0.19593583047389984,342,354
0,5,0.021986043080687523,0.6930139064788818,-0.11931358277797699,0.19593583047389984,305,367
0,6,-0.04946859925985336,0.7653506398200989,0.19560085237026215,0.29390373826026917,232,451
 , , , , , , , 
0,0,0.0,0.6627002358436584,-0.23625366389751434,0.19593583047389984,305,350
0,1,0.0,0.7028135657310486,-0.20772291719913483,0.19593583047389984,314,373
0,2,0.023818213492631912,0.7407607436180115,-0.17784520983695984,0.19593583047389984,300,403
0,3,0.02473429962992668,0.7804999947547913,-0.12913723289966583,0.19593583047389984,253,436
0,4,0.09618894010782242,0.6046446561813354,-0.06424408406019211,0.29390373826026917,297,337
0,5,0.10076936334371567,0.6333144903182983,-0.06844832748174667,0.29390373826026917,343,331
0,6,0.10534979403018951,0.661361813545227,-0.07810093462467194,0.29390373826026917,341,334
 , , , , , , , 
0,0,0.06320987641811371,0.6683413982391357,-0.0626269057393074,0.19593583047389984,366,343
0,1,0.043972086161375046,0.6980226039886475,-0.07627757638692856,0.19593583047389984,394,346
0,2,0.045804258435964584,0.7263996005058289,-0.08568140119314194,0.19593583047389984,389,362
0,3,0.023818213492631912,0.7573060989379883,-0.08272114396095276,0.19593583047389984,353,390
0,4,0.0,0.7885984778404236,-0.06768195331096649,0.19593583047389984,300,427
0,5,-0.0256503839045763,0.818970263004303,-0.04860649257898331,0.19593583047389984,228,471
0,6,0.09618894010782242,0.6077791452407837,-0.018080787733197212,0.29390373826026917,231,345
0,7,0.08061549067497253,0.6398565769195557,0.0034076585434377193,0.29390373826026917,303,346
 , , , , , , , 
0,0,0.07145464420318604,0.7131828665733337,-0.2592046856880188,0.0,318,323
0,1,0.06320987641811371,0.6687344908714294,-0.05827932432293892,0.19593583047389984,342,345
0,2,0.06595812737941742,0.6965894103050232,-0.07348527759313583,0.19593583047389984,387,351
0,3,0.06870638579130173,0.7250445485115051,-0.08176522701978683,0.19593583047389984,393,357
0,4,0.09527285397052765,0.7490677237510681,-0.10364998877048492,0.19593583047389984,344,372
0,5,-0.07420289516448975,0.7880052924156189,0.003160089021548629,0.19593583047389984,298,401
0,6,-0.07695115357637405,0.8114268183708191,-0.09694227576255798,0.19593583047389984,259,442
0,7,0.1209232360124588,0.6251993775367737,-0.10212807357311249,0.29390373826026917,244,350
 , , , , , , , 
0,0,0.09527285397052765,0.7283919453620911,-0.20320172607898712,0.19593583047389984,352,371
0,1,0.1236715018749237,0.7453163266181946,-0.23596066236495972,0.19593583047389984,332,397
0,2,-0.17314009368419647,0.6174951195716858,0.4638865292072296,0.19593583047389984,332,397
0,3,-0.1539023071527481,0.7210130095481873,0.3608144521713257,0.19593583047389984,277,432
0,4,0.12825192511081696,0.7519195079803467,-0.30315229296684265,0.19593583047389984,277,432
0,5,0.1209232360124588,0.6269904971122742,-0.09048420190811157,0.29390373826026917,253,343
0,6,0.14748971164226532,0.6540142297744751,-0.07148399949073792,0.29390373826026917,335,343
0,7,0.1539023071527481,0.6836426258087158,-0.06272321939468384,0.29390373826026917,367,348
0,8,0.1603149026632309,0.7130356431007385,-0.05454420670866966,0.29390373826026917,363,359
 , , , , , , , 
0,0,-0.1539023071527481,0.7379723191261292,0.32472097873687744,0.19593583047389984,261,428
0,1,0.12825192511081696,0.7155275940895081,-0.3811883330345154,0.19593583047389984,261,428
0,2,0.10534979403018951,0.6630876660346985,-0.061757463961839676,0.29390373826026917,255,343
0,3,0.10993021726608276,0.6935606598854065,-0.04331684485077858,0.29390373826026917,338,348
0,4,0.11451064795255661,0.7225509285926819,-0.04362557828426361,0.29390373826026917,372,353
0,5,0.09527285397052765,0.756173312664032,-0.006904397625476122,0.29390373826026917,359,366
0,6,0.04946859925985336,0.7782384157180786,0.13552220165729523,0.29390373826026917,308,387
 , , , , , , , 
0,0,0.047636426985263824,0.711067795753479,-0.27025172114372253,0.0,271,324
0,1,-0.1813848614692688,0.9110511541366577,-0.2700384557247162,0.09796791523694992,243,478
0,2,-0.18688136339187622,0.931632399559021,-0.30091315507888794,0.09796791523694992,232,476
0,3,0.021986043080687523,0.6852795481681824,-0.15778425335884094,0.19593583047389984,236,352
0,4,0.1026015356183052,0.7421436309814453,-0.3353036344051361,0.19593583047389984,289,403
0,5,0.10626588016748428,0.7765944600105286,-0.32912692427635193,0.19593583047389984,246,433
0,6,-0.18596528470516205,0.7796539068222046,0.283324271440506,0.19593583047389984,246,433
0,7,0.09160851687192917,0.7185386419296265,-0.11138170212507248,0.29390373826026917,318,351
0,8,0.09527285397052765,0.7485861778259277,-0.10707255452871323,0.29390373826026917,344,357
0,9,0.07420289516448975,0.7787315845489502,-0.12057981640100479,0.29390373826026917,330,371
0,10,0.02748255431652069,0.8680153489112854,0.13860681653022766,0.29390373826026917,226,457
 , , , , , , , 
0,0,0.05313294008374214,0.8038812279701233,-0.27141818404197693,0.09796791523694992,315,406
0,1,0.05496510863304138,0.8318911790847778,-0.27991724014282227,0.09796791523694992,246,445
0,2,0.08794417232275009,0.6879156827926636,-0.11842820793390274,0.19593583047389984,258,341
0,3,0.06870638579130173,0.7230167388916016,-0.09809160232543945,0.19593583047389984,340,346
0,4,0.047636426985263824,0.7538684010505676,-0.10166555643081665,0.19593583047389984,387,352
0,5,0.04946859925985336,0.7809008955955505,-0.11922694742679596,0.19593583047389984,400,363
0,6,0.0513007678091526,0.8049896359443665,-0.1519627422094345,0.19593583047389984,369,385
 , , , , , , , 
0,0,0.13191625475883484,0.638772189617157,-0.2637338638305664,0.09796791523694992,262,334
0,1,0.09160851687192917,0.6996874809265137,-0.19784100353717804,0.09796791523694992,293,334
0,2,0.047636426985263824,0.7497040629386902,-0.12883049249649048,0.09796791523694992,350,338
0,3,0.04946859925985336,0.7784318327903748,-0.13440677523612976,0.09796791523694992,373,356
0,4,0.0513007678091526,0.8058398365974426,-0.1473880112171173,0.09796791523694992,357,385
0,5,0.05313294008374214,0.8317193388938904,-0.16773714125156403,0.09796791523694992,316,416
0,6,0.05496510863304138,0.8559926748275757,-0.19409583508968353,0.09796791523694992,248,451
 , , , , , , , 
0,0,0.09160851687192917,0.7236431837081909,-0.07102235406637192,0.09796791523694992,244,342
0,1,0.09527285397052765,0.7521184086799622,-0.07850904762744904,0.09796791523694992,327,340
0,2,0.09893719851970673,0.7808825373649597,-0.0830802321434021,0.09796791523694992,373,338
0,3,0.1026015356183052,0.8097003698348999,-0.08712659776210785,0.09796791523694992,380,342
0,4,0.07969941198825836,0.8452109098434448,-0.04452510550618172,0.09796791523694992,342,355
0,5,0.0,0.8763655424118042,0.07349339127540588,0.09796791523694992,337,382
0,6,-0.02839864045381546,0.9065355062484741,0.05679146200418472,0.09796791523694992,307,422
0,7,0.0,0.9370031356811523,0.044752027839422226,0.09796791523694992,270,458
0,8,0.0,0.9668763279914856,0.03139545023441315,0.09796791523694992,262,446
0,9,0.0,0.9953850507736206,0.05119381472468376,0.09796791523694992,235,434
 , , , , , , , 
0,0,-0.02656647004187107,0.8425754308700562,0.10989460349082947,0.09796791523694992,250,348
0,1,0.0,0.8609901070594788,0.1792033612728119,0.09796791523694992,276,357
0,2,0.0,0.8857737183570862,0.20308434963226318,0.09796791523694992,260,378
0,3,0.06870638579130173,0.6856099963188171,-0.24962793290615082,-0.09796791523694992,229,331
0,4,0.047636426985263824,0.6895620226860046,-0.32118168473243713,-0.09796791523694992,245,340
0,5,0.04946859925985336,0.6639581322669983,-0.4279963970184326,-0.09796791523694992,252,360
0,6,0.0513007678091526,0.6601643562316895,-0.4850609302520752,-0.09796791523694992,237,386
 , , , , , , , 
0,0,0.0513007678091526,0.80483478307724,-0.1527809500694275,0.09796791523694992,234,340
 , , , , , , , 
0,0,0.14290928840637207,0.7486001253128052,-0.00987216830253601,-0.09796791523694992,249,342
0,1,0.04946859925985336,0.7531588673591614,-0.23827087879180908,-0.09796791523694992,291,348
0,2,0.0256503839045763,0.7663213014602661,-0.2929617166519165,-0.09796791523694992,315,360
0,3,0.02656647004187107,0.7993374466896057,-0.2882183790206909,-0.09796791523694992,317,372
0,4,0.02748255431652069,0.8569424152374268,-0.19573502242565155,-0.09796791523694992,301,396
0,5,0.02839864045381546,0.9007748365402222,-0.11677561700344086,-0.09796791523694992,277,428
0,6,0.02931472472846508,0.9343698620796204,-0.07791746407747269,-0.09796791523694992,239,465
 , , , , , , , 
0,0,-0.05313294008374214,0.8457154035568237,-0.06825202703475952,-0.19593583047389984,281,402
0,1,-0.02748255431652069,0.8780824542045593,0.040418531745672226,-0.19593583047389984,295,424
0,2,-0.02839864045381546,0.9082689881324768,0.008907856419682503,-0.19593583047389984,275,457
0,3,-0.05862944945693016,0.9359228014945984,-0.024262884631752968,-0.19593583047389984,246,480
0,4,-0.0604616180062294,0.9633247256278992,-0.06469430029392242,-0.19593583047389984,231,468
0,5,-0.022902129217982292,0.7320771813392639,0.025183742865920067,-0.09796791523694992,226,333
0,6,0.1603149026632309,0.6325687766075134,-0.3335440456867218,-0.09796791523694992,226,333
0,7,0.023818213492631912,0.7548239827156067,-0.10293731838464737,-0.09796791523694992,298,341
0,8,0.04946859925985336,0.7821775078773499,-0.11054227501153946,-0.09796791523694992,326,358
0,9,0.07695115357637405,0.8100783228874207,-0.10763072222471237,-0.09796791523694992,312,381
0,10,-0.05313294008374214,0.7704820036888123,-0.3553173542022705,-0.09796791523694992,276,407
 , , , , , , , 
0,0,-0.28581854701042175,0.5873627662658691,-0.2613428831100464,-0.29390373826026917,235,346
0,1,-0.3206298053264618,0.5966382622718811,-0.27984824776649475,-0.19593583047389984,240,362
0,2,0.11451064795255661,0.7212973237037659,-0.06093653291463852,-0.19593583047389984,240,362
0,3,0.07695115357637405,0.809920072555542,-0.10881540179252625,-0.19593583047389984,278,431
0,4,0.07145464420318604,0.7524305582046509,-0.09831152856349945,-0.09796791523694992,272,381
0,5,0.07420289516448975,0.7818347215652466,-0.09847225993871689,-0.09796791523694992,294,402
0,6,0.07969941198825836,0.8397237062454224,-0.10596244037151337,-0.09796791523694992,237,454
 , , , , , , , 
0,0,-0.19787438213825226,0.4718056619167328,-0.12913374602794647,-0.19593583047389984,228,337
0,1,-0.2088674157857895,0.4983580708503723,-0.1350560039281845,-0.19593583047389984,289,337
0,2,-0.23818212747573853,0.5143754482269287,-0.1497611403465271,-0.19593583047389984,316,335
0,3,-0.2500912547111511,0.5382587909698486,-0.16342148184776306,-0.19593583047389984,311,334
0,4,-0.26200035214424133,0.5596048831939697,-0.1847296953201294,-0.19593583047389984,257,349
0,5,0.07145464420318604,0.751594066619873,-0.10451449453830719,-0.09796791523694992,225,465
 , , , , , , , 
0,0,-0.24367865920066833,0.4955250024795532,-0.07281608879566193,0.19593583047389984,247,344
0,1,-0.2565038204193115,0.5208733677864075,-0.08147361129522324,0.19593583047389984,274,346
0,2,-0.28856682777404785,0.5357397794723511,-0.09320300072431564,0.19593583047389984,270,344
0,3,0.10993021726608276,0.6860732436180115,-0.1104816123843193,-0.19593583047389984,273,357
0,4,0.09160851687192917,0.7212263345718384,-0.09239154309034348,-0.19593583047389984,311,367
0,5,0.09527285397052765,0.7513421177864075,-0.08562005311250687,-0.19593583047389984,313,388
0,6,-0.02656647004187107,0.8304710984230042,-0.17979975044727325,-0.19593583047389984,246,474
0,7,0.0,0.7829822897911072,-0.11578935384750366,-0.09796791523694992,286,415
0,8,-0.0256503839045763,0.8104477524757385,-0.1274726837873459,-0.09796791523694992,275,442
 , , , , , , , 
0,0,-0.2748255431652069,0.517876148223877,-0.004057197365909815,0.19593583047389984,244,348
0,1,-0.28856682777404785,0.5436671376228333,-0.011400819756090641,0.19593583047389984,280,350
0,2,-0.3023080825805664,0.5694448947906494,-0.016406813636422157,0.19593583047389984,284,351
0,3,-0.31604939699172974,0.5954797863960266,0.010696123354136944,0.29390373826026917,270,347
0,4,0.0,0.7268285155296326,0.09389346092939377,-0.3918716609477997,306,332
0,5,0.0,0.7542782425880432,0.10948516428470612,-0.3918716609477997,347,332
0,6,-0.02473429962992668,0.7836818695068359,0.10816337913274765,-0.3918716609477997,356,333
0,7,0.09160851687192917,0.6613283753395081,-0.30223894119262695,-0.19593583047389984,278,349
0,8,-0.0513007678091526,0.8152034282684326,-0.08089737594127655,-0.19593583047389984,318,413
0,9,-0.02656647004187107,0.8468068838119507,-0.07020192593336105,-0.19593583047389984,288,442
0,10,-0.11909106373786926,0.6599796414375305,-0.36216962337493896,-0.09796791523694992,263,377
0,11,0.14290928840637207,0.7474747896194458,-0.04220249131321907,-0.09796791523694992,263,377
0,12,-0.07420289516448975,0.7666193842887878,-0.18236517906188965,-0.09796791523694992,299,400
 , , , , , , , 
0,0,0.12641975283622742,0.6447606682777405,-0.15132588148117065,-0.29390373826026917,281,349
0,1,0.13191625475883484,0.6747652292251587,-0.1492561548948288,-0.29390373826026917,303,357
0,2,0.06870638579130173,0.7166621088981628,-0.13700580596923828,-0.19593583047389984,302,393
0,3,0.047636426985263824,0.7517149448394775,-0.11652513593435287,-0.19593583047389984,296,426
0,4,0.02473429962992668,0.783092737197876,-0.11234913021326065,-0.19593583047389984,279,456
0,5,0.0,0.8124894499778748,-0.11659221351146698,-0.19593583047389984,249,487
0,6,-0.2748255431652069,0.5177423357963562,-0.012451519258320332,-0.09796791523694992,255,329
0,7,-0.28856682777404785,0.5434670448303223,-0.01864086464047432,-0.09796791523694992,279,331
0,8,-0.3023080825805664,0.569326639175415,-0.020096274092793465,-0.09796791523694992,266,332
 , , , , , , , 
0,0,-0.2693290412425995,0.553562581539154,0.0022527221590280533,-0.3918716609477997,282,348
0,1,-0.2821542024612427,0.5799256563186646,-0.0014423670945689082,-0.3918716609477997,300,352
0,2,-0.29497942328453064,0.605503261089325,-0.03083360753953457,-0.3918716609477997,297,353
0,3,0.10534979403018951,0.6392480134963989,-0.18671153485774994,-0.3918716609477997,297,353
0,4,0.06595812737941742,0.6971416473388672,-0.06804699450731277,-0.3918716609477997,285,370
0,5,-0.28581854701042175,0.6175687313079834,-0.17861689627170563,-0.3918716609477997,285,370
0,6,0.0,0.7327693700790405,-0.012032469734549522,-0.29390373826026917,271,402
0,7,-0.023818213492631912,0.7603527903556824,-0.047105785459280014,-0.29390373826026917,274,436
0,8,-0.3078046143054962,0.5328337550163269,0.017867518588900566,-0.19593583047389984,307,334
0,9,-0.32246196269989014,0.5572082996368408,0.03826286643743515,-0.19593583047389984,308,332
0,10,-0.02473429962992668,0.7842636704444885,-0.10386118292808533,-0.19593583047389984,252,476
0,11,-0.2931472361087799,0.5076578259468079,0.009458869695663452,-0.09796791523694992,275,334
 , , , , , , , 
0,0,-0.278489887714386,0.4818011522293091,-0.02318388968706131,-0.4898395836353302,260,337
0,1,-0.2931472361087799,0.5071315169334412,-0.0249711275100708,-0.4898395836353302,295,337
0,2,-0.3078046143054962,0.532102644443512,-0.033133648335933685,-0.4898395836353302,293,340
0,3,-0.043972086161375046,0.6616868376731873,0.2349986881017685,-0.3918716609477997,238,387
0,4,0.14107710123062134,0.5946348905563354,-0.2059938609600067,-0.29390373826026917,284,346
0,5,0.14748971164226532,0.6099444031715393,-0.24660174548625946,-0.29390373826026917,285,356
0,6,-0.045804258435964584,0.7050621509552002,-0.19464077055454254,-0.29390373826026917,261,405
0,7,-0.047636426985263824,0.7576951384544373,-0.06746504455804825,-0.29390373826026917,274,436
0,8,-0.04946859925985336,0.7896738648414612,-0.020891893655061722,-0.29390373826026917,242,472
0,9,0.021986043080687523,0.6987083554267883,-0.07943925261497498,-0.19593583047389984,271,362
 , , , , , , , 
0,0,-0.043972086161375046,0.6488186717033386,-0.26849231123924255,-0.29390373826026917,296,373
0,1,0.0,0.7192425727844238,-0.14066222310066223,-0.29390373826026917,246,407
0,2,0.10993021726608276,0.5677586197853088,-0.09647142142057419,-0.19593583047389984,279,340
0,3,0.11542673408985138,0.5969583988189697,-0.09639536589384079,-0.19593583047389984,340,342
0,4,0.1209232360124588,0.6272274255752563,-0.08882701396942139,-0.19593583047389984,362,346
0,5,0.12641975283622742,0.6584345102310181,-0.07127314060926437,-0.19593583047389984,344,357
 , , , , , , , 
0,0,-0.24734297394752502,0.4660860300064087,0.0039554317481815815,-0.3918716609477997,226,341
0,1,-0.26108425855636597,0.4919966459274292,-0.000886916765011847,-0.3918716609477997,269,340
0,2,0.11542673408985138,0.5935768485069275,-0.11540327221155167,-0.19593583047389984,362,349
0,3,0.1209232360124588,0.6232041120529175,-0.11367101967334747,-0.19593583047389984,355,372
0,4,0.10534979403018951,0.6545787453651428,-0.12258002161979675,-0.19593583047389984,314,402
0,5,0.10993021726608276,0.6798524260520935,-0.14388662576675415,-0.19593583047389984,246,434
0,6,-0.2638325095176697,0.4563463032245636,-0.023892352357506752,-0.09796791523694992,253,341
0,7,-0.278489887714386,0.4818856120109558,-0.021357139572501183,-0.09796791523694992,279,339
0,8,0.10993021726608276,0.5648371577262878,-0.11231886595487595,-0.09796791523694992,327,336
 , , , , , , , 
0,0,-0.08061549067497253,1.2606990337371826,-0.2604738473892212,-0.3918716609477997,230,425
0,1,-0.23360171914100647,0.4401974380016327,0.0030833990313112736,-0.29390373826026917,255,340
0,2,-0.24734297394752502,0.46603381633758545,-0.008018376305699348,-0.29390373826026917,303,339
0,3,-0.26108425855636597,0.49067679047584534,-0.03602450340986252,-0.29390373826026917,315,340
0,4,-0.07328680902719498,0.5100657939910889,0.2796483039855957,-0.19593583047389984,332,345
0,5,-0.07695115357637405,0.5349228382110596,0.2948063611984253,-0.19593583047389984,347,361
0,6,-0.08061549067497253,0.5509802103042603,0.3253442049026489,-0.19593583047389984,314,389
0,7,-0.08427983522415161,0.5457319021224976,0.38687384128570557,-0.19593583047389984,253,423
 , , , , , , , 
0,0,-0.22627303004264832,0.49500200152397156,-0.11832152307033539,-0.5878074765205383,242,348
0,1,-0.218028262257576,0.43979763984680176,-0.08599279820919037,-0.4898395836353302,253,353
0,2,-0.23085343837738037,0.46366310119628906,-0.10076498240232468,-0.4898395836353302,262,353
0,3,-0.24367865920066833,0.48716843128204346,-0.11625026166439056,-0.4898395836353302,236,354
0,4,-0.0696224719285965,0.5221337080001831,0.1809849888086319,-0.19593583047389984,289,341
0,5,-0.07328680902719498,0.5528562664985657,0.1808873564004898,-0.19593583047389984,349,340
0,6,-0.07695115357637405,0.5826699733734131,0.1831638365983963,-0.19593583047389984,364,348
0,7,-0.08061549067497253,0.6144211292266846,0.17864680290222168,-0.19593583047389984,341,364
0,8,-0.042139917612075806,0.6622495651245117,0.11936310678720474,-0.19593583047389984,281,387
 , , , , , , , 
0,0,-0.2024548202753067,0.4258612394332886,-0.16126781702041626,-0.4898395836353302,232,340
0,1,-0.09893719106912613,0.40380367636680603,0.32493749260902405,-0.09796791523694992,233,338
0,2,0.12183932960033417,0.5338968634605408,-0.10166522115468979,-0.09796791523694992,319,337
0,3,-0.08702808618545532,0.41434934735298157,0.3618939220905304,-0.09796791523694992,319,337
0,4,0.12825191020965576,0.5635687708854675,-0.0984015241265297,-0.09796791523694992,366,335
0,5,0.1539023071527481,0.5859984159469604,-0.10906273126602173,-0.09796791523694992,365,344
0,6,0.1813848614692688,0.6013240814208984,-0.1464095264673233,-0.09796791523694992,322,363
0,7,0.021069958806037903,0.6552117466926575,0.15764327347278595,-0.09796791523694992,260,392
0,8,0.043972086161375046,0.6901060938835144,0.12964339554309845,-0.09796791523694992,225,434
 , , , , , , , 
0,0,-0.08244766294956207,0.47538551688194275,0.21363838016986847,-0.09796791523694992,252,340
0,1,-0.08702808618545532,0.5050735473632812,0.21806728839874268,-0.09796791523694992,315,341
0,2,0.10443370789289474,0.5369125008583069,-0.10509539395570755,-0.09796791523694992,315,341
0,3,-0.07328680902719498,0.5457159280776978,0.20140594244003296,-0.09796791523694992,349,342
0,4,0.10993021726608276,0.570501446723938,-0.07864238321781158,-0.09796791523694992,349,342
0,5,0.05771336704492569,0.6128976345062256,0.0006172908470034599,-0.09796791523694992,346,349
0,6,0.020153872668743134,0.6436694264411926,0.03479018062353134,-0.09796791523694992,334,365
0,7,-0.021069958806037903,0.6739069819450378,-0.0018080421723425388,-0.09796791523694992,304,398
0,8,-0.021986043080687523,0.7030227184295654,-0.01621857099235058,-0.09796791523694992,260,438
 , , , , , , , 
0,0,0.08702808618545532,0.5499867796897888,0.012928730808198452,-0.09796791523694992,271,339
0,1,0.09160850942134857,0.5775980949401855,-0.041587650775909424,-0.09796791523694992,324,339
0,2,0.09618894010782242,0.6029483079910278,-0.07858619838953018,-0.09796791523694992,342,342
0,3,0.08061549067497253,0.6276753544807434,-0.12430481612682343,-0.09796791523694992,314,354
0,4,-0.08427983522415161,0.6685295701026917,0.02372707612812519,-0.09796791523694992,276,378
0,5,-0.08794417232275009,0.6895660758018494,-0.10840592533349991,-0.09796791523694992,267,409
 , , , , , , , 
0,0,-0.10443370789289474,0.5438304543495178,-0.059736914932727814,-0.09796791523694992,294,336
0,1,-0.09160850942134857,0.5776916742324829,-0.040266457945108414,-0.09796791523694992,327,336
0,2,-0.05771336704492569,0.6128385663032532,-0.008534247986972332,-0.09796791523694992,340,339
0,3,-0.020153872668743134,0.6444714069366455,0.01331543829292059,-0.09796791523694992,357,351
0,4,0.0,0.6740735173225403,0.014922283589839935,-0.09796791523694992,345,378
0,5,0.0,0.7034209370613098,0.01365119218826294,-0.09796791523694992,302,414
0,6,0.0,0.7323461174964905,0.027656881138682365,-0.09796791523694992,230,454
 , , , , , , , 
0,0,0.13191625475883484,0.49913930892944336,-0.10903406888246536,-0.09796791523694992,240,338
0,1,0.139244943857193,0.5295823812484741,-0.10188145935535431,-0.09796791523694992,297,341
0,2,0.12825191020965576,0.5642969012260437,-0.09413658827543259,-0.09796791523694992,327,344
0,3,0.11542673408985138,0.5995935797691345,-0.07835119217634201,-0.09796791523694992,327,349
0,4,0.04030774533748627,0.6387761831283569,-0.07916555553674698,-0.09796791523694992,317,365
0,5,0.021069958806037903,0.6713880300521851,-0.05824081599712372,-0.09796791523694992,291,395
0,6,0.021986043080687523,0.702308714389801,-0.03558696433901787,-0.09796791523694992,227,433
 , , , , , , , 
0,0,0.139244943857193,0.5203889608383179,-0.14153677225112915,-0.09796791523694992,289,345
0,1,0.14657361805438995,0.5429409146308899,-0.1657484769821167,-0.09796791523694992,318,346
0,2,0.1539023071527481,0.557394802570343,-0.21118679642677307,-0.09796791523694992,315,350
0,3,-0.020153872668743134,0.6386703848838806,0.08729743212461472,-0.09796791523694992,302,366
0,4,-0.021069958806037903,0.6725886464118958,0.04217054694890976,-0.09796791523694992,271,393
 , , , , , , , 
0,0,0.12825191020965576,0.5459163188934326,-0.17107900977134705,-0.09796791523694992,231,379
0,1,0.13466452062129974,0.5626599192619324,-0.21036642789840698,-0.09796791523694992,237,369
0,2,-0.07695115357637405,0.5665119886398315,0.22829237580299377,-0.09796791523694992,237,369
 , , , , , , , 
0,0,0.09893719106912613,0.5126585364341736,-0.07630883902311325,0.09796791523694992,250,354
0,1,0.10443370789289474,0.5405945181846619,-0.08412868529558182,0.09796791523694992,304,352
0,2,0.10993021726608276,0.5685865879058838,-0.09146489948034286,0.09796791523694992,325,350
0,3,0.11542673408985138,0.5958847999572754,-0.10282367467880249,0.09796791523694992,313,348
0,4,0.14107710123062134,0.6161425709724426,-0.1280331313610077,0.09796791523694992,244,363
0,5,-0.0604616180062294,0.06726107746362686,-0.638550877571106,0.09796791523694992,244,363
 , , , , , , , 
0,0,0.021069958806037903,0.6639781594276428,0.11526868492364883,0.09796791523694992,234,375
0,1,-0.28581857681274414,0.6868295669555664,-0.16581778228282928,-0.09796791523694992,227,439
 , , , , , , , 
0,0,0.10443370789289474,0.5321688055992126,-0.1269504278898239,-0.09796791523694992,246,384
0,1,0.10993021726608276,0.5591987371444702,-0.13767103850841522,-0.09796791523694992,253,396
0,2,0.11542673408985138,0.5854751467704773,-0.15122923254966736,-0.09796791523694992,236,403
 , , , , , , , 
0,0,0.08244766294956207,0.5130529999732971,-0.09170249104499817,-0.09796791523694992,273,365
0,1,0.08702808618545532,0.5399216413497925,-0.10553295165300369,-0.09796791523694992,313,375
0,2,0.09160850942134857,0.5664905905723572,-0.1201561987400055,-0.09796791523694992,323,380
0,3,0.11542673408985138,0.5890851616859436,-0.13649195432662964,-0.09796791523694992,295,390
 , , , , , , , 
0,0,0.08244766294956207,0.519589364528656,-0.040738992393016815,-0.09796791523694992,256,381
0,1,0.08702808618545532,0.5472456812858582,-0.05634495988488197,-0.09796791523694992,295,390
0,2,0.09160850942134857,0.5756105184555054,-0.0634160116314888,-0.09796791523694992,303,396
0,3,0.09618894010782242,0.6049758195877075,-0.06104663386940956,-0.09796791523694992,277,404
 , , , , , , , 
0,0,0.08702808618545532,0.5424253344535828,-0.09180071204900742,-0.09796791523694992,252,394
0,1,0.09160850942134857,0.5691692233085632,-0.10674963891506195,-0.09796791523694992,253,401
 , , , , , , , 
0,0,-0.0604616180062294,0.6420350670814514,0.007886940613389015,0.09796791523694992,236,358
0,1,-0.08427983522415161,0.6688643097877502,0.010734723880887032,0.09796791523694992,228,381
0,2,0.10443370789289474,0.5384150147438049,-0.09710478037595749,-0.09796791523694992,226,364
0,3,-0.0604616180062294,0.637515664100647,-0.07645268738269806,-0.09796791523694992,237,399
0,4,-0.08427983522415161,0.6654123663902283,-0.06871046870946884,-0.09796791523694992,225,426
 , , , , , , , 
0,0,-0.139244943857193,0.4868296682834625,0.23202194273471832,0.09796791523694992,233,328
0,1,-0.14657361805438995,0.49421262741088867,0.27930495142936707,0.09796791523694992,247,327
0,2,0.0,0.6156079769134521,-0.0012323856353759766,0.09796791523694992,237,328
0,3,-0.2116156667470932,0.4130135476589203,0.40449148416519165,0.09796791523694992,237,328
0,4,-0.0604616180062294,0.6415673494338989,0.025741012766957283,0.09796791523694992,272,339
0,5,-0.08427983522415161,0.6687089204788208,0.017974724993109703,0.09796791523694992,269,362
0,6,-0.10993021726608276,0.694832444190979,0.010515610687434673,0.09796791523694992,237,390
0,7,-0.11542671918869019,0.4995594024658203,0.12468936294317245,-0.09796791523694992,225,338
0,8,-0.12183932960033417,0.5203449130058289,0.15691661834716797,-0.09796791523694992,278,337
0,9,-0.14657361805438995,0.5307473540306091,0.20140665769577026,-0.09796791523694992,288,339
0,10,0.0,0.6102991700172424,-0.08068239688873291,-0.09796791523694992,273,344
0,11,-0.19237788021564484,0.48149800300598145,0.33185112476348877,-0.09796791523694992,273,344
0,12,-0.0604616180062294,0.6384861469268799,-0.06787236034870148,-0.09796791523694992,304,360
0,13,-0.08427983522415161,0.6649831533432007,-0.07274709641933441,-0.09796791523694992,296,389
0,14,-0.10993021726608276,0.6901175379753113,-0.08148916810750961,-0.09796791523694992,260,422
 , , , , , , , 
0,0,0.06595812737941742,0.5175314545631409,-0.07900074869394302,-0.09796791523694992,279,332
0,1,-0.11542671918869019,0.4858406186103821,0.17048732936382294,-0.09796791523694992,279,332
0,2,0.0696224719285965,0.5465950965881348,-0.08132011443376541,-0.09796791523694992,321,334
0,3,-0.12183932960033417,0.5206748843193054,0.15581826865673065,-0.09796791523694992,321,334
0,4,0.05496510863304138,0.5785732865333557,-0.07728538662195206,-0.09796791523694992,332,336
0,5,-0.12825191020965576,0.5528495907783508,0.14713935554027557,-0.09796791523694992,332,336
0,6,0.0,0.6127962470054626,-0.058783259242773056,-0.09796791523694992,329,345
0,7,-0.04030774533748627,0.6414815783500671,-0.05294845253229141,-0.09796791523694992,311,367
0,8,-0.06320987641811371,0.6685399413108826,-0.060470420867204666,-0.09796791523694992,278,401
 , , , , , , , 
0,0,0.049468595534563065,0.5237904191017151,-0.04033394157886505,-0.09796791523694992,295,330
0,1,0.05221685394644737,0.5530247688293457,-0.0407852940261364,-0.09796791523694992,328,331
0,2,0.05496510863304138,0.5822405219078064,-0.041425254195928574,-0.09796791523694992,327,337
0,3,0.019237788394093513,0.6121112108230591,-0.06264583766460419,-0.09796791523694992,294,354
0,4,-0.020153872668743134,0.6431476473808289,-0.04338010773062706,-0.09796791523694992,290,382
0,5,-0.06320987641811371,0.6710861325263977,-0.015676291659474373,-0.09796791523694992,264,418
 , , , , , , , 
0,0,0.06595812737941742,0.5227722525596619,-0.028090238571166992,-0.09796791523694992,276,333
0,1,0.05221685394644737,0.5542895793914795,-0.016213538125157356,-0.09796791523694992,307,334
0,2,0.03664340451359749,0.5849636793136597,-0.014695103280246258,-0.09796791523694992,314,336
0,3,0.0,0.6142725944519043,-0.04054535925388336,-0.09796791523694992,306,351
0,4,-0.020153872668743134,0.6422781944274902,-0.054767291992902756,-0.09796791523694992,293,378
0,5,-0.021069958806037903,0.6712073683738708,-0.06028693914413452,-0.09796791523694992,258,412
 , , , , , , , 
0,0,0.05221685394644737,0.5545257925987244,-0.0010010701371356845,0.09796791523694992,228,338
0,1,0.03664340451359749,0.585142195224762,0.002657977631315589,0.09796791523694992,230,343
0,2,0.0,0.6152293682098389,0.021623456850647926,0.09796791523694992,231,348
0,3,-0.04030774533748627,0.6410430669784546,0.05801694467663765,0.09796791523694992,229,363
0,4,0.06595812737941742,0.5197573304176331,-0.06270710378885269,-0.09796791523694992,249,335
0,5,0.0696224719285965,0.5485177040100098,-0.06713779270648956,-0.09796791523694992,279,335
0,6,0.05496510863304138,0.5785217881202698,-0.07766973972320557,-0.09796791523694992,284,339
0,7,0.0,0.6134483218193054,-0.05153517425060272,-0.09796791523694992,275,351
0,8,-0.04030774533748627,0.6436517238616943,-0.003819485194981098,-0.09796791523694992,266,374
0,9,-0.06320987641811371,0.670503556728363,0.03205138072371483,-0.09796791523694992,232,406
 , , , , , , , 
0,0,0.0696224719285965,0.5416145324707031,-0.10969457775354385,-0.09796791523694992,234,346
0,1,0.05496510863304138,0.5653177499771118,-0.14538180828094482,-0.09796791523694992,235,346
0,2,0.019237788394093513,0.5812950134277344,-0.20174424350261688,-0.09796791523694992,232,349
 , , , , , , , 
0,0,0.06595812737941742,0.5228776335716248,-0.026054805144667625,0.09796791523694992,230,331
0,1,0.0696224719285965,0.5519623756408691,-0.026771094650030136,0.09796791523694992,251,335
0,2,0.07328680902719498,0.5810827016830444,-0.026705384254455566,0.09796791523694992,235,337
0,3,0.06595812737941742,0.5144957900047302,-0.09681923687458038,-0.09796791523694992,263,328
0,4,-0.11542671918869019,0.460382342338562,0.23055396974086761,-0.09796791523694992,263,328
0,5,0.0696224719285965,0.5430072546005249,-0.10257839411497116,-0.09796791523694992,287,327
0,6,-0.12183932960033417,0.49430885910987854,0.22592122852802277,-0.09796791523694992,287,327
0,7,0.07328680902719498,0.5708349943161011,-0.11188230663537979,-0.09796791523694992,260,329
0,8,-0.16489532589912415,0.5262396931648254,0.1990540772676468,-0.09796791523694992,260,329
0,9,-0.2116156667470932,0.5635839700698853,0.12871156632900238,-0.09796791523694992,239,340
0,10,0.0,0.5387452840805054,-0.2978728711605072,-0.09796791523694992,239,340
 , , , , , , , 
0,0,0.049468595534563065,0.5253323912620544,-0.003021862357854843,0.09796791523694992,238,328
0,1,0.05221685394644737,0.5544975399971008,-0.005684950388967991,0.09796791523694992,262,329
0,2,0.07328680902719498,0.581587016582489,0.01126096397638321,0.09796791523694992,249,331
0,3,0.06595812737941742,0.5194613337516785,-0.06511370837688446,-0.09796791523694992,273,339
0,4,0.0696224719285965,0.5482476353645325,-0.06930859386920929,-0.09796791523694992,298,338
0,5,0.07328680902719498,0.5787118077278137,-0.05884656310081482,-0.09796791523694992,288,337
0,6,-0.03847557678818703,0.5819394588470459,-0.19708070158958435,-0.09796791523694992,240,349
0,7,0.13466452062129974,0.5689001083374023,0.19285458326339722,-0.09796791523694992,240,349
0,8,-0.0604616180062294,0.6418061852455139,-0.018869485706090927,-0.09796791523694992,241,376
 , , , , , , , 
0,0,0.05221685394644737,0.5544909834861755,-0.006295509170740843,0.09796791523694992,234,349
0,1,-0.15665055811405182,0.43940868973731995,0.3043140769004822,0.09796791523694992,234,349
0,2,0.046720340847969055,0.4945163428783417,-0.040296874940395355,-0.09796791523694992,228,332
0,3,0.049468595534563065,0.5216017961502075,-0.06256847828626633,-0.09796791523694992,286,331
0,4,-0.13191625475883484,0.4352683424949646,0.2675255835056305,-0.09796791523694992,286,331
0,5,0.0696224719285965,0.5487625002861023,-0.06510661542415619,-0.09796791523694992,312,328
0,6,-0.139244943857193,0.46657896041870117,0.27044662833213806,-0.09796791523694992,312,328
0,7,0.07328680902719498,0.5778006911277771,-0.06720585376024246,-0.09796791523694992,292,331
0,8,-0.14657361805438995,0.4826027452945709,0.2989179790019989,-0.09796791523694992,292,331
0,9,-0.05771336704492569,0.601863443851471,-0.11577700078487396,-0.09796791523694992,226,345
0,10,-0.0604616180062294,0.6420057415962219,-0.009996292181313038,-0.09796791523694992,264,374
 , , , , , , , 
0,0,0.049468595534563065,0.5250826478004456,0.016475817188620567,0.09796791523694992,238,331
0,1,-0.13191625475883484,0.4380578398704529,0.26293304562568665,0.09796791523694992,238,331
0,2,-0.139244943857193,0.47138169407844543,0.2619858980178833,0.09796791523694992,257,331
0,3,0.05221685394644737,0.5544570088386536,0.008790467865765095,0.09796791523694992,257,331
0,4,-0.14657361805438995,0.49187734723091125,0.2833973169326782,0.09796791523694992,234,334
0,5,0.07328680902719498,0.5816956758499146,0.0006330078467726707,0.09796791523694992,234,334
0,6,-0.109014131128788,0.4441877007484436,0.19790466129779816,-0.09796791523694992,244,324
0,7,0.06229379028081894,0.49222075939178467,-0.04681066796183586,-0.09796791523694992,244,324
0,8,-0.11542671918869019,0.4816684424877167,0.18194103240966797,-0.09796791523694992,299,327
0,9,0.049468595534563065,0.5216454863548279,-0.06220327690243721,-0.09796791523694992,299,327
0,10,-0.12183932960033417,0.5126851201057434,0.18037621676921844,-0.09796791523694992,316,332
0,11,-0.14657361805438995,0.5384547114372253,0.17978839576244354,-0.09796791523694992,292,336
0,12,-0.05771336704492569,0.5798951983451843,0.19840723276138306,-0.09796791523694992,253,354
0,13,-0.0604616180062294,0.6420800685882568,-0.0021013624500483274,-0.09796791523694992,255,385
 , , , , , , , 
0,0,-0.139244943857193,0.5385128855705261,0.029003597795963287,0.09796791523694992,240,335
0,1,0.05221685394644737,0.5430405139923096,0.11228024214506149,0.09796791523694992,240,335
0,2,-0.11542671918869019,0.5147373676300049,0.012348474003374577,-0.09796791523694992,263,342
0,3,-0.139244943857193,0.5388516783714294,0.02182208001613617,-0.09796791523694992,287,340
0,4,-0.14657361805438995,0.5669052004814148,0.02959488146007061,-0.09796791523694992,273,341
 , , , , , , , 
0,0,0.06595812737941742,0.5227606892585754,-0.028305111452937126,0.09796791523694992,227,344
0,1,0.0696224719285965,0.5515478849411011,-0.03426546975970268,0.09796791523694992,240,349
0,2,0.08244766294956207,0.5145742297172546,-0.08274140954017639,-0.09796791523694992,226,324
0,3,0.08702808618545532,0.5415924787521362,-0.09659283608198166,-0.09796791523694992,246,323
0,4,0.09160850942134857,0.5693556070327759,-0.1057509258389473,-0.09796791523694992,230,324
 , , , , , , , 
0,0,0.06595812737941742,0.5232946276664734,-0.015575680881738663,0.09796791523694992,231,337
0,1,0.0696224719285965,0.5522916316986084,-0.018791796639561653,0.09796791523694992,248,337
0,2,0.07328680902719498,0.5813876986503601,-0.018936187028884888,0.09796791523694992,231,340
0,3,0.08702808618545532,0.5424437522888184,-0.09169166535139084,-0.09796791523694992,227,338
 , , , , , , , 
0,0,0.08244766294956207,0.5211827754974365,-0.0011261083418503404,0.09796791523694992,226,330
0,1,0.08702808618545532,0.5501371026039124,-0.0013370184460654855,0.09796791523694992,242,330
0,2,0.09160850942134857,0.5790367722511292,0.008090974763035774,0.09796791523694992,228,330
 , , , , , , , 
0,0,0.08244766294956207,0.5211629867553711,0.004679388366639614,0.09796791523694992,231,348
0,1,0.0696224719285965,0.5525678992271423,0.006923147011548281,0.09796791523694992,244,353
0,2,0.08702808618545532,0.5462275743484497,-0.06548325717449188,-0.09796791523694992,238,332
 , , , , , , , 
0,0,0.06595812737941742,0.5235065817832947,0.0045564500615000725,0.09796791523694992,258,326
0,1,0.08702808618545532,0.5501129627227783,0.005321249831467867,0.09796791523694992,267,334
0,2,0.09160850942134857,0.5787879228591919,0.01880524307489395,0.09796791523694992,239,348
0,3,0.08702808618545532,0.546542763710022,-0.06279832869768143,-0.09796791523694992,235,340
 , , , , , , , 
0,0,0.08702808618545532,0.5501102805137634,-0.00559212826192379,0.09796791523694992,231,329
 , , , , , , , 
0,0,0.0696224719285965,0.5523151159286499,-0.018088124692440033,0.09796791523694992,232,335
0,1,0.07328680902719498,0.5815778374671936,-0.011726239696145058,0.09796791523694992,226,337
 , , , , , , , 
0,0,0.0696224719285965,0.5521326065063477,-0.022994697093963623,0.09796791523694992,230,318
 , , , , , , , 
0,0,0.0696224719285965,0.5520882606506348,-0.024036388844251633,0.09796791523694992,231,332
0,1,0.07328680902719498,0.5810778141021729,-0.026811692863702774,0.09796791523694992,226,330
 , , , , , , , 
0,0,-0.10443370789289474,0.5468032360076904,0.01806332916021347,-0.09796791523694992,256,330
0,1,-0.10993021726608276,0.5757921934127808,0.010949945077300072,-0.09796791523694992,258,334
0,2,-0.11542673408985138,0.604690670967102,-0.0007729158387519419,-0.09796791523694992,230,341
 , , , , , , , 
0,0,-0.11542671918869019,0.5148398876190186,-0.006848632358014584,-0.09796791523694992,243,324
0,1,-0.12183932960033417,0.5434889197349548,-0.0011970358900725842,-0.09796791523694992,265,321
0,2,-0.12825191020965576,0.5720891356468201,0.0025810864754021168,-0.09796791523694992,241,324
 , , , , , , , 
0,0,-0.109014131128788,0.4831882417201996,0.05475491285324097,-0.09796791523694992,228,338
0,1,-0.11542671918869019,0.5121755003929138,0.0527566596865654,-0.09796791523694992,280,340
0,2,-0.12183932960033417,0.5414003729820251,0.04761604964733124,-0.09796791523694992,290,347
0,3,-0.10993021726608276,0.573760986328125,0.04954632371664047,-0.09796791523694992,266,358
 , , , , , , , 
0,0,-0.10443370789289474,0.5464893579483032,0.025874145328998566,0.09796791523694992,234,330
 , , , , , , , 
0,0,0.0696224719285965,0.5525025725364685,0.010957271791994572,0.09796791523694992,237,335
0,1,0.05496510863304138,0.5837104916572571,0.0014559063129127026,0.09796791523694992,233,338
 , , , , , , , 
0,0,0.06595812737941742,0.5231860280036926,-0.01887558214366436,0.09796791523694992,247,336
0,1,0.0696224719285965,0.5524282455444336,-0.01421975065022707,0.09796791523694992,277,336
0,2,0.05496510863304138,0.5836533308029175,0.008298986591398716,0.09796791523694992,276,339
0,3,0.019237788394093513,0.6115270853042603,0.06811204552650452,0.09796791523694992,250,348
0,4,-0.11542671918869019,0.43709179759025574,0.27213558554649353,-0.09796791523694992,230,336
0,5,0.06595812737941742,0.5090607404708862,-0.1222173273563385,-0.09796791523694992,230,336
0,6,0.08702808618545532,0.5393652319908142,-0.10834091901779175,-0.09796791523694992,256,335
0,7,-0.12183932960033417,0.45744314789772034,0.2934747040271759,-0.09796791523694992,256,335
0,8,0.09160850942134857,0.5696584582328796,-0.10410717129707336,-0.09796791523694992,245,335
0,9,-0.12825191020965576,0.5014858245849609,0.27532634139060974,-0.09796791523694992,245,335
 , , , , , , , 
0,0,0.06595812737941742,0.5231397151947021,-0.020117299631237984,0.09796791523694992,284,338
0,1,0.0696224719285965,0.5521981716156006,-0.02136300690472126,0.09796791523694992,310,341
0,2,0.07328680902719498,0.5813848376274109,-0.01902463287115097,0.09796791523694992,301,345
0,3,0.07695115357637405,0.610771894454956,-0.003306038212031126,0.09796791523694992,253,359
0,4,0.08244766294956207,0.5144469141960144,-0.08352925628423691,-0.09796791523694992,235,345
0,5,0.08702808618545532,0.5432227849960327,-0.08695756644010544,-0.09796791523694992,265,343
0,6,0.07328680902719498,0.5749272108078003,-0.08848132193088531,-0.09796791523694992,261,342
0,7,-0.12825191020965576,0.12811952829360962,-0.557564377784729,-0.09796791523694992,261,342
 , , , , , , , 
0,0,0.06595812737941742,0.5224968791007996,-0.03281569108366966,0.09796791523694992,237,334
0,1,0.0696224719285965,0.5521077513694763,-0.02358381636440754,0.09796791523694992,257,337
0,2,0.09160850942134857,0.5789051055908203,-0.01476381067186594,0.09796791523694992,247,340
0,3,0.08702808618545532,0.5428072810173035,-0.08951457589864731,-0.09796791523694992,230,340
 , , , , , , , 
0,0,-0.11542671918869019,0.5056058764457703,0.09731244295835495,0.09796791523694992,280,330
0,1,-0.12183932960033417,0.5339367389678955,0.101455457508564,0.09796791523694992,298,333
0,2,-0.12825191020965576,0.5616720914840698,0.10870666056871414,0.09796791523694992,284,333
0,3,-0.08061549067497253,0.6395406126976013,-0.020391423255205154,0.09796791523694992,243,374
0,4,-0.0604616180062294,0.6382352113723755,-0.07019305974245071,-0.09796791523694992,226,359
 , , , , , , , 
0,0,0.06595812737941742,0.52090984582901,-0.052276477217674255,0.09796791523694992,240,326
0,1,-0.11542671918869019,0.4141042232513428,0.3059815764427185,0.09796791523694992,240,326
0,2,0.0696224719285965,0.5501575469970703,-0.052018050104379654,0.09796791523694992,274,324
0,3,-0.12183932960033417,0.4301520884037018,0.33219093084335327,0.09796791523694992,274,324
0,4,0.07328680902719498,0.5784921050071716,-0.06096848472952843,0.09796791523694992,267,326
0,5,-0.12825191020965576,0.46262431144714355,0.33655813336372375,0.09796791523694992,267,326
0,6,-0.11542673408985138,0.5392842888832092,0.27353954315185547,0.09796791523694992,227,335
0,7,0.09618894010782242,0.6002110242843628,-0.09730959683656693,0.09796791523694992,227,335
0,8,0.08244766294956207,0.5134223699569702,-0.08961158245801926,-0.09796791523694992,254,338
0,9,0.08702808618545532,0.5419929623603821,-0.09431973844766617,-0.09796791523694992,281,341
0,10,0.09160850942134857,0.5694286227226257,-0.10535720735788345,-0.09796791523694992,276,345
0,11,0.09618894010782242,0.5932070016860962,-0.13352112472057343,-0.09796791523694992,231,354
 , , , , , , , 
0,0,0.08702808618545532,0.5432509183883667,-0.08678136765956879,-0.09796791523694992,229,338
0,1,0.07328680902719498,0.5774796009063721,-0.0699111819267273,-0.09796791523694992,233,337
0,2,0.0,0.614374041557312,0.03897801786661148,-0.09796791523694992,230,344
 , , , , , , , 
0,0,-0.11542671918869019,0.5054282546043396,0.09823109209537506,-0.09796791523694992,280,330
0,1,-0.12183932960033417,0.5355820655822754,0.09237684309482574,-0.09796791523694992,299,330
0,2,-0.10993021726608276,0.5687703490257263,0.09031534940004349,-0.09796791523694992,283,330
 , , , , , , , 
0,0,0.0696224719285965,0.5519362688064575,-0.027304697781801224,0.09796791523694992,241,332
0,1,-0.12183932960033417,0.39578938484191895,0.372467964887619,0.09796791523694992,241,332
0,2,0.07328680902719498,0.5811666250228882,-0.024811087176203728,0.09796791523694992,236,331
0,3,-0.09893719106912613,0.48263081908226013,0.18896903097629547,-0.09796791523694992,261,337
0,4,-0.10443370789289474,0.5087102651596069,0.20133046805858612,-0.09796791523694992,273,335
0,5,-0.10993021726608276,0.5317158102989197,0.2212122231721878,-0.09796791523694992,255,337
0,6,0.09160850942134857,0.569055438041687,-0.10735461860895157,-0.09796791523694992,255,337
 , , , , , , , 
0,0,-0.09344068169593811,0.4661692976951599,0.1493588387966156,-0.09796791523694992,231,330
0,1,-0.09893719106912613,0.4981284439563751,0.14321261644363403,-0.09796791523694992,266,330
0,2,-0.12183932960033417,0.5274401307106018,0.1311049610376358,-0.09796791523694992,264,333
 , , , , , , , 
0,0,-0.03847557678818703,0.61107337474823,0.06390385329723358,0.09796791523694992,256,345
0,1,-0.0604616180062294,0.6405136585235596,0.04487251490354538,0.09796791523694992,247,365
0,2,-0.12641975283622742,0.6612921357154846,-0.03617381304502487,0.09796791523694992,229,389
0,3,-0.109014131128788,0.48110687732696533,0.07074693590402603,-0.19593583047389984,252,339
0,4,-0.11542671918869019,0.509674072265625,0.07307104766368866,-0.19593583047389984,307,337
0,5,-0.12183932960033417,0.5382565855979919,0.07524275779724121,-0.19593583047389984,327,333
0,6,-0.12825191020965576,0.5653111934661865,0.0878402441740036,-0.19593583047389984,310,333
0,7,0.0,0.5981959700584412,-0.14538328349590302,-0.09796791523694992,243,352
0,8,-0.08061549067497253,0.6255961060523987,-0.1343783587217331,-0.09796791523694992,260,385
0,9,-0.12641975283622742,0.6466042399406433,-0.1432439386844635,-0.09796791523694992,254,424
0,10,-0.1539023071527481,0.6699996590614319,-0.14967261254787445,-0.09796791523694992,225,466
 , , , , , , , 
0,0,-0.109014131128788,0.4546966552734375,0.17239467799663544,0.09796791523694992,235,339
0,1,-0.09893719106912613,0.49536165595054626,0.15250776708126068,0.09796791523694992,280,338
0,2,-0.10443370789289474,0.5257031321525574,0.15151330828666687,0.09796791523694992,291,338
0,3,-0.05496510863304138,0.5693210363388062,0.12881632149219513,0.09796791523694992,270,342
0,4,0.0,0.5957830548286438,0.154975026845932,0.09796791523694992,232,360
0,5,0.08244766294956207,0.5179943442344666,-0.05757267028093338,-0.09796791523694992,244,331
0,6,0.08702808618545532,0.545892596244812,-0.06821928918361664,-0.09796791523694992,268,331
0,7,0.09160850942134857,0.5735153555870056,-0.0801825150847435,-0.09796791523694992,258,332
0,8,-0.1209232360124588,0.6312834620475769,-0.052779149264097214,-0.09796791523694992,252,367
0,9,-0.12641975283622742,0.6581627130508423,-0.07374083995819092,-0.09796791523694992,262,397
0,10,-0.1539023071527481,0.6807224154472351,-0.08898567408323288,-0.09796791523694992,243,431
 , , , , , , , 
0,0,-0.09893719106912613,0.5000180602073669,0.1364687979221344,0.09796791523694992,266,337
0,1,-0.10443370789289474,0.5310000777244568,0.13175351917743683,0.09796791523694992,274,340
0,2,-0.10993021726608276,0.5644840598106384,0.11408016830682755,0.09796791523694992,251,343
0,3,-0.08702808618545532,0.5422159433364868,0.09302939474582672,-0.09796791523694992,233,328
 , , , , , , , 
0,0,0.08702808618545532,0.5501184463500977,0.004724403377622366,0.09796791523694992,235,333
 , , , , , , , 
0,0,0.08244766294956207,0.5207521319389343,-0.021212663501501083,0.09796791523694992,266,330
0,1,0.08702808618545532,0.5488355159759521,-0.03784414753317833,0.09796791523694992,285,333
0,2,0.09160850942134857,0.5767240524291992,-0.05232986435294151,0.09796791523694992,269,337
0,3,0.08702808618545532,0.5395630598068237,-0.1073513925075531,-0.09796791523694992,246,332
0,4,0.10993021726608276,0.5633381605148315,-0.11961045116186142,-0.09796791523694992,232,333
 , , , , , , , 
0,0,0.08244766294956207,0.520020067691803,-0.03481262922286987,0.09796791523694992,262,326
0,1,-0.11542671918869019,0.35135340690612793,0.37637457251548767,0.09796791523694992,262,326
0,2,0.08702808618545532,0.5485621094703674,-0.041619859635829926,0.09796791523694992,292,318
0,3,0.09160850942134857,0.5776177644729614,-0.041313160210847855,0.09796791523694992,280,317
0,4,-0.04030774533748627,0.6432129144668579,-0.02406931482255459,0.09796791523694992,251,356
0,5,-0.021069958806037903,0.6738895773887634,-0.005170560907572508,0.09796791523694992,227,389
0,6,0.08702808618545532,0.5398942828178406,-0.10567288100719452,-0.09796791523694992,236,340
0,7,-0.10443370789289474,0.4194604158401489,0.3512449860572815,-0.09796791523694992,236,340
 , , , , , , , 
0,0,-0.109014131128788,0.4746954143047333,0.10551416873931885,0.09796791523694992,239,342
0,1,-0.11542671918869019,0.5066019296646118,0.09198665618896484,0.09796791523694992,288,340
0,2,-0.12183932960033417,0.5378940105438232,0.0777924507856369,0.09796791523694992,296,343
0,3,-0.12825191020965576,0.5698937773704529,0.05013744905591011,0.09796791523694992,273,345
 , , , , , , , 
0,0,0.08702808618545532,0.549981951713562,-0.013131631538271904,0.09796791523694992,233,339
0,1,-0.12183932960033417,0.34407466650009155,0.4207068383693695,0.09796791523694992,233,339
0,2,0.07328680902719498,0.5814597606658936,-0.016577837988734245,0.09796791523694992,230,342
0,3,-0.14657361805438995,0.39335840940475464,0.4093000590801239,0.09796791523694992,230,342
 , , , , , , , 
0,0,-0.06595812737941742,0.4906080663204193,0.18271179497241974,0.09796791523694992,234,330
0,1,-0.0696224719285965,0.5238630771636963,0.1759166717529297,0.09796791523694992,258,329
0,2,-0.05496510863304138,0.5593048334121704,0.1670275628566742,0.09796791523694992,248,333
 , , , , , , , 
0,0,-0.12183932960033417,0.4759407639503479,0.2624157667160034,0.09796791523694992,239,323
0,1,-0.12825191020965576,0.4947105050086975,0.28732243180274963,0.09796791523694992,230,326
0,2,0.09160850942134857,0.5764088034629822,-0.05569566413760185,0.09796791523694992,230,326
 , , , , , , , 
0,0,-0.11542671918869019,0.47345203161239624,0.2023615688085556,0.09796791523694992,246,338
0,1,0.08244766294956207,0.5210164785385132,-0.013214224949479103,0.09796791523694992,246,338
0,2,-0.12183932960033417,0.45983022451400757,0.28972020745277405,0.09796791523694992,279,337
0,3,0.08702808618545532,0.5500876903533936,-0.007492830511182547,0.09796791523694992,279,337
0,4,-0.10993021726608276,0.3616766929626465,0.44815903902053833,0.09796791523694992,280,335
0,5,0.09160850942134857,0.5790627598762512,-0.005953401327133179,0.09796791523694992,280,335
0,6,-0.11542673408985138,0.5202396512031555,0.30822405219078064,0.09796791523694992,246,343
0,7,-0.08061549067497253,0.618495762348175,0.16398490965366364,0.09796791523694992,231,365
0,8,-0.10443370789289474,0.4050978720188141,0.3677169978618622,-0.09796791523694992,247,338
0,9,0.08702808618545532,0.5444076061248779,-0.0792020633816719,-0.09796791523694992,247,338
0,10,-0.10993021726608276,0.401295930147171,0.4130594730377197,-0.09796791523694992,244,339
0,11,0.09160850942134857,0.573673665523529,-0.07904187589883804,-0.09796791523694992,244,339
 , , , , , , , 
0,0,0.06595812737941742,0.5232526063919067,0.01692855730652809,0.09796791523694992,236,333
0,1,0.0696224719285965,0.5524628162384033,0.01280624233186245,0.09796791523694992,272,329
0,2,0.07328680902719498,0.5815889835357666,0.011158060282468796,0.09796791523694992,271,331
0,3,-0.10993021726608276,0.5254947543144226,-0.2356094866991043,0.09796791523694992,271,331
0,4,-0.11542673408985138,0.6040401458740234,-0.02805146761238575,0.09796791523694992,235,338
0,5,0.09618894010782242,0.6079808473587036,0.009041763842105865,0.09796791523694992,235,338
0,6,0.08702808618545532,0.5459216833114624,-0.06798604875802994,-0.09796791523694992,249,330
0,7,0.09160850942134857,0.5749818086624146,-0.06888388097286224,-0.09796791523694992,248,331
0,8,-0.10993021726608276,0.39482638239860535,-0.41924774646759033,-0.09796791523694992,248,331
 , , , , , , , 
0,0,0.0696224719285965,0.552310585975647,-0.018226807937026024,0.09796791523694992,238,341
0,1,0.07328680902719498,0.5814852118492126,-0.015658613294363022,0.09796791523694992,239,341
0,2,0.08702808618545532,0.5424505472183228,-0.09165145456790924,-0.09796791523694992,231,333
0,3,0.09160850942134857,0.5711920857429504,-0.0953345000743866,-0.09796791523694992,232,333
 , , , , , , , 
0,0,0.05496510863304138,0.5826421976089478,-0.03532886877655983,0.09796791523694992,230,341
0,1,-0.019237788394093513,0.6153014302253723,0.002972204005345702,0.09796791523694992,243,345
0,2,-0.04030774533748627,0.6436176896095276,0.007645446807146072,0.09796791523694992,253,358
0,3,-0.06320987641811371,0.6711419224739075,0.013071580789983273,0.09796791523694992,235,381
0,4,-0.04030774533748627,0.638177216053009,-0.08385703712701797,-0.09796791523694992,230,349
 , , , , , , , 
0,0,0.0696224719285965,0.55077064037323,-0.04506516084074974,0.09796791523694992,245,332
0,1,-0.12183932960033417,0.4572489857673645,0.29377710819244385,0.09796791523694992,245,332
0,2,0.07328680902719498,0.578784167766571,-0.05813062563538551,0.09796791523694992,248,333
0,3,-0.12825191020965576,0.5063478946685791,0.26627886295318604,0.09796791523694992,248,333
0,4,-0.07695115357637405,0.5983657836914062,0.12252198904752731,0.09796791523694992,249,336
0,5,-0.0604616180062294,0.6411795020103455,0.03406032174825668,0.09796791523694992,259,352
0,6,-0.10534979403018951,0.6658904552459717,0.009440179914236069,0.09796791523694992,246,379
0,7,0.08702808618545532,0.5419333577156067,-0.09466153383255005,-0.09796791523694992,227,334
0,8,-0.12183932960033417,0.4419301748275757,0.3163532018661499,-0.09796791523694992,227,334
0,9,0.09160850942134857,0.5672831535339355,-0.11635690927505493,-0.09796791523694992,230,335
0,10,-0.10993021726608276,0.5089148879051208,0.2695592939853668,-0.09796791523694992,230,335
0,11,-0.0604616180062294,0.641557514667511,-0.02598446235060692,-0.09796791523694992,231,351
 , , , , , , , 
0,0,-0.12641975283622742,0.6622512340545654,0.006259869318455458,0.09796791523694992,226,370
 , , , , , , , 
0,0,0.0696224719285965,0.5475149750709534,-0.07487687468528748,-0.09796791523694992,242,330
0,1,0.09160850942134857,0.5730901956558228,-0.08316670358181,-0.09796791523694992,243,333
 , , , , , , , 
0,0,0.0696224719285965,0.55230712890625,-0.018330879509449005,0.09796791523694992,241,341
0,1,0.07328680902719498,0.5814509391784668,-0.01688397116959095,0.09796791523694992,241,343
0,2,-0.12825191020965576,0.19549612700939178,-0.5376559495925903,0.09796791523694992,241,343
0,3,-0.11542671918869019,0.3327910006046295,0.39288318157196045,-0.09796791523694992,228,339
0,4,0.06595812737941742,0.5169841647148132,-0.08250604569911957,-0.09796791523694992,228,339
0,5,-0.12183932960033417,0.3187018632888794,0.44023942947387695,-0.09796791523694992,264,339
0,6,0.0696224719285965,0.5461804866790771,-0.0840599313378334,-0.09796791523694992,264,339
0,7,-0.12825191020965576,0.06460253149271011,0.5684357285499573,-0.09796791523694992,267,337
0,8,0.07328680902719498,0.5754736065864563,-0.08485523611307144,-0.09796791523694992,267,337
0,9,-0.11542673408985138,0.5151177644729614,-0.31670981645584106,-0.09796791523694992,231,343
 , , , , , , , 
0,0,-0.12183932960033417,0.5078107118606567,0.193674698472023,0.09796791523694992,231,324
0,1,0.08702808618545532,0.5489000678062439,-0.0368957594037056,0.09796791523694992,231,324
0,2,-0.11542671918869019,0.5002776384353638,0.12177564203739166,-0.09796791523694992,232,331
0,3,-0.12183932960033417,0.5291847586631775,0.12387558072805405,-0.09796791523694992,254,336
0,4,-0.12825191020965576,0.5552282333374023,0.13789209723472595,-0.09796791523694992,239,341
 , , , , , , , 
0,0,-0.139244943857193,0.4868563711643219,0.23196589946746826,-0.09796791523694992,242,332
 , , , , , , , 
0,0,-0.139244943857193,0.5062033534049988,0.1859985888004303,0.09796791523694992,243,333
0,1,-0.14657361805438995,0.5338375568389893,0.19306686520576477,0.09796791523694992,237,333
0,2,-0.11542671918869019,0.5035936236381531,0.10724034905433655,-0.09796791523694992,247,337
0,3,-0.12183932960033417,0.5320781469345093,0.11079021543264389,-0.09796791523694992,271,339
0,4,-0.12825191020965576,0.5609601736068726,0.11232240498065948,-0.09796791523694992,266,338
 , , , , , , , 
0,0,0.08702808618545532,0.5488677620887756,-0.03737340122461319,0.09796791523694992,247,330
0,1,-0.12183932960033417,0.4948205053806305,0.22479836642742157,0.09796791523694992,247,330
0,2,0.09160850942134857,0.5773561596870422,-0.044821035116910934,0.09796791523694992,242,333
0,3,-0.11542671918869019,0.5031113028526306,0.10948094725608826,-0.09796791523694992,252,328
0,4,0.09893719106912613,0.5111567378044128,-0.08579397946596146,-0.09796791523694992,252,328
0,5,0.10443370789289474,0.5381532311439514,-0.0985451191663742,-0.09796791523694992,276,326
0,6,-0.12183932960033417,0.5346748232841492,0.09749077260494232,-0.09796791523694992,276,326
0,7,0.10993021726608276,0.5647202730178833,-0.11290503293275833,-0.09796791523694992,268,325
 , , , , , , , 
0,0,0.0696224719285965,0.5525830388069153,-0.0055806743912398815,0.09796791523694992,233,341
0,1,0.07328680902719498,0.580986499786377,-0.028721993789076805,0.09796791523694992,234,342
0,2,0.0696224719285965,0.549460768699646,-0.05892416089773178,-0.09796791523694992,253,336
0,3,-0.12183932960033417,0.5249696373939514,-0.14067162573337555,-0.09796791523694992,253,336
0,4,0.07328680902719498,0.5754435658454895,-0.08505859971046448,-0.09796791523694992,257,337
 , , , , , , , 
0,0,0.06595812737941742,0.5235135555267334,-0.003664662828668952,0.09796791523694992,233,328
0,1,0.0696224719285965,0.5523919463157654,-0.015566346235573292,0.09796791523694992,270,326
0,2,0.07328680902719498,0.5806324481964111,-0.03515975549817085,0.09796791523694992,268,326
0,3,0.09618894010782242,0.6024253368377686,-0.08249946683645248,0.09796791523694992,231,329
0,4,-0.11542673408985138,0.49625834822654724,0.345512717962265,0.09796791523694992,231,329
0,5,0.06595812737941742,0.5177550911903381,-0.0775214284658432,-0.09796791523694992,238,346
0,6,0.08702808618545532,0.5437477827072144,-0.08361194282770157,-0.09796791523694992,267,350
0,7,0.09160850942134857,0.5700883865356445,-0.10172665119171143,-0.09796791523694992,266,352
0,8,0.11542673408985138,0.5866946578025818,-0.1464267373085022,-0.09796791523694992,228,355
0,9,-0.11542673408985138,0.5287607312202454,0.2933657467365265,-0.09796791523694992,228,355
 , , , , , , , 
0,0,0.0696224719285965,0.5524106025695801,-0.01489014457911253,0.09796791523694992,231,336
0,1,0.09160850942134857,0.5782403945922852,-0.03141840174794197,0.09796791523694992,229,337
0,2,0.08702808618545532,0.5441807508468628,-0.08074573427438736,-0.09796791523694992,248,336
0,3,0.09160850942134857,0.5700343251228333,-0.10202930867671967,-0.09796791523694992,245,338
 , , , , , , , 
0,0,-0.12641975283622742,0.6549409031867981,-0.09832748770713806,-0.09796791523694992,230,378
 , , , , , , , 
0,0,0.08244766294956207,0.5211653113365173,-0.0044161658734083176,0.09796791523694992,242,337
0,1,0.08702808618545532,0.5501189231872559,0.004665755201131105,0.09796791523694992,272,334
0,2,0.09160850942134857,0.5789790153503418,0.011505622416734695,0.09796791523694992,264,334
0,3,0.08702808618545532,0.5448469519615173,-0.07612083852291107,-0.09796791523694992,240,332
0,4,0.09160850942134857,0.5742276906967163,-0.07491109520196915,-0.09796791523694992,232,333
 , , , , , , , 
0,0,-0.12183932960033417,0.511011004447937,0.18506591022014618,0.09796791523694992,238,333
 , , , , , , , 
0,0,-0.12183932960033417,0.5363304615020752,0.08792776614427567,0.09796791523694992,262,339
0,1,-0.12825191020965576,0.5685532093048096,0.06356004625558853,0.09796791523694992,264,341
 , , , , , , , 
0,0,-0.10443370789289474,0.5411970019340515,0.08016171306371689,-0.09796791523694992,241,336
0,1,-0.10993021726608276,0.5711313486099243,0.07392919808626175,-0.09796791523694992,245,340
 , , , , , , , 
0,0,-0.10443370789289474,0.5451313257217407,0.04638877883553505,-0.09796791523694992,255,337
0,1,-0.10993021726608276,0.5742692351341248,0.04325928911566734,-0.09796791523694992,256,337
0,2,-0.11542673408985138,0.6041466593742371,0.025655558332800865,-0.09796791523694992,227,339
 , , , , , , , 
0,0,-0.12183932960033417,0.5265858173370361,0.13449536263942719,0.09796791523694992,237,330
0,1,-0.12825191020965576,0.5556774735450745,0.1360706388950348,0.09796791523694992,229,330
0,2,-0.09893719106912613,0.5135481357574463,0.0700722262263298,-0.09796791523694992,227,347
0,3,-0.10443370789289474,0.5433226823806763,0.06419141590595245,-0.09796791523694992,253,348
0,4,-0.10993021726608276,0.5726842880249023,0.060739267617464066,-0.09796791523694992,245,348
 , , , , , , , 
0,0,-0.11542671918869019,0.5111232399940491,0.062129464000463486,-0.09796791523694992,238,338
0,1,-0.12183932960033417,0.538692831993103,0.07205323129892349,-0.09796791523694992,274,336
0,2,-0.12825191020965576,0.5652084946632385,0.08849859237670898,-0.09796791523694992,277,334
0,3,-0.13466452062129974,0.5871488451957703,0.12687167525291443,-0.09796791523694992,243,340
 , , , , , , , 
0,0,-0.12183932960033417,0.5210845470428467,0.1544426679611206,0.09796791523694992,243,341
0,1,-0.10993021726608276,0.5577519536018372,0.14342014491558075,0.09796791523694992,233,346
 , , , , , , , 
0,0,-0.11542671918869019,0.5023113489151001,0.11309443414211273,0.09796791523694992,249,333
0,1,-0.12183932960033417,0.5332058072090149,0.10522934049367905,0.09796791523694992,267,337
0,2,-0.10993021726608276,0.5671532154083252,0.09996882826089859,0.09796791523694992,255,341
 , , , , , , , 
0,0,0.0696224719285965,0.5515305399894714,0.03454362228512764,0.09796791523694992,236,328
0,1,0.05496510863304138,0.5814026594161987,0.051875039935112,0.09796791523694992,242,328
0,2,0.0,0.6149816513061523,0.02779017761349678,0.09796791523694992,242,336
0,3,-0.04030774533748627,0.6434522867202759,0.016470689326524734,0.09796791523694992,249,355
0,4,-0.042139917612075806,0.6725000739097595,0.02378489077091217,0.09796791523694992,228,384
0,5,0.08244766294956207,0.5189429521560669,-0.04827989265322685,-0.09796791523694992,243,339
0,6,0.0696224719285965,0.5507729649543762,-0.04503679648041725,-0.09796791523694992,270,342
0,7,0.07328680902719498,0.580946683883667,-0.029515841975808144,-0.09796791523694992,272,344
0,8,0.019237788394093513,0.6132481098175049,-0.05031353607773781,-0.09796791523694992,257,353
0,9,-0.020153872668743134,0.6411111950874329,-0.06706079095602036,-0.09796791523694992,260,375
0,10,-0.042139917612075806,0.6693941354751587,-0.0688004121184349,-0.09796791523694992,233,407
 , , , , , , , 
0,0,0.08244766294956207,0.5190885066986084,-0.04668908938765526,-0.09796791523694992,245,330
0,1,0.08702808618545532,0.5472409129142761,-0.05639149621129036,-0.09796791523694992,274,331
0,2,0.07328680902719498,0.5786858797073364,-0.059101007878780365,-0.09796791523694992,275,331
0,3,0.03847557678818703,0.6140488982200623,-0.020936619490385056,-0.09796791523694992,250,341
0,4,0.0,0.6449047923088074,-0.004964900203049183,-0.09796791523694992,231,364
 , , , , , , , 
0,0,0.08244766294956207,0.5205209851264954,-0.02627982385456562,-0.09796791523694992,235,328
0,1,0.08702808618545532,0.5487684607505798,-0.03880459442734718,-0.09796791523694992,252,332
0,2,0.09160850942134857,0.5780401229858398,-0.03490954264998436,-0.09796791523694992,239,336
 , , , , , , , 
0,0,0.08244766294956207,0.5201566219329834,-0.03270895779132843,-0.09796791523694992,232,345
0,1,0.08702808618545532,0.5479496717453003,-0.049027882516384125,-0.09796791523694992,255,342
0,2,0.09160850942134857,0.5766104459762573,-0.05356772243976593,-0.09796791523694992,245,339
 , , , , , , , 
0,0,-0.12183932960033417,0.5159523487091064,0.17080646753311157,-0.09796791523694992,236,339
0,1,-0.12825191020965576,0.5535213947296143,0.14459143579006195,-0.09796791523694992,225,341
 , , , , , , , 
0,0,0.06595812737941742,0.5233784914016724,-0.012443804182112217,0.09796791523694992,229,339
0,1,0.0696224719285965,0.5519831776618958,-0.026339519768953323,0.09796791523694992,250,341
0,2,-0.12183932960033417,0.36218807101249695,0.4052177667617798,0.09796791523694992,250,341
0,3,-0.09893719106912613,0.5085746645927429,0.09996810555458069,-0.09796791523694992,279,332
0,4,-0.10443370789289474,0.5376536846160889,0.10123538970947266,-0.09796791523694992,305,333
0,5,-0.10993021726608276,0.5669847130775452,0.10091997683048248,-0.09796791523694992,296,335
0,6,-0.11542673408985138,0.5968024730682373,0.09735625982284546,-0.09796791523694992,242,349
 , , , , , , , 
0,0,-0.09344068169593811,0.48413190245628357,0.07237543910741806,-0.09796791523694992,247,338
0,1,-0.09893719106912613,0.5133057236671448,0.07182661443948746,-0.09796791523694992,304,340
0,2,-0.10443370789289474,0.5424370169639587,0.0712893009185791,-0.09796791523694992,324,341
0,3,-0.10993021726608276,0.5717055797576904,0.06934875249862671,-0.09796791523694992,310,344
0,4,-0.11542673408985138,0.600482702255249,0.07121729105710983,-0.09796791523694992,245,361
 , , , , , , , 
0,0,-0.109014131128788,0.4760594964027405,0.09917819499969482,0.09796791523694992,240,338
0,1,-0.11542671918869019,0.5044421553611755,0.10317517817020416,0.09796791523694992,296,338
0,2,-0.12183932960033417,0.5336006283760071,0.10320859402418137,0.09796791523694992,312,342
0,3,-0.12825191020965576,0.563089907169342,0.1011057049036026,0.09796791523694992,295,345
0,4,-0.13466452062129974,0.5925323367118835,0.09871995449066162,0.09796791523694992,230,362
 , , , , , , , 
0,0,-0.10443370789289474,0.5436382293701172,0.061461906880140305,-0.09796791523694992,226,336
 , , , , , , , 
0,0,-0.11542671918869019,0.49790897965431213,0.13112469017505646,0.09796791523694992,245,335
0,1,-0.12183932960033417,0.5281734466552734,0.12811878323554993,0.09796791523694992,263,336
0,2,-0.12825191020965576,0.5590706467628479,0.12137829512357712,0.09796791523694992,248,338
 , , , , , , , 
0,0,-0.11542671918869019,0.4919135868549347,0.15207909047603607,0.09796791523694992,259,333
0,1,-0.12183932960033417,0.523582398891449,0.1457502692937851,0.09796791523694992,277,334
0,2,-0.12825191020965576,0.5558225512504578,0.13547676801681519,0.09796791523694992,260,338
 , , , , , , , 
0,0,-0.13191625475883484,0.48655399680137634,0.15586435794830322,0.09796791523694992,262,337
0,1,-0.139244943857193,0.5173032283782959,0.15242920815944672,0.09796791523694992,283,337
0,2,-0.14657361805438995,0.5481799244880676,0.14749953150749207,0.09796791523694992,267,341
0,3,-0.12183932960033417,0.5367248058319092,0.0854874774813652,-0.09796791523694992,232,343
 , , , , , , , 
0,0,-0.09160850942134857,0.5520642995834351,0.17485451698303223,0.09796791523694992,226,347
 , , , , , , , 
0,0,-0.11542671918869019,0.5096542239189148,0.07320930063724518,0.09796791523694992,269,321
0,1,-0.12183932960033417,0.5377693772315979,0.07864942401647568,0.09796791523694992,299,321
0,2,-0.12825191020965576,0.5644363760948181,0.0932963415980339,0.09796791523694992,298,323
0,3,-0.13466452062129974,0.5816576480865479,0.1500486135482788,0.09796791523694992,261,335
 , , , , , , , 
0,0,-0.12183932960033417,0.5188816785812378,0.16168932616710663,0.09796791523694992,229,341
0,1,-0.12825191020965576,0.5487872958183289,0.1616327315568924,0.09796791523694992,229,339
0,2,-0.11542671918869019,0.5101237297058105,0.06986251473426819,-0.09796791523694992,244,338
0,3,-0.12183932960033417,0.5392401814460754,0.06783545762300491,-0.09796791523694992,277,337
0,4,-0.12825191020965576,0.5688950419425964,0.06042449548840523,-0.09796791523694992,274,341
0,5,-0.11542673408985138,0.6025075912475586,0.05134224146604538,-0.09796791523694992,240,347
 , , , , , , , 
0,0,-0.09893719106912613,0.48751434683799744,0.17598743736743927,0.09796791523694992,242,349
0,1,-0.10443370789289474,0.5200663208961487,0.1698562055826187,0.09796791523694992,259,357
0,2,-0.10993021726608276,0.5596257448196411,0.13592484593391418,0.09796791523694992,251,361
0,3,-0.10443370789289474,0.5280426740646362,0.14314693212509155,-0.09796791523694992,245,352
0,4,-0.10993021726608276,0.5657875537872314,0.10742899030447006,-0.09796791523694992,241,351
 , , , , , , , 
0,0,-0.10443370789289474,0.5395612120628357,0.09051959961652756,0.09796791523694992,239,343
0,1,-0.10993021726608276,0.5723603963851929,0.06371907889842987,0.09796791523694992,240,348
 , , , , , , , 
0,0,-0.12183932960033417,0.5419564247131348,-0.040802765637636185,0.09796791523694992,238,388
0,1,-0.12825191020965576,0.571721613407135,-0.02066580206155777,0.09796791523694992,243,391
 , , , , , , , 
0,0,-0.14657361805438995,0.5674810409545898,0.014920241199433804,0.09796791523694992,230,408
 , , , , , , , 
0,0,-0.139244943857193,0.5375442504882812,-0.04339946433901787,0.09796791523694992,232,380
0,1,0.05221685394644737,0.5529477596282959,-0.04181640222668648,0.09796791523694992,232,380
0,2,-0.14657361805438995,0.5630174279212952,0.07258614152669907,0.09796791523694992,243,383
0,3,0.05496510863304138,0.5739875435829163,-0.10610531270503998,0.09796791523694992,243,383
0,4,-0.17314009368419647,0.46854686737060547,0.35980698466300964,0.09796791523694992,235,390
0,5,0.03847557678818703,0.5955293774604797,-0.15112625062465668,0.09796791523694992,235,390
0,6,0.020153872668743134,0.6416293382644653,-0.06190712749958038,0.09796791523694992,240,407
0,7,-0.21986043453216553,0.6340189576148987,-0.21134966611862183,0.09796791523694992,228,460
 , , , , , , , 
0,0,0.07328680902719498,0.5676395297050476,-0.12710486352443695,0.09796791523694992,227,399
0,1,-0.14657361805438995,0.5051012635231018,-0.2590946555137634,0.09796791523694992,227,399
0,2,-0.17314009368419647,0.4291410744190216,0.40599897503852844,0.09796791523694992,230,400
0,3,0.05771336704492569,0.5908793807029724,-0.1628050059080124,0.09796791523694992,230,400
0,4,0.0,0.6423832774162292,-0.05718895420432091,0.09796791523694992,237,413
0,5,-0.2418464720249176,0.09328456223011017,0.5905380249023438,0.09796791523694992,237,413
0,6,-0.042139917612075806,0.6722849607467651,0.029239604249596596,0.09796791523694992,239,436
0,7,-0.25283950567245483,0.4460081458091736,-0.4378889501094818,0.09796791523694992,239,436
0,8,-0.21986043453216553,0.6279481053352356,-0.2287573516368866,0.09796791523694992,227,465
0,9,-0.22902129590511322,0.6754189729690552,-0.16868364810943604,0.09796791523694992,228,491
 , , , , , , , 
0,0,-0.042139917612075806,0.6697338819503784,0.06541073322296143,0.09796791523694992,234,430
 , , , , , , , 
0,0,-0.139244943857193,0.5392837524414062,0.003216144861653447,0.09796791523694992,232,390
0,1,0.08702808618545532,0.5475380420684814,-0.05342929810285568,0.09796791523694992,232,390
0,2,-0.14657361805438995,0.567669689655304,-0.002913553034886718,0.09796791523694992,251,394
0,3,-0.17314009368419647,0.5892601609230042,0.04206811636686325,0.09796791523694992,243,397
0,4,-0.042139917612075806,0.6691398024559021,0.07123178243637085,0.09796791523694992,228,432
 , , , , , , , 
0,0,-0.139244943857193,0.5368537902832031,0.051238253712654114,0.09796791523694992,257,374
0,1,-0.14657361805438995,0.5662364959716797,0.040417831391096115,0.09796791523694992,275,378
0,2,-0.17314009368419647,0.5878570675849915,0.05849197879433632,0.09796791523694992,264,381
0,3,-0.139244943857193,0.5392612218856812,0.005884999874979258,-0.09796791523694992,251,343
0,4,-0.14657361805438995,0.5676376223564148,-0.00669848034158349,-0.09796791523694992,274,341
0,5,-0.17314009368419647,0.5904896259307861,0.017867280170321465,-0.09796791523694992,266,342
0,6,-0.20153872668743134,0.5888860821723938,0.16888518631458282,-0.09796791523694992,226,352
0,7,-0.020153872668743134,0.6319941878318787,0.12690168619155884,-0.09796791523694992,226,352
0,8,-0.042139917612075806,0.6708054542541504,0.05331115052103996,-0.09796791523694992,227,377
 , , , , , , , 
0,0,-0.139244943857193,0.5325503945350647,0.08501413464546204,0.09796791523694992,264,371
0,1,-0.14657361805438995,0.5622565746307373,0.07826201617717743,0.09796791523694992,279,379
0,2,-0.17314009368419647,0.584499716758728,0.08577491343021393,0.09796791523694992,267,384
 , , , , , , , 
0,0,-0.16489532589912415,0.5528777837753296,0.1042923703789711,0.09796791523694992,229,386
 , , , , , , , 
0,0,0.05771336704492569,0.6120479702949524,-0.03226715326309204,0.09796791523694992,232,377
0,1,-0.08794417232275009,0.6949864625930786,0.0651690661907196,0.09796791523694992,230,404
 , , , , , , , 
0,0,0.03847557678818703,0.6142914295196533,-0.011850106529891491,0.09796791523694992,226,376
 , , , , , , , 
0,0,-0.17314009368419647,0.5479592084884644,0.22076675295829773,0.09796791523694992,228,389
0,1,0.0,0.6115661859512329,-0.0704379752278328,0.09796791523694992,228,389
0,2,-0.20153872668743134,0.5535067915916443,0.2625628709793091,0.09796791523694992,233,375
0,3,0.020153872668743134,0.6253662705421448,-0.1563258320093155,0.09796791523694992,233,375
 , , , , , , , 
0,0,-0.1539023071527481,0.5703186392784119,0.1732785999774933,0.09796791523694992,240,391
0,1,-0.1813848614692688,0.5787616968154907,0.21922887861728668,0.09796791523694992,234,389
0,2,-0.13466452062129974,0.5926688313484192,0.0978972315788269,-0.09796791523694992,227,361
 , , , , , , , 
0,0,-0.1539023071527481,0.571483850479126,0.1693960279226303,0.09796791523694992,234,404
0,1,-0.16123098134994507,0.5901924967765808,0.20397131145000458,0.09796791523694992,227,404
 , , , , , , , 
0,0,-0.1539023071527481,0.5738046765327454,0.16135984659194946,0.09796791523694992,242,381
0,1,-0.1813848614692688,0.5830806493759155,0.20746903121471405,0.09796791523694992,237,381
0,2,-0.13466452062129974,0.594974160194397,0.08274036645889282,-0.09796791523694992,227,356
0,3,-0.16123098134994507,0.6107456684112549,0.1300814002752304,-0.09796791523694992,226,352
 , , , , , , , 
0,0,-0.1539023071527481,0.5756532549858093,0.15463533997535706,0.09796791523694992,227,380
0,1,-0.1813848614692688,0.5874941349029541,0.1946202963590622,0.09796791523694992,230,373
 , , , , , , , 
0,0,-0.1539023071527481,0.5959298014640808,0.012509684078395367,-0.09796791523694992,230,347
0,1,-0.16123098134994507,0.624393880367279,0.007980828173458576,-0.09796791523694992,240,348
 , , , , , , , 
0,0,-0.1539023071527481,0.5920437574386597,0.06908708065748215,0.09796791523694992,231,337
0,1,-0.16123098134994507,0.6212679147720337,0.06290938705205917,0.09796791523694992,235,337
 , , , , , , , 
0,0,0.020153872668743134,0.6442700624465942,-0.020899182185530663,0.09796791523694992,245,346
0,1,0.0,0.6742356419563293,-0.0020187939517199993,0.09796791523694992,245,341
0,2,-0.021986043080687523,0.702401876449585,0.033698972314596176,0.09796791523694992,229,349
0,3,0.03847557678818703,0.6078380942344666,-0.08959472924470901,-0.09796791523694992,228,365
0,4,0.04030774533748627,0.6382227540016174,-0.08350987732410431,-0.09796791523694992,254,358
0,5,0.021069958806037903,0.6705797910690308,-0.066907599568367,-0.09796791523694992,259,350
0,6,-0.021986043080687523,0.7017098069190979,-0.045905597507953644,-0.09796791523694992,247,359
 , , , , , , , 
0,0,0.0,0.6705150604248047,-0.07076248526573181,-0.09796791523694992,228,358
0,1,-0.043972086161375046,0.7002245187759399,-0.05233980715274811,-0.09796791523694992,228,367
 , , , , , , , 
0,0,0.020153872668743134,0.6445900201797485,0.004941511899232864,0.09796791523694992,243,357
0,1,-0.021069958806037903,0.6734750866889954,0.024189453572034836,0.09796791523694992,250,351
0,2,-0.06595812737941742,0.6984209418296814,0.053339339792728424,0.09796791523694992,254,358
0,3,-0.06870638579130173,0.7251907587051392,0.08045818656682968,0.09796791523694992,230,383
0,4,0.03847557678818703,0.6088399887084961,-0.08251217007637024,-0.09796791523694992,231,408
0,5,0.020153872668743134,0.6397718787193298,-0.07882041484117508,-0.09796791523694992,254,399
0,6,-0.021069958806037903,0.6705299019813538,-0.06740549206733704,-0.09796791523694992,263,392
0,7,-0.043972086161375046,0.7014687061309814,-0.031550705432891846,-0.09796791523694992,267,400
0,8,-0.045804258435964584,0.7313664555549622,-0.010038365609943867,-0.09796791523694992,243,425
 , , , , , , , 
0,0,0.03847557678818703,0.6102814674377441,-0.07106988877058029,-0.09796791523694992,249,422
0,1,0.020153872668743134,0.6414043307304382,-0.06419633328914642,-0.09796791523694992,266,415
0,2,-0.021069958806037903,0.6729611158370972,-0.035738393664360046,-0.09796791523694992,274,412
0,3,-0.043972086161375046,0.7021779417991638,9.717937246023212e-06,-0.09796791523694992,280,424
0,4,-0.045804258435964584,0.731431782245636,0.0022852884139865637,-0.09796791523694992,255,451
 , , , , , , , 
0,0,0.03847557678818703,0.6107836961746216,-0.06661539524793625,-0.09796791523694992,262,409
0,1,0.020153872668743134,0.642259955406189,-0.05498052388429642,-0.09796791523694992,266,409
0,2,-0.021069958806037903,0.6738806366920471,0.006227083969861269,-0.09796791523694992,267,412
0,3,-0.043972086161375046,0.7014950513839722,0.030960261821746826,-0.09796791523694992,272,428
0,4,-0.045804258435964584,0.7310900688171387,0.022472485899925232,-0.09796791523694992,242,460
 , , , , , , , 
0,0,0.019237788394093513,0.6148166060447693,-0.024600930511951447,-0.09796791523694992,247,446
0,1,0.0,0.6448432207107544,0.010203026235103607,-0.09796791523694992,249,447
0,2,-0.042139917612075806,0.6708295345306396,0.05300704762339592,-0.09796791523694992,252,451
0,3,-0.06595812737941742,0.6993470788002014,0.03937744349241257,-0.09796791523694992,255,467
 , , , , , , , 
0,0,-0.08427983522415161,0.6685345768928528,0.023583855479955673,-0.09796791523694992,234,448
0,1,-0.06595812737941742,0.699580192565918,0.034991465508937836,-0.09796791523694992,229,463
 , , , , , , , 
0,0,-0.042139917612075806,0.6720771789550781,-0.033679667860269547,-0.09796791523694992,230,449
 , , , , , , , 
0,0,-0.042139917612075806,0.6717656850814819,-0.03940671682357788,-0.09796791523694992,237,434
0,1,-0.043972086161375046,0.7016336917877197,-0.027639707550406456,-0.09796791523694992,229,452
 , , , , , , , 
0,0,-0.021069958806037903,0.6738995909690857,-0.003635009517893195,-0.09796791523694992,229,441
0,1,-0.043972086161375046,0.7016072273254395,-0.028303533792495728,-0.09796791523694992,225,464
 , , , , , , , 
0,0,-0.17314009368419647,0.5534977316856384,0.20648843050003052,-0.09796791523694992,226,411
0,1,0.03847557678818703,0.5766539573669434,-0.2120485007762909,-0.09796791523694992,226,411
 , , , , , , , 
0,0,0.05496510863304138,0.5779619812965393,-0.08173121511936188,-0.09796791523694992,239,408
0,1,-0.14657361805438995,0.5596138834953308,-0.09533977508544922,-0.09796791523694992,239,408
0,2,0.05771336704492569,0.5988333821296692,-0.13054686784744263,-0.09796791523694992,235,416
0,3,-0.1539023071527481,0.5960307121276855,-0.006014319136738777,-0.09796791523694992,235,416
0,4,-0.042139917612075806,0.6721310019493103,0.03258802369236946,-0.09796791523694992,236,440
 , , , , , , , 
0,0,0.05496510863304138,0.5836201310157776,0.010372797027230263,0.09796791523694992,237,354
0,1,0.05771336704492569,0.6127232909202576,-0.014631999656558037,0.09796791523694992,230,363
0,2,-0.09618894010782242,0.5934945940971375,-0.13223683834075928,0.09796791523694992,230,363
0,3,-0.0604616180062294,0.6420258283615112,-0.008608217351138592,0.09796791523694992,236,375
0,4,-0.042139917612075806,0.6704517006874084,0.05758930742740631,0.09796791523694992,252,393
0,5,-0.021986043080687523,0.6993139386177063,0.07391854375600815,0.09796791523694992,234,421
0,6,0.05221685394644737,0.5544559359550476,0.008858950808644295,-0.09796791523694992,235,376
0,7,0.05496510863304138,0.583392322063446,-0.01932530105113983,-0.09796791523694992,256,383
0,8,0.07695115357637405,0.6083058714866638,-0.054929569363594055,-0.09796791523694992,242,393
0,9,-0.09618894010782242,0.5733347535133362,-0.20250846445560455,-0.09796791523694992,242,393
0,10,-0.0604616180062294,0.6401695609092712,-0.04954013600945473,-0.09796791523694992,248,405
0,11,-0.042139917612075806,0.6726303100585938,0.01976172812283039,-0.09796791523694992,261,427
0,12,-0.021986043080687523,0.7023040652275085,0.03567837178707123,-0.09796791523694992,239,458
 , , , , , , , 
0,0,-0.042139917612075806,0.6710219383239746,0.05051279067993164,0.09796791523694992,241,390
0,1,0.05221685394644737,0.554195761680603,-0.019155239686369896,-0.09796791523694992,258,364
0,2,0.07328680902719498,0.5800229907035828,-0.044086627662181854,-0.09796791523694992,262,377
0,3,0.11542673408985138,0.6006596088409424,-0.06970982253551483,-0.09796791523694992,230,391
0,4,-0.04030774533748627,0.6390435099601746,-0.07697755098342896,-0.09796791523694992,253,406
0,5,-0.042139917612075806,0.6729066967964172,0.0043149227276444435,-0.09796791523694992,268,431
0,6,-0.021986043080687523,0.7014419436454773,0.04983149841427803,-0.09796791523694992,237,464
0,7,-0.2638325095176697,0.4384881556034088,-0.4828124940395355,-0.09796791523694992,237,464
 , , , , , , , 
0,0,0.08702808618545532,0.5453708171844482,-0.07227213680744171,-0.09796791523694992,255,375
0,1,-0.10443370789289474,0.46785837411880493,0.2835993766784668,-0.09796791523694992,255,375
0,2,0.09160850942134857,0.5686625838279724,-0.1094164326786995,-0.09796791523694992,261,385
0,3,-0.12825191020965576,0.5080955028533936,0.26292893290519714,-0.09796791523694992,261,385
0,4,-0.19237788021564484,0.5299476981163025,0.2472265362739563,-0.09796791523694992,225,400
0,5,0.11542673408985138,0.5936514139175415,-0.11501901596784592,-0.09796791523694992,225,400
0,6,-0.04030774533748627,0.6394603848457336,-0.07343398034572601,-0.09796791523694992,261,416
0,7,-0.042139917612075806,0.6729078888893127,-0.004126299172639847,-0.09796791523694992,270,445
0,8,-0.043972086161375046,0.7014750242233276,0.03141051158308983,-0.09796791523694992,239,478
0,9,-0.2418464720249176,0.5628970265388489,-0.34589678049087524,-0.09796791523694992,239,478
 , , , , , , , 
0,0,0.08244766294956207,0.5146708488464355,-0.08213826268911362,-0.09796791523694992,229,364
0,1,-0.09893719106912613,0.39625412225723267,0.33410248160362244,-0.09796791523694992,229,364
0,2,0.08702808618545532,0.5354994535446167,-0.12606723606586456,-0.09796791523694992,271,372
0,3,-0.10443370789289474,0.4706811010837555,0.278889536857605,-0.09796791523694992,271,372
0,4,-0.10993021726608276,0.5088903307914734,0.2696055769920349,-0.09796791523694992,273,384
0,5,0.09160850942134857,0.5509359240531921,-0.17837782204151154,-0.09796791523694992,273,384
0,6,-0.04030774533748627,0.6436580419540405,-0.002545231021940708,-0.09796791523694992,277,414
0,7,-0.042139917612075806,0.6727379560470581,0.0156733188778162,-0.09796791523694992,282,444
0,8,-0.06595812737941742,0.700440526008606,0.004467482212930918,-0.09796791523694992,246,481
 , , , , , , , 
0,0,0.08702808618545532,0.5257902145385742,-0.16185560822486877,-0.09796791523694992,247,385
0,1,-0.10443370789289474,0.5008652210235596,0.22012284398078918,-0.09796791523694992,247,385
0,2,-0.10993021726608276,0.5458932518959045,0.18345865607261658,-0.09796791523694992,244,393
0,3,0.10993021726608276,0.536389172077179,-0.20962634682655334,-0.09796791523694992,244,393
0,4,-0.04030774533748627,0.6432202458381653,0.02387233078479767,-0.09796791523694992,269,419
0,5,-0.042139917612075806,0.6729121208190918,-0.003361026756465435,-0.09796791523694992,274,445
0,6,-0.08794417232275009,0.6957401037216187,-0.05655859783291817,-0.09796791523694992,241,476
 , , , , , , , 
0,0,0.10443370789289474,0.5212278962135315,-0.1662575602531433,-0.09796791523694992,231,396
0,1,-0.10443370789289474,0.5232014656066895,0.15993845462799072,-0.09796791523694992,231,396
0,2,-0.09160850942134857,0.5644238591194153,0.12951762974262238,-0.09796791523694992,237,411
0,3,0.10993021726608276,0.5146312117576599,-0.25847873091697693,-0.09796791523694992,237,411
0,4,-0.05771336704492569,0.6046913862228394,0.09996113926172256,-0.09796791523694992,242,424
0,5,-0.0604616180062294,0.6416482925415039,0.023637818172574043,-0.09796791523694992,263,442
0,6,-0.06320987641811371,0.6711372137069702,-0.013309401459991932,-0.09796791523694992,256,470
0,7,-0.08794417232275009,0.6961626410484314,-0.051095977425575256,-0.09796791523694992,227,498
 , , , , , , , 
0,0,-0.0696224719285965,0.5474288463592529,0.07550373673439026,-0.09796791523694992,229,395
0,1,0.08702808618545532,0.5417703986167908,-0.09559007734060287,-0.09796791523694992,229,395
0,2,-0.03664340451359749,0.583978533744812,0.03697967529296875,-0.09796791523694992,233,407
0,3,-0.03847557678818703,0.614303469657898,0.011207916773855686,-0.09796791523694992,251,423
0,4,-0.04030774533748627,0.6436585783958435,0.0024015542585402727,-0.09796791523694992,262,444
0,5,-0.06320987641811371,0.6711314916610718,-0.013593877665698528,-0.09796791523694992,248,470
 , , , , , , , 
0,0,-0.019237788394093513,0.6152974963188171,-0.0036926150787621737,-0.09796791523694992,239,426
0,1,-0.04030774533748627,0.643618643283844,-0.0075637237168848515,-0.09796791523694992,252,447
0,2,-0.08427983522415161,0.6678505539894104,-0.03834579512476921,-0.09796791523694992,234,473
 , , , , , , , 
0,0,-0.06595812737941742,0.5154454708099365,0.0916290432214737,-0.09796791523694992,234,363
0,1,-0.10443370789289474,0.543919026851654,0.058925289660692215,-0.09796791523694992,248,371
0,2,-0.03847557678818703,0.6141589283943176,-0.017411362379789352,-0.09796791523694992,252,409
0,3,-0.0604616180062294,0.6404702067375183,-0.045488547533750534,-0.09796791523694992,261,436
0,4,-0.10534979403018951,0.6588576436042786,-0.09698356688022614,-0.09796791523694992,234,466
 , , , , , , , 
0,0,-0.09893719106912613,0.5082976818084717,0.1013670489192009,-0.09796791523694992,240,375
0,1,-0.10443370789289474,0.5382699966430664,0.0979054868221283,-0.09796791523694992,242,390
0,2,-0.05771336704492569,0.6128965020179749,0.0013284970773383975,-0.09796791523694992,244,431
0,3,-0.0604616180062294,0.6414203643798828,-0.029174895957112312,-0.09796791523694992,252,458
0,4,-0.10534979403018951,0.6617852449417114,-0.0744277685880661,-0.09796791523694992,232,489
 , , , , , , , 
0,0,-0.05771336704492569,0.6126336455345154,0.01799742877483368,-0.09796791523694992,234,450
0,1,-0.0604616180062294,0.6418920755386353,-0.01567874662578106,-0.09796791523694992,234,476
 , , , , , , , 
0,0,-0.08244766294956207,0.47172603011131287,0.2216016799211502,-0.09796791523694992,235,386
0,1,0.08244766294956207,0.5164175033569336,-0.07032573968172073,-0.09796791523694992,235,386
0,2,-0.08702808618545532,0.5135241150856018,0.19734631478786469,-0.09796791523694992,238,402
0,3,-0.07328680902719498,0.5680258870124817,0.12536700069904327,-0.09796791523694992,228,420
0,4,-0.05771336704492569,0.6128504276275635,0.007632257416844368,-0.09796791523694992,236,444
0,5,-0.08061549067497253,0.6383468508720398,-0.0440606027841568,-0.09796791523694992,228,474
 , , , , , , , 
0,0,-0.08244766294956207,0.4494829773902893,0.2638140022754669,-0.09796791523694992,226,365
0,1,0.09893719106912613,0.5135684609413147,-0.06992300599813461,-0.09796791523694992,226,365
0,2,-0.0696224719285965,0.5030401945114136,0.22875690460205078,-0.09796791523694992,236,376
0,3,0.12183932960033417,0.531378448009491,-0.11409892141819,-0.09796791523694992,236,376
0,4,-0.05496510863304138,0.5678417682647705,0.1351879984140396,-0.09796791523694992,233,392
0,5,-0.03847557678818703,0.6144030690193176,0.0017980331322178245,-0.09796791523694992,245,412
0,6,-0.0604616180062294,0.6404532194137573,-0.04572657123208046,-0.09796791523694992,241,436
 , , , , , , , 
0,0,-0.03847557678818703,0.6134317517280579,0.034581638872623444,0.09796791523694992,232,367
0,1,-0.0604616180062294,0.6420730352401733,-0.0036662316415458918,0.09796791523694992,231,387
 , , , , , , , 
0,0,-0.03847557678818703,0.6130955219268799,0.04010332375764847,0.09796791523694992,228,375
0,1,-0.04030774533748627,0.6435703635215759,0.010923302732408047,0.09796791523694992,228,394
 , , , , , , , 
0,0,-0.04030774533748627,0.6432771682739258,0.022285081446170807,0.09796791523694992,226,379
 , , , , , , , 
0,0,-0.019237788394093513,0.6145548820495605,0.030445586889982224,0.09796791523694992,245,397
0,1,-0.020153872668743134,0.6443212032318115,0.01925765350461006,0.09796791523694992,249,424
 , , , , , , , 
0,0,-0.019237788394093513,0.6142259240150452,0.036485057324171066,0.09796791523694992,251,401
0,1,-0.020153872668743134,0.6443262696266174,0.01908799260854721,0.09796791523694992,265,421
0,2,-0.021069958806037903,0.6737868189811707,-0.01285430509597063,0.09796791523694992,235,446
 , , , , , , , 
0,0,-0.11542671918869019,0.5140572190284729,0.02919231727719307,0.09796791523694992,235,393
0,1,-0.12183932960033417,0.5417655110359192,0.043264321982860565,0.09796791523694992,233,409
 , , , , , , , 
0,0,-0.08244766294956207,0.5211225748062134,-0.008002448827028275,0.09796791523694992,231,390
0,1,0.08244766294956207,0.5016396045684814,0.14138756692409515,0.09796791523694992,231,390
0,2,-0.10443370789289474,0.5470831394195557,-0.0044845100492239,0.09796791523694992,229,407
0,3,0.08702808618545532,0.5050709843635559,0.21807318925857544,0.09796791523694992,229,407
 , , , , , , , 
0,0,-0.046720340847969055,0.4932186007499695,0.05390414595603943,0.09796791523694992,232,358
0,1,-0.03297906368970871,0.5262043476104736,0.021254433318972588,0.09796791523694992,277,363
0,2,0.08702808618545532,0.5494406819343567,0.0277045089751482,0.09796791523694992,290,367
0,3,0.10993021726608276,0.5758727788925171,-0.00520814536139369,0.09796791523694992,277,373
0,4,-0.07328680902719498,0.580287516117096,-0.0404554158449173,0.09796791523694992,277,373
0,5,-0.05771336704492569,0.6119430661201477,-0.03419965133070946,0.09796791523694992,257,390
0,6,-0.0604616180062294,0.6411751508712769,-0.03414192050695419,0.09796791523694992,255,420
0,7,-0.10534979403018951,0.6634515523910522,-0.057717256247997284,0.09796791523694992,243,455
0,8,-0.1539023071527481,0.6814549565315247,-0.0831902027130127,0.09796791523694992,228,490
 , , , , , , , 
0,0,-0.1484057903289795,0.5038320422172546,-0.05059006065130234,0.09796791523694992,233,382
0,1,0.06595812737941742,0.5216576457023621,-0.044194769114255905,0.09796791523694992,233,382
0,2,0.0696224719285965,0.5472908616065979,-0.07649768143892288,0.09796791523694992,250,391
0,3,-0.139244943857193,0.5362618565559387,-0.05710092559456825,0.09796791523694992,250,391
0,4,0.09160850942134857,0.5680582523345947,-0.11251186579465866,0.09796791523694992,240,393
0,5,-0.12825191020965576,0.5664296746253967,-0.08031228184700012,0.09796791523694992,240,393
0,6,-0.07695115357637405,0.6082873344421387,-0.055134017020463943,0.09796791523694992,227,407
0,7,-0.0604616180062294,0.6412683725357056,-0.03234444186091423,0.09796791523694992,252,432
0,8,-0.06320987641811371,0.6703377366065979,-0.03535046428442001,0.09796791523694992,238,464
0,9,0.0696224719285965,0.5435176491737366,-0.09983877837657928,-0.09796791523694992,232,356
0,10,-0.139244943857193,0.5133086442947388,-0.1653829663991928,-0.09796791523694992,232,356
0,11,-0.04030774533748627,0.641268253326416,-0.05547251179814339,-0.09796791523694992,238,391
0,12,-0.06320987641811371,0.6680132746696472,-0.06603498756885529,-0.09796791523694992,231,419
 , , , , , , , 
0,0,0.08244766294956207,0.5210789442062378,-0.01046588271856308,0.09796791523694992,227,382
0,1,0.08702808618545532,0.547469437122345,-0.05412765219807625,0.09796791523694992,245,389
0,2,0.09160850942134857,0.5694791078567505,-0.10508403927087784,0.09796791523694992,247,394
0,3,-0.04030774533748627,0.643001139163971,-0.029184432700276375,0.09796791523694992,263,436
0,4,-0.042139917612075806,0.6727743744850159,-0.01402368489652872,0.09796791523694992,263,465
0,5,-0.06595812737941742,0.7000080347061157,-0.02501191385090351,0.09796791523694992,227,493
 , , , , , , , 
0,0,0.08244766294956207,0.5206412672996521,0.023778757080435753,0.09796791523694992,229,381
0,1,-0.13191625475883484,0.4991821348667145,0.1088377982378006,0.09796791523694992,229,381
0,2,0.08702808618545532,0.5500431060791016,-0.01025729812681675,0.09796791523694992,250,390
0,3,0.09160850942134857,0.5786979794502258,-0.021393733099102974,0.09796791523694992,248,401
0,4,-0.020153872668743134,0.6444520354270935,-0.014222098514437675,0.09796791523694992,251,438
0,5,-0.042139917612075806,0.6729137897491455,0.003013979410752654,0.09796791523694992,253,467
0,6,-0.06595812737941742,0.7003955841064453,-0.00910637155175209,0.09796791523694992,226,496
0,7,0.07328680902719498,0.5811657905578613,-0.02483176998794079,0.29390373826026917,229,344
 , , , , , , , 
0,0,-0.13191625475883484,0.49175459146499634,0.13858532905578613,0.09796791523694992,236,379
0,1,-0.12183932960033417,0.49677783250808716,0.2204391360282898,0.09796791523694992,257,389
0,2,0.0696224719285965,0.550077497959137,-0.05285758152604103,0.09796791523694992,257,389
0,3,0.07328680902719498,0.580493152141571,-0.037389256060123444,0.09796791523694992,269,394
0,4,-0.14657361805438995,0.4807533621788025,0.30188336968421936,0.09796791523694992,269,394
0,5,0.05771336704492569,0.612616240978241,-0.01858077570796013,0.09796791523694992,247,406
0,6,-0.020153872668743134,0.6435211896896362,-0.03743245080113411,0.09796791523694992,244,428
0,7,-0.042139917612075806,0.6727587580680847,-0.01475275494158268,0.09796791523694992,246,459
 , , , , , , , 
0,0,-0.1484057903289795,0.4957517683506012,0.10313231498003006,0.09796791523694992,232,400
0,1,0.09893719106912613,0.5150129199028015,0.05833933874964714,0.09796791523694992,232,400
0,2,0.09160850942134857,0.5774914026260376,-0.04304369166493416,0.09796791523694992,244,418
0,3,-0.13191625475883484,0.5039275288581848,0.08417561650276184,-0.09796791523694992,237,357
0,4,0.10443370789289474,0.5467052459716797,-0.020818300545215607,-0.09796791523694992,238,367
0,5,-0.15665055811405182,0.5294688940048218,0.07314179837703705,-0.09796791523694992,238,367
 , , , , , , , 
0,0,0.05496510863304138,0.5834624767303467,0.01707584783434868,0.09796791523694992,238,430
0,1,0.019237788394093513,0.6143845915794373,0.033708374947309494,0.09796791523694992,232,439
0,2,-0.04030774533748627,0.642534077167511,0.03810688853263855,0.09796791523694992,236,455
0,3,-0.042139917612075806,0.6722459197044373,0.030124206095933914,0.09796791523694992,239,475
 , , , , , , , 
0,0,0.07328680902719498,0.5808599591255188,-0.031176481395959854,0.09796791523694992,232,412
0,1,-0.021069958806037903,0.6729974746704102,0.03504617139697075,0.09796791523694992,246,450
0,2,-0.043972086161375046,0.702171802520752,0.0029288555961102247,0.09796791523694992,236,477
0,3,-0.021069958806037903,0.6737990379333496,0.012196455150842667,-0.09796791523694992,244,430
0,4,-0.043972086161375046,0.7019814252853394,-0.016610456630587578,-0.09796791523694992,232,456
 , , , , , , , 
0,0,-0.11542671918869019,0.4983697235584259,0.12936252355575562,0.09796791523694992,252,406
0,1,-0.12183932960033417,0.5248511433601379,0.14111314713954926,0.09796791523694992,263,414
0,2,-0.12825191020965576,0.5430836081504822,0.1798689067363739,0.09796791523694992,245,418
0,3,-0.11542671918869019,0.5027590990066528,0.11108691245317459,-0.09796791523694992,231,386
0,4,-0.12183932960033417,0.5274284482002258,0.13115204870700836,-0.09796791523694992,242,392
0,5,-0.12825191020965576,0.539661705493927,0.18988919258117676,-0.09796791523694992,226,395
0,6,0.07328680902719498,0.5702947378158569,-0.11460438370704651,-0.09796791523694992,226,395
 , , , , , , , 
0,0,-0.11542671918869019,0.4998936951160431,0.12334234267473221,0.09796791523694992,254,408
0,1,-0.12183932960033417,0.5299622416496277,0.120505690574646,0.09796791523694992,269,414
0,2,-0.10993021726608276,0.5608932375907898,0.1305961161851883,0.09796791523694992,255,416
0,3,-0.11542671918869019,0.5058552026748657,0.09600797295570374,-0.09796791523694992,236,385
0,4,-0.10443370789289474,0.5381025075912476,0.09882187098264694,-0.09796791523694992,254,388
0,5,-0.10993021726608276,0.5647953748703003,0.11252870410680771,-0.09796791523694992,248,385
 , , , , , , , 
0,0,-0.11542671918869019,0.49977970123291016,0.12380344420671463,0.09796791523694992,232,428
0,1,-0.10443370789289474,0.5372022986412048,0.10360382497310638,0.09796791523694992,245,433
0,2,-0.10993021726608276,0.5723441243171692,0.06386472284793854,0.09796791523694992,225,434
0,3,-0.10443370789289474,0.5425585508346558,0.07035837322473526,-0.09796791523694992,235,395
 , , , , , , , 
0,0,0.04030774533748627,0.6410759091377258,0.05765264853835106,0.09796791523694992,226,422
 , , , , , , , 
0,0,-0.11542673408985138,0.6031112670898438,0.04368269816040993,0.09796791523694992,244,442
0,1,-0.14107710123062134,0.6292386054992676,-0.009103166870772839,0.09796791523694992,243,432
0,2,-0.1209232360124588,0.6319050192832947,-0.044726621359586716,-0.09796791523694992,227,407
 , , , , , , , 
0,0,-0.13466452062129974,0.59632408618927,0.07237276434898376,0.09796791523694992,234,447
0,1,-0.16123098134994507,0.6221868395805359,0.05305607244372368,0.09796791523694992,235,439
 , , , , , , , 
0,0,-0.021986043080687523,0.6928000450134277,0.12054906040430069,0.09796791523694992,227,441
0,1,0.0,0.7312719821929932,0.048343103379011154,0.09796791523694992,229,464
 , , , , , , , 
0,0,-0.1209232360124588,0.6195696592330933,0.13205264508724213,-0.09796791523694992,227,435
0,1,0.10076936334371567,0.6357455253601074,-0.04000028595328331,-0.09796791523694992,227,435
0,2,0.08427983522415161,0.6665219664573669,0.056949276477098465,-0.09796791523694992,230,422
0,3,-0.14748971164226532,0.6548677086830139,0.06318897008895874,-0.09796791523694992,230,422
 , , , , , , , 
0,0,-0.09618894010782242,0.5958977341651917,-0.12094751745462418,-0.09796791523694992,233,456
0,1,0.07695115357637405,0.6067332625389099,0.07019978016614914,-0.09796791523694992,233,456
0,2,-0.10076936334371567,0.6161444783210754,-0.16167372465133667,-0.09796791523694992,252,440
0,3,0.08061549067497253,0.6383095383644104,0.04459787905216217,-0.09796791523694992,252,440
0,4,-0.08427983522415161,0.6505916714668274,-0.15564438700675964,-0.09796791523694992,241,432
0,5,0.08427983522415161,0.6686405539512634,0.020359011366963387,-0.09796791523694992,241,432
0,6,-0.06595812737941742,0.6974754333496094,-0.06453577429056168,-0.09796791523694992,237,442
 , , , , , , , 
0,0,0.09618894010782242,0.5929365754127502,-0.1347169578075409,-0.09796791523694992,250,430
0,1,-0.11542673408985138,0.505932629108429,0.33118516206741333,-0.09796791523694992,250,430
0,2,0.10076936334371567,0.6214959025382996,-0.13969707489013672,-0.09796791523694992,255,419
0,3,-0.1209232360124588,0.4914182722568512,0.39976558089256287,-0.09796791523694992,255,419
 , , , , , , , 
0,0,-0.10993021726608276,0.516550600528717,0.2546212673187256,-0.09796791523694992,260,418
0,1,0.09160850942134857,0.5680782198905945,-0.11241093277931213,-0.09796791523694992,260,418
0,2,0.09618894010782242,0.59866863489151,-0.10638736933469772,-0.09796791523694992,288,408
0,3,-0.11542673408985138,0.5066123604774475,0.33014437556266785,-0.09796791523694992,288,408
0,4,-0.1209232360124588,0.5015236735343933,0.38701221346855164,-0.09796791523694992,282,403
0,5,0.10076936334371567,0.6265156269073486,-0.11511100828647614,-0.09796791523694992,282,403
0,6,-0.08427983522415161,0.582717776298523,0.32853418588638306,-0.09796791523694992,241,413
 , , , , , , , 
0,0,-0.11542673408985138,0.601632833480835,-0.0607396699488163,-0.09796791523694992,235,440
0,1,0.09618894010782242,0.6045567393302917,-0.06506574898958206,-0.09796791523694992,235,440
 , , , , , , , 
0,0,-0.10443370789289474,0.5470589995384216,0.006818413268774748,-0.09796791523694992,229,426
0,1,-0.10993021726608276,0.5736449360847473,-0.05087236687541008,-0.09796791523694992,256,431
0,2,0.09160850942134857,0.5790916085243225,0.0014031804166734219,-0.09796791523694992,256,431
0,3,-0.09618894010782242,0.5880288481712341,-0.15474006533622742,-0.09796791523694992,250,432
0,4,0.09618894010782242,0.6076803803443909,-0.021142443642020226,-0.09796791523694992,250,432
 , , , , , , , 
0,0,-0.08702808618545532,0.5469163060188293,0.059457238763570786,-0.09796791523694992,261,406
0,1,-0.09160850942134857,0.5787862539291382,0.018856937065720558,-0.09796791523694992,275,411
0,2,-0.09618894010782242,0.6025738716125488,-0.08140717446804047,-0.09796791523694992,268,413
0,3,0.11542673408985138,0.6004939079284668,-0.07112296670675278,-0.09796791523694992,268,413
0,4,-0.10076936334371567,0.5913397669792175,-0.23683272302150726,-0.09796791523694992,232,420
0,5,0.14107710123062134,0.6117143630981445,-0.1477486938238144,-0.09796791523694992,232,420
 , , , , , , , 
0,0,-0.08702808618545532,0.5433970093727112,0.08586224913597107,-0.09796791523694992,262,407
0,1,-0.09160850942134857,0.5740330815315247,0.07638773322105408,-0.09796791523694992,277,405
0,2,-0.09618894010782242,0.6044098734855652,0.06641609221696854,-0.09796791523694992,259,403
0,3,-0.08061549067497253,0.6138544678688049,0.18058446049690247,-0.09796791523694992,226,415
 , , , , , , , 
0,0,-0.08702808618545532,0.539522111415863,0.10755683481693268,-0.09796791523694992,239,450
0,1,-0.09160850942134857,0.5701690912246704,0.10127349942922592,-0.09796791523694992,250,451
0,2,-0.09618894010782242,0.6007767915725708,0.09375311434268951,-0.09796791523694992,238,447
 , , , , , , , 
0,0,-0.08244766294956207,0.51226806640625,0.09599058330059052,-0.09796791523694992,270,343
0,1,-0.08702808618545532,0.5435248017311096,0.08504932373762131,-0.09796791523694992,304,348
0,2,-0.09160850942134857,0.5755034685134888,0.06438048928976059,-0.09796791523694992,309,353
0,3,-0.07695115357637405,0.6088081002235413,0.04905029013752937,-0.09796791523694992,280,364
 , , , , , , , 
0,0,-0.08244766294956207,0.5114654898643494,0.1001788005232811,-0.09796791523694992,253,411
0,1,-0.08702808618545532,0.5433891415596008,0.08591169863939285,-0.09796791523694992,276,421
0,2,-0.09160850942134857,0.5758702754974365,0.06101254001259804,-0.09796791523694992,275,423
0,3,-0.07695115357637405,0.6097803115844727,0.03494643419981003,-0.09796791523694992,242,430
 , , , , , , , 
0,0,-0.08244766294956207,0.5107632875442505,0.10369950532913208,-0.09796791523694992,267,415
0,1,-0.08702808618545532,0.5406097769737244,0.10194933414459229,-0.09796791523694992,289,422
0,2,-0.09160850942134857,0.5703292489051819,0.10036768019199371,-0.09796791523694992,287,424
0,3,-0.07695115357637405,0.5994910597801208,0.11689197272062302,-0.09796791523694992,253,432
 , , , , , , , 
0,0,-0.08244766294956207,0.5120464563369751,0.09716559201478958,-0.09796791523694992,255,433
0,1,-0.08702808618545532,0.5413201451301575,0.09810766577720642,-0.09796791523694992,273,441
0,2,-0.07328680902719498,0.5720698237419128,0.105386883020401,-0.09796791523694992,273,441
0,3,-0.07695115357637405,0.6035450100898743,0.09373714029788971,-0.09796791523694992,237,452
 , , , , , , , 
0,0,-0.07786723971366882,0.4870961904525757,0.07090163230895996,-0.09796791523694992,256,331
0,1,-0.08244766294956207,0.5169251561164856,0.06649167835712433,-0.09796791523694992,302,336
0,2,-0.0696224719285965,0.5484144687652588,0.06797616928815842,-0.09796791523694992,317,343
0,3,-0.07328680902719498,0.5786450505256653,0.05949946120381355,-0.09796791523694992,301,353
0,4,-0.05771336704492569,0.6121089458465576,0.031089570373296738,-0.09796791523694992,249,373
 , , , , , , , 
0,0,-0.06229379028081894,0.4845876097679138,0.09822109341621399,-0.09796791523694992,254,349
0,1,-0.06595812737941742,0.5184006690979004,0.0730798989534378,-0.09796791523694992,294,357
0,2,-0.0696224719285965,0.5494202375411987,0.059300944209098816,-0.09796791523694992,300,369
0,3,-0.07328680902719498,0.5804575085639954,0.037938423454761505,-0.09796791523694992,274,384
 , , , , , , , 
0,0,-0.07786723971366882,0.48590460419654846,0.07865391671657562,-0.09796791523694992,230,354
0,1,-0.08244766294956207,0.516325056552887,0.07100129127502441,-0.09796791523694992,272,357
0,2,-0.08702808618545532,0.5471780300140381,0.05699838325381279,-0.09796791523694992,276,368
0,3,-0.07328680902719498,0.5803764462471008,0.0391596183180809,-0.09796791523694992,244,383
 , , , , , , , 
0,0,-0.07328680902719498,0.5684270858764648,0.12353500723838806,0.09796791523694992,231,364
0,1,-0.07786723971366882,0.48496147990226746,0.08427395671606064,-0.09796791523694992,238,358
0,2,-0.08244766294956207,0.512681245803833,0.09375875443220139,-0.09796791523694992,271,367
0,3,-0.0696224719285965,0.5435671806335449,0.09956872463226318,-0.09796791523694992,272,377
0,4,-0.07328680902719498,0.5738818645477295,0.095025435090065,-0.09796791523694992,245,385
 , , , , , , , 
0,0,-0.08244766294956207,0.5022810101509094,0.1390918344259262,0.09796791523694992,255,374
0,1,-0.0696224719285965,0.5289509892463684,0.15996883809566498,0.09796791523694992,256,381
0,2,-0.07328680902719498,0.5516714453697205,0.18446913361549377,0.09796791523694992,236,383
0,3,-0.07786723971366882,0.4759281575679779,0.12562693655490875,-0.09796791523694992,230,373
0,4,-0.08244766294956207,0.5028470158576965,0.13703148066997528,-0.09796791523694992,258,386
0,5,-0.0696224719285965,0.5304926633834839,0.15477962791919708,-0.09796791523694992,258,396
0,6,-0.07328680902719498,0.5549126863479614,0.17447686195373535,-0.09796791523694992,236,401
 , , , , , , , 
0,0,-0.08244766294956207,0.5165061950683594,0.06967146694660187,-0.09796791523694992,230,362
0,1,0.11542671918869019,0.5091586112976074,-0.0765802338719368,-0.09796791523694992,230,362
0,2,-0.0696224719285965,0.5260449647903442,0.1692805290222168,-0.09796791523694992,229,373
0,3,0.12183932960033417,0.5331911444664001,-0.105303555727005,-0.09796791523694992,229,373
 , , , , , , , 
0,0,0.12183932960033417,0.5321192741394043,-0.1105925589799881,0.09796791523694992,246,341
0,1,0.14657361805438995,0.5512141585350037,-0.13572151958942413,0.09796791523694992,243,341
0,2,0.139244943857193,0.5113329291343689,-0.1713942140340805,-0.09796791523694992,233,329
0,3,-0.0696224719285965,0.48890382051467896,0.25758928060531616,-0.09796791523694992,233,329
0,4,0.14657361805438995,0.5293021202087402,-0.20517465472221375,-0.09796791523694992,231,327
0,5,-0.07328680902719498,0.5085411667823792,0.2824113368988037,-0.09796791523694992,231,327
 , , , , , , , 
0,0,0.11542671918869019,0.5072647333145142,-0.08825823664665222,0.09796791523694992,238,342
0,1,0.12183932960033417,0.5350743532180786,-0.09527374058961868,0.09796791523694992,269,339
0,2,0.14657361805438995,0.5544630289077759,-0.12177088856697083,0.09796791523694992,263,339
0,3,-0.019237788394093513,0.5700525045394897,0.23161344230175018,0.09796791523694992,236,348
0,4,0.020153872668743134,0.6310429573059082,0.13155022263526917,0.09796791523694992,228,372
0,5,1.050749659538269,0.2615458071231842,0.06303387880325317,0.29390373826026917,235,353
0,6,1.079148292541504,0.27058207988739014,0.055948108434677124,0.29390373826026917,244,349
 , , , , , , , 
0,0,0.11542671918869019,0.5104224681854248,-0.0676456093788147,0.09796791523694992,287,352
0,1,0.12183932960033417,0.5358253717422485,-0.09095492959022522,0.09796791523694992,323,352
0,2,0.12825191020965576,0.5626998543739319,-0.1032547578215599,0.09796791523694992,320,356
0,3,0.05771336704492569,0.6119303703308105,0.03442566096782684,0.09796791523694992,293,375
0,4,0.04030774533748627,0.6417512893676758,0.049572914838790894,0.09796791523694992,291,402
0,5,0.042139917612075806,0.6719067096710205,0.0369236096739769,0.09796791523694992,259,438
 , , , , , , , 
0,0,-0.07786723971366882,0.4738636612892151,0.13320274651050568,0.09796791523694992,232,345
0,1,0.14016102254390717,0.4667631983757019,-0.10411550849676132,0.09796791523694992,232,345
0,2,0.13191625475883484,0.49996984004974365,-0.10515999048948288,0.09796791523694992,298,343
0,3,0.139244943857193,0.5281597375869751,-0.10901670902967453,0.09796791523694992,333,345
0,4,0.12825191020965576,0.5636888146400452,-0.09771177917718887,0.09796791523694992,338,348
0,5,0.07695115357637405,0.608527421951294,-0.052417606115341187,0.09796791523694992,326,364
0,6,0.0604616180062294,0.6419855952262878,-0.011214233003556728,0.09796791523694992,312,392
0,7,0.042139917612075806,0.6728338599205017,0.010797640308737755,0.09796791523694992,275,432
 , , , , , , , 
0,0,-0.06595812737941742,0.4805462062358856,0.20773836970329285,0.09796791523694992,255,352
0,1,0.13191625475883484,0.49331942200660706,-0.13290749490261078,0.09796791523694992,255,352
0,2,0.139244943857193,0.5210683345794678,-0.13901478052139282,0.09796791523694992,293,355
0,3,-0.0696224719285965,0.4787459075450897,0.27601003646850586,0.09796791523694992,293,355
0,4,0.14657361805438995,0.5475851893424988,-0.14969249069690704,0.09796791523694992,306,352
0,5,-0.07328680902719498,0.4645739197731018,0.35005903244018555,0.09796791523694992,306,352
0,6,0.13466452062129974,0.5797671675682068,-0.1571948528289795,0.09796791523694992,278,362
0,7,0.0604616180062294,0.6274364590644836,-0.13636264204978943,0.09796791523694992,258,387
0,8,0.042139917612075806,0.6644771695137024,-0.10626443475484848,0.09796791523694992,239,421
 , , , , , , , 
0,0,0.139244943857193,0.5134491324424744,-0.16494639217853546,-0.09796791523694992,254,341
0,1,0.12825191020965576,0.5487446784973145,-0.16177742183208466,-0.09796791523694992,260,343
0,2,0.05771336704492569,0.5915244817733765,-0.16044536232948303,-0.09796791523694992,228,349
0,3,0.04030774533748627,0.6428359150886536,-0.03262150660157204,-0.09796791523694992,254,365
0,4,0.06320987641811371,0.6712551116943359,-0.004350731614977121,-0.09796791523694992,238,392
0,5,-0.16855967044830322,0.33728107810020447,-0.5589516162872314,-0.09796791523694992,238,392
 , , , , , , , 
0,0,0.139244943857193,0.5171785354614258,-0.15285170078277588,-0.09796791523694992,247,341
0,1,0.12825191020965576,0.5544211268424988,-0.14110243320465088,-0.09796791523694992,254,348
0,2,0.09618894010782242,0.5993896126747131,-0.10224729776382446,-0.09796791523694992,234,358
0,3,0.04030774533748627,0.6419240236282349,-0.04728300869464874,-0.09796791523694992,243,374
0,4,0.042139917612075806,0.6725955009460449,-0.020912883803248405,-0.09796791523694992,230,401
 , , , , , , , 
0,0,0.139244943857193,0.5227148532867432,-0.13268950581550598,-0.09796791523694992,233,335
0,1,0.16489532589912415,0.5437886118888855,-0.1443769335746765,-0.09796791523694992,231,338
 , , , , , , , 
0,0,0.11542671918869019,0.507375955581665,-0.08761652559041977,0.09796791523694992,269,357
0,1,-0.06595812737941742,0.45791828632354736,0.25375327467918396,0.09796791523694992,269,357
0,2,0.139244943857193,0.5274537205696106,-0.11238262802362442,0.09796791523694992,295,366
0,3,0.16489532589912415,0.539524257183075,-0.15957538783550262,0.09796791523694992,289,375
0,4,-0.019237788394093513,0.6092007160186768,0.0864819660782814,0.09796791523694992,260,387
0,5,0.19237788021564484,0.45378053188323975,-0.3688478171825409,0.09796791523694992,260,387
0,6,0.020153872668743134,0.6445815563201904,-0.005944417789578438,0.09796791523694992,273,412
0,7,0.0,0.673448383808136,-0.03263501822948456,0.09796791523694992,247,446
 , , , , , , , 
0,0,0.139244943857193,0.5336489081382751,-0.07782116532325745,-0.09796791523694992,231,354
0,1,-0.05221685394644737,0.4813394546508789,-0.27534011006355286,-0.09796791523694992,231,354
0,2,0.14657361805438995,0.551734209060669,-0.13359162211418152,-0.09796791523694992,239,356
 , , , , , , , 
0,0,0.12183932960033417,0.5415043234825134,-0.046418696641922,-0.09796791523694992,231,350
0,1,0.14657361805438995,0.5667335391044617,-0.032717444002628326,-0.09796791523694992,235,351
0,2,0.020153872668743134,0.6401516199111938,-0.07567446678876877,-0.09796791523694992,226,375
 , , , , , , , 
0,0,-0.06595812737941742,0.49039310216903687,0.18328803777694702,0.09796791523694992,233,428
0,1,0.13191625475883484,0.4984176754951477,-0.11228654533624649,0.09796791523694992,233,428
0,2,0.139244943857193,0.5279403328895569,-0.11007429659366608,0.09796791523694992,271,438
0,3,-0.0696224719285965,0.5041265487670898,0.22635284066200256,0.09796791523694992,271,438
0,4,0.14657361805438995,0.5567976832389832,-0.11060623824596405,0.09796791523694992,277,447
0,5,-0.05496510863304138,0.5260586738586426,0.25294727087020874,0.09796791523694992,277,447
0,6,0.13466452062129974,0.5933220982551575,-0.0938565582036972,0.09796791523694992,247,461
 , , , , , , , 
0,0,-0.08244766294956207,0.4825805723667145,0.19684702157974243,0.09796791523694992,231,442
0,1,-0.08702808618545532,0.5081217885017395,0.21086691319942474,0.09796791523694992,253,454
0,2,0.12183932960033417,0.5331439971923828,-0.10554204136133194,0.09796791523694992,253,454
0,3,0.12825191020965576,0.5607441067695618,-0.11339610069990158,0.09796791523694992,264,454
0,4,-0.07328680902719498,0.5351269841194153,0.22805562615394592,0.09796791523694992,264,454
0,5,0.13466452062129974,0.5895121693611145,-0.1153932586312294,0.09796791523694992,248,459
 , , , , , , , 
0,0,-0.08244766294956207,0.49632808566093445,0.15903206169605255,0.19593583047389984,227,444
0,1,-0.08702808618545532,0.5202808380126953,0.17877475917339325,0.19593583047389984,261,454
0,2,-0.07328680902719498,0.5466276407241821,0.1989182084798813,0.19593583047389984,280,451
0,3,0.12825191020965576,0.5473549962043762,-0.16641868650913239,0.19593583047389984,280,451
0,4,-0.07695115357637405,0.5768007636070251,0.20088334381580353,0.19593583047389984,272,451
0,5,0.1539023071527481,0.5666311383247375,-0.18498094379901886,0.19593583047389984,272,451
0,6,-0.020153872668743134,0.6318092346191406,0.12781922519207,0.19593583047389984,248,463
0,7,0.042139917612075806,0.6697827577590942,0.06490808725357056,0.19593583047389984,239,486
 , , , , , , , 
0,0,-0.07328680902719498,0.5456538796424866,0.20157405734062195,0.19593583047389984,253,365
0,1,-0.07695115357637405,0.5746967792510986,0.20682570338249207,0.19593583047389984,254,363
0,2,-0.020153872668743134,0.6188095211982727,0.1805422008037567,0.19593583047389984,242,371
0,3,0.021069958806037903,0.666394054889679,0.10036330670118332,0.19593583047389984,241,390
0,4,-0.0696224719285965,0.5240840911865234,0.17525707185268402,-0.19593583047389984,267,334
0,5,-0.07328680902719498,0.5486102104187012,0.19338323175907135,-0.19593583047389984,291,333
0,6,-0.05771336704492569,0.5771710872650146,0.2061975598335266,-0.19593583047389984,290,334
0,7,-0.020153872668743134,0.6237429976463318,0.16268175840377808,-0.19593583047389984,266,352
0,8,0.021069958806037903,0.6686693429946899,0.08387564867734909,-0.19593583047389984,258,379
0,9,0.021986043080687523,0.7007546424865723,0.05871019512414932,-0.19593583047389984,228,413
0,10,-0.19787438213825226,0.5408071279525757,-0.40417909622192383,-0.19593583047389984,228,413
 , , , , , , , 
0,0,-0.08702808618545532,0.5263698101043701,0.15996067225933075,0.0,238,342
0,1,-0.07328680902719498,0.5546528100967407,0.17530129849910736,0.0,259,341
0,2,-0.05771336704492569,0.585193932056427,0.18218661844730377,0.0,256,340
0,3,-0.020153872668743134,0.6267179250717163,0.15081554651260376,0.0,247,347
0,4,0.021069958806037903,0.6683273911476135,0.08655861020088196,0.0,247,368
