frame,DetObj#,x,y,z,v,snr,noise
 , , , , , , , 
0,0,1.7488065958023071,1.5568747520446777,-0.6617400646209717,0.09796791523694992,229,408
0,1,0.4635390639305115,0.42061951756477356,-0.15536288917064667,-0.6857753992080688,227,340
0,2,0.5056790113449097,0.3996436595916748,-0.1979178786277771,-0.6857753992080688,227,342
0,3,0.513007640838623,0.1387651264667511,-0.24760577082633972,-0.5878074765205383,230,328
 , , , , , , , 
0,0,0.3114689290523529,0.4833376109600067,-0.11451231688261032,-0.6857753992080688,241,334
0,1,0.3655179738998413,0.47367388010025024,-0.1449289172887802,-0.6857753992080688,236,345
0,2,0.3893361985683441,0.28936654329299927,-0.11418137699365616,-0.4898395836353302,242,330
0,3,0.41223829984664917,0.307058185338974,-0.11918571591377258,-0.4898395836353302,277,330
0,4,0.435140460729599,0.3231624364852905,-0.12823915481567383,-0.4898395836353302,279,331
0,5,0.45804256200790405,0.3402695655822754,-0.13473989069461823,-0.4898395836353302,243,338
 , , , , , , , 
0,0,0.3957487940788269,0.23538753390312195,-0.08927486091852188,-0.4898395836353302,298,329
0,1,0.4204830825328827,0.2543823719024658,-0.0826839804649353,-0.4898395836353302,343,330
0,2,0.4452173709869385,0.2723713517189026,-0.07762542366981506,-0.4898395836353302,357,328
0,3,0.46995168924331665,0.29041221737861633,-0.07094098627567291,-0.4898395836353302,330,333
0,4,0.513007640838623,0.2766980230808258,-0.06326600909233093,-0.4898395836353302,253,354
0,5,0.2931472361087799,0.4237276613712311,-0.2797513008117676,-0.4898395836353302,253,354
 , , , , , , , 
0,0,0.3719305694103241,0.17068277299404144,-0.031116589903831482,-0.4898395836353302,240,343
0,1,0.3984970450401306,0.18214787542819977,-0.037103816866874695,-0.4898395836353302,300,343
0,2,0.42506352066993713,0.1935146301984787,-0.04321445897221565,-0.4898395836353302,325,340
0,3,0.45162996649742126,0.2042239010334015,-0.05173027887940407,-0.4898395836353302,317,338
0,4,0.4781964123249054,0.21323427557945251,-0.06549585610628128,-0.4898395836353302,261,350
0,5,0.26108425855636597,0.35140135884284973,-0.04131026938557625,-0.19593583047389984,258,341
0,6,0.278489887714386,0.3756391406059265,-0.03651066869497299,-0.19593583047389984,324,340
0,7,0.28032204508781433,0.4103732407093048,-0.03696495667099953,-0.19593583047389984,353,339
0,8,0.296811580657959,0.43432506918907166,-0.041170235723257065,-0.19593583047389984,350,339
0,9,0.295895516872406,0.4693829119205475,-0.04849741607904434,-0.19593583047389984,303,356
 , , , , , , , 
0,0,0.3719305694103241,0.17177776992321014,-0.024356679990887642,-0.29390373826026917,288,344
0,1,0.3847557604312897,0.20944879949092865,-0.03806103765964508,-0.29390373826026917,317,343
0,2,0.4104061424732208,0.21927601099014282,-0.058984946459531784,-0.19593583047389984,320,342
0,3,0.23451779782772064,0.3872711658477783,-0.12254321575164795,-0.19593583047389984,320,342
0,4,0.14016102254390717,0.47515228390693665,0.05420554429292679,-0.19593583047389984,325,355
0,5,0.1484057903289795,0.505191445350647,0.034463152289390564,-0.19593583047389984,306,381
0,6,0.15665055811405182,0.5341083407402039,0.02037969045341015,-0.19593583047389984,284,379
0,7,0.16489532589912415,0.5624951124191284,0.012247593142092228,-0.19593583047389984,228,377
 , , , , , , , 
0,0,0.33345499634742737,0.1842690408229828,-0.009129812009632587,-0.09796791523694992,280,335
0,1,0.3591053783893585,0.19851744174957275,-0.008207038976252079,-0.09796791523694992,331,332
0,2,0.3984970450401306,0.18587638437747955,-0.0021238529589027166,-0.09796791523694992,347,332
0,3,0.42506352066993713,0.1982542723417282,0.0032628823537379503,-0.09796791523694992,324,341
0,4,0.12458758056163788,0.48184776306152344,0.025568097829818726,-0.09796791523694992,287,362
0,5,0.1484057903289795,0.5054041743278503,0.031188763678073883,-0.09796791523694992,246,397
 , , , , , , , 
0,0,0.33345499634742737,0.1842353790998459,-0.009785452857613564,-0.09796791523694992,289,336
0,1,0.3591053783893585,0.1985180675983429,-0.008191676810383797,-0.09796791523694992,333,333
0,2,0.3847557604312897,0.21280968189239502,-0.0054298024624586105,-0.09796791523694992,336,335
0,3,0.42506352066993713,0.19817602634429932,-0.006454866379499435,-0.09796791523694992,309,345
0,4,0.2052030712366104,0.412160187959671,-0.08949912339448929,-0.09796791523694992,309,345
0,5,0.07786723971366882,0.4898000955581665,0.048842690885066986,-0.09796791523694992,262,370
0,6,0.24917516112327576,0.41868647933006287,-0.1047205999493599,-0.09796791523694992,262,370
0,7,0.09893719106912613,0.5128635764122009,0.07491809874773026,-0.09796791523694992,228,405
 , , , , , , , 
0,0,0.33345499634742737,0.18336854875087738,-0.020356975495815277,-0.09796791523694992,290,328
0,1,0.3591053783893585,0.19739259779453278,-0.022642718628048897,-0.09796791523694992,333,320
0,2,0.3984970450401306,0.1857806295156479,-0.006332454737275839,-0.09796791523694992,341,320
0,3,0.19237788021564484,0.3822786509990692,0.10103575140237808,-0.09796791523694992,341,320
0,4,0.08794417232275009,0.4388119876384735,0.14037185907363892,-0.09796791523694992,325,331
0,5,0.1905457079410553,0.4284842312335968,0.009381044656038284,-0.09796791523694992,325,331
0,6,0.109014131128788,0.47520196437835693,0.10320886224508286,-0.09796791523694992,324,361
0,7,0.13191625475883484,0.5042557716369629,0.08218622952699661,-0.09796791523694992,281,396
 , , , , , , , 
0,0,0.10993021726608276,0.4253028333187103,-0.019679758697748184,-0.19593583047389984,317,348
0,1,0.11725889891386032,0.4541409909725189,0.0008428912842646241,-0.19593583047389984,360,350
0,2,0.12458758056163788,0.48230984807014465,0.014428464695811272,-0.19593583047389984,355,365
0,3,0.13191625475883484,0.5103421807289124,0.02406938746571541,-0.19593583047389984,312,387
0,4,0.139244943857193,0.5383626222610474,0.03167010843753815,-0.19593583047389984,245,400
0,5,0.32154586911201477,0.20334738492965698,-0.022107969969511032,-0.09796791523694992,249,345
0,6,0.34628018736839294,0.2197389453649521,-0.015428499318659306,-0.09796791523694992,284,343
 , , , , , , , 
0,0,0.1511540412902832,0.4116588234901428,0.03230944648385048,-0.19593583047389984,305,335
0,1,0.14657361805438995,0.441211462020874,0.061992038041353226,-0.19593583047389984,322,335
0,2,0.109014131128788,0.4842638671398163,0.044243521988391876,-0.19593583047389984,305,347
0,3,0.11542671918869019,0.5132663249969482,0.04080122336745262,-0.19593583047389984,249,375
0,4,0.32154586911201477,0.20301300287246704,-0.024992842227220535,-0.09796791523694992,238,344
0,5,0.34628018736839294,0.2187163531780243,-0.02619916759431362,-0.09796791523694992,277,338
 , , , , , , , 
0,0,0.1786365956068039,0.3356485962867737,0.025683827698230743,-0.29390373826026917,291,346
0,1,0.19237788021564484,0.36181893944740295,0.022605562582612038,-0.29390373826026917,344,342
0,2,0.20611914992332458,0.3879712224006653,0.018645845353603363,-0.29390373826026917,358,341
0,3,0.21986043453216553,0.4140905439853668,0.013594296760857105,-0.29390373826026917,335,346
0,4,0.24917516112327576,0.4315635561943054,0.004206223413348198,-0.29390373826026917,261,371
0,5,0.32154586911201477,0.20311933755874634,-0.0241133701056242,-0.09796791523694992,285,341
 , , , , , , , 
0,0,0.16489532589912415,0.4061874449253082,0.03428886458277702,-0.4898395836353302,341,348
0,1,0.043972086161375046,0.46000200510025024,-0.08036795258522034,-0.4898395836353302,278,370
0,2,0.16489532589912415,0.31005221605300903,0.02059115283191204,-0.3918716609477997,295,344
0,3,0.1786365956068039,0.33611321449279785,0.018642403185367584,-0.3918716609477997,348,343
0,4,0.19237788021564484,0.36213573813438416,0.0167828556150198,-0.3918716609477997,362,343
0,5,0.2638325095176697,0.23253163695335388,-0.008263553492724895,-0.09796791523694992,263,351
0,6,0.28581857681274414,0.2520202398300171,-0.0049199387431144714,-0.09796791523694992,323,342
0,7,0.3078046143054962,0.27144619822502136,-0.0025457721203565598,-0.09796791523694992,343,338
0,8,0.3297906517982483,0.2908465266227722,-0.0009261355735361576,-0.09796791523694992,322,342
0,9,0.3664340674877167,0.29275599122047424,0.00379495439119637,-0.09796791523694992,248,366
 , , , , , , , 
0,0,0.13100017607212067,0.2946532070636749,-0.0004017130995634943,-0.4898395836353302,226,421
0,1,0.1539023071527481,0.3163129389286041,0.002655935473740101,-0.4898395836353302,351,346
0,2,0.16672749817371368,0.3426789939403534,0.0019263621652498841,-0.4898395836353302,371,340
0,3,0.17955268919467926,0.3690447509288788,2.258532913401723e-05,-0.4898395836353302,348,345
0,4,0.19237788021564484,0.3953632116317749,-0.0057557024993002415,-0.4898395836353302,271,371
 , , , , , , , 
0,0,0.14107710123062134,0.2898845076560974,-0.006778264418244362,-0.3918716609477997,231,447
0,1,0.1539023071527481,0.3142220973968506,0.036406151950359344,-0.29390373826026917,344,345
0,2,0.16672749817371368,0.340579092502594,0.03792733699083328,-0.29390373826026917,322,347
0,3,0.19237788021564484,0.3596138060092926,0.04584603011608124,-0.29390373826026917,248,367
0,4,0.3206298053264618,0.25508302450180054,-0.023714598268270493,-0.09796791523694992,233,331
 , , , , , , , 
0,0,0.1511540412902832,0.28023800253868103,0.05099838972091675,-0.19593583047389984,262,421
0,1,0.020153872668743134,0.3080070912837982,-0.09331218898296356,-0.19593583047389984,262,421
0,2,0.16489532589912415,0.30658161640167236,0.05063670873641968,-0.19593583047389984,325,351
0,3,0.1786365956068039,0.3336361348628998,0.044794660061597824,-0.19593583047389984,274,361
 , , , , , , , 
0,0,0.06412595510482788,0.28488603234291077,-0.025750985369086266,-0.09796791523694992,226,434
0,1,0.0604616180062294,0.3150123655796051,-0.03306545317173004,-0.09796791523694992,250,425
0,2,0.06595812737941742,0.3415016829967499,-0.05265888571739197,-0.09796791523694992,312,346
0,3,0.07145464420318604,0.3681586682796478,-0.06770593672990799,-0.09796791523694992,248,366
0,4,0.2024548202753067,0.31589969992637634,0.06670891493558884,-0.09796791523694992,248,366
 , , , , , , , 
0,0,0.09160850942134857,0.26303088665008545,0.09142173081636429,0.09796791523694992,237,449
0,1,0.10076936334371567,0.29007431864738464,0.09840808808803558,0.09796791523694992,272,436
0,2,0.10993021726608276,0.31706249713897705,0.10551563650369644,0.09796791523694992,351,348
0,3,0.11909106373786926,0.3435667157173157,0.1140609160065651,0.09796791523694992,294,365
 , , , , , , , 
0,0,0.10076936334371567,0.30631041526794434,-0.0010905115632340312,0.29390373826026917,259,446
0,1,-0.010076936334371567,0.10760056972503662,0.3038129210472107,0.29390373826026917,259,446
0,2,0.10993021726608276,0.3341560363769531,-0.0013920485507696867,0.29390373826026917,348,354
0,3,-0.010993021540343761,0.1130344420671463,0.3329402506351471,0.29390373826026917,348,354
0,4,0.11909106373786926,0.36195650696754456,-0.005954869091510773,0.29390373826026917,301,367
0,5,-0.011909106746315956,0.1230512335896492,0.36048194766044617,0.29390373826026917,301,367
 , , , , , , , 
0,0,0.1539023071527481,0.31631654500961304,0.0021820473484694958,0.29390373826026917,339,340
0,1,0.16672749817371368,0.34268343448638916,0.0008128834306262434,0.29390373826026917,327,340
0,2,0.17955268919467926,0.369042307138443,0.0013400315074250102,0.29390373826026917,264,358
0,3,0.043972086161375046,0.34332704544067383,0.06276820600032806,0.4898395836353302,328,350
0,4,0.03572732210159302,0.37343308329582214,0.06709656119346619,0.4898395836353302,329,351
0,5,0.03847557678818703,0.4025503396987915,0.07004329562187195,0.4898395836353302,288,362
 , , , , , , , 
0,0,0.19787438213825226,0.28971678018569946,0.025627179071307182,0.19593583047389984,342,338
0,1,0.2143639177083969,0.31424522399902344,0.02299375645816326,0.19593583047389984,358,337
0,2,0.23085345327854156,0.3388379216194153,0.018131708726286888,0.19593583047389984,340,340
0,3,0.24734298884868622,0.3635501563549042,-0.002679178025573492,0.19593583047389984,267,363
0,4,0.047636426985263824,0.37540239095687866,0.04510528966784477,0.4898395836353302,303,346
0,5,0.0513007678091526,0.40322405099868774,0.05667275935411453,0.4898395836353302,310,344
0,6,0.06870638579130173,0.42856910824775696,0.07044424116611481,0.4898395836353302,278,349
 , , , , , , , 
0,0,0.17588834464550018,0.3041389584541321,0.017596427351236343,0.19593583047389984,281,341
0,1,0.1905457079410553,0.32973164319992065,0.01414366252720356,0.19593583047389984,319,337
0,2,0.047636426985263824,0.37704765796661377,0.028222307562828064,0.3918716609477997,321,337
0,3,0.0513007678091526,0.40563714504241943,0.035495586693286896,0.3918716609477997,360,334
0,4,0.05496510863304138,0.4345300495624542,0.03894773870706558,0.3918716609477997,361,336
0,5,0.05862944945693016,0.4636686146259308,0.039602912962436676,0.3918716609477997,319,348
 , , , , , , , 
0,0,0.13191625475883484,0.32610204815864563,-0.001548182568512857,0.09796791523694992,296,334
0,1,0.14290928840637207,0.3532567322254181,-0.004158178344368935,0.09796791523694992,345,327
0,2,0.16672749817371368,0.37467706203460693,-0.015882277861237526,0.09796791523694992,355,322
0,3,0.0256503839045763,0.34246110916137695,0.2247123420238495,0.09796791523694992,355,322
0,4,0.02748255431652069,0.4335719048976898,0.0679304227232933,0.09796791523694992,349,329
0,5,0.043972086161375046,0.464581161737442,0.047171980142593384,0.09796791523694992,319,356
0,6,0.06229379028081894,0.49253880977630615,0.04333672672510147,0.09796791523694992,240,396
 , , , , , , , 
0,0,0.25283950567245483,0.24455206096172333,0.0036487686447799206,0.09796791523694992,246,334
0,1,0.27390944957733154,0.26488521695137024,0.0063330731354653835,0.09796791523694992,280,327
0,2,0.13100017607212067,0.30359330773353577,0.18947485089302063,0.09796791523694992,280,327
0,3,0.12825192511081696,0.3651959300041199,0.13644257187843323,0.09796791523694992,275,325
0,4,0.29497942328453064,0.28495490550994873,0.014867582358419895,0.09796791523694992,275,325
0,5,0.12367149442434311,0.4097942113876343,0.10064045339822769,0.09796791523694992,262,335
0,6,0.05862944945693016,0.46317875385284424,0.04497132450342178,0.09796791523694992,228,357
0,7,0.28581857681274414,0.2496533840894699,-0.0348079614341259,-0.09796791523694992,229,337
0,8,0.13100017607212067,0.3085141181945801,0.18135233223438263,-0.09796791523694992,229,337
0,9,0.14107711613178253,0.35842353105545044,0.14164401590824127,-0.09796791523694992,226,332
0,10,0.3078046143054962,0.27021026611328125,-0.02599862590432167,-0.09796791523694992,226,332
 , , , , , , , 
0,0,0.2748255431652069,0.21926093101501465,0.011933624744415283,0.09796791523694992,228,348
0,1,0.28581857681274414,0.251958429813385,0.007440465968102217,0.09796791523694992,260,343
0,2,0.3078046143054962,0.27135202288627625,0.007589908316731453,0.09796791523694992,259,340
 , , , , , , , 
0,0,0.2638325095176697,0.23266781866550446,0.0022207964211702347,0.09796791523694992,228,336
0,1,0.28581857681274414,0.2520449459552765,0.0034279387909919024,0.09796791523694992,261,334
0,2,0.3078046143054962,0.2714405059814453,-0.003092402359470725,0.09796791523694992,267,333
0,3,0.3023080825805664,0.3142510950565338,-0.05666138231754303,0.09796791523694992,234,338
0,4,0.02748255431652069,0.43856677412986755,0.016072383150458336,0.09796791523694992,234,338
0,5,0.3078046143054962,0.26517924666404724,-0.05804732069373131,-0.09796791523694992,231,335
 , , , , , , , 
0,0,0.29772767424583435,0.23681707680225372,0.022507114335894585,0.09796791523694992,239,339
0,1,0.3206298053264618,0.25357961654663086,0.03642956539988518,0.09796791523694992,248,338
 , , , , , , , 
0,0,0.29772767424583435,0.23745648562908173,0.014258818700909615,0.09796791523694992,233,335
0,1,0.3206298053264618,0.25563377141952515,0.0167666245251894,0.09796791523694992,233,332
 , , , , , , , 
0,0,0.2748255431652069,0.21958526968955994,0.00027987451176159084,0.09796791523694992,289,353
0,1,0.29772767424583435,0.2378823459148407,0.0009391214698553085,0.09796791523694992,326,348
0,2,0.3206298053264618,0.25618281960487366,-0.0003137021267320961,0.09796791523694992,326,347
0,3,0.34353193640708923,0.27444201707839966,-0.0046718791127204895,0.09796791523694992,281,358
0,4,0.08244766294956207,0.4018413722515106,0.15836775302886963,-0.09796791523694992,307,321
0,5,0.21986043453216553,0.3795844316482544,-0.03052043356001377,-0.09796791523694992,307,321
0,6,0.08794417232275009,0.44599828124046326,0.11552378535270691,-0.09796791523694992,273,339
0,7,-0.05862944945693016,0.37780460715293884,-0.27169957756996155,-0.09796791523694992,273,339
 , , , , , , , 
0,0,0.17588834464550018,0.30331990122795105,0.02841077744960785,-0.29390373826026917,344,341
0,1,0.1905457079410553,0.32903632521629333,0.02565353736281395,-0.29390373826026917,389,336
0,2,0.2052030712366104,0.3547835052013397,0.021297143772244453,-0.29390373826026917,393,339
0,3,0.21986043453216553,0.3806115984916687,0.012273271568119526,-0.29390373826026917,354,353
0,4,0.23451779782772064,0.40609827637672424,-0.008943627588450909,-0.29390373826026917,265,387
0,5,0.23085345327854156,0.2652536928653717,0.00969529990106821,-0.09796791523694992,318,339
0,6,0.2500912547111511,0.287339448928833,0.011003240011632442,-0.09796791523694992,360,336
0,7,0.2693290412425995,0.3095051944255829,0.010079760104417801,-0.09796791523694992,368,333
0,8,0.28856682777404785,0.33174794912338257,0.005189776886254549,-0.09796791523694992,333,342
 , , , , , , , 
0,0,0.19146178662776947,0.2536083161830902,0.054835472255945206,-0.4898395836353302,232,383
0,1,0.2088674157857895,0.27752137184143066,0.05570584908127785,-0.4898395836353302,292,355
0,2,0.22627303004264832,0.30176451802253723,0.05449185147881508,-0.4898395836353302,295,352
0,3,0.24367864429950714,0.32653525471687317,0.049281369894742966,-0.4898395836353302,271,348
 , , , , , , , 
0,0,0.25192341208457947,0.19863884150981903,0.032541003078222275,-0.29390373826026917,264,364
0,1,0.2748255431652069,0.2174660712480545,0.030434781685471535,-0.29390373826026917,298,333
0,2,0.29772767424583435,0.23670640587806702,0.02364267408847809,-0.29390373826026917,264,339
 , , , , , , , 
0,0,-0.4827768802642822,0.07590073347091675,-0.09756336361169815,0.09796791523694992,237,322
0,1,-0.5111755132675171,0.0763159766793251,-0.10632887482643127,0.09796791523694992,234,327
 , , , , , , , 
0,0,0.4259795844554901,0.10859137773513794,-0.010185657069087029,0.19593583047389984,228,338
0,1,0.45437824726104736,0.11620534211397171,-0.005578312091529369,0.19593583047389984,307,334
0,2,0.4827768802642822,0.12360762059688568,-0.0008288602693937719,0.19593583047389984,345,330
0,3,0.5111755132675171,0.130837544798851,0.003390322905033827,0.19593583047389984,345,330
 , , , , , , , 
0,0,0.5844623446464539,0.6005123257637024,-0.14319457113742828,0.09796791523694992,268,422
0,1,0.6046161651611328,0.6220855116844177,-0.1444530338048935,0.09796791523694992,289,415
0,2,0.6247701048851013,0.6423808336257935,-0.15115410089492798,0.09796791523694992,264,420
0,3,0.42506352066993713,0.18296706676483154,0.07640980184078217,0.29390373826026917,256,322
0,4,0.45162996649742126,0.19527843594551086,0.07905539870262146,0.29390373826026917,312,320
0,5,0.4781964123249054,0.20227299630641937,0.09404361993074417,0.29390373826026917,330,322
0,6,0.5047629475593567,0.20397256314754486,0.11762668937444687,0.29390373826026917,314,329
0,7,0.5313293933868408,0.19886741042137146,0.1479257494211197,0.29390373826026917,261,351
0,8,0.43972086906433105,0.7078184485435486,-0.4308319687843323,-0.29390373826026917,248,339
0,9,0.4232313334941864,0.726919412612915,-0.47780635952949524,-0.29390373826026917,233,349
0,10,0.45437824726104736,0.7314570546150208,-0.2904296815395355,-0.19593583047389984,249,336
 , , , , , , , 
0,0,0.5313293933868408,0.6600045561790466,-0.06927485764026642,0.09796791523694992,256,453
0,1,0.5496510863304138,0.6827093958854675,-0.07217588275671005,0.09796791523694992,280,444
0,2,0.5679727792739868,0.7050790190696716,-0.07815942168235779,0.09796791523694992,268,442
0,3,0.45162996649742126,0.11420276015996933,-0.17703431844711304,0.19593583047389984,263,332
0,4,0.4781964123249054,0.12523424625396729,-0.1845940202474594,0.19593583047389984,296,331
0,5,0.5221685171127319,0.035597678273916245,-0.19052380323410034,0.19593583047389984,292,331
0,6,0.33070674538612366,0.26868870854377747,0.3587002754211426,0.19593583047389984,292,331
0,7,0.43972086906433105,0.366237074136734,0.1275036484003067,0.29390373826026917,291,335
0,8,0.5001825094223022,0.3473551869392395,0.09020296484231949,0.29390373826026917,239,354
0,9,0.41223829984664917,0.2893037796020508,0.1574588567018509,0.3918716609477997,271,332
0,10,0.435140460729599,0.3186380863189697,0.13910073041915894,0.3918716609477997,298,332
0,11,0.3572732210159302,0.7672565579414368,-0.23893731832504272,-0.19593583047389984,260,349
0,12,0.3691823184490204,0.7838577032089233,-0.2740618884563446,-0.19593583047389984,272,350
0,13,0.3810914158821106,0.8004084825515747,-0.30674615502357483,-0.19593583047389984,248,354
 , , , , , , , 
0,0,0.4452173709869385,0.25170665979385376,-0.12982921302318573,0.09796791523694992,260,330
0,1,0.46995168924331665,0.26660776138305664,-0.1352485716342926,0.09796791523694992,275,331
0,2,0.45162999629974365,0.7145046591758728,-0.0907159075140953,0.09796791523694992,258,433
0,3,0.46720343828201294,0.739442765712738,-0.0914502814412117,0.09796791523694992,287,423
0,4,0.4827768802642822,0.7638082504272461,-0.09675627201795578,0.09796791523694992,274,422
0,5,0.4983503222465515,0.7869030237197876,-0.11139213293790817,0.09796791523694992,234,417
0,6,0.3627696931362152,0.36363017559051514,0.12083709985017776,0.29390373826026917,263,337
0,7,0.38292360305786133,0.38658127188682556,0.11895755678415298,0.29390373826026917,307,334
0,8,0.3847557604312897,0.4299886226654053,0.10399039089679718,0.29390373826026917,315,333
0,9,0.40399354696273804,0.45647576451301575,0.08598735928535461,0.29390373826026917,282,338
 , , , , , , , 
0,0,0.3847557604312897,0.4775770306587219,-0.05345959961414337,0.09796791523694992,304,337
0,1,0.4232313334941864,0.4838615357875824,-0.05176984518766403,0.09796791523694992,288,338
0,2,0.3572732210159302,0.7949768304824829,-0.11741147935390472,0.09796791523694992,229,440
0,3,0.41223829984664917,0.3152904510498047,-0.09529890865087509,0.29390373826026917,289,341
0,4,0.435140460729599,0.3358878791332245,-0.0897696316242218,0.29390373826026917,322,338
0,5,0.45804256200790405,0.35699328780174255,-0.08058546483516693,0.29390373826026917,321,336
0,6,0.46720343828201294,0.7448481321334839,-0.018438735976815224,0.29390373826026917,238,432
0,7,0.4827768802642822,0.7694441676139832,-0.026842772960662842,0.29390373826026917,269,416
0,8,0.4983503222465515,0.7939800024032593,-0.03493301570415497,0.29390373826026917,263,405
 , , , , , , , 
0,0,0.3957487642765045,0.3341172933578491,-0.10089056938886642,0.3918716609477997,262,334
0,1,0.417734831571579,0.35263270139694214,-0.10665018111467361,0.3918716609477997,331,333
0,2,0.43972086906433105,0.3727778196334839,-0.1068805605173111,0.3918716609477997,360,333
0,3,0.4617069363594055,0.3949544131755829,-0.09905776381492615,0.3918716609477997,350,338
0,4,0.5038468241691589,0.3991846442222595,-0.05212341994047165,0.3918716609477997,293,356
 , , , , , , , 
0,0,0.6183574795722961,0.3781012296676636,-0.10848597437143326,0.09796791523694992,245,356
0,1,0.38292360305786133,0.38761940598487854,-0.11553006619215012,0.3918716609477997,272,339
0,2,0.42139914631843567,0.3954342007637024,-0.09897356480360031,0.3918716609477997,331,338
0,3,0.44246912002563477,0.4202658236026764,-0.08107054978609085,0.3918716609477997,351,340
0,4,0.4635390639305115,0.44670984148979187,-0.03884231671690941,0.3918716609477997,335,347
0,5,0.5267489552497864,0.4186105728149414,0.043572209775447845,0.3918716609477997,286,369
0,6,0.593623161315918,0.36544549465179443,0.09512345492839813,0.3918716609477997,226,403
 , , , , , , , 
0,0,0.3847557604312897,0.4334352910518646,-0.08853278309106827,0.4898395836353302,263,344
0,1,0.40399354696273804,0.4483852982521057,-0.12130365520715714,0.4898395836353302,325,344
0,2,0.4232313334941864,0.4559710621833801,-0.16997794806957245,0.4898395836353302,346,346
0,3,0.42139917612075806,0.4548017382621765,-0.2649073302745819,0.4898395836353302,329,352
0,4,0.417734831571579,0.393762469291687,-0.40673837065696716,0.4898395836353302,276,369
 , , , , , , , 
0,0,0.30963677167892456,0.6963506937026978,-0.011974908411502838,0.29390373826026917,303,356
0,1,0.32154589891433716,0.7229411005973816,0.020803041756153107,0.29390373826026917,267,382
0,2,0.3655179738998413,0.4951217472553253,-0.015026587061583996,0.4898395836353302,303,337
0,3,0.38292357325553894,0.517350435256958,-0.0405573770403862,0.4898395836353302,372,340
0,4,0.40032923221588135,0.5377548933029175,-0.07179124653339386,0.4898395836353302,400,343
0,5,0.417734831571579,0.553615391254425,-0.11830028146505356,0.4898395836353302,388,352
0,6,0.435140460729599,0.5555471181869507,-0.19777749478816986,0.4898395836353302,331,373
0,7,0.6192735433578491,0.4104951322078705,0.17004913091659546,0.5878074765205383,246,392
0,8,0.3572731912136078,0.3127724528312683,-0.5961979031562805,0.5878074765205383,246,392
 , , , , , , , 
0,0,0.32246196269989014,0.5511813163757324,0.0902458056807518,0.4898395836353302,269,320
0,1,0.33711934089660645,0.5811904072761536,0.05626772716641426,0.4898395836353302,362,324
0,2,0.35177668929100037,0.6077633500099182,0.04317674785852432,0.4898395836353302,407,329
0,3,0.3664340674877167,0.6338501572608948,0.03249253332614899,0.4898395836353302,418,332
0,4,0.3810914158821106,0.6597697734832764,0.019896067678928375,0.4898395836353302,386,346
0,5,0.3957487940788269,0.6854569315910339,-0.00034920364851132035,0.4898395836353302,303,382
 , , , , , , , 
0,0,0.08794417232275009,0.885240375995636,-0.29764556884765625,0.29390373826026917,230,354
0,1,0.0906924307346344,0.9177187085151672,-0.29223743081092834,0.29390373826026917,228,358
0,2,0.35177668929100037,0.6054437160491943,-0.0683990865945816,0.6857753992080688,323,346
0,3,0.3664340674877167,0.6317338347434998,-0.06110749393701553,0.6857753992080688,386,349
0,4,0.3810914158821106,0.6574974060058594,-0.058216534554958344,0.6857753992080688,411,353
0,5,0.3957487940788269,0.6829095482826233,-0.05904108285903931,0.6857753992080688,397,362
0,6,0.4104061424732208,0.7077078223228455,-0.06670328974723816,0.6857753992080688,334,387
0,7,0.39758098125457764,0.7748934030532837,0.2594377398490906,-0.6857753992080688,226,368
0,8,0.3719305694103241,0.7298206686973572,0.22747613489627838,-0.5878074765205383,272,363
0,9,0.3847557604312897,0.7554219365119934,0.2339198887348175,-0.5878074765205383,263,363
0,10,-1.4290928840637207,1.259580373764038,0.04379121959209442,-0.09796791523694992,230,394
0,11,0.05954553559422493,0.7591755986213684,-1.7466750144958496,-0.09796791523694992,230,394
 , , , , , , , 
0,0,0.0604616180062294,0.911919355392456,-0.3171481788158417,0.29390373826026917,269,338
0,1,0.06229379028081894,0.9313589930534363,-0.34943118691444397,0.29390373826026917,260,341
0,2,0.13741277158260345,0.7061023116111755,-0.14011777937412262,-0.7837433218955994,236,345
0,3,0.41223832964897156,0.2854243516921997,0.5344980955123901,-0.7837433218955994,236,345
0,4,0.14290928840637207,0.7369646430015564,-0.13184353709220886,-0.7837433218955994,327,348
0,5,0.4287278354167938,0.2570973038673401,0.5753399729728699,-0.7837433218955994,327,348
0,6,0.1484057903289795,0.7660617828369141,-0.13264049589633942,-0.7837433218955994,374,350
0,7,0.44521740078926086,0.25444531440734863,0.6029158234596252,-0.7837433218955994,374,350
0,8,0.12825192511081696,0.7982960343360901,-0.14144878089427948,-0.7837433218955994,384,353
0,9,0.436056524515152,0.3143099248409271,0.6203199028968811,-0.7837433218955994,384,353
0,10,0.1328323483467102,0.8267810940742493,-0.1466444432735443,-0.7837433218955994,358,361
0,11,0.45162999629974365,0.33671554923057556,0.6366859078407288,-0.7837433218955994,358,361
0,12,0.13741277158260345,0.8566203117370605,-0.14400403201580048,-0.7837433218955994,278,389
0,13,0.46720343828201294,0.39345768094062805,0.632716178894043,-0.7837433218955994,278,389
0,14,0.31238505244255066,0.8430304527282715,0.13249000906944275,-0.5878074765205383,272,376
0,15,0.3810914158821106,0.8474385738372803,0.12882070243358612,-0.4898395836353302,259,375
0,16,0.3930005133152008,0.8789578676223755,0.09391053766012192,-0.4898395836353302,240,376
 , , , , , , , 
0,0,0.3719305694103241,0.5738694667816162,-0.5050321221351624,0.0,282,322
0,1,0.05313294008374214,0.7741792798042297,0.34718769788742065,0.0,282,322
0,2,0.09893719851970673,0.7846697568893433,-0.03119632788002491,-0.6857753992080688,301,350
0,3,0.1026015356183052,0.8135637044906616,-0.03632939234375954,-0.6857753992080688,400,349
0,4,0.10626588016748428,0.8427350521087646,-0.034944772720336914,-0.6857753992080688,450,349
0,5,0.10993021726608276,0.8719099760055542,-0.03325850889086723,-0.6857753992080688,458,357
0,6,0.11359456181526184,0.9010905027389526,-0.03115387074649334,-0.6857753992080688,426,372
0,7,0.14657361805438995,0.9262716174125671,-0.02268560603260994,-0.6857753992080688,342,409
0,8,0.1813848614692688,0.9500201344490051,0.019917786121368408,-0.6857753992080688,241,434
 , , , , , , , 
0,0,0.1603149026632309,0.942509651184082,-0.37240058183670044,0.4898395836353302,238,366
0,1,0.3023080825805664,0.7677847146987915,-0.3041943311691284,0.6857753992080688,290,344
0,2,0.31238505244255066,0.8149489164352417,-0.2532038390636444,0.6857753992080688,340,344
0,3,0.32246196269989014,0.8497607111930847,-0.2321692705154419,0.6857753992080688,345,349
0,4,0.3627697229385376,0.8693210482597351,-0.2202601283788681,0.6857753992080688,304,363
0,5,0.2931472361087799,0.7610907554626465,-0.46344706416130066,-0.6857753992080688,300,346
0,6,0.332538902759552,0.7409694194793701,-0.5255641937255859,-0.6857753992080688,284,355
0,7,0.0,0.9340395927429199,0.2518046200275421,-0.6857753992080688,284,355
0,8,0.296811580657959,1.0106050968170166,0.06558724492788315,-0.5878074765205383,250,409
0,9,0.3050563335418701,1.0398528575897217,0.04583587870001793,-0.5878074765205383,278,397
0,10,0.278489887714386,1.077996015548706,0.035692356526851654,-0.5878074765205383,274,383
0,11,0.28581857681274414,1.1052955389022827,0.060874368995428085,-0.5878074765205383,234,375
0,12,0.28856682777404785,0.984599769115448,-0.00022219402308110148,-0.4898395836353302,263,345
 , , , , , , , 
0,0,0.24734298884868622,0.8434733152389526,0.02814202941954136,0.6857753992080688,240,341
0,1,0.25558775663375854,0.8719220161437988,-0.016288938000798225,0.6857753992080688,364,341
0,2,0.2931472361087799,0.8907637596130371,-0.024129025638103485,0.6857753992080688,428,345
0,3,0.3023080825805664,0.9183964133262634,-0.031516656279563904,0.6857753992080688,453,351
0,4,0.3114689588546753,0.9460561871528625,-0.03710794448852539,0.6857753992080688,434,367
0,5,0.3206298053264618,0.9736561179161072,-0.04356470704078674,0.6857753992080688,370,396
0,6,0.3627696931362152,0.9902417659759521,-0.039254266768693924,0.6857753992080688,251,443
 , , , , , , , 
0,0,0.20337089896202087,1.0621463060379028,-0.08330600708723068,0.4898395836353302,304,358
0,1,0.2088674157857895,1.0920732021331787,-0.06823724508285522,0.4898395836353302,271,382
0,2,0.17588834464550018,0.8862645626068115,0.2521427869796753,0.6857753992080688,227,334
0,3,0.2418464720249176,0.9279186725616455,0.1277211457490921,0.6857753992080688,314,335
0,4,0.24917516112327576,0.9648734331130981,0.018525926396250725,0.6857753992080688,368,335
0,5,0.28856682777404785,0.983119785785675,-0.053965624421834946,0.6857753992080688,389,341
0,6,0.3297906517982483,0.9956744313240051,-0.11658486723899841,0.6857753992080688,375,357
0,7,0.3389514982700348,1.0134848356246948,-0.18551169335842133,0.6857753992080688,323,384
 , , , , , , , 
0,0,0.24917516112327576,0.9606527090072632,-0.09203450381755829,0.5878074765205383,290,340
0,1,0.2565038502216339,0.9895563721656799,-0.08770150691270828,0.5878074765205383,331,341
0,2,0.2638325095176697,1.0113465785980225,0.14591757953166962,0.5878074765205383,337,342
0,3,0.3050563335418701,1.0347763299942017,0.11239582300186157,0.6857753992080688,376,347
0,4,0.3481123447418213,1.0580832958221436,0.013542573899030685,0.6857753992080688,360,370
0,5,0.3572732210159302,1.0838663578033447,-0.06830637156963348,0.6857753992080688,300,403
 , , , , , , , 
0,0,0.22535693645477295,1.1027950048446655,-0.42146170139312744,0.29390373826026917,268,360
0,1,0.22444087266921997,0.996931254863739,0.09198902547359467,0.5878074765205383,225,342
0,2,0.2638325095176697,1.0211268663406372,0.03760053589940071,0.5878074765205383,290,342
0,3,0.27116119861602783,1.050202488899231,-0.0008626183844171464,0.5878074765205383,299,346
0,4,0.5643084049224854,1.1552777290344238,-0.10294103622436523,0.5878074765205383,235,478
0,5,0.3572732210159302,1.085983395576477,0.008487414568662643,0.6857753992080688,299,361
0,6,0.3664340376853943,1.1137433052062988,-0.01633160188794136,0.6857753992080688,284,381
 , , , , , , , 
0,0,0.18321701884269714,1.153480052947998,-0.10430813580751419,0.3918716609477997,294,341
0,1,0.1877974569797516,1.179135799407959,-0.13763515651226044,0.3918716609477997,315,346
0,2,0.2638325095176697,1.0209487676620483,-0.04215952754020691,0.5878074765205383,236,334
0,3,0.27116119861602783,1.0484654903411865,-0.060381948947906494,0.5878074765205383,326,334
0,4,0.278489887714386,1.0754854679107666,-0.08173269778490067,0.5878074765205383,375,333
0,5,0.28581857681274414,1.0993983745574951,-0.12925586104393005,0.5878074765205383,385,337
0,6,0.3297906517982483,1.1023272275924683,-0.22600391507148743,0.5878074765205383,364,349
0,7,0.3380354046821594,1.1055283546447754,-0.32880327105522156,0.5878074765205383,312,379
0,8,0.3078046143054962,1.1796811819076538,-0.17177799344062805,0.5878074765205383,250,421
 , , , , , , , 
0,0,0.278489887714386,1.0762783288955688,-0.07052713632583618,0.6857753992080688,327,342
0,1,0.28581857681274414,1.1027565002441406,-0.09649825096130371,0.6857753992080688,389,345
0,2,0.2931472361087799,1.1285609006881714,-0.12401510775089264,0.6857753992080688,418,347
0,3,0.30047592520713806,1.1527562141418457,-0.15949860215187073,0.6857753992080688,412,358
0,4,0.3078046143054962,1.17368483543396,-0.20885202288627625,0.6857753992080688,370,384
0,5,0.35452497005462646,1.1747868061065674,-0.28832605481147766,0.6857753992080688,296,424
0,6,0.16855967044830322,1.3084182739257812,0.2793215811252594,-0.7837433218955994,239,417
 , , , , , , , 
0,0,0.24734298884868622,1.2921407222747803,0.0968702882528305,0.5878074765205383,273,408
0,1,0.25283950567245483,1.307781457901001,0.21016919612884521,0.5878074765205383,229,445
0,2,0.2757416367530823,1.2242423295974731,-0.11891689896583557,0.6857753992080688,367,368
0,3,-0.03572732210159302,1.1425306797027588,-0.02057107910513878,-0.7837433218955994,261,340
0,4,-0.03664340451359749,1.1709890365600586,-0.04905955120921135,-0.7837433218955994,345,344
0,5,-0.03755949065089226,1.1998932361602783,-0.05846365541219711,-0.7837433218955994,387,346
0,6,0.41315439343452454,0.11141107976436615,1.1231489181518555,-0.7837433218955994,387,346
0,7,-0.03847557678818703,1.2292221784591675,-0.058577533811330795,-0.7837433218955994,391,352
0,8,0.4232313334941864,0.2580847144126892,1.1270166635513306,-0.7837433218955994,391,352
0,9,0.04030774533748627,1.2583409547805786,-0.28046542406082153,-0.7837433218955994,332,403
0,10,0.5240007042884827,0.7220562100410461,0.9315394163131714,-0.7837433218955994,332,403
0,11,0.041223831474781036,1.2829577922821045,-0.30415457487106323,-0.7837433218955994,284,445
0,12,0.5359098315238953,0.6941006183624268,0.9855024218559265,-0.7837433218955994,284,445
0,13,-0.22444085776805878,1.396026611328125,-0.2530665397644043,-0.7837433218955994,248,450
0,14,0.314217209815979,0.7070875763893127,-1.210207223892212,-0.7837433218955994,248,450
0,15,-0.22902129590511322,1.4376976490020752,-0.1701691895723343,-0.7837433218955994,243,446
0,16,0.12641975283622742,1.3387789726257324,-0.10040047764778137,-0.6857753992080688,253,455
0,17,0.1722240149974823,1.3668876886367798,-0.016368718817830086,-0.6857753992080688,247,434
 , , , , , , , 
0,0,0.21069958806037903,1.3317351341247559,-0.021868452429771423,0.6857753992080688,292,391
0,1,0.1722240149974823,1.3508774042129517,0.20923711359500885,0.6857753992080688,263,426
0,2,-0.03755949065089226,1.197946310043335,-0.08992462605237961,-0.7837433218955994,252,356
0,3,0.41315439343452454,0.3028467893600464,1.0872716903686523,-0.7837433218955994,252,356
0,4,-0.03847557678818703,1.225229263305664,-0.11503005772829056,-0.7837433218955994,335,356
0,5,0.4232313334941864,0.3767082691192627,1.0930988788604736,-0.7837433218955994,335,356
0,6,-0.039391662925481796,1.2515325546264648,-0.14511537551879883,-0.7837433218955994,376,359
0,7,0.43330830335617065,0.4660852253437042,1.088095784187317,-0.7837433218955994,376,359
0,8,-0.04030774533748627,1.2760143280029297,-0.18403814733028412,-0.7837433218955994,386,362
0,9,0.44338518381118774,0.5667877793312073,1.0704525709152222,-0.7837433218955994,386,362
0,10,-0.041223831474781036,1.2963308095932007,-0.24086754024028778,-0.7837433218955994,353,376
0,11,0.453462153673172,0.7126202583312988,1.0132790803909302,-0.7837433218955994,353,376
0,12,-0.042139917612075806,1.3064407110214233,-0.33140310645103455,-0.6857753992080688,281,400
0,13,0.42139917612075806,0.9014649391174316,0.9100411534309387,-0.6857753992080688,281,400
0,14,-0.28032204508781433,1.4645313024520874,-0.10837402194738388,-0.6857753992080688,229,443
0,15,-0.28581857681274414,1.4930717945098877,-0.11284924298524857,-0.6857753992080688,250,424
0,16,-0.29131507873535156,1.521921992301941,-0.11318960785865784,-0.6857753992080688,226,411
 , , , , , , , 
0,0,-0.08611200749874115,1.374308466911316,-0.04660661891102791,-0.7837433218955994,340,373
0,1,0.43056005239486694,0.2630707919597626,1.2820775508880615,-0.7837433218955994,340,373
0,2,0.35177668929100037,0.5169500112533569,1.2605416774749756,-0.7837433218955994,289,398
0,3,-0.17588834464550018,1.3960556983947754,-0.006427096202969551,-0.7837433218955994,289,398
0,4,0.314217209815979,0.33551087975502014,1.3608845472335815,-0.7837433218955994,235,434
0,5,-0.22444085776805878,1.4187607765197754,0.007146621122956276,-0.7837433218955994,235,434
0,6,-0.039391662925481796,1.2599014043807983,-0.006372452713549137,-0.6857753992080688,241,359
0,7,-0.04030774533748627,1.2890437841415405,-0.02118709869682789,-0.6857753992080688,321,360
0,8,-0.041223831474781036,1.3182812929153442,-0.02499878592789173,-0.6857753992080688,361,362
0,9,-0.042139917612075806,1.3475620746612549,-0.02630530297756195,-0.6857753992080688,366,364
0,10,-0.30414026975631714,2.412618398666382,-0.08279551565647125,-0.5878074765205383,229,416
0,11,0.6082805395126343,0.24626517295837402,2.342953681945801,-0.5878074765205383,229,416
 , , , , , , , 
0,0,-0.041223831474781036,1.3171744346618652,-0.059515319764614105,-0.7837433218955994,250,367
0,1,-0.042139917612075806,1.344132900238037,-0.09961024671792984,-0.7837433218955994,335,366
0,2,0.46353909373283386,0.2416711002588272,1.243027687072754,-0.7837433218955994,335,366
0,3,-0.043056003749370575,1.3718534708023071,-0.12031359225511551,-0.7837433218955994,388,363
0,4,0.4736160337924957,0.3205788731575012,1.2534863948822021,-0.7837433218955994,388,363
0,5,0.0,1.3992005586624146,-0.1489534229040146,-0.7837433218955994,402,368
0,6,0.5276650190353394,0.31996265053749084,1.264572262763977,-0.7837433218955994,402,368
0,7,0.0,1.420486330986023,-0.21336670219898224,-0.7837433218955994,382,384
0,8,0.538658082485199,0.4093397557735443,1.2671208381652832,-0.7837433218955994,382,384
0,9,0.045804258435964584,1.4269565343856812,-0.33178290724754333,-0.7837433218955994,327,416
0,10,0.5954553484916687,0.4309174120426178,1.2681190967559814,-0.7837433218955994,327,416
0,11,0.09344068169593811,1.4154601097106934,-0.47214275598526,-0.7837433218955994,243,459
0,12,0.6073644161224365,0.464790403842926,1.2846227884292603,-0.7837433218955994,243,459
0,13,-0.21986043453216553,2.3302175998687744,-0.14699150621891022,-0.7837433218955994,254,475
0,14,0.6595813035964966,0.5618460178375244,2.1792523860931396,-0.7837433218955994,254,475
0,15,-0.22260868549346924,2.3582375049591064,-0.16545763611793518,-0.7837433218955994,263,476
0,16,0.6678260564804077,0.6612593531608582,2.18058705329895,-0.7837433218955994,263,476
0,17,-0.22535693645477295,2.3868703842163086,-0.17422270774841309,-0.7837433218955994,243,477
0,18,0.6760708093643188,0.7725186347961426,2.1735761165618896,-0.7837433218955994,243,477
 , , , , , , , 
0,0,0.3013920187950134,1.3394935131072998,-0.11502689123153687,0.6857753992080688,297,339
0,1,0.3078046143054962,1.365761399269104,-0.14107267558574677,0.6857753992080688,362,335
0,2,0.314217209815979,1.395458698272705,-0.13141272962093353,0.6857753992080688,389,336
0,3,0.2748255431652069,1.4357820749282837,-0.10669483989477158,0.6857753992080688,389,344
0,4,0.28032204508781433,1.4647635221481323,-0.10518921911716461,0.6857753992080688,367,367
0,5,0.28581857681274414,1.4922572374343872,-0.1231532171368599,0.6857753992080688,316,405
0,6,0.29131507873535156,1.523578405380249,-0.08813197165727615,0.6857753992080688,245,451
 , , , , , , , 
0,0,0.3078046143054962,1.3702927827835083,-0.0866229459643364,0.5878074765205383,251,350
0,1,0.314217209815979,1.3968279361724854,-0.11595744639635086,0.5878074765205383,335,348
0,2,0.3206298053264618,1.4244107007980347,-0.12897135317325592,0.5878074765205383,378,347
0,3,0.3270424008369446,1.4536138772964478,-0.12339890003204346,0.5878074765205383,395,350
0,4,0.33345499634742737,1.4806420803070068,-0.142117440700531,0.5878074765205383,386,366
0,5,0.33986759185791016,1.502610206604004,-0.20143340528011322,0.5878074765205383,343,398
0,6,0.44521740078926086,1.485088586807251,-0.3196360170841217,0.5878074765205383,268,439
 , , , , , , , 
0,0,0.3206298053264618,1.4271947145462036,-0.09324479103088379,0.5878074765205383,286,345
0,1,0.37376272678375244,1.4419938325881958,-0.1270143836736679,0.5878074765205383,319,345
0,2,0.3810914158821106,1.4758762121200562,-0.01578121818602085,0.5878074765205383,322,345
0,3,0.24276256561279297,1.5098317861557007,0.2745853662490845,0.5878074765205383,339,355
0,4,0.2473430037498474,1.552136778831482,0.188590869307518,0.5878074765205383,335,379
0,5,0.20153872668743134,1.5852774381637573,0.214057058095932,0.5878074765205383,284,413
 , , , , , , , 
0,0,0.5038468241691589,1.498841643333435,-0.31488895416259766,0.3918716609477997,308,361
0,1,0.28032204508781433,1.4656020402908325,-0.09277581423521042,0.4898395836353302,302,342
0,2,0.28581857681274414,1.4945002794265747,-0.09201706945896149,0.4898395836353302,366,342
0,3,0.29131507873535156,1.5244802236557007,-0.07084178924560547,0.4898395836353302,389,344
0,4,0.296811580657959,1.5548642873764038,-0.013170406222343445,0.4898395836353302,366,351
0,5,0.20153872668743134,1.598827838897705,0.051716841757297516,0.5878074765205383,300,372
0,6,0.2052030712366104,1.6251646280288696,0.10799536854028702,0.5878074765205383,299,406
0,7,0.2088674157857895,1.6539033651351929,0.11408935487270355,0.5878074765205383,259,447
 , , , , , , , 
0,0,0.28581857681274414,1.4957019090652466,-0.06981529295444489,0.4898395836353302,273,343
0,1,0.33986759185791016,1.510844111442566,-0.12555010616779327,0.4898395836353302,321,342
0,2,0.3957487940788269,1.5034698247909546,-0.29805195331573486,0.4898395836353302,318,341
0,3,0.4534621238708496,1.470390796661377,-0.48152458667755127,0.4898395836353302,309,347
0,4,0.3591053783893585,1.5842430591583252,-0.2369571477174759,0.4898395836353302,314,368
0,5,0.31330111622810364,1.6340947151184082,-0.15367120504379272,0.4898395836353302,287,402
0,6,0.21253176033496857,1.6841233968734741,-0.09706925600767136,0.4898395836353302,245,441
0,7,0.34628018736839294,0.9445603489875793,1.2221986055374146,-0.7837433218955994,279,343
0,8,-0.19787439703941345,1.5385528802871704,-0.315554141998291,-0.7837433218955994,279,343
0,9,0.35269278287887573,1.0099983215332031,1.2062561511993408,-0.7837433218955994,322,343
0,10,-0.20153872668743134,1.5542410612106323,-0.3784966766834259,-0.7837433218955994,322,343
0,11,-0.2565038502216339,1.5686702728271484,-0.41037890315055847,-0.7837433218955994,328,348
0,12,0.3591053783893585,1.0493100881576538,1.2103400230407715,-0.7837433218955994,328,348
0,13,-0.26108425855636597,1.5964345932006836,-0.41865211725234985,-0.7837433218955994,299,358
0,14,0.3655179738998413,1.0738697052001953,1.226881742477417,-0.7837433218955994,299,358
0,15,-0.21253176033496857,1.640690565109253,-0.392209529876709,-0.7837433218955994,225,381
0,16,0.42506352066993713,1.0498135089874268,1.2680995464324951,-0.7837433218955994,225,381
 , , , , , , , 
0,0,0.29131507873535156,1.523600459098816,-0.08774980157613754,0.5878074765205383,236,344
0,1,0.296811580657959,1.5460216999053955,-0.16611266136169434,0.5878074765205383,322,341
0,2,0.3023080825805664,1.5655697584152222,-0.23904845118522644,0.5878074765205383,372,337
0,3,0.3078046143054962,1.5852874517440796,-0.2950442135334015,0.5878074765205383,392,335
0,4,0.31330111622810364,1.6108167171478271,-0.3148806691169739,0.5878074765205383,381,345
0,5,0.2656646966934204,1.654700756072998,-0.2867952883243561,0.5878074765205383,337,376
0,6,0.21619608998298645,1.7013550996780396,-0.22373630106449127,0.5878074765205383,284,417
 , , , , , , , 
0,0,0.26108425855636597,1.6451637744903564,-0.13156498968601227,0.5878074765205383,353,337
0,1,0.21253176033496857,1.6869176626205444,-0.001675028819590807,0.5878074765205383,345,342
0,2,0.16214707493782043,1.7163461446762085,0.13882379233837128,0.5878074765205383,308,368
0,3,0.16489532589912415,1.739983320236206,0.1973285973072052,0.5878074765205383,245,404
0,4,0.25192341208457947,1.5883328914642334,-0.11522218585014343,0.6857753992080688,293,341
0,5,0.2565038502216339,1.6172847747802734,-0.11630652099847794,0.6857753992080688,338,346
0,6,-0.15939882397651672,1.6374377012252808,-0.42924755811691284,-0.7837433218955994,315,345
0,7,0.42506352066993713,1.1912938356399536,1.1362234354019165,-0.7837433218955994,315,345
0,8,-0.16214707493782043,1.6877907514572144,-0.34128955006599426,-0.7837433218955994,308,360
0,9,0.4864411950111389,1.070931315422058,1.2680256366729736,-0.7837433218955994,308,360
0,10,-0.16489532589912415,1.7293184995651245,-0.2755689322948456,-0.7837433218955994,252,386
0,11,0.49468597769737244,1.0362919569015503,1.3323122262954712,-0.7837433218955994,252,386
 , , , , , , , 
0,0,0.05679728090763092,1.7960469722747803,0.272659033536911,0.5878074765205383,262,416
0,1,0.417734831571579,1.5462400913238525,-0.47610655426979065,0.6857753992080688,300,343
0,2,0.42506352066993713,1.5204873085021973,-0.631112813949585,0.6857753992080688,374,341
0,3,0.4323921799659729,1.5280792713165283,-0.6851413249969482,0.6857753992080688,402,345
0,4,0.43972086906433105,1.5442595481872559,-0.7180385589599609,0.6857753992080688,389,360
0,5,0.4470495581626892,1.5504744052886963,-0.7706027626991272,0.6857753992080688,338,384
0,6,-0.2565038502216339,1.617181420326233,-0.11773401498794556,-0.7837433218955994,225,336
0,7,0.3591053783893585,0.7759050726890564,1.4014085531234741,-0.7837433218955994,225,336
0,8,-0.17039184272289276,1.7506476640701294,-0.4577694237232208,-0.7837433218955994,272,415
0,9,0.5111755132675171,1.201753854751587,1.2640572786331177,-0.7837433218955994,272,415
 , , , , , , , 
0,0,0.11359456181526184,1.8053710460662842,-0.17631039023399353,0.5878074765205383,367,371
0,1,0.11542672663927078,1.8386812210083008,-0.1292298287153244,0.5878074765205383,328,407
0,2,0.11725889891386032,1.8689204454421997,-0.11531317979097366,0.5878074765205383,259,452
0,3,0.2088674157857895,1.65475332736969,-0.10101530700922012,0.6857753992080688,233,329
0,4,0.2656646966934204,1.6707227230072021,-0.17021052539348602,0.6857753992080688,343,329
0,5,0.27024510502815247,1.6928815841674805,-0.22918863594532013,0.6857753992080688,406,330
0,6,0.2748255431652069,1.7161145210266113,-0.2703571915626526,0.6857753992080688,427,336
0,7,0.27940598130226135,1.7438188791275024,-0.2805010974407196,0.6857753992080688,405,349
0,8,-0.05679728090763092,1.802003026008606,-0.23002754151821136,-0.7837433218955994,328,373
0,9,0.6247701048851013,1.009186863899231,1.3764293193817139,-0.7837433218955994,328,373
 , , , , , , , 
0,0,0.21619608998298645,1.7066361904144287,0.17905253171920776,0.5878074765205383,238,345
0,1,0.2748255431652069,1.7352721691131592,-0.08349979668855667,0.5878074765205383,324,345
0,2,0.3352871537208557,1.735903024673462,-0.2680968940258026,0.5878074765205383,376,346
0,3,0.3407836854457855,1.7469837665557861,-0.3677874803543091,0.5878074765205383,401,349
0,4,0.34628018736839294,1.7669254541397095,-0.41089773178100586,0.5878074765205383,393,364
0,5,0.35177668929100037,1.8006740808486938,-0.3920922875404358,0.5878074765205383,355,394
0,6,0.29772767424583435,1.8554707765579224,-0.3152037262916565,0.5878074765205383,291,434
 , , , , , , , 
0,0,0.21986043453216553,1.7449651956558228,0.020711775869131088,0.4898395836353302,251,337
0,1,0.2235247790813446,1.7691552639007568,-0.13333943486213684,0.4898395836353302,348,340
0,2,0.2839863896369934,1.7801843881607056,-0.23162221908569336,0.4898395836353302,405,344
0,3,0.28856682777404785,1.7982161045074463,-0.3064641058444977,0.4898395836353302,428,349
0,4,0.2931472361087799,1.811580777168274,-0.39006441831588745,0.4898395836353302,411,364
0,5,0.29772767424583435,1.8148069381713867,-0.49859875440597534,0.4898395836353302,347,396
0,6,0.2418464720249176,1.8904834985733032,-0.333053320646286,0.4898395836353302,243,440
 , , , , , , , 
0,0,0.29772767424583435,1.8196032047271729,-0.4808002710342407,0.3918716609477997,402,358
0,1,0.2235247790813446,1.7741425037384033,-0.010383065789937973,0.4898395836353302,247,330
0,2,0.22718912363052368,1.7990591526031494,-0.12298163026571274,0.4898395836353302,332,335
0,3,0.23085345327854156,1.8181952238082886,-0.22725600004196167,0.4898395836353302,382,337
0,4,0.2931472361087799,1.8285588026046753,-0.3005784749984741,0.4898395836353302,403,345
0,5,0.29772767424583435,1.8511444330215454,-0.3396899700164795,0.4898395836353302,402,358
0,6,0.3023080825805664,1.8812205791473389,-0.33609652519226074,0.4898395836353302,366,390
0,7,0.30688852071762085,1.9211204051971436,-0.26972562074661255,0.4898395836353302,302,431
 , , , , , , , 
0,0,0.23085345327854156,1.8231942653656006,-0.18287065625190735,0.3918716609477997,283,352
0,1,0.23451779782772064,1.8458894491195679,-0.24000823497772217,0.3918716609477997,336,351
0,2,0.23818214237689972,1.8681995868682861,-0.28959721326828003,0.3918716609477997,346,353
0,3,0.0604616180062294,1.9324923753738403,-0.07182915508747101,0.4898395836353302,340,347
0,4,0.0,1.974632740020752,0.2728997468948364,0.4898395836353302,298,405
0,5,0.0,2.0166361331939697,0.15671148896217346,0.4898395836353302,241,446
0,6,0.0,1.9342392683029175,0.34110772609710693,0.5878074765205383,339,356
 , , , , , , , 
0,0,0.29772767424583435,1.799256443977356,-0.5520881414413452,0.29390373826026917,272,343
0,1,0.1841331124305725,1.947608470916748,-0.17479188740253448,0.3918716609477997,378,350
0,2,0.24917516112327576,1.9627184867858887,-0.24350900948047638,0.3918716609477997,355,373
0,3,0.23451779782772064,1.8470648527145386,-0.230787992477417,0.4898395836353302,270,344
0,4,0.1786366105079651,1.8814706802368164,-0.24274276196956635,0.4898395836353302,304,344
0,5,0.1209232360124588,1.9109752178192139,0.27729639410972595,0.4898395836353302,339,345
0,6,0.12641975283622742,2.015772581100464,0.10981472581624985,0.4898395836353302,312,405
0,7,0.12825192511081696,2.04718017578125,0.05860647186636925,0.4898395836353302,260,442
 , , , , , , , 
0,0,0.23818214237689972,1.8894065618515015,-0.0646437332034111,0.4898395836353302,315,336
0,1,0.2418464720249176,1.9143867492675781,-0.14133435487747192,0.4898395836353302,377,335
0,2,0.24551081657409668,1.9378268718719482,-0.20539596676826477,0.4898395836353302,406,338
0,3,0.24917516112327576,1.9632450342178345,-0.2392268031835556,0.4898395836353302,411,346
0,4,0.18962962925434113,2.001565456390381,-0.22171330451965332,0.4898395836353302,380,374
0,5,0.19237789511680603,2.036046266555786,-0.16833648085594177,0.4898395836353302,326,412
0,6,0.1300840973854065,2.0738778114318848,-0.11877498030662537,0.4898395836353302,245,460
 , , , , , , , 
0,0,0.4681195020675659,2.087418556213379,-0.05513649806380272,0.19593583047389984,261,348
0,1,0.4745320975780487,2.1162807941436768,-0.044635411351919174,0.19593583047389984,254,367
0,2,0.2418464720249176,1.9104199409484863,-0.18747742474079132,0.4898395836353302,265,339
0,3,0.24551081657409668,1.9427169561386108,-0.15235348045825958,0.4898395836353302,322,342
0,4,0.24917516112327576,1.9730113744735718,-0.13706429302692413,0.4898395836353302,355,344
0,5,0.25283950567245483,2.0012013912200928,-0.15048237144947052,0.4898395836353302,377,346
0,6,0.19237789511680603,2.0404365062713623,-0.10217266529798508,0.4898395836353302,364,366
0,7,0.19512614607810974,2.0721611976623535,0.008574584499001503,0.4898395836353302,318,398
0,8,0.13191625475883484,2.0941250324249268,0.2283083200454712,0.4898395836353302,247,437
0,9,-0.47636425495147705,3.0027527809143066,-0.22652873396873474,-0.7837433218955994,241,386
0,10,0.6669099926948547,0.9425108432769775,2.8216426372528076,-0.7837433218955994,241,386
0,11,-0.4809446930885315,3.0305278301239014,-0.2428201586008072,-0.7837433218955994,232,402
0,12,0.6733225584030151,1.057698130607605,2.8110992908477783,-0.7837433218955994,232,402
0,13,-0.45804259181022644,2.8836264610290527,-0.2615858018398285,-0.6857753992080688,233,334
0,14,0.6412596106529236,1.110781192779541,2.6359975337982178,-0.6857753992080688,233,334
0,15,-0.4626230001449585,2.9108214378356934,-0.2817091941833496,-0.6857753992080688,240,335
0,16,0.6476722359657288,1.2316011190414429,2.613415479660034,-0.6857753992080688,240,335
 , , , , , , , 
0,0,0.5423223972320557,2.0950276851654053,-0.15020990371704102,0.29390373826026917,226,388
0,1,0.3114689588546753,1.9573843479156494,-0.21279644966125488,0.4898395836353302,338,337
0,2,0.25283950567245483,1.9937125444412231,-0.22926633059978485,0.4898395836353302,375,337
0,3,0.2565038502216339,2.025763511657715,-0.20326808094978333,0.4898395836353302,389,340
0,4,0.260168194770813,2.0609970092773438,-0.12885220348834991,0.4898395836353302,376,358
0,5,0.19787438213825226,2.1011087894439697,-0.03276970237493515,0.4898395836353302,333,394
0,6,0.13374842703342438,2.134841203689575,0.06369104981422424,0.4898395836353302,273,438
0,7,0.30688852071762085,1.9397380352020264,-0.029528386890888214,0.5878074765205383,272,335
0,8,-0.4809446930885315,3.032733917236328,-0.21350474655628204,-0.6857753992080688,228,383
0,9,0.6733225584030151,1.0300146341323853,2.8213603496551514,-0.6857753992080688,228,383
0,10,-0.48552513122558594,3.057516574859619,-0.2674850821495056,-0.6857753992080688,259,386
0,11,0.6797351837158203,1.1430959701538086,2.808377265930176,-0.6857753992080688,259,386
0,12,-0.4901055693626404,3.0817344188690186,-0.31850236654281616,-0.6857753992080688,261,386
0,13,0.6861478090286255,1.265697956085205,2.7867443561553955,-0.6857753992080688,261,386
 , , , , , , , 
0,0,0.33437106013298035,2.113679885864258,0.0067392373457551,0.4898395836353302,329,357
0,1,0.27116119861602783,2.1520471572875977,0.03134292736649513,0.4898395836353302,283,390
0,2,0.3114689588546753,1.9679611921310425,-0.061355169862508774,0.5878074765205383,247,333
0,3,0.31604939699172974,1.9956766366958618,-0.09363704174757004,0.5878074765205383,343,331
0,4,0.3206298053264618,2.0243473052978516,-0.10022293031215668,0.5878074765205383,398,329
0,5,0.32521024346351624,2.0534205436706543,-0.09849771857261658,0.5878074765205383,413,331
0,6,0.3297906517982483,2.083364963531494,-0.07559845596551895,0.5878074765205383,385,345
0,7,-0.3847557604312897,3.0435900688171387,-0.25077909231185913,-0.3918716609477997,226,344
0,8,0.6733225584030151,1.2449121475219727,2.733349323272705,-0.3918716609477997,226,344
 , , , , , , , 
0,0,0.20611914992332458,2.166409492492676,0.31312161684036255,0.4898395836353302,275,397
0,1,0.3902522921562195,2.0440495014190674,-0.039542876183986664,0.5878074765205383,305,351
0,2,0.3957487642765045,2.072282552719116,-0.06255852431058884,0.5878074765205383,334,348
0,3,0.3206298053264618,2.023937702178955,0.1081797331571579,0.6857753992080688,266,343
0,4,0.26749685406684875,2.0950090885162354,-0.34478166699409485,0.6857753992080688,341,351
0,5,0.27116119861602783,2.1133615970611572,-0.4074210226535797,0.6857753992080688,346,373
0,6,0.34353193640708923,2.1322901248931885,-0.41132158041000366,0.6857753992080688,312,405
0,7,0.417734831571579,2.1560094356536865,-0.37515944242477417,0.6857753992080688,261,442
 , , , , , , , 
0,0,0.3957487642765045,2.0651261806488037,-0.18309153616428375,0.5878074765205383,308,345
0,1,0.4681195020675659,2.077465534210205,-0.2109353244304657,0.5878074765205383,353,343
0,2,0.4745320975780487,2.1013572216033936,-0.2548229992389679,0.5878074765205383,364,344
0,3,0.4809446930885315,2.11782169342041,-0.3426133990287781,0.5878074765205383,342,355
0,4,0.49376991391181946,2.1921274662017822,-0.21418173611164093,0.5878074765205383,250,421
0,5,0.3481123447418213,2.1764183044433594,-0.32503101229667664,0.6857753992080688,299,386
 , , , , , , , 
0,0,0.3297906517982483,2.0832021236419678,-0.07995861768722534,0.4898395836353302,264,336
0,1,0.4012452960014343,2.098630428314209,-0.1193528026342392,0.4898395836353302,362,338
0,2,0.40674179792404175,2.1276121139526367,-0.11681421101093292,0.4898395836353302,411,344
0,3,0.41223829984664917,2.157090663909912,-0.10430856049060822,0.4898395836353302,422,353
0,4,0.417734831571579,2.1870384216308594,-0.0773572027683258,0.4898395836353302,391,373
0,5,0.4232313632965088,2.217181444168091,-0.009280857630074024,0.4898395836353302,321,406
 , , , , , , , 
0,0,0.33437106013298035,2.1101603507995605,0.12211164832115173,0.4898395836353302,262,335
0,1,0.3389514982700348,2.1426358222961426,0.006415588781237602,0.4898395836353302,347,334
0,2,0.34353193640708923,2.1712074279785156,-0.0412924699485302,0.4898395836353302,393,338
0,3,0.3481123447418213,2.199514865875244,-0.06764335185289383,0.4898395836353302,405,343
0,4,0.35269278287887573,2.2273192405700684,-0.0987987220287323,0.4898395836353302,373,362
0,5,0.28581857681274414,2.2634730339050293,-0.1526506543159485,0.4898395836353302,316,394
0,6,0.21711218357086182,2.2909610271453857,-0.2599678635597229,0.4898395836353302,262,435
 , , , , , , , 
0,0,0.41223829984664917,2.1538021564483643,-0.15829409658908844,0.3918716609477997,341,343
0,1,0.417734831571579,2.1800262928009033,-0.19132766127586365,0.3918716609477997,409,345
0,2,0.4232313632965088,2.205246686935425,-0.22992871701717377,0.3918716609477997,435,350
0,3,0.4287278652191162,2.2284440994262695,-0.28023821115493774,0.3918716609477997,420,364
0,4,0.43422436714172363,2.246706247329712,-0.35634666681289673,0.3918716609477997,363,390
0,5,0.513007640838623,2.2422213554382324,-0.4573030173778534,0.3918716609477997,269,431
 , , , , , , , 
0,0,0.417734831571579,2.1848225593566895,0.12518620491027832,0.4898395836353302,242,343
0,1,0.35269278287887573,2.2268226146698,0.10942281782627106,0.4898395836353302,325,346
0,2,0.3572732210159302,2.256138563156128,0.10246547311544418,0.4898395836353302,361,348
0,3,0.3618536591529846,2.2852113246917725,0.10047208517789841,0.4898395836353302,351,359
0,4,0.3664340376853943,2.312480926513672,0.13422735035419464,0.4898395836353302,310,371
0,5,0.4452173709869385,2.3252365589141846,0.18240569531917572,0.4898395836353302,249,401
 , , , , , , , 
0,0,0.4232313632965088,2.192005157470703,-0.33330634236335754,0.29390373826026917,304,356
0,1,0.35269278287887573,2.2240853309631348,-0.1554250866174698,0.3918716609477997,310,350
0,2,0.3572732210159302,2.2527530193328857,-0.1605110913515091,0.3918716609477997,365,356
0,3,0.3618536591529846,2.280324935913086,-0.18000823259353638,0.3918716609477997,385,361
0,4,0.3664340376853943,2.3078866004943848,-0.19810226559638977,0.3918716609477997,366,376
0,5,0.296811580657959,2.344855308532715,-0.22753532230854034,0.3918716609477997,309,400
0,6,0.30047592520713806,2.377854347229004,0.1838814616203308,0.4898395836353302,247,404
 , , , , , , , 
0,0,0.4562104046344757,2.3317108154296875,-0.5244805812835693,0.29390373826026917,228,405
0,1,0.3572732210159302,2.2556753158569336,-0.11220021545886993,0.3918716609477997,318,347
0,2,0.3618536591529846,2.2830023765563965,-0.14207477867603302,0.3918716609477997,380,341
0,3,0.43972086906433105,2.297318696975708,-0.1697976440191269,0.3918716609477997,402,339
0,4,0.4452173709869385,2.322580575942993,-0.21357916295528412,0.3918716609477997,383,346
0,5,0.5258328914642334,2.3267626762390137,-0.29658976197242737,0.3918716609477997,313,374
 , , , , , , , 
0,0,0.3618536591529846,2.2857284545898438,-0.08792398124933243,0.3918716609477997,280,344
0,1,0.3664340376853943,2.307551622390747,-0.20196737349033356,0.3918716609477997,352,347
0,2,0.37101447582244873,2.3290247917175293,-0.27605676651000977,0.3918716609477997,382,351
0,3,0.4507138729095459,2.335374116897583,-0.3481006622314453,0.3918716609477997,366,367
0,4,0.4562104046344757,2.351698875427246,-0.42599084973335266,0.3918716609477997,308,391
 , , , , , , , 
0,0,0.5194202661514282,2.235424280166626,-0.6093415021896362,0.19593583047389984,258,339
0,1,0.5258328914642334,2.2559897899627686,-0.6421054005622864,0.19593583047389984,294,336
0,2,0.5322454571723938,2.2802491188049316,-0.6612583994865417,0.19593583047389984,294,337
0,3,0.2894829213619232,2.2974140644073486,0.03622021526098251,0.4898395836353302,234,349
0,4,0.2931472361087799,2.326516628265381,-0.035275910049676895,0.4898395836353302,304,352
0,5,0.296811580657959,2.353390693664551,-0.1080315038561821,0.4898395836353302,347,349
0,6,0.30047592520713806,2.3795671463012695,-0.16019947826862335,0.4898395836353302,373,346
0,7,0.30414026975631714,2.4093050956726074,-0.15110085904598236,0.4898395836353302,367,360
0,8,0.3078046143054962,2.441300868988037,-0.09434802085161209,0.4898395836353302,328,389
0,9,0.3114689588546753,2.472200393676758,-0.0062400526367127895,0.4898395836353302,259,427
 , , , , , , , 
0,0,0.4452173709869385,2.270711898803711,-0.5327897667884827,0.3918716609477997,301,336
0,1,0.4507138729095459,2.284621238708496,-0.5963661074638367,0.3918716609477997,344,337
0,2,0.4562104046344757,2.315613031387329,-0.5915164351463318,0.3918716609477997,358,338
0,3,0.3078046143054962,2.4267358779907227,-0.28249797224998474,0.4898395836353302,377,354
0,4,0.3114689588546753,2.455711841583252,-0.28511953353881836,0.4898395836353302,361,373
0,5,0.31513330340385437,2.4900355339050293,-0.23704370856285095,0.4898395836353302,303,403
0,6,0.37101447582244873,2.341402530670166,-0.1356402337551117,0.5878074765205383,257,343
0,7,0.3755949139595032,2.371511697769165,-0.11467919498682022,0.5878074765205383,290,344
 , , , , , , , 
0,0,0.3893361985683441,2.4447734355926514,-0.28341996669769287,0.4898395836353302,367,360
0,1,0.39391663670539856,2.486741065979004,-0.1293208748102188,0.4898395836353302,307,384
0,2,0.3755949139595032,2.360513210296631,-0.2553345561027527,0.5878074765205383,326,332
0,3,0.3801753520965576,2.3888516426086426,-0.26256003975868225,0.5878074765205383,379,334
0,4,0.3847557604312897,2.4198033809661865,-0.2451746016740799,0.5878074765205383,392,341
 , , , , , , , 
0,0,0.3801753520965576,2.3515801429748535,-0.4956025183200836,0.4898395836353302,301,343
0,1,0.3847557604312897,2.375810384750366,-0.5206566452980042,0.4898395836353302,359,343
0,2,0.3893361985683441,2.4069621562957764,-0.513592541217804,0.4898395836353302,384,341
0,3,0.39391663670539856,2.446807384490967,-0.4623183310031891,0.4898395836353302,373,350
0,4,0.3984970152378082,2.482538938522339,-0.4273679554462433,0.4898395836353302,321,374
 , , , , , , , 
0,0,0.3078046143054962,2.391615152359009,-0.4990283250808716,0.3918716609477997,247,352
0,1,0.2445947229862213,2.456490993499756,-0.8442518711090088,0.3918716609477997,238,415
0,2,0.3114689588546753,2.3916893005371094,-0.6258078217506409,0.4898395836353302,315,351
0,3,0.31513330340385437,2.442821741104126,-0.5376702547073364,0.4898395836353302,351,352
0,4,0.3984970152378082,2.4586362838745117,-0.5484074354171753,0.4898395836353302,346,360
0,5,0.32246196269989014,2.435366153717041,-0.7872992157936096,0.4898395836353302,304,374
 , , , , , , , 
0,0,0.39391663670539856,2.4038407802581787,-0.6497339606285095,0.3918716609477997,307,338
0,1,0.31879761815071106,2.4804484844207764,-0.5001866817474365,0.3918716609477997,357,339
0,2,0.32246196269989014,2.5249218940734863,-0.4190678000450134,0.3918716609477997,376,345
0,3,0.2445947229862213,2.5649068355560303,-0.4103197753429413,0.3918716609477997,357,365
0,4,0.24734298884868622,2.590912103652954,-0.4321523606777191,0.3918716609477997,308,393
0,5,0.2500912547111511,2.62778902053833,-0.38533392548561096,0.3918716609477997,244,431
 , , , , , , , 
0,0,0.31513330340385437,2.4687366485595703,-0.4022516906261444,0.29390373826026917,307,337
0,1,0.31879761815071106,2.494027614593506,-0.4273603558540344,0.29390373826026917,359,334
0,2,0.32246196269989014,2.5206658840179443,-0.44395047426223755,0.29390373826026917,382,335
0,3,0.3261263072490692,2.548781394958496,-0.45198556780815125,0.29390373826026917,374,348
0,4,0.24734298884868622,2.5803332328796387,-0.49138709902763367,0.29390373826026917,333,376
0,5,0.2500912547111511,2.603203535079956,-0.5263924598693848,0.29390373826026917,269,413
 , , , , , , , 
0,0,0.31513330340385437,2.494645118713379,-0.18224485218524933,0.29390373826026917,242,341
0,1,0.31879761815071106,2.5130844116210938,-0.2953276038169861,0.29390373826026917,311,340
0,2,0.40307745337486267,2.523259401321411,-0.3542897403240204,0.29390373826026917,355,339
0,3,0.4076578915119171,2.545816659927368,-0.39945968985557556,0.29390373826026917,372,339
0,4,0.41223829984664917,2.569145441055298,-0.4362477958202362,0.29390373826026917,340,357
0,5,0.5001825094223022,2.557403326034546,-0.570796549320221,0.29390373826026917,250,389
0,6,-0.33345499634742737,2.242981433868408,1.4050428867340088,0.29390373826026917,250,389
 , , , , , , , 
0,0,0.31879761815071106,2.522547721862793,-0.19890892505645752,0.19593583047389984,270,355
0,1,0.32246196269989014,2.5540239810943604,-0.16676491498947144,0.19593583047389984,314,355
0,2,0.4076578915119171,2.5755343437194824,-0.08587382733821869,0.19593583047389984,327,356
0,3,0.41223829984664917,2.605085611343384,-0.06594124436378479,0.19593583047389984,315,363
0,4,-0.08336374908685684,2.662386178970337,0.1450975388288498,0.29390373826026917,283,380
0,5,0.0,2.696915626525879,0.014531251043081284,0.29390373826026917,259,411
 , , , , , , , 
0,0,0.2390982210636139,2.5383388996124268,-0.06411252915859222,0.19593583047389984,254,330
0,1,0.2418464720249176,2.564288854598999,-0.1440948098897934,0.19593583047389984,317,331
0,2,0.2445947229862213,2.5904300212860107,-0.1917843073606491,0.19593583047389984,343,330
0,3,0.24734298884868622,2.6126461029052734,-0.27140626311302185,0.19593583047389984,355,332
0,4,0.2500912547111511,2.634780168533325,-0.3342011570930481,0.19593583047389984,358,351
0,5,0.25283950567245483,2.659235715866089,-0.37162065505981445,0.19593583047389984,319,384
0,6,0.17039184272289276,2.720695734024048,-0.036423683166503906,0.29390373826026917,278,408
 , , , , , , , 
0,0,0.2418464720249176,2.5576770305633545,-0.2337261587381363,0.09796791523694992,264,338
0,1,0.2445947229862213,2.579233407974243,-0.3076755106449127,0.09796791523694992,293,337
0,2,0.4076578915119171,2.557882308959961,-0.3130319118499756,0.29390373826026917,296,335
0,3,0.3297906517982483,2.6015381813049316,-0.2898232340812683,0.29390373826026917,343,335
0,4,0.33345499634742737,2.638201951980591,-0.21213527023792267,0.29390373826026917,355,341
0,5,0.25283950567245483,2.6822917461395264,-0.12226269394159317,0.29390373826026917,338,357
0,6,0.17039184272289276,2.7205910682678223,-0.043553855270147324,0.29390373826026917,296,382
0,7,0.08611200749874115,2.754115104675293,-0.026069704443216324,0.29390373826026917,231,416
 , , , , , , , 
0,0,0.32246196269989014,2.5528030395507812,-0.18451261520385742,0.09796791523694992,297,330
0,1,0.4259796142578125,2.667012929916382,-0.37165677547454834,0.09796791523694992,286,404
0,2,0.3261263072490692,2.5861685276031494,-0.11094937473535538,0.19593583047389984,355,340
0,3,0.3297906517982483,2.613532304763794,-0.14644677937030792,0.19593583047389984,396,339
0,4,0.33345499634742737,2.640204429626465,-0.18555691838264465,0.19593583047389984,402,345
0,5,0.33711934089660645,2.66544508934021,-0.23519687354564667,0.19593583047389984,363,366
0,6,0.0,2.7045321464538574,0.5279683470726013,0.29390373826026917,227,409
 , , , , , , , 
0,0,0.32246196269989014,2.5543127059936523,-0.16227948665618896,0.09796791523694992,249,341
0,1,0.3261263072490692,2.57975435256958,-0.21317780017852783,0.09796791523694992,308,341
0,2,0.3297906517982483,2.617574691772461,-0.01736624166369438,0.19593583047389984,328,349
0,3,0.33345499634742737,2.646527051925659,-0.03170987218618393,0.19593583047389984,349,348
0,4,0.33711934089660645,2.6744987964630127,-0.08349566161632538,0.19593583047389984,333,361
0,5,0.25558775663375854,2.7030117511749268,-0.24687424302101135,0.19593583047389984,273,390
 , , , , , , , 
0,0,0.3261263072490692,2.5849103927612305,-0.13716837763786316,0.09796791523694992,280,343
0,1,0.24734298884868622,2.620914936065674,-0.17431659996509552,0.09796791523694992,326,345
0,2,0.2500912547111511,2.6482491493225098,-0.20133082568645477,0.09796791523694992,351,348
0,3,0.16855967044830322,2.682011604309082,-0.2279595285654068,0.09796791523694992,358,356
0,4,0.17039184272289276,2.713557243347168,-0.20029857754707336,0.09796791523694992,332,382
0,5,0.1722240149974823,2.7477407455444336,-0.11620549112558365,0.09796791523694992,279,417
 , , , , , , , 
0,0,0.3261263072490692,2.5752508640289307,-0.2620312571525574,0.09796791523694992,264,343
0,1,0.3297906517982483,2.5914626121520996,-0.3692157566547394,0.09796791523694992,317,346
0,2,0.33345499634742737,2.606980562210083,-0.4569053053855896,0.09796791523694992,339,348
0,3,0.25283950567245483,2.644474744796753,-0.4651786684989929,0.09796791523694992,342,353
0,4,0.17039184272289276,2.7023487091064453,-0.3175264596939087,0.09796791523694992,333,373
0,5,0.1722240149974823,2.740847587585449,-0.22657932341098785,0.09796791523694992,305,405
0,6,0.17405617237091064,2.7704708576202393,-0.22328761219978333,0.09796791523694992,251,445
 , , , , , , , 
0,0,0.3261263072490692,2.5877559185028076,-0.06400377303361893,0.09796791523694992,262,329
0,1,0.3297906517982483,2.6139333248138428,-0.1391100287437439,0.09796791523694992,336,331
0,2,0.33345499634742737,2.64095139503479,-0.1746036261320114,0.09796791523694992,382,332
0,3,0.33711934089660645,2.668221950531006,-0.2012643814086914,0.09796791523694992,393,337
0,4,0.3407836854457855,2.695634126663208,-0.2235373705625534,0.09796791523694992,358,359
0,5,0.43056005239486694,2.714764356613159,-0.19472412765026093,0.09796791523694992,291,390
 , , , , , , , 
0,0,0.3297906517982483,2.6173267364501953,-0.03999272733926773,0.09796791523694992,268,335
0,1,0.4168187379837036,2.6343729496002197,-0.0514199398458004,0.09796791523694992,280,336
0,2,0.33711934089660645,2.6612792015075684,0.27840250730514526,0.09796791523694992,263,339
0,3,0.25558775663375854,2.700042963027954,0.27746665477752686,0.09796791523694992,311,351
0,4,0.25833600759506226,2.7383759021759033,0.16674433648586273,0.09796791523694992,322,375
0,5,0.26108425855636597,2.769706964492798,0.12735828757286072,0.09796791523694992,296,408
0,6,0.2638325095176697,2.797778367996216,0.15041980147361755,0.09796791523694992,240,442
 , , , , , , , 
0,0,0.3297906517982483,2.6161246299743652,-0.08882372081279755,0.09796791523694992,266,341
0,1,0.33345499634742737,2.6426968574523926,-0.14582321047782898,0.09796791523694992,323,343
0,2,0.33711934089660645,2.6692898273468018,-0.18656709790229797,0.09796791523694992,354,342
0,3,0.3407836854457855,2.6963512897491455,-0.21471309661865234,0.09796791523694992,360,343
0,4,0.25833600759506226,2.7325305938720703,-0.24450571835041046,0.09796791523694992,322,366
0,5,0.17405617237091064,2.7731568813323975,-0.18699365854263306,0.09796791523694992,263,398
 , , , , , , , 
0,0,0.3297906517982483,2.6164426803588867,-0.07890985161066055,0.09796791523694992,246,341
0,1,0.33345499634742737,2.644544839859009,-0.10720573365688324,0.09796791523694992,305,340
0,2,0.33711934089660645,2.6718409061431885,-0.14553870260715485,0.09796791523694992,333,340
0,3,0.3407836854457855,2.695652484893799,-0.2233140468597412,0.09796791523694992,320,346
0,4,0.3444480299949646,2.7287545204162598,-0.1688167303800583,0.09796791523694992,263,365
0,5,0.17405617237091064,2.768955707550049,0.24134913086891174,0.09796791523694992,254,394
0,6,0.43056005239486694,2.684474229812622,-0.44884344935417175,-0.09796791523694992,226,348
 , , , , , , , 
0,0,0.4168187379837036,2.5556282997131348,-0.6413496732711792,0.09796791523694992,245,339
0,1,0.42139917612075806,2.5873353481292725,-0.6337850093841553,0.09796791523694992,293,341
0,2,0.4259796142578125,2.6225545406341553,-0.6109778881072998,0.09796791523694992,313,340
0,3,0.43056005239486694,2.6666011810302734,-0.5450693964958191,0.09796791523694992,296,346
0,4,0.5221685171127319,2.7190425395965576,-0.299682080745697,0.09796791523694992,238,369
 , , , , , , , 
0,0,0.41223829984664917,2.5963547229766846,-0.22307339310646057,0.09796791523694992,233,342
0,1,0.4168187379837036,2.6117467880249023,-0.34834471344947815,0.09796791523694992,294,344
0,2,0.42139917612075806,2.6130692958831787,-0.5175479650497437,0.09796791523694992,328,345
0,3,0.4259796142578125,2.622774839401245,-0.6100320219993591,0.09796791523694992,350,344
0,4,0.43056005239486694,2.6661393642425537,-0.54732346534729,0.09796791523694992,345,357
0,5,0.4351404309272766,2.7128286361694336,-0.45483511686325073,0.09796791523694992,304,385
0,6,0.43972086906433105,2.7542216777801514,-0.37510818243026733,0.09796791523694992,234,424
0,7,0.17405617237091064,2.777672529220581,0.09950575977563858,-0.09796791523694992,294,359
0,8,0.17588834464550018,2.8086326122283936,0.021085109561681747,-0.09796791523694992,274,375
 , , , , , , , 
0,0,0.41223829984664917,2.602938175201416,-0.12463093549013138,0.09796791523694992,236,341
0,1,0.4168187379837036,2.6269829273223877,-0.20377938449382782,0.09796791523694992,309,343
0,2,0.42139917612075806,2.651465654373169,-0.25635334849357605,0.09796791523694992,350,346
0,3,0.4259796142578125,2.675638198852539,-0.3033924698829651,0.09796791523694992,367,349
0,4,0.43056005239486694,2.700077772140503,-0.3426988124847412,0.09796791523694992,349,363
0,5,0.4351404309272766,2.725438356399536,-0.37188589572906494,0.09796791523694992,295,391
 , , , , , , , 
0,0,0.4168187379837036,2.6058640480041504,-0.3899202346801758,0.09796791523694992,269,336
0,1,0.5056790113449097,2.572878360748291,-0.6309916973114014,0.09796791523694992,292,335
0,2,0.5111755132675171,2.4839894771575928,-1.00052011013031,0.09796791523694992,275,340
 , , , , , , , 
0,0,0.4168187379837036,2.623528480529785,0.24426083266735077,0.09796791523694992,238,342
0,1,0.33711934089660645,2.6698880195617676,0.1778007447719574,0.09796791523694992,300,342
0,2,0.3407836854457855,2.7046327590942383,0.03705216199159622,0.09796791523694992,345,341
0,3,0.3444480299949646,2.7324655055999756,-0.09073077887296677,0.09796791523694992,350,350
0,4,0.4351404309272766,2.7422471046447754,-0.21539489924907684,0.09796791523694992,316,373
0,5,0.35177668929100037,2.779837131500244,-0.26183345913887024,0.09796791523694992,251,404
 , , , , , , , 
0,0,0.5166720151901245,2.6706790924072266,-0.4401911497116089,0.09796791523694992,367,350
0,1,0.5221685171127319,2.681708574295044,-0.5398527979850769,0.09796791523694992,320,373
0,2,0.5276650190353394,2.702357769012451,-0.5819191932678223,0.09796791523694992,241,406
0,3,0.5001825094223022,2.616006851196289,-0.1504271775484085,0.19593583047389984,294,343
0,4,0.5056790113449097,2.6430983543395996,-0.17856447398662567,0.19593583047389984,357,342
0,5,0.5111755132675171,2.67089581489563,-0.19380393624305725,0.19593583047389984,380,344
0,6,0.6156092286109924,2.7097997665405273,-0.4447559118270874,0.3918716609477997,283,340
0,7,0.6220217943191528,2.7421727180480957,-0.4233570396900177,0.3918716609477997,272,364
0,8,0.718210756778717,2.761693000793457,-0.33234405517578125,0.3918716609477997,231,396
 , , , , , , , 
0,0,0.43972086906433105,2.773183822631836,0.189458966255188,0.09796791523694992,259,360
0,1,0.5899588465690613,2.6264352798461914,-0.16537907719612122,0.29390373826026917,298,342
0,2,0.5963714718818665,2.653132438659668,-0.19435593485832214,0.29390373826026917,336,342
0,3,0.6027840375900269,2.6807589530944824,-0.20839282870292664,0.29390373826026917,336,344
0,4,0.6091966032981873,2.705451726913452,-0.25509199500083923,0.29390373826026917,294,354
0,5,0.6156092286109924,2.705205202102661,-0.4718987047672272,0.29390373826026917,239,380
 , , , , , , , 
0,0,0.6220217943191528,2.7739710807800293,0.06185910478234291,0.09796791523694992,251,381
0,1,0.6742386817932129,2.6043829917907715,-0.1901482343673706,0.19593583047389984,232,341
0,2,0.5963714718818665,2.659214973449707,-0.07390614598989487,0.19593583047389984,308,344
0,3,0.6027840375900269,2.6888458728790283,-0.0018264559330418706,0.19593583047389984,344,345
0,4,0.6091966032981873,2.7167177200317383,0.06312835216522217,0.19593583047389984,343,349
0,5,0.6156092286109924,2.7440783977508545,0.10419577360153198,0.19593583047389984,304,363
 , , , , , , , 
0,0,0.5963714718818665,2.6598868370056152,-0.04346092790365219,0.09796791523694992,312,331
0,1,0.6027840375900269,2.6866047382354736,-0.10977844893932343,0.09796791523694992,365,331
0,2,0.6962246894836426,2.6926236152648926,-0.1439095288515091,0.09796791523694992,378,335
0,3,0.7035533785820007,2.720749855041504,-0.14943653345108032,0.09796791523694992,347,345
0,4,0.7997423410415649,2.6986682415008545,-0.404048889875412,0.19593583047389984,285,367
0,5,0.8079870939254761,2.7355804443359375,-0.34202826023101807,0.19593583047389984,282,401
0,6,0.8162318468093872,2.768906831741333,-0.29906609654426575,0.19593583047389984,230,443
 , , , , , , , 
0,0,0.681567370891571,2.6384620666503906,-0.08080199360847473,0.09796791523694992,304,333
0,1,0.6888960599899292,2.6654505729675293,-0.1184922531247139,0.09796791523694992,361,332
0,2,0.6962246894836426,2.6914637088775635,-0.1641797125339508,0.09796791523694992,379,334
0,3,0.7035533785820007,2.714850664138794,-0.23322933912277222,0.09796791523694992,361,340
0,4,0.7108820676803589,2.7318644523620605,-0.34236812591552734,0.09796791523694992,299,364
0,5,0.5963714718818665,2.6028060913085938,-0.5498065948486328,-0.19593583047389984,246,342
0,6,0.6027840375900269,2.6282451152801514,-0.5676478743553162,-0.19593583047389984,252,343
 , , , , , , , 
0,0,0.8977634310722351,2.690723180770874,-0.45525500178337097,0.09796791523694992,243,378
0,1,0.906924307346344,2.717698335647583,-0.46273547410964966,0.09796791523694992,233,395
0,2,0.6742386817932129,2.567539691925049,-0.47613731026649475,-0.09796791523694992,282,340
0,3,0.681567370891571,2.581037759780884,-0.5534036159515381,-0.09796791523694992,321,341
0,4,0.6888960599899292,2.6002118587493896,-0.5979669690132141,-0.09796791523694992,328,342
0,5,0.6962246894836426,2.6263210773468018,-0.6110401749610901,-0.09796791523694992,298,353
0,6,0.7035533785820007,2.660423755645752,-0.5890291333198547,-0.09796791523694992,233,377
 , , , , , , , 
0,0,0.8336374759674072,2.5039432048797607,-0.38938432931900024,-0.19593583047389984,254,348
0,1,0.7585185170173645,2.585404872894287,-0.11788123846054077,-0.19593583047389984,325,346
0,2,0.851959228515625,2.589158296585083,-0.05449561029672623,-0.19593583047389984,384,345
0,3,0.7750080823898315,2.6437201499938965,-0.05789046362042427,-0.19593583047389984,402,352
0,4,0.7832527756690979,2.6720333099365234,-0.04914199560880661,-0.19593583047389984,368,376
0,5,0.791497528553009,2.7006161212921143,-0.0017603728920221329,-0.19593583047389984,283,409
 , , , , , , , 
0,0,0.8427983522415161,2.5602593421936035,-0.09125836938619614,0.0,285,331
0,1,0.851959228515625,2.589731216430664,0.001872655120678246,0.0,300,332
0,2,0.8427983522415161,2.5589637756347656,-0.12231309711933136,-0.29390373826026917,303,353
0,3,0.851959228515625,2.5884275436401367,0.08217941224575043,-0.19593583047389984,374,345
0,4,0.8611201047897339,2.6175756454467773,-0.0036895116791129112,-0.19593583047389984,385,359
0,5,0.7832527756690979,2.672248363494873,-0.03556237369775772,-0.19593583047389984,346,385
0,6,0.8794417381286621,2.670809507369995,-0.11470184475183487,-0.19593583047389984,270,420
0,7,0.8336374759674072,2.501614809036255,-0.40407198667526245,-0.09796791523694992,256,340
 , , , , , , , 
0,0,0.9270781874656677,2.532538414001465,0.01843976229429245,-0.19593583047389984,352,348
0,1,0.9371551275253296,2.558250665664673,-0.09818077832460403,-0.19593583047389984,392,354
0,2,0.9472320675849915,2.583439826965332,-0.14776381850242615,-0.19593583047389984,375,376
0,3,0.9573089480400085,2.6088955402374268,-0.18134160339832306,-0.19593583047389984,318,405
0,4,1.0553300380706787,2.599850654602051,-0.21645407378673553,-0.19593583047389984,238,435
0,5,0.8244765996932983,2.4733400344848633,-0.40445929765701294,-0.09796791523694992,260,341
0,6,0.8336374759674072,2.5059421062469482,-0.3763049244880676,-0.09796791523694992,280,339
 , , , , , , , 
0,0,0.906924307346344,2.4403154850006104,-0.4279128611087799,-0.19593583047389984,267,350
0,1,0.9170012474060059,2.47036075592041,-0.4156070053577423,-0.19593583047389984,305,352
0,2,0.9270781874656677,2.508488416671753,-0.34867948293685913,-0.19593583047389984,318,354
0,3,0.851959228515625,2.5810134410858154,-0.21232137084007263,-0.19593583047389984,297,365
0,4,0.8611201047897339,2.61666202545166,-0.06925930827856064,-0.19593583047389984,232,389
 , , , , , , , 
0,0,1.1551833152770996,2.5004758834838867,-0.7062757611274719,-0.5878074765205383,237,344
0,1,1.0003650188446045,2.4573166370391846,0.2777913212776184,-0.09796791523694992,282,340
0,2,0.9270781874656677,2.5324790477752686,-0.025312812998890877,-0.09796791523694992,356,342
0,3,0.9371551275253296,2.5581085681915283,-0.1018158420920372,-0.09796791523694992,371,349
0,4,0.9472320675849915,2.582878351211548,-0.15727442502975464,-0.09796791523694992,336,369
0,5,1.1313650608062744,2.539727210998535,-0.15956327319145203,-0.09796791523694992,270,391
 , , , , , , , 
0,0,0.906924307346344,2.448286294937134,-0.37966054677963257,0.09796791523694992,249,331
0,1,0.9170012474060059,2.4813644886016846,-0.34386372566223145,0.09796791523694992,291,334
0,2,0.9270781874656677,2.513176441192627,-0.313105970621109,0.09796791523694992,311,336
0,3,0.9371551275253296,2.5440263748168945,-0.2867317199707031,0.09796791523694992,300,345
0,4,0.9472320675849915,2.572256565093994,-0.28194284439086914,0.09796791523694992,250,366
0,5,1.1194560527801514,2.486363172531128,-0.39756909012794495,-0.29390373826026917,261,349
0,6,1.1313650608062744,2.499113082885742,-0.479696124792099,-0.29390373826026917,296,352
0,7,1.143274188041687,2.51516056060791,-0.5354334115982056,-0.29390373826026917,290,361
0,8,1.1551833152770996,2.531733512878418,-0.5844054222106934,-0.29390373826026917,252,371
0,9,1.0003650188446045,2.4078762531280518,-0.563653290271759,-0.09796791523694992,243,352
0,10,1.0113580226898193,2.4576351642608643,-0.45907488465309143,-0.09796791523694992,276,351
0,11,0.9371551275253296,2.530837297439575,-0.38619640469551086,-0.09796791523694992,273,349
0,12,0.9472320675849915,2.571791410446167,-0.28615590929985046,-0.09796791523694992,227,353
 , , , , , , , 
0,0,0.8336374759674072,2.5219011306762695,-0.24772322177886963,0.09796791523694992,251,342
0,1,1.1075469255447388,2.4601500034332275,-0.3918497860431671,-0.29390373826026917,292,350
0,2,1.1194560527801514,2.4724981784820557,-0.4762513339519501,-0.29390373826026917,337,348
0,3,1.1313650608062744,2.4874696731567383,-0.5368137359619141,-0.29390373826026917,344,349
0,4,1.2312184572219849,2.4600484371185303,-0.5933467149734497,-0.29390373826026917,308,362
0,5,0.9893719553947449,2.4457428455352783,-0.015633217990398407,-0.09796791523694992,238,334
0,6,1.0003650188446045,2.4709300994873047,-0.10038597136735916,-0.09796791523694992,307,338
0,7,1.0113580226898193,2.4966304302215576,-0.13250231742858887,-0.09796791523694992,334,342
0,8,1.0223510265350342,2.523353099822998,-0.1415356546640396,-0.09796791523694992,325,346
 , , , , , , , 
0,0,0.8336374759674072,2.5216259956359863,0.25050559639930725,0.09796791523694992,277,342
0,1,0.8427983522415161,2.550537586212158,0.2408595085144043,0.09796791523694992,298,342
0,2,0.7667632699012756,2.6050150394439697,0.24190065264701843,0.09796791523694992,285,348
0,3,0.7750080823898315,2.6332175731658936,0.2424299269914627,0.09796791523694992,242,365
0,4,1.1075469255447388,2.434034585952759,-0.5304338335990906,-0.19593583047389984,277,342
0,5,1.1194560527801514,2.4485037326812744,-0.5872753262519836,-0.19593583047389984,302,346
0,6,1.2183932065963745,2.4247047901153564,-0.6260873675346375,-0.19593583047389984,287,361
0,7,1.2312184572219849,2.461501359939575,-0.5872902870178223,-0.19593583047389984,234,384
0,8,1.0837287902832031,2.4051589965820312,-0.3962896466255188,-0.09796791523694992,242,333
0,9,1.0956377983093262,2.424478530883789,-0.4416404962539673,-0.09796791523694992,255,336
 , , , , , , , 
0,0,0.9170012474060059,2.485344409942627,-0.3138061761856079,0.09796791523694992,287,335
0,1,0.9270781874656677,2.5077106952667236,-0.35422876477241516,0.09796791523694992,324,339
0,2,0.9371551275253296,2.534228563308716,-0.363277792930603,0.09796791523694992,327,343
0,3,0.9472320675849915,2.5655150413513184,-0.3378291428089142,0.09796791523694992,301,350
0,4,0.9573089480400085,2.6016085147857666,-0.26618272066116333,0.09796791523694992,238,375
0,5,0.9270781874656677,2.5304880142211914,-0.10354423522949219,0.19593583047389984,325,338
0,6,1.2055680751800537,2.4219887256622314,-0.5232783555984497,-0.09796791523694992,281,340
0,7,1.3054213523864746,2.388883113861084,-0.5871742963790894,-0.09796791523694992,252,358
 , , , , , , , 
0,0,1.1194560527801514,2.5046448707580566,-0.2584894299507141,0.0,256,345
0,1,1.0003650188446045,2.470712661743164,-0.10560113936662674,0.09796791523694992,278,350
0,2,1.0113580226898193,2.494976758956909,-0.160657599568367,0.09796791523694992,310,349
0,3,1.0223510265350342,2.516713857650757,-0.2312891185283661,0.09796791523694992,301,352
0,4,0.8611201047897339,2.6115822792053223,0.17707204818725586,0.29390373826026917,251,340
 , , , , , , , 
0,0,1.0837287902832031,2.4374098777770996,0.029463021084666252,0.09796791523694992,227,344
0,1,1.0956377983093262,2.4643681049346924,0.0057239537127316,0.09796791523694992,259,347
0,2,1.1075469255447388,2.491091251373291,-0.018681596964597702,0.09796791523694992,286,346
0,3,1.1194560527801514,2.517902374267578,0.015188327990472317,0.09796791523694992,294,357
0,4,1.1313650608062744,2.543531894683838,0.07822901755571365,0.09796791523694992,279,379
0,5,1.143274188041687,2.5670506954193115,0.15156705677509308,0.09796791523694992,239,408
 , , , , , , , 
0,0,1.0443370342254639,2.5778050422668457,-0.1412159502506256,0.0,271,329
0,1,1.0956377983093262,2.451227903366089,-0.25421327352523804,0.09796791523694992,247,341
0,2,1.0223510265350342,2.523826837539673,-0.13282200694084167,0.09796791523694992,271,341
0,3,0.9472320675849915,2.5851683616638184,-0.11357904970645905,0.09796791523694992,253,346
0,4,1.0553300380706787,2.6000113487243652,0.21451622247695923,0.09796791523694992,236,386
0,5,1.1075469255447388,2.42352557182312,-0.5765489339828491,-0.09796791523694992,243,346
0,6,1.2055680751800537,2.410489320755005,-0.5739264488220215,-0.09796791523694992,256,348
 , , , , , , , 
0,0,1.0003650188446045,2.465299367904663,-0.19460734724998474,0.09796791523694992,282,333
0,1,1.0113580226898193,2.492377996444702,-0.19690534472465515,0.09796791523694992,326,332
0,2,1.0223510265350342,2.519770383834839,-0.1951937973499298,0.09796791523694992,339,332
0,3,1.033344030380249,2.5456347465515137,-0.212576225399971,0.09796791523694992,322,341
0,4,0.9573089480400085,2.595836639404297,-0.31757283210754395,0.09796791523694992,270,367
 , , , , , , , 
0,0,1.0003650188446045,2.460237741470337,-0.25060543417930603,0.09796791523694992,254,343
0,1,1.0113580226898193,2.4900991916656494,-0.2238892912864685,0.09796791523694992,296,345
0,2,1.1075469255447388,2.4816296100616455,-0.21771366894245148,0.09796791523694992,303,345
0,3,1.1194560527801514,2.5064198970794678,-0.24066832661628723,0.09796791523694992,268,350
 , , , , , , , 
0,0,1.0837287902832031,2.43450927734375,-0.1224718987941742,0.09796791523694992,256,348
0,1,1.0113580226898193,2.4970531463623047,-0.12427960336208344,0.09796791523694992,289,347
0,2,1.0223510265350342,2.5248777866363525,-0.11106523126363754,0.09796791523694992,289,344
0,3,1.1194560527801514,2.5179474353790283,0.001926515018567443,0.09796791523694992,248,348
 , , , , , , , 
0,0,1.0837287902832031,2.4320640563964844,-0.16400958597660065,0.09796791523694992,283,348
0,1,1.0956377983093262,2.4599339962005615,-0.14787539839744568,0.09796791523694992,326,351
0,2,1.1075469255447388,2.4866485595703125,-0.14987730979919434,0.09796791523694992,334,354
0,3,1.1194560527801514,2.511415719985962,-0.18125636875629425,0.09796791523694992,304,358
 , , , , , , , 
0,0,1.1799176931381226,2.390018939971924,-0.4113014340400696,0.09796791523694992,249,347
0,1,1.192742943763733,2.413011074066162,-0.43276649713516235,0.09796791523694992,278,348
0,2,1.1194560527801514,2.489238977432251,-0.37914660573005676,0.09796791523694992,287,348
0,3,1.1313650608062744,2.527148962020874,-0.29865190386772156,0.09796791523694992,259,361
 , , , , , , , 
0,0,1.0113580226898193,2.4887328147888184,-0.23859935998916626,0.09796791523694992,227,351
0,1,1.1075469255447388,2.473924160003662,-0.2925482392311096,0.09796791523694992,262,351
0,2,1.1194560527801514,2.503894329071045,-0.26566100120544434,0.09796791523694992,268,352
0,3,1.1313650608062744,2.5426323413848877,-0.10341989248991013,0.09796791523694992,243,358
 , , , , , , , 
0,0,1.0003650188446045,2.4428017139434814,-0.38508859276771545,0.09796791523694992,252,341
0,1,1.0113580226898193,2.466447353363037,-0.40909385681152344,0.09796791523694992,316,346
0,2,1.0223510265350342,2.492311954498291,-0.4191950857639313,0.09796791523694992,348,349
0,3,1.033344030380249,2.5226399898529053,-0.4021593928337097,0.09796791523694992,352,353
0,4,1.0443370342254639,2.5558438301086426,-0.36425626277923584,0.09796791523694992,323,371
0,5,1.0553300380706787,2.5856306552886963,-0.3472610116004944,0.09796791523694992,266,401
 , , , , , , , 
0,0,0.9673858880996704,2.60201358795166,-0.462047278881073,0.09796791523694992,252,389
0,1,1.0837287902832031,2.4195380210876465,-0.2960919141769409,-0.09796791523694992,253,334
0,2,1.0956377983093262,2.4428839683532715,-0.324746698141098,-0.09796791523694992,324,336
0,3,1.192742943763733,2.426368474960327,-0.3502079248428345,-0.09796791523694992,363,334
0,4,1.2055680751800537,2.4473681449890137,-0.3876071870326996,-0.09796791523694992,366,336
0,5,1.2183932065963745,2.460918664932251,-0.463743656873703,-0.09796791523694992,324,353
 , , , , , , , 
0,0,0.9573089480400085,2.6136419773101807,0.08997509628534317,0.09796791523694992,300,335
0,1,0.9673858880996704,2.640889883041382,0.09830311685800552,0.09796791523694992,289,351
0,2,0.9774628281593323,2.6700596809387207,-0.03163508325815201,0.09796791523694992,230,377
0,3,0.9371551275253296,2.5062923431396484,-0.5222868919372559,0.19593583047389984,281,337
0,4,0.9472320675849915,2.5167973041534424,-0.6014374494552612,0.19593583047389984,293,337
0,5,1.0837287902832031,2.411940336227417,-0.3526742458343506,-0.09796791523694992,257,339
0,6,1.0956377983093262,2.4302854537963867,-0.4084784984588623,-0.09796791523694992,300,337
0,7,1.1075469255447388,2.4390785694122314,-0.5067358613014221,-0.09796791523694992,316,337
0,8,1.1194560527801514,2.455005645751953,-0.5594727993011475,-0.09796791523694992,314,342
0,9,1.2183932065963745,2.432703733444214,-0.5942492485046387,-0.09796791523694992,286,363
0,10,1.2312184572219849,2.45145320892334,-0.6279139518737793,-0.09796791523694992,226,393
 , , , , , , , 
0,0,0.7832527756690979,2.633066177368164,0.45731720328330994,0.09796791523694992,256,352
0,1,0.8794417381286621,2.670297861099243,0.12605392932891846,0.09796791523694992,272,361
0,2,0.9371551275253296,2.456861734390259,-0.7198026776313782,0.19593583047389984,259,345
0,3,1.033344030380249,2.213186264038086,-1.2756376266479492,0.19593583047389984,257,341
0,4,0.888602614402771,2.692183017730713,0.2195216566324234,0.19593583047389984,240,378
0,5,1.0837287902832031,2.400092363357544,-0.42590028047561646,-0.09796791523694992,260,322
0,6,1.0956377983093262,2.4303078651428223,-0.4083448648452759,-0.09796791523694992,299,321
0,7,1.1075469255447388,2.4657647609710693,-0.35480785369873047,-0.09796791523694992,310,322
0,8,1.1194560527801514,2.498896837234497,-0.30915531516075134,-0.09796791523694992,293,327
0,9,1.2183932065963745,2.494450569152832,-0.22112280130386353,-0.09796791523694992,241,348
 , , , , , , , 
0,0,0.851959228515625,2.4629881381988525,-0.8002500534057617,0.19593583047389984,227,344
0,1,0.8611201047897339,2.47418475151062,-0.8544746041297913,0.19593583047389984,257,346
0,2,0.9573089480400085,2.365534543991089,-1.1151084899902344,0.19593583047389984,241,347
0,3,1.0956377983093262,2.443429470062256,-0.32061567902565,-0.09796791523694992,278,337
0,4,1.1075469255447388,2.468801259994507,-0.3330240547657013,-0.09796791523694992,324,337
0,5,1.1194560527801514,2.4933855533599854,-0.3508439064025879,-0.09796791523694992,332,339
0,6,1.1313650608062744,2.518569231033325,-0.3639821410179138,-0.09796791523694992,308,344
0,7,1.143274188041687,2.5512919425964355,-0.3219184875488281,-0.09796791523694992,246,367
 , , , , , , , 
0,0,0.9170012474060059,2.5046002864837646,0.048869788646698,0.09796791523694992,246,330
0,1,0.9270781874656677,2.5324437618255615,0.028631962835788727,0.09796791523694992,303,334
0,2,0.9371551275253296,2.560106039047241,-0.011921514756977558,0.09796791523694992,331,335
0,3,0.9472320675849915,2.586703300476074,-0.07043705135583878,0.09796791523694992,337,339
0,4,0.8702808618545532,2.6210572719573975,-0.35823383927345276,0.19593583047389984,339,344
0,5,0.8794417381286621,2.6415913105010986,-0.41033586859703064,0.19593583047389984,316,368
0,6,0.888602614402771,2.676893711090088,-0.36094167828559875,0.19593583047389984,263,400
0,7,1.0837287902832031,2.423381805419922,-0.26278364658355713,-0.09796791523694992,237,340
0,8,1.0956377983093262,2.447051763534546,-0.29168546199798584,-0.09796791523694992,292,339
0,9,1.1075469255447388,2.471900463104248,-0.3091809153556824,-0.09796791523694992,308,341
 , , , , , , , 
0,0,0.9170012474060059,2.4895122051239014,-0.27882009744644165,0.19593583047389984,276,341
0,1,0.9270781874656677,2.5165281295776367,-0.2849157750606537,0.19593583047389984,323,340
0,2,0.851959228515625,2.574803352355957,-0.27766653895378113,0.19593583047389984,342,344
0,3,0.8611201047897339,2.6039342880249023,-0.2669122517108917,0.19593583047389984,341,349
0,4,0.8702808618545532,2.631782293319702,-0.2683180570602417,0.19593583047389984,302,372
0,5,0.8794417381286621,2.6611247062683105,-0.25454825162887573,0.19593583047389984,241,406
0,6,0.791497528553009,2.6796395778656006,-0.33594825863838196,0.29390373826026917,269,378
0,7,1.033344030380249,2.552281379699707,-0.10632255673408508,-0.09796791523694992,287,342
0,8,1.1313650608062744,2.544734239578247,0.0010940656065940857,-0.09796791523694992,324,351
0,9,1.143274188041687,2.5714542865753174,0.018575511872768402,-0.09796791523694992,329,366
0,10,1.1551833152770996,2.5982789993286133,0.012280330061912537,-0.09796791523694992,303,382
0,11,1.1670924425125122,2.625093460083008,0.002566483337432146,-0.09796791523694992,239,408
 , , , , , , , 
0,0,0.8336374759674072,2.524078130722046,-0.22445757687091827,0.19593583047389984,253,348
0,1,0.8427983522415161,2.5528414249420166,-0.21507248282432556,0.19593583047389984,320,350
0,2,0.851959228515625,2.5816919803619385,-0.2039051651954651,0.19593583047389984,349,351
0,3,0.8611201047897339,2.608550548553467,-0.21721017360687256,0.19593583047389984,344,354
0,4,0.7832527756690979,2.6478705406188965,-0.3618801236152649,0.19593583047389984,300,371
0,5,0.791497528553009,2.6339573860168457,-0.5963208675384521,0.19593583047389984,241,401
0,6,0.9170012474060059,2.467717409133911,-0.4310251474380493,-0.09796791523694992,242,337
0,7,0.9270781874656677,2.4900460243225098,-0.46234387159347534,-0.09796791523694992,308,336
0,8,0.9371551275253296,2.5155203342437744,-0.475860059261322,-0.09796791523694992,339,335
0,9,0.9472320675849915,2.5428895950317383,-0.47927820682525635,-0.09796791523694992,334,337
 , , , , , , , 
0,0,0.8794417381286621,2.6438207626342773,-0.39571666717529297,0.09796791523694992,281,384
0,1,0.7585185170173645,2.581052303314209,-0.19074490666389465,0.19593583047389984,310,359
0,2,0.7667632699012756,2.607011556625366,-0.21934093534946442,0.19593583047389984,357,359
0,3,0.7750080823898315,2.6333558559417725,-0.24092188477516174,0.19593583047389984,365,362
0,4,0.8702808618545532,2.6356277465820312,-0.22746144235134125,0.19593583047389984,333,372
0,5,0.7108820676803589,2.7188096046447754,-0.4340214431285858,0.29390373826026917,227,412
0,6,0.6348470449447632,2.8181979656219482,-0.2779383063316345,0.3918716609477997,234,382
0,7,0.8336374759674072,2.5039260387420654,-0.3894934356212616,-0.29390373826026917,241,352
0,8,1.0443370342254639,2.580913782119751,-0.06249408796429634,-0.09796791523694992,302,363
0,9,1.0553300380706787,2.6065070629119873,-0.110439233481884,-0.09796791523694992,293,390
0,10,1.0663230419158936,2.6322054862976074,-0.14178428053855896,-0.09796791523694992,241,424
 , , , , , , , 
0,0,0.6742386817932129,2.6034371852874756,-0.20268672704696655,0.09796791523694992,306,342
0,1,0.7667632699012756,2.604968547821045,-0.24240145087242126,0.09796791523694992,356,342
0,2,0.7750080823898315,2.6290783882141113,-0.28382083773612976,0.09796791523694992,371,339
0,3,0.7832527756690979,2.653714656829834,-0.31618690490722656,0.09796791523694992,337,349
0,4,0.8794417381286621,2.6658806800842285,-0.19864481687545776,0.09796791523694992,239,376
0,5,0.7420289516448975,2.507661819458008,-0.3489789664745331,-0.29390373826026917,245,342
0,6,0.8336374759674072,2.481419801712036,-0.5137186050415039,-0.29390373826026917,301,342
0,7,0.8427983522415161,2.4870641231536865,-0.6146278977394104,-0.29390373826026917,320,344
0,8,0.851959228515625,2.496782064437866,-0.6875975728034973,-0.29390373826026917,304,350
0,9,0.8336374759674072,2.4802472591400146,-0.5193502902984619,-0.09796791523694992,288,346
0,10,0.7585185170173645,2.5365779399871826,-0.5137966275215149,-0.09796791523694992,320,347
0,11,0.7667632699012756,2.561173677444458,-0.5338622331619263,-0.09796791523694992,316,349
 , , , , , , , 
0,0,0.7420289516448975,2.4973225593566895,-0.41657280921936035,0.09796791523694992,262,347
0,1,0.7502737641334534,2.5116493701934814,-0.49498510360717773,0.09796791523694992,309,348
0,2,0.7585185170173645,2.5335612297058105,-0.5284718871116638,0.09796791523694992,318,350
0,3,0.681567370891571,2.610424518585205,-0.392038494348526,0.09796791523694992,303,357
0,4,0.6888960599899292,2.662095546722412,-0.17864474654197693,0.09796791523694992,289,377
0,5,0.6962246894836426,2.6944262981414795,-0.10487846285104752,0.09796791523694992,253,410
0,6,0.6348470449447632,2.6761293411254883,-0.9261859655380249,0.29390373826026917,232,379
0,7,0.8702808618545532,2.6404881477355957,0.16153740882873535,-0.09796791523694992,288,360
0,8,0.8794417381286621,2.672363042831421,0.06968528777360916,-0.09796791523694992,287,377
0,9,0.888602614402771,2.7010443210601807,-0.019953887909650803,-0.09796791523694992,253,398
 , , , , , , , 
0,0,0.6595813035964966,2.504439353942871,-0.5034841895103455,0.09796791523694992,273,338
0,1,0.6669099926948547,2.5112504959106445,-0.6042803525924683,0.09796791523694992,332,337
0,2,0.6742386817932129,2.543226957321167,-0.5924216508865356,0.09796791523694992,360,337
0,3,0.681567370891571,2.594292402267456,-0.4875016212463379,0.09796791523694992,364,343
0,4,0.6888960599899292,2.638814926147461,-0.39410945773124695,0.09796791523694992,339,364
0,5,0.6091966032981873,2.688110113143921,-0.3982519209384918,0.09796791523694992,283,398
0,6,0.7750080823898315,2.642491579055786,0.09922125935554504,-0.09796791523694992,361,332
0,7,0.7832527756690979,2.6704373359680176,0.10459483414888382,-0.09796791523694992,372,348
0,8,0.791497528553009,2.6990857124328613,0.09091436862945557,-0.09796791523694992,344,371
0,9,0.888602614402771,2.6997971534729004,0.08446627110242844,-0.09796791523694992,273,403
 , , , , , , , 
0,0,0.7035533785820007,2.721966505050659,-0.12533678114414215,0.0,240,368
0,1,0.6669099926948547,2.499264717102051,-0.6520808935165405,0.09796791523694992,259,318
0,2,0.5899588465690613,2.5184457302093506,-0.7635078430175781,0.09796791523694992,279,316
0,3,0.5963714718818665,2.588737726211548,-0.6126360893249512,0.09796791523694992,272,317
0,4,0.6027840375900269,2.6872081756591797,-0.09384851157665253,0.09796791523694992,270,331
0,5,0.6091966032981873,2.711470603942871,-0.1801886409521103,0.09796791523694992,242,357
0,6,0.7667632699012756,2.615746259689331,0.049906354397535324,-0.19593583047389984,290,337
0,7,0.7750080823898315,2.6421804428100586,0.10718957334756851,-0.19593583047389984,337,340
0,8,0.7832527756690979,2.670173168182373,0.11113645136356354,-0.19593583047389984,334,354
0,9,0.791497528553009,2.6975696086883545,0.12825223803520203,-0.19593583047389984,280,378
0,10,0.7502737641334534,2.5326120853424072,-0.37318626046180725,-0.09796791523694992,238,331
0,11,0.6742386817932129,2.577468156814575,-0.4190763235092163,-0.09796791523694992,272,333
 , , , , , , , 
0,0,0.5835462212562561,2.5305655002593994,-0.6099298000335693,0.09796791523694992,245,340
0,1,0.6888960599899292,2.6661882400512695,-0.10053528100252151,-0.19593583047389984,388,335
0,2,0.6962246894836426,2.6941442489624023,-0.11188771575689316,-0.19593583047389984,376,342
0,3,0.7035533785820007,2.7207155227661133,-0.15005847811698914,-0.19593583047389984,309,365
0,4,0.5899588465690613,2.627561569213867,-0.14640352129936218,-0.09796791523694992,299,340
0,5,0.5963714718818665,2.6569159030914307,-0.13298285007476807,-0.09796791523694992,357,341
 , , , , , , , 
0,0,0.5001825094223022,2.5986969470977783,-0.3359968960285187,0.0,284,310
0,1,0.5056790113449097,2.645219564437866,-0.14375931024551392,-0.09796791523694992,355,336
0,2,0.5111755132675171,2.672851800918579,-0.16464218497276306,-0.09796791523694992,410,339
0,3,0.6027840375900269,2.6828768253326416,-0.17907504737377167,-0.09796791523694992,422,348
0,4,0.6091966032981873,2.710523843765259,-0.1939098984003067,-0.09796791523694992,394,367
0,5,0.6156092286109924,2.7381529808044434,-0.20818573236465454,-0.09796791523694992,318,401
 , , , , , , , 
0,0,0.5771336555480957,2.560253858566284,-0.2697734236717224,-0.09796791523694992,308,330
0,1,0.5835462212562561,2.592475414276123,-0.23419815301895142,-0.09796791523694992,366,331
0,2,0.5899588465690613,2.6239356994628906,-0.20118281245231628,-0.09796791523694992,388,337
0,3,0.5963714718818665,2.6533191204071045,-0.19178974628448486,-0.09796791523694992,378,350
0,4,0.6027840375900269,2.677274227142334,-0.24919536709785461,-0.09796791523694992,336,376
0,5,0.6091966032981873,2.694863796234131,-0.3496426045894623,-0.09796791523694992,269,415
 , , , , , , , 
0,0,0.4891894459724426,2.550722599029541,-0.24787750840187073,-0.09796791523694992,229,338
0,1,0.49468597769737244,2.579120397567749,-0.2533455193042755,-0.09796791523694992,318,339
0,2,0.5001825094223022,2.610698699951172,-0.22443769872188568,-0.09796791523694992,370,338
0,3,0.5056790113449097,2.642664909362793,-0.1848672777414322,-0.09796791523694992,390,341
0,4,0.5111755132675171,2.6744070053100586,-0.13708089292049408,-0.09796791523694992,373,355
0,5,0.5166720151901245,2.705116033554077,-0.09296316653490067,-0.09796791523694992,320,382
0,6,0.5221685171127319,2.733532667160034,-0.10392365604639053,-0.09796791523694992,229,421
 , , , , , , , 
0,0,0.49468597769737244,2.5779807567596436,-0.26469099521636963,-0.09796791523694992,264,332
0,1,0.5001825094223022,2.609282970428467,-0.24033895134925842,-0.09796791523694992,312,334
0,2,0.5056790113449097,2.6436219215393066,-0.1706354320049286,-0.09796791523694992,346,334
0,3,0.5111755132675171,2.673671007156372,-0.15075916051864624,-0.09796791523694992,352,340
0,4,0.5166720151901245,2.70257306098938,-0.14964284002780914,-0.09796791523694992,315,363
0,5,0.5221685171127319,2.733640193939209,-0.10105692595243454,-0.09796791523694992,240,397
 , , , , , , , 
0,0,0.3407836854457855,2.703699827194214,0.08011464774608612,0.09796791523694992,264,343
0,1,0.3444480299949646,2.733833074569702,0.02750588022172451,0.09796791523694992,260,347
0,2,0.3481123447418213,2.7630414962768555,0.0089576942846179,0.09796791523694992,226,355
0,3,0.41223829984664917,2.5853230953216553,-0.3269914388656616,-0.09796791523694992,286,339
0,4,0.4168187379837036,2.6151065826416016,-0.3221527636051178,-0.09796791523694992,324,338
0,5,0.42139917612075806,2.643815755844116,-0.3259222209453583,-0.09796791523694992,325,339
0,6,0.5111755132675171,2.6318366527557373,-0.4946520924568176,-0.09796791523694992,279,352
 , , , , , , , 
0,0,0.3261263072490692,2.586730480194092,-0.09696616232395172,-0.09796791523694992,233,343
0,1,0.41223829984664917,2.5999019145965576,-0.17700180411338806,-0.09796791523694992,289,346
0,2,0.33345499634742737,2.637744665145874,-0.21774810552597046,-0.09796791523694992,344,346
0,3,0.33711934089660645,2.664851188659668,-0.24183468520641327,-0.09796791523694992,371,351
0,4,0.3407836854457855,2.6913750171661377,-0.27002137899398804,-0.09796791523694992,357,369
0,5,0.3444480299949646,2.7168362140655518,-0.3056154251098633,-0.09796791523694992,307,396
 , , , , , , , 
0,0,0.3261263072490692,2.5777454376220703,-0.23623234033584595,-0.09796791523694992,272,329
0,1,0.3297906517982483,2.6065518856048584,-0.24059319496154785,-0.09796791523694992,337,329
0,2,0.33345499634742737,2.636589527130127,-0.23131495714187622,-0.09796791523694992,373,327
0,3,0.33711934089660645,2.666806221008301,-0.21922734379768372,-0.09796791523694992,370,334
0,4,0.3407836854457855,2.6969375610351562,-0.20721670985221863,-0.09796791523694992,321,357
0,5,0.43056005239486694,2.7166500091552734,-0.1663602888584137,-0.09796791523694992,226,391
 , , , , , , , 
0,0,0.33345499634742737,2.6456000804901123,0.076882503926754,0.09796791523694992,246,342
0,1,0.25283950567245483,2.6807165145874023,0.1529565453529358,0.09796791523694992,286,345
0,2,0.25558775663375854,2.7113099098205566,0.12656360864639282,0.09796791523694992,298,353
0,3,0.25833600759506226,2.7429862022399902,0.050328876823186874,0.09796791523694992,276,366
0,4,0.33711934089660645,2.67083477973938,-0.1629611700773239,-0.09796791523694992,246,338
0,5,0.3407836854457855,2.697054624557495,-0.20568883419036865,-0.09796791523694992,258,338
0,6,0.25833600759506226,2.7260727882385254,-0.30827564001083374,-0.09796791523694992,230,350
 , , , , , , , 
0,0,0.3297906517982483,2.6127586364746094,-0.1596592664718628,0.09796791523694992,279,347
0,1,0.33345499634742737,2.6405539512634277,-0.18051326274871826,0.09796791523694992,332,348
0,2,0.25283950567245483,2.674203872680664,-0.24139463901519775,0.09796791523694992,359,348
0,3,0.25558775663375854,2.6966967582702637,-0.30829644203186035,0.09796791523694992,346,361
0,4,0.25833600759506226,2.7134459018707275,-0.40462061762809753,0.09796791523694992,291,387
 , , , , , , , 
0,0,0.2445947229862213,2.5828287601470947,-0.2758714556694031,0.09796791523694992,240,346
0,1,0.24734298884868622,2.6086041927337646,-0.3078402876853943,0.09796791523694992,310,346
0,2,0.2500912547111511,2.635425329208374,-0.3290760815143585,0.09796791523694992,347,347
0,3,0.25283950567245483,2.661722421646118,-0.3533715009689331,0.09796791523694992,357,351
0,4,0.25558775663375854,2.709683656692505,-0.15759047865867615,0.19593583047389984,337,362
0,5,0.25833600759506226,2.7371671199798584,-0.18553464114665985,0.19593583047389984,274,391
 , , , , , , , 
0,0,0.16855967044830322,2.6365244388580322,-0.5421180725097656,0.0,320,324
0,1,0.08519592136144638,2.7042477130889893,-0.335157573223114,0.09796791523694992,362,354
0,2,0.08611200749874115,2.7277019023895264,-0.38140806555747986,0.09796791523694992,352,382
0,3,0.17405617237091064,2.747148036956787,-0.42254382371902466,0.09796791523694992,298,417
0,4,0.2445947229862213,2.592790126800537,-0.15668150782585144,0.19593583047389984,249,335
0,5,0.24734298884868622,2.6159589290618896,-0.2373601198196411,0.19593583047389984,323,335
0,6,0.2500912547111511,2.639068126678467,-0.2984563112258911,0.19593583047389984,355,335
0,7,0.25283950567245483,2.6817359924316406,-0.13390138745307922,0.29390373826026917,366,338
0,8,0.25558775663375854,2.7100021839141846,-0.15201520919799805,0.29390373826026917,349,349
 , , , , , , , 
0,0,0.08519592136144638,2.714271068572998,-0.24087128043174744,0.09796791523694992,392,341
0,1,0.08611200749874115,2.742138385772705,-0.257888525724411,0.09796791523694992,411,350
0,2,0.08702808618545532,2.769559621810913,-0.2786159813404083,0.09796791523694992,385,370
0,3,0.08794417232275009,2.7958693504333496,-0.30851009488105774,0.09796791523694992,319,397
0,4,0.08336374908685684,2.6319730281829834,-0.42669835686683655,0.19593583047389984,246,335
0,5,0.08427983522415161,2.6928980350494385,-0.12149917334318161,0.19593583047389984,332,334
 , , , , , , , 
0,0,0.08336374908685684,2.636087417602539,-0.40049466490745544,0.19593583047389984,249,342
0,1,0.08427983522415161,2.651447057723999,-0.4860968291759491,0.19593583047389984,289,344
0,2,0.17039184272289276,2.6558196544647217,-0.5917212963104248,0.19593583047389984,287,348
0,3,0.08611200749874115,2.6498947143554688,-0.7509243488311768,0.19593583047389984,271,360
0,4,0.0,2.6768195629119873,-0.7683085799217224,0.19593583047389984,269,381
0,5,0.1722240149974823,2.7501766681671143,0.01055113971233368,0.5878074765205383,287,340
0,6,0.17405617237091064,2.779444694519043,0.007281385827809572,0.5878074765205383,297,343
0,7,0.17588834464550018,2.80867600440979,-0.014164120890200138,0.5878074765205383,280,346
 , , , , , , , 
0,0,0.0,2.699751853942871,-0.37932246923446655,0.19593583047389984,291,357
0,1,0.0,2.7373528480529785,-0.31645625829696655,0.19593583047389984,335,360
0,2,-0.08702808618545532,2.7685861587524414,-0.2881273925304413,0.19593583047389984,347,370
0,3,-0.08794417232275009,2.8009443283081055,-0.2584070861339569,0.19593583047389984,325,386
0,4,0.0,2.83683180809021,-0.19503366947174072,0.19593583047389984,259,414
0,5,0.08427983522415161,2.6750190258026123,-0.33276885747909546,0.29390373826026917,244,346
0,6,0.17405617237091064,2.779421806335449,0.013423660770058632,0.5878074765205383,304,350
0,7,0.17588834464550018,2.8087069988250732,0.005079036112874746,0.5878074765205383,338,352
0,8,0.17772051692008972,2.8379552364349365,-0.008908777497708797,0.5878074765205383,334,356
0,9,0.17955268919467926,2.8670356273651123,-0.033084772527217865,0.5878074765205383,297,362
 , , , , , , , 
0,0,-0.08519592136144638,2.691953659057617,-0.4226970672607422,0.19593583047389984,260,359
0,1,-0.08611200749874115,2.735795259475708,-0.3182036280632019,0.19593583047389984,307,359
0,2,-0.08702808618545532,2.776991844177246,-0.19079701602458954,0.19593583047389984,331,359
0,3,-0.08794417232275009,2.8111624717712402,-0.09709926694631577,0.19593583047389984,324,369
0,4,-0.08886025846004486,2.842134475708008,-0.005361554678529501,0.19593583047389984,280,392
0,5,0.08794417232275009,2.8109707832336426,-0.10250454396009445,0.4898395836353302,330,344
0,6,0.08886025846004486,2.840589761734009,-0.09384053200483322,0.4898395836353302,369,347
0,7,0.08977634459733963,2.869718551635742,-0.09941128641366959,0.4898395836353302,363,357
0,8,0.0906924307346344,2.8983829021453857,-0.11692221462726593,0.4898395836353302,322,371
0,9,0.18321703374385834,2.9241819381713867,-0.09551230072975159,0.4898395836353302,236,398
 , , , , , , , 
0,0,-0.17405617237091064,2.7735705375671387,-0.18075460195541382,0.09796791523694992,333,345
0,1,-0.08794417232275009,2.8065547943115234,-0.18791791796684265,0.09796791523694992,359,347
0,2,-0.08886025846004486,2.833651304244995,-0.2194938063621521,0.09796791523694992,342,362
0,3,-0.08977634459733963,2.860966920852661,-0.24502098560333252,0.09796791523694992,282,386
0,4,0.0,2.6898534297943115,-0.4441094696521759,0.19593583047389984,251,348
0,5,0.0,2.7192907333374023,-0.4457596242427826,0.19593583047389984,292,345
 , , , , , , , 
0,0,0.0,2.8388278484344482,-0.16343015432357788,0.09796791523694992,302,361
0,1,0.0,2.7423338890075684,-0.2699047327041626,0.19593583047389984,225,350
0,2,-0.08702808618545532,2.7809979915618896,-0.1189008429646492,0.19593583047389984,261,354
0,3,-0.08794417232275009,2.8126649856567383,0.03129464387893677,0.19593583047389984,285,358
0,4,0.0,2.843512773513794,0.009413414634764194,0.19593583047389984,293,370
0,5,0.08977634459733963,2.8695743083953857,-0.10349791496992111,0.19593583047389984,290,392
0,6,0.0906924307346344,2.8962600231170654,-0.1611582487821579,0.19593583047389984,266,420
 , , , , , , , 
0,0,-0.17405617237091064,2.7598838806152344,-0.32925093173980713,0.09796791523694992,247,343
0,1,-0.17588834464550018,2.7915477752685547,-0.31003591418266296,0.09796791523694992,286,339
0,2,-0.08886025846004486,2.8326101303100586,-0.2325456142425537,0.09796791523694992,304,339
0,3,0.0,2.8689541816711426,-0.1494288444519043,0.09796791523694992,320,347
0,4,0.0,2.899230480194092,-0.13031356036663055,0.09796791523694992,322,369
0,5,0.09160851687192917,2.9280905723571777,-0.10688845068216324,0.09796791523694992,295,401
0,6,0.09252460300922394,2.957857131958008,-0.09370861947536469,0.09796791523694992,237,437
 , , , , , , , 
0,0,-0.1813848614692688,2.847412347793579,-0.5309070944786072,0.09796791523694992,249,371
0,1,-0.18321703374385834,2.902564525604248,-0.3675358295440674,0.09796791523694992,251,396
 , , , , , , , 
0,0,-0.17588834464550018,2.805584192276001,-0.13250616192817688,0.09796791523694992,229,347
0,1,-0.17772051692008972,2.8371267318725586,-0.06914570927619934,0.09796791523694992,254,346
0,2,-0.08977634459733963,2.8714396953582764,-0.001433755038306117,0.09796791523694992,246,353
0,3,0.0906924307346344,2.8996388912200928,0.07993203401565552,0.09796791523694992,233,369
 , , , , , , , 
0,0,-0.08702808618545532,2.755356788635254,-0.39508965611457825,0.09796791523694992,234,323
0,1,-0.17588834464550018,2.7891530990600586,-0.3308872878551483,0.09796791523694992,275,327
0,2,-0.17772051692008972,2.8365042209625244,-0.09116993844509125,0.09796791523694992,300,331
0,3,-0.08977634459733963,2.8709402084350586,-0.053581602871418,0.09796791523694992,317,339
0,4,0.0,2.9001033306121826,-0.10918397456407547,0.09796791523694992,312,361
0,5,0.09160851687192917,2.9280130863189697,-0.1089855507016182,0.09796791523694992,279,391
 , , , , , , , 
0,0,0.0,2.762746572494507,-0.3505595922470093,0.09796791523694992,272,347
0,1,0.0,2.784281015396118,-0.4093616008758545,0.09796791523694992,311,345
0,2,0.0,2.807330369949341,-0.4522708058357239,0.09796791523694992,318,346
0,3,0.0,2.82222318649292,-0.5369207859039307,0.09796791523694992,256,362
 , , , , , , , 
0,0,-0.08977634459733963,2.8294084072113037,-0.48950549960136414,0.09796791523694992,344,357
0,1,-0.1813848614692688,2.8625757694244385,-0.44190311431884766,0.09796791523694992,309,383
0,2,-0.18321703374385834,2.8845949172973633,-0.48895272612571716,0.09796791523694992,261,417
0,3,0.0,2.709895133972168,-0.4997122883796692,0.19593583047389984,240,340
0,4,0.0,2.7198119163513184,-0.5985686182975769,0.19593583047389984,305,343
0,5,-0.08794417232275009,2.757113456726074,-0.5571256875991821,0.19593583047389984,342,348
0,6,-0.08886025846004486,2.7988972663879395,-0.4938935339450836,0.19593583047389984,350,355
 , , , , , , , 
0,0,-0.0906924307346344,2.8944437503814697,-0.1910211741924286,0.09796791523694992,295,339
0,1,-0.18321703374385834,2.9245307445526123,-0.08415994793176651,0.19593583047389984,243,415
0,2,0.0,2.7317187786102295,-0.5416401624679565,0.29390373826026917,285,349
0,3,0.0,2.7609541416168213,-0.544913113117218,0.29390373826026917,345,353
0,4,0.0,2.7918808460235596,-0.539495050907135,0.29390373826026917,371,357
0,5,0.0,2.820511817932129,-0.5458386540412903,0.29390373826026917,355,370
0,6,0.0906924307346344,2.849271774291992,-0.5440077781677246,0.29390373826026917,281,397
0,7,-0.08977634459733963,2.8707642555236816,0.06229029968380928,-0.09796791523694992,289,335
0,8,0.0906924307346344,2.8959059715270996,-0.16740000247955322,-0.09796791523694992,308,337
0,9,0.09160851687192917,2.913729429244995,-0.30873987078666687,-0.09796791523694992,305,354
0,10,0.18504920601844788,2.9275848865509033,-0.4015771448612213,-0.09796791523694992,261,380
 , , , , , , , 
0,0,0.08977634459733963,2.8607890605926514,-0.24709036946296692,0.09796791523694992,346,334
0,1,0.0906924307346344,2.8955302238464355,-0.173777773976326,0.09796791523694992,366,339
0,2,0.18321703374385834,2.9241392612457275,-0.09681311249732971,0.09796791523694992,360,349
0,3,0.18504920601844788,2.953968048095703,-0.07804035395383835,0.09796791523694992,312,377
0,4,0.09344068169593811,2.9829344749450684,-0.18460936844348907,0.09796791523694992,233,415
0,5,0.0,2.8418776988983154,-0.09687109291553497,0.19593583047389984,293,340
0,6,0.0,2.763484239578247,-0.5319333076477051,0.3918716609477997,294,346
0,7,0.0,2.7824950218200684,-0.5859814286231995,0.3918716609477997,345,346
0,8,0.0,2.8015501499176025,-0.636038064956665,0.3918716609477997,355,351
0,9,0.0906924307346344,2.815347194671631,-0.6986515522003174,0.3918716609477997,325,362
0,10,0.09160851687192917,2.8371808528900146,-0.7318081855773926,0.3918716609477997,251,390
 , , , , , , , 
0,0,0.0,2.8630309104919434,-0.23723572492599487,0.3918716609477997,313,341
0,1,0.0906924307346344,2.8882293701171875,-0.26912006735801697,0.3918716609477997,355,346
0,2,0.18321703374385834,2.911362648010254,-0.28970807790756226,0.3918716609477997,360,355
0,3,0.277573823928833,2.939307689666748,-0.22290049493312836,0.3918716609477997,321,371
0,4,-0.46720340847969055,2.459413766860962,-1.6351497173309326,0.3918716609477997,233,396
0,5,0.46720340847969055,2.932856559753418,0.3475380539894104,0.3918716609477997,233,396
0,6,-0.28307029604911804,2.914363145828247,-0.7370452880859375,0.3918716609477997,228,436
 , , , , , , , 
0,0,-0.3810914158821106,2.960540533065796,-0.6202676296234131,0.29390373826026917,236,400
0,1,-0.18871353566646576,2.9904661178588867,-0.371988981962204,0.3918716609477997,233,418
0,2,-0.17955268919467926,2.8608217239379883,0.19153712689876556,0.4898395836353302,267,343
0,3,-0.0906924307346344,2.9005963802337646,0.028904974460601807,0.4898395836353302,321,348
0,4,-0.09160851687192917,2.9300405979156494,-0.0012731109745800495,0.4898395836353302,346,360
0,5,-0.09252460300922394,2.959336519241333,-0.005184156354516745,0.4898395836353302,332,380
0,6,-0.09344068169593811,2.9884419441223145,-0.03453974053263664,0.4898395836353302,283,406
0,7,0.18504920601844788,2.954763889312744,0.037244681268930435,0.6857753992080688,309,343
0,8,0.18688136339187622,2.9842419624328613,0.009163831360638142,0.6857753992080688,316,343
0,9,0.18871353566646576,3.013300895690918,-0.0357980914413929,0.6857753992080688,281,352
 , , , , , , , 
0,0,0.0,2.8833096027374268,-0.3302208483219147,0.4898395836353302,286,358
0,1,0.0,2.9139301776885986,-0.32022374868392944,0.4898395836353302,340,358
0,2,0.0,2.9439549446105957,-0.3152616322040558,0.4898395836353302,359,359
0,3,0.0,3.010894298553467,-0.22669628262519836,0.4898395836353302,270,391
0,4,0.0,2.988255500793457,-0.10506030172109604,0.5878074765205383,333,372
0,5,-0.5606440901756287,2.933987617492676,0.13455474376678467,-0.7837433218955994,289,344
0,6,-0.5661405920982361,2.9652678966522217,0.0595620721578598,-0.7837433218955994,295,362
0,7,0.5716371536254883,0.28616946935653687,2.9809563159942627,-0.7837433218955994,263,386
0,8,-0.5716371536254883,2.994609832763672,0.017468269914388657,-0.7837433218955994,263,386
 , , , , , , , 
0,0,0.0,2.9811325073242188,-0.2314264178276062,0.5878074765205383,323,343
0,1,-0.09435676783323288,3.0055243968963623,-0.2734890878200531,0.5878074765205383,344,347
0,2,-0.09527285397052765,3.0321743488311768,-0.3026614487171173,0.5878074765205383,321,362
0,3,0.3664340674877167,1.0748836994171143,-2.7025697231292725,-0.7837433218955994,252,354
0,4,-0.7328681349754333,2.8280763626098633,0.2417016625404358,-0.7837433218955994,252,354
0,5,0.37009841203689575,0.9715665578842163,-2.7722458839416504,-0.7837433218955994,278,352
0,6,-0.7401968240737915,2.85888671875,0.21245424449443817,-0.7837433218955994,278,352
0,7,-0.5716371536254883,2.9945902824401855,-0.02056913450360298,-0.7837433218955994,302,390
0,8,0.5716371536254883,0.6694996356964111,2.918863534927368,-0.7837433218955994,302,390
0,9,-0.5771336555480957,3.0234310626983643,0.012233225628733635,-0.7837433218955994,281,420
0,10,0.5771336555480957,0.6953228116035461,2.942415952682495,-0.7837433218955994,281,420
0,11,-0.5826301574707031,3.0522289276123047,0.011513967998325825,-0.7837433218955994,231,453
0,12,0.5826301574707031,0.8569835424423218,2.9294731616973877,-0.7837433218955994,231,453
 , , , , , , , 
0,0,0.09344068169593811,2.882880926132202,-0.7880203127861023,0.4898395836353302,239,345
0,1,0.09435676783323288,2.9068801403045654,-0.8111848831176758,0.4898395836353302,252,347
0,2,-0.754854142665863,2.920100450515747,-0.14172273874282837,-0.7837433218955994,292,347
0,3,0.28307029604911804,0.8765811324119568,2.875474452972412,-0.7837433218955994,292,347
0,4,-0.7621828317642212,2.947298526763916,-0.1651405543088913,-0.7837433218955994,341,348
0,5,0.28581857681274414,1.1007500886917114,2.8286778926849365,-0.7837433218955994,341,348
0,6,-0.7695115208625793,2.9740355014801025,-0.19321948289871216,-0.7837433218955994,346,361
0,7,0.3847557604312897,1.218631625175476,2.8002264499664307,-0.7837433218955994,346,361
0,8,-0.7768402099609375,2.9994258880615234,-0.23591463267803192,-0.7837433218955994,322,382
0,9,0.38842010498046875,1.4250820875167847,2.7338547706604004,-0.7837433218955994,322,382
0,10,-0.7841688990592957,3.0354955196380615,-0.09788230806589127,-0.6857753992080688,293,398
0,11,0.3920844495296478,1.30184805393219,2.826693296432495,-0.6857753992080688,293,398
0,12,-0.6925603747367859,3.089261531829834,0.01784532703459263,-0.6857753992080688,235,434
0,13,0.3957487940788269,1.454995036125183,2.783858299255371,-0.6857753992080688,235,434
 , , , , , , , 
0,0,0.0,2.911566972732544,-0.7997839450836182,0.6857753992080688,259,340
0,1,0.09527285397052765,2.933804750442505,-0.8236960172653198,0.6857753992080688,290,340
0,2,0.09618894010782242,2.957408905029297,-0.8478493094444275,0.6857753992080688,290,342
0,3,-0.8986795544624329,3.019760847091675,-0.5323470830917358,-0.6857753992080688,278,412
0,4,0.2995598614215851,1.7673189640045166,2.645150661468506,-0.6857753992080688,278,412
0,5,-0.9069242477416992,3.0246407985687256,-0.6536111831665039,-0.6857753992080688,238,442
0,6,0.3023080825805664,1.9589303731918335,2.5434961318969727,-0.6857753992080688,238,442
0,7,-0.6733225584030151,3.00349760055542,-0.0025177691131830215,-0.5878074765205383,244,347
0,8,0.3847557604312897,1.5039604902267456,2.657900333404541,-0.5878074765205383,244,347
0,9,-0.7768402099609375,3.0042221546173096,0.16389021277427673,-0.5878074765205383,298,344
0,10,0.29131507873535156,0.4933023154735565,3.0540921688079834,-0.5878074765205383,298,344
0,11,-0.8821899890899658,3.0100512504577637,0.008115158416330814,-0.5878074765205383,316,351
0,12,0.2940633296966553,0.6744958162307739,3.049149990081787,-0.5878074765205383,316,351
0,13,0.296811580657959,1.33110773563385,2.8571925163269043,-0.5878074765205383,306,372
0,14,-0.8904348015785217,3.0293517112731934,-0.23162196576595306,-0.5878074765205383,306,372
 , , , , , , , 
0,0,0.3847557604312897,1.9502356052398682,2.3500876426696777,-0.5878074765205383,277,347
0,1,-0.6733225584030151,2.9079442024230957,-0.7515748143196106,-0.5878074765205383,277,347
0,2,0.38842010498046875,1.9809727668762207,2.3623225688934326,-0.5878074765205383,318,346
0,3,-0.7768402099609375,2.924625873565674,-0.7062399983406067,-0.5878074765205383,318,346
0,4,-0.7841688990592957,2.9606921672821045,-0.6768422722816467,-0.5878074765205383,335,346
0,5,0.3920844495296478,2.006546974182129,2.378817558288574,-0.5878074765205383,335,346
0,6,-0.7914975881576538,2.998039960861206,-0.639361560344696,-0.5878074765205383,317,359
0,7,0.3957487940788269,2.0207395553588867,2.40488862991333,-0.5878074765205383,317,359
0,8,-0.798826277256012,3.0235397815704346,-0.6557885408401489,-0.5878074765205383,264,385
0,9,0.399413138628006,2.164107322692871,2.3166966438293457,-0.5878074765205383,264,385
 , , , , , , , 
0,0,-0.6861478090286255,2.9756221771240234,-0.7166646122932434,-0.7837433218955994,281,349
0,1,0.4901055693626404,2.045689344406128,2.326732635498047,-0.7837433218955994,281,349
0,2,-0.6925603747367859,3.0169107913970947,-0.664908230304718,-0.7837433218955994,320,353
0,3,0.4946860074996948,2.0197904109954834,2.387305498123169,-0.7837433218955994,320,353
0,4,-0.6989730000495911,3.061236619949341,-0.591812014579773,-0.7837433218955994,331,362
0,5,0.399413138628006,2.0231125354766846,2.4407906532287598,-0.7837433218955994,331,362
0,6,-0.8061549067497253,3.0784335136413574,-0.5210872292518616,-0.7837433218955994,318,377
0,7,0.40307745337486267,1.9153757095336914,2.5626227855682373,-0.7837433218955994,318,377
0,8,0.3050563335418701,1.1060051918029785,3.0449600219726562,-0.6857753992080688,307,384
0,9,-0.8134835958480835,3.1489436626434326,-0.10240758210420609,-0.6857753992080688,307,384
0,10,0.3078046143054962,0.9897758364677429,3.1153371334075928,-0.6857753992080688,249,416
0,11,-0.9234138131141663,3.1493523120880127,-0.09280171990394592,-0.6857753992080688,249,416
 , , , , , , , 
0,0,0.10168544948101044,3.201340913772583,-0.5737290382385254,0.6857753992080688,289,345
0,1,0.0,3.2483129501342773,-0.4776897728443146,0.6857753992080688,309,349
0,2,0.0,3.2894954681396484,-0.39025574922561646,0.6857753992080688,312,361
0,3,0.0,3.3210246562957764,-0.3727579116821289,0.6857753992080688,305,383
0,4,0.0,3.3513925075531006,-0.364847332239151,0.6857753992080688,285,412
0,5,0.0,3.381178617477417,-0.36205947399139404,0.6857753992080688,237,447
0,6,0.40307745337486267,1.4899402856826782,2.8312149047851562,-0.7837433218955994,268,344
0,7,-0.8061549067497253,3.1141469478607178,-0.22444239258766174,-0.7837433218955994,268,344
0,8,-0.8208122849464417,3.1575100421905518,0.36894816160202026,-0.6857753992080688,263,337
0,9,0.4104061424732208,1.4094158411026,-2.936807632446289,-0.6857753992080688,263,337
 , , , , , , , 
0,0,0.10076936334371567,3.099130392074585,-0.8851029872894287,0.5878074765205383,233,341
0,1,0.10168544948101044,3.2397360801696777,-0.2861095070838928,0.6857753992080688,260,353
0,2,0.1026015356183052,3.276400566101074,-0.1854681819677353,0.6857753992080688,312,350
0,3,0.0,3.305711030960083,-0.21296426653862,0.6857753992080688,332,358
0,4,0.0,3.334092617034912,-0.2279888540506363,0.6857753992080688,315,380
0,5,0.0,3.3631796836853027,-0.23230917751789093,0.6857753992080688,276,409
0,6,0.10626588016748428,3.390946865081787,-0.23161004483699799,0.6857753992080688,244,441
 , , , , , , , 
0,0,0.0,3.282646894454956,-0.44419533014297485,0.5878074765205383,276,342
0,1,0.0,3.323070764541626,-0.35405248403549194,0.5878074765205383,337,341
0,2,0.0,3.3529469966888428,-0.3502728343009949,0.5878074765205383,361,350
0,3,0.0,3.3818111419677734,-0.35610267519950867,0.5878074765205383,345,369
0,4,0.0,3.4119937419891357,-0.3492586016654968,0.5878074765205383,290,396
 , , , , , , , 
0,0,0.10993021726608276,3.4602978229522705,-0.6236489415168762,0.3918716609477997,243,393
0,1,0.0,3.460200309753418,-0.4430719017982483,0.4898395836353302,238,401
0,2,0.10534979403018951,3.353179693222046,-0.3317115604877472,0.5878074765205383,305,349
0,3,0.10626588016748428,3.3832709789276123,-0.32502564787864685,0.5878074765205383,321,348
0,4,0.10718195885419846,3.4126079082489014,-0.3260422945022583,0.5878074765205383,291,360
0,5,-0.10809804499149323,3.434676170349121,-0.3961639702320099,0.5878074765205383,232,388
0,6,0.5175881385803223,2.1748218536376953,2.4444491863250732,-0.5878074765205383,269,345
0,7,-0.7246233224868774,3.109178304672241,-0.8837479948997498,-0.5878074765205383,269,345
0,8,-0.7310359477996826,3.1479456424713135,-0.8509863018989563,-0.5878074765205383,304,350
0,9,0.5221685171127319,2.184312105178833,2.474726915359497,-0.5878074765205383,304,350
0,10,-0.7374485731124878,3.1744699478149414,-0.8624708652496338,-0.5878074765205383,308,352
0,11,0.5267489552497864,2.2336888313293457,2.4694361686706543,-0.5878074765205383,308,352
 , , , , , , , 
0,0,0.10626588016748428,3.380777597427368,-0.3500087857246399,0.4898395836353302,296,345
0,1,0.10718195885419846,3.4039316177368164,-0.406749963760376,0.4898395836353302,341,343
0,2,0.10809804499149323,3.429269790649414,-0.44051656126976013,0.4898395836353302,355,344
0,3,0.109014131128788,3.4581186771392822,-0.44590452313423157,0.4898395836353302,338,355
0,4,0.10993021726608276,3.4942901134490967,-0.3905583322048187,0.4898395836353302,290,384
0,5,0.22169260680675507,3.533616781234741,-0.21492744982242584,0.4898395836353302,230,421
 , , , , , , , 
0,0,0.10718195885419846,3.417245864868164,-0.27317723631858826,0.5878074765205383,276,344
0,1,0.10809804499149323,3.442060947418213,-0.325825572013855,0.5878074765205383,324,344
0,2,0.109014131128788,3.4687063694000244,-0.35424691438674927,0.5878074765205383,342,346
0,3,0.10993021726608276,3.49438738822937,-0.38968631625175476,0.5878074765205383,330,355
0,4,0.11084630340337753,3.512103796005249,-0.4843843877315521,0.5878074765205383,279,381
 , , , , , , , 
0,0,0.10993021726608276,3.512021780014038,0.16823656857013702,0.3918716609477997,231,342
0,1,0.11084630340337753,3.5414814949035645,0.1655641496181488,0.3918716609477997,269,341
0,2,0.1117623895406723,3.572657823562622,0.11931318789720535,0.3918716609477997,280,339
0,3,0.22718912363052368,3.6136367321014404,-0.32160326838493347,0.5878074765205383,336,355
0,4,0.22902128100395203,3.644602060317993,-0.30301135778427124,0.5878074765205383,302,374
0,5,0.23085345327854156,3.6675899028778076,-0.3722633123397827,0.5878074765205383,249,404
0,6,0.22169260680675507,3.539686679840088,-0.057093456387519836,0.6857753992080688,277,347
0,7,0.2235247790813446,3.567542314529419,-0.11527910828590393,0.6857753992080688,330,348
0,8,0.11267847567796707,3.5985987186431885,-0.19632698595523834,0.6857753992080688,350,349
 , , , , , , , 
0,0,0.34353190660476685,3.6394965648651123,-0.2518783211708069,0.4898395836353302,251,349
0,1,0.23085345327854156,3.681265115737915,-0.19515098631381989,0.4898395836353302,329,348
0,2,0.2326856255531311,3.7121422290802,-0.1623670756816864,0.4898395836353302,343,356
0,3,0.23451779782772064,3.743889808654785,-0.08906702697277069,0.4898395836353302,307,376
0,4,0.23634997010231018,3.7682132720947266,0.21260981261730194,0.4898395836353302,233,401
 , , , , , , , 
0,0,0.11542672663927078,3.6810269355773926,-0.28250011801719666,0.3918716609477997,230,347
0,1,0.11634281277656555,3.686012029647827,-0.5101818442344666,0.3918716609477997,288,349
0,2,0.23451779782772064,3.6930909156799316,-0.6210659742355347,0.3918716609477997,315,352
0,3,0.23634997010231018,3.715447187423706,-0.6633901000022888,0.3918716609477997,293,370
0,4,0.11909107118844986,3.770317554473877,-0.5418388843536377,0.3918716609477997,227,391
 , , , , , , , 
0,0,0.34902843832969666,3.6951828002929688,-0.2903614640235901,0.29390373826026917,327,344
0,1,0.23451779782772064,3.7265355587005615,-0.37091153860092163,0.29390373826026917,367,347
0,2,0.23634997010231018,3.7508513927459717,-0.41922178864479065,0.29390373826026917,377,350
0,3,0.23818214237689972,3.7752010822296143,-0.46281057596206665,0.29390373826026917,342,364
0,4,0.24001431465148926,3.8024489879608154,-0.4807639420032501,0.29390373826026917,254,396
0,5,0.23085345327854156,3.6861684322357178,0.04424324259161949,0.3918716609477997,256,338
0,6,0.11817498505115509,3.754213809967041,-0.43864238262176514,0.5878074765205383,250,351
0,7,0.23818214237689972,3.7914838790893555,-0.3016405999660492,0.5878074765205383,246,357
 , , , , , , , 
0,0,0.34902843832969666,3.702914237976074,-0.16465577483177185,0.29390373826026917,248,352
0,1,0.35177668929100037,3.7277801036834717,-0.24402810633182526,0.29390373826026917,297,351
0,2,0.35452497005462646,3.756465196609497,-0.2525397539138794,0.29390373826026917,310,352
0,3,0.47636428475379944,3.776611328125,-0.18262115120887756,0.29390373826026917,273,362
0,4,0.11909107118844986,3.6936819553375244,-0.9303752183914185,0.4898395836353302,260,363
0,5,0.12000715732574463,3.7211198806762695,-0.9413946866989136,0.4898395836353302,242,385
 , , , , , , , 
0,0,0.3572732210159302,3.6401758193969727,-1.0698329210281372,0.0,259,323
0,1,0.4800286293029785,3.6542434692382812,-1.0786269903182983,0.0,258,325
0,2,0.4836929440498352,3.670506238937378,-1.125518560409546,0.0,228,326
0,3,0.3627697229385376,3.794302463531494,-0.667108952999115,0.19593583047389984,264,381
0,4,0.2326856255531311,3.7111690044403076,-0.18327032029628754,0.29390373826026917,242,351
0,5,0.23451779782772064,3.735112428665161,-0.2712518274784088,0.29390373826026917,307,351
0,6,0.23634997010231018,3.761202335357666,-0.3130353093147278,0.29390373826026917,348,349
0,7,0.23818214237689972,3.788405418395996,-0.3381138741970062,0.29390373826026917,360,354
0,8,0.24001431465148926,3.815342664718628,-0.36457130312919617,0.29390373826026917,322,375
 , , , , , , , 
0,0,0.23451779782772064,3.7444119453430176,-0.06341810524463654,0.29390373826026917,256,355
0,1,0.23634997010231018,3.7713544368743896,-0.1466958373785019,0.29390373826026917,309,358
0,2,0.23818214237689972,3.7978851795196533,-0.20592547953128815,0.29390373826026917,330,361
0,3,0.3600214719772339,3.8173863887786865,-0.2128511369228363,0.29390373826026917,317,369
0,4,0.3627697229385376,3.851093053817749,-0.10415566712617874,0.29390373826026917,258,390
 , , , , , , , 
0,0,0.23634997010231018,3.7723500728607178,-0.11835645884275436,0.29390373826026917,225,364
0,1,0.23818214237689972,3.7982430458068848,-0.19921688735485077,0.29390373826026917,271,366
0,2,0.24001431465148926,3.824190378189087,-0.25557973980903625,0.29390373826026917,285,367
0,3,0.2418464720249176,3.8328843116760254,-0.47315558791160583,0.29390373826026917,268,375
0,4,0.24367864429950714,3.8333497047424316,-0.6686903834342957,0.29390373826026917,263,394
0,5,0.368266224861145,3.8633687496185303,-0.6077060699462891,0.29390373826026917,242,422
 , , , , , , , 
0,0,0.3600214719772339,3.714773178100586,-0.9045464992523193,0.09796791523694992,245,344
0,1,0.3627697229385376,3.739288806915283,-0.92708420753479,0.09796791523694992,254,344
0,2,0.3655179738998413,3.7583839893341064,-0.9705886244773865,0.09796791523694992,242,345
0,3,0.23818214237689972,3.8027544021606445,0.07345955818891525,0.29390373826026917,258,345
0,4,0.24001431465148926,3.8319473266601562,-0.07702195644378662,0.29390373826026917,284,343
0,5,0.2418464720249176,3.852210521697998,-0.27450430393218994,0.29390373826026917,295,344
0,6,0.24367864429950714,3.8691346645355225,-0.41414305567741394,0.29390373826026917,284,359
0,7,0.368266224861145,3.887394666671753,-0.42788589000701904,0.29390373826026917,259,383
 , , , , , , , 
0,0,0.3655179738998413,3.776247978210449,-0.898579478263855,0.09796791523694992,277,347
0,1,0.3572732210159302,3.7332065105438232,-0.677194356918335,0.19593583047389984,232,353
0,2,0.3600214719772339,3.7570853233337402,-0.7085580229759216,0.19593583047389984,280,354
0,3,0.3627697229385376,3.7885735034942627,-0.6989105939865112,0.19593583047389984,290,356
0,4,0.24551081657409668,3.886093854904175,-0.5182114839553833,0.29390373826026917,264,386
0,5,0.24734298884868622,3.9126622676849365,-0.5400059223175049,0.29390373826026917,259,413
0,6,0.24367864429950714,3.88484525680542,-0.22292202711105347,0.3918716609477997,266,356
 , , , , , , , 
0,0,0.3627697229385376,3.734450578689575,-0.9463850259780884,0.09796791523694992,260,337
0,1,0.3600214719772339,3.804375648498535,-0.38009077310562134,0.19593583047389984,230,341
0,2,0.24734298884868622,3.912257432937622,-0.5429300665855408,0.19593583047389984,283,378
0,3,0.2418464720249176,3.85783052444458,0.17894525825977325,0.29390373826026917,254,337
0,4,0.24367864429950714,3.886512279510498,-0.19167453050613403,0.29390373826026917,305,335
0,5,0.24551081657409668,3.912228584289551,-0.2544316053390503,0.29390373826026917,315,346
0,6,0.12458758056163788,3.947617292404175,-0.5434979796409607,0.29390373826026917,235,403
 , , , , , , , 
0,0,0.2418464720249176,3.8600008487701416,-0.12357901781797409,0.19593583047389984,279,353
0,1,0.24367864429950714,3.885249376296997,-0.21576310694217682,0.19593583047389984,319,352
0,2,0.24551081657409668,3.908733367919922,-0.30343151092529297,0.19593583047389984,332,353
0,3,0.12367149442434311,3.9308340549468994,-0.4415397644042969,0.19593583047389984,297,367
 , , , , , , , 
0,0,0.4873572885990143,3.7480010986328125,-0.9571142196655273,0.09796791523694992,231,335
0,1,0.368266224861145,3.879631519317627,-0.4933378994464874,0.09796791523694992,253,336
0,2,0.49468597769737244,3.9228696823120117,-0.1676003783941269,0.09796791523694992,269,342
0,3,0.4983503222465515,3.9535303115844727,-0.12586039304733276,0.09796791523694992,276,362
0,4,0.5020146369934082,3.9819443225860596,-0.14593224227428436,0.09796791523694992,264,389
0,5,0.37925925850868225,4.026137828826904,-0.10907056927680969,0.09796791523694992,229,418
0,6,0.24367864429950714,3.8801658153533936,0.2933090627193451,0.29390373826026917,229,342
 , , , , , , , 
0,0,0.24367864429950714,3.862795114517212,-0.46960803866386414,0.09796791523694992,270,345
0,1,0.24551081657409668,3.885077476501465,-0.5257771015167236,0.09796791523694992,289,348
0,2,0.24734298884868622,3.922285318374634,-0.4649844169616699,0.09796791523694992,272,351
0,3,0.24917516112327576,3.9768872261047363,-0.12990115582942963,0.09796791523694992,249,364
0,4,0.2510073184967041,4.000510215759277,-0.249216228723526,0.09796791523694992,237,390
 , , , , , , , 
0,0,0.2418464720249176,3.8603382110595703,-0.11254605650901794,0.09796791523694992,233,337
0,1,0.24367864429950714,3.8843133449554443,-0.23200494050979614,0.09796791523694992,299,337
0,2,0.24551081657409668,3.9090423583984375,-0.2994249165058136,0.09796791523694992,331,338
0,3,0.24734298884868622,3.935577392578125,-0.33430933952331543,0.09796791523694992,332,342
0,4,0.24917516112327576,3.9663400650024414,-0.3172575533390045,0.09796791523694992,298,359
0,5,0.2510073184967041,4.004078388214111,-0.18315434455871582,0.09796791523694992,235,389
 , , , , , , , 
0,0,0.24367864429950714,3.8907880783081055,-0.05903555825352669,0.09796791523694992,268,344
0,1,0.24551081657409668,3.9166440963745117,-0.1736849844455719,0.09796791523694992,294,344
0,2,0.24734298884868622,3.935032367706299,-0.3406629264354706,0.09796791523694992,298,348
0,3,0.24917516112327576,3.9581894874572754,-0.4064994752407074,0.09796791523694992,288,364
0,4,0.2510073184967041,3.9809749126434326,-0.4669370949268341,0.09796791523694992,259,394
 , , , , , , , 
0,0,0.24367864429950714,3.8865036964416504,-0.19184772670269012,0.09796791523694992,284,345
0,1,0.24551081657409668,3.912614107131958,-0.24843183159828186,0.09796791523694992,308,345
0,2,0.24734298884868622,3.9367573261260986,-0.3201153874397278,0.09796791523694992,296,347
0,3,0.37376272678375244,3.9615259170532227,-0.24740195274353027,0.09796791523694992,229,361
 , , , , , , , 
0,0,0.3655179738998413,3.854064702987671,-0.46225354075431824,-0.09796791523694992,263,346
0,1,0.24551081657409668,3.897418260574341,-0.4247342646121979,-0.09796791523694992,312,346
0,2,0.24734298884868622,3.928277015686035,-0.4113047420978546,-0.09796791523694992,332,346
0,3,0.24917516112327576,3.960293769836426,-0.38545966148376465,-0.09796791523694992,315,355
0,4,0.2510073184967041,3.991743803024292,-0.3635542392730713,-0.09796791523694992,257,378
 , , , , , , , 
0,0,0.3627697229385376,3.7398998737335205,-0.9246160984039307,-0.3918716609477997,245,353
0,1,0.3655179738998413,3.767991542816162,-0.932594895362854,-0.3918716609477997,278,353
0,2,0.368266224861145,3.797349691390991,-0.9354459047317505,-0.3918716609477997,278,352
0,3,0.37101447582244873,3.8435540199279785,-0.8666892647743225,-0.3918716609477997,237,357
0,4,0.37101447582244873,3.923076868057251,-0.365411639213562,-0.09796791523694992,256,339
0,5,0.24917516112327576,3.9624738693237305,-0.36236536502838135,-0.09796791523694992,307,352
0,6,0.2510073184967041,3.9901793003082275,-0.38034048676490784,-0.09796791523694992,309,374
0,7,0.25283950567245483,4.018159866333008,-0.39494791626930237,-0.09796791523694992,279,400
 , , , , , , , 
0,0,0.3600214719772339,3.681180238723755,-1.0327904224395752,-0.3918716609477997,252,347
0,1,0.3627697229385376,3.7836084365844727,-0.7253086566925049,-0.29390373826026917,294,348
0,2,0.3655179738998413,3.8323278427124023,-0.6170547604560852,-0.29390373826026917,315,347
0,3,0.368266224861145,3.878779649734497,-0.4999920129776001,-0.29390373826026917,313,350
0,4,0.24734298884868622,3.92738676071167,-0.4197196960449219,-0.29390373826026917,284,369
0,5,0.24917516112327576,3.9616196155548096,-0.3715873658657074,-0.29390373826026917,247,399
0,6,0.2510073184967041,3.9807076454162598,-0.4692082107067108,-0.19593583047389984,236,416
 , , , , , , , 
0,0,0.12458758056163788,3.9780983924865723,-0.2319648265838623,-0.4898395836353302,240,362
0,1,0.3627697229385376,3.7498130798339844,-0.883553683757782,-0.29390373826026917,229,354
0,2,0.24734298884868622,3.8455259799957275,-0.9013660550117493,-0.29390373826026917,226,385
0,3,0.12458758056163788,3.940481424331665,-0.5930261611938477,-0.19593583047389984,243,378
 , , , , , , , 
0,0,0.24551081657409668,3.907273292541504,-0.32169026136398315,-0.5878074765205383,272,366
0,1,0.12367149442434311,3.950741767883301,-0.19507579505443573,-0.5878074765205383,254,385
0,2,0.3655179738998413,3.877591133117676,-0.17827208340168,-0.4898395836353302,292,351
0,3,0.3572732210159302,3.7713980674743652,-0.41470420360565186,-0.3918716609477997,246,333
0,4,0.3600214719772339,3.803027868270874,-0.39334896206855774,-0.3918716609477997,284,332
0,5,0.3627697229385376,3.833921432495117,-0.37790587544441223,-0.3918716609477997,301,335
0,6,0.12367149442434311,3.871037721633911,-0.8133149147033691,-0.3918716609477997,231,402
 , , , , , , , 
0,0,0.35177668929100037,3.667222261428833,-0.7123031616210938,-0.6857753992080688,244,327
0,1,0.35452497005462646,3.712846279144287,-0.6241640448570251,-0.5878074765205383,263,342
0,2,0.3572732210159302,3.751772165298462,-0.5653571486473083,-0.5878074765205383,278,347
0,3,0.3600214719772339,3.7796144485473633,-0.576417863368988,-0.5878074765205383,270,356
0,4,0.3627697229385376,3.7438488006591797,-0.9084945917129517,-0.5878074765205383,228,376
 , , , , , , , 
0,0,0.34902843832969666,3.698967695236206,-0.23732613027095795,-0.7837433218955994,235,352
0,1,0.23451779782772064,3.74078631401062,-0.17652420699596405,-0.7837433218955994,286,353
0,2,0.23634997010231018,3.7683064937591553,-0.2109512984752655,-0.7837433218955994,317,354
0,3,0.23818214237689972,3.7952940464019775,-0.24915701150894165,-0.7837433218955994,318,364
0,4,0.24001431465148926,3.820591449737549,-0.30468663573265076,-0.7837433218955994,287,386
0,5,0.2418464720249176,3.839726209640503,-0.4139822721481323,-0.7837433218955994,231,416
 , , , , , , , 
0,0,-0.23085345327854156,1.1171529293060303,3.513084888458252,0.5878074765205383,275,343
0,1,-0.2326856255531311,1.3475093841552734,3.4627418518066406,0.5878074765205383,340,340
0,2,-0.23451779782772064,1.3658374547958374,3.486994504928589,0.5878074765205383,365,344
0,3,-0.23634997010231018,1.3617956638336182,3.5199639797210693,0.5878074765205383,351,360
0,4,-0.23818214237689972,1.4541264772415161,3.5145204067230225,0.5878074765205383,312,383
0,5,-0.24001431465148926,1.9440639019012451,3.3030846118927,0.6857753992080688,238,428
 , , , , , , , 
0,0,-0.22902128100395203,1.9702738523483276,3.0810649394989014,0.5878074765205383,279,348
0,1,-0.23085345327854156,1.9019802808761597,3.1578896045684814,0.5878074765205383,293,356
0,2,-0.2326856255531311,1.7631840705871582,3.2707102298736572,0.5878074765205383,298,372
0,3,-0.23451779782772064,1.8014203310012817,3.2832190990448,0.5878074765205383,288,396
0,4,-0.23634997010231018,1.970354676246643,3.2190582752227783,0.5878074765205383,253,426
0,5,-0.11359456181526184,1.7321851253509521,3.1937508583068848,0.6857753992080688,252,349
0,6,0.45437824726104736,3.494316816329956,-0.892582893371582,-0.7837433218955994,256,345
 , , , , , , , 
0,0,-0.1117623895406723,0.8324804306030273,-3.476362466812134,0.6857753992080688,245,347
0,1,-0.11267847567796707,1.046142339706421,-3.4487740993499756,0.6857753992080688,267,349
0,2,-0.22902128100395203,1.1496434211730957,3.47178053855896,0.6857753992080688,304,377
0,3,-0.23085345327854156,1.3465783596038818,3.4316937923431396,0.6857753992080688,286,401
0,4,-0.2326856255531311,1.5021363496780396,3.398521661758423,0.6857753992080688,233,433
0,5,0.3352871537208557,3.484616994857788,-0.7318735122680664,-0.29390373826026917,231,346
0,6,0.3380354344844818,3.5015172958374023,-0.7913669347763062,-0.29390373826026917,259,348
 , , , , , , , 
0,0,-0.109014131128788,1.4174877405166626,3.185615062713623,0.6857753992080688,241,326
0,1,0.3297906517982483,3.5017075538635254,-0.06297528743743896,-0.7837433218955994,312,344
0,2,0.332538902759552,3.5308477878570557,-0.06573651731014252,-0.7837433218955994,357,346
0,3,0.2235247790813446,3.5676403045654297,-0.11220511794090271,-0.7837433218955994,370,349
0,4,0.22535695135593414,3.5952117443084717,-0.15754149854183197,-0.7837433218955994,351,358
0,5,0.22718912363052368,3.6209614276885986,-0.2245832234621048,-0.7837433218955994,310,384
0,6,0.22902128100395203,3.6460890769958496,-0.2845589518547058,-0.7837433218955994,248,424
0,7,0.43972086906433105,3.4666247367858887,-0.40477505326271057,-0.5878074765205383,246,352
0,8,0.44338521361351013,3.491859197616577,-0.4383126497268677,-0.5878074765205383,288,351
 , , , , , , , 
0,0,-0.21986043453216553,2.315823554992676,2.638807773590088,0.29390373826026917,288,343
0,1,-0.22169260680675507,2.27470326423645,2.7126309871673584,0.29390373826026917,311,342
0,2,0.21619608998298645,3.4512007236480713,-0.09002470970153809,-0.7837433218955994,244,343
0,3,0.218028262257576,3.4805681705474854,-0.08607763797044754,-0.7837433218955994,273,341
0,4,0.2235247790813446,3.5669314861297607,-0.1328442245721817,-0.7837433218955994,286,384
0,5,0.22535695135593414,3.592939853668213,-0.2028556615114212,-0.7837433218955994,247,413
 , , , , , , , 
0,0,0.42506352066993713,3.359375238418579,-0.31204724311828613,-0.7837433218955994,256,340
0,1,0.4287278354167938,3.3839473724365234,-0.35885515809059143,-0.7837433218955994,307,341
0,2,0.4323921799659729,3.403542995452881,-0.4410935640335083,-0.7837433218955994,318,341
0,3,0.5450706481933594,3.3962502479553223,-0.5811038017272949,-0.7837433218955994,269,348
0,4,0.10993021726608276,3.4507057666778564,0.674706220626831,-0.7837433218955994,250,368
0,5,0.22169260680675507,3.5278756618499756,0.2945078909397125,-0.7837433218955994,238,401
0,6,0.436056524515152,3.337493658065796,-0.916673481464386,-0.5878074765205383,261,344
0,7,0.43972086906433105,3.3949484825134277,-0.8097251653671265,-0.5878074765205383,273,345
 , , , , , , , 
0,0,-0.21619608998298645,1.2848293781280518,3.204388380050659,0.6857753992080688,329,364
0,1,-0.218028262257576,1.0849859714508057,3.308257579803467,0.6857753992080688,298,391
0,2,0.31330111622810364,3.3270044326782227,-0.03219117969274521,-0.7837433218955994,249,343
0,3,0.31604939699172974,3.354602098464966,-0.10818467289209366,-0.7837433218955994,302,346
0,4,0.31879764795303345,3.3756422996520996,-0.2585762143135071,-0.7837433218955994,321,347
0,5,0.2143639177083969,3.4090046882629395,-0.31051328778266907,-0.7837433218955994,327,352
 , , , , , , , 
0,0,-0.31604939699172974,0.31240078806877136,-3.34177565574646,0.5878074765205383,263,352
0,1,-0.1026015356183052,0.7321353554725647,-3.1989336013793945,0.6857753992080688,227,358
0,2,-0.20703524351119995,0.8004137873649597,-3.207733392715454,0.6857753992080688,272,360
0,3,-0.31330111622810364,1.3200238943099976,-3.054100751876831,0.6857753992080688,271,357
0,4,-0.21253176033496857,0.27542006969451904,-3.3826661109924316,0.6857753992080688,273,373
0,5,-0.2143639177083969,0.06367906183004379,3.422524929046631,0.6857753992080688,257,402
0,6,0.42139917612075806,3.262946128845215,-0.7352213263511658,-0.7837433218955994,291,354
0,7,0.3105528652667999,3.2550015449523926,-0.5306611061096191,-0.6857753992080688,261,350
0,8,0.31330111622810364,3.2963240146636963,-0.45193207263946533,-0.6857753992080688,283,349
 , , , , , , , 
0,0,-0.10076936334371567,0.6987971663475037,3.146378755569458,0.5878074765205383,288,342
0,1,-0.10168544948101044,1.0649828910827637,3.073037624359131,0.5878074765205383,345,345
0,2,-0.1026015356183052,1.1823220252990723,3.0612599849700928,0.5878074765205383,375,345
0,3,-0.10351762175559998,0.22628240287303925,3.3032045364379883,0.6857753992080688,361,360
0,4,-0.10443370789289474,0.549866259098053,-3.2946765422821045,0.6857753992080688,313,385
0,5,-0.21069958806037903,1.0622894763946533,-3.1925055980682373,0.6857753992080688,237,419
 , , , , , , , 
0,0,-0.19787439703941345,2.3456404209136963,2.117147207260132,0.3918716609477997,244,354
0,1,-0.199706569314003,2.2401742935180664,2.269737958908081,0.3918716609477997,291,353
0,2,-0.10076936334371567,1.7141915559768677,2.729388952255249,0.4898395836353302,338,339
0,3,-0.10168544948101044,1.5201499462127686,2.875220537185669,0.4898395836353302,339,348
0,4,-0.1026015356183052,1.271325707435608,3.025380849838257,0.4898395836353302,310,368
0,5,-0.09893719851970673,1.2333848476409912,2.9141838550567627,0.5878074765205383,270,330
0,6,-0.0998532846570015,1.2896335124969482,2.9217886924743652,0.5878074765205383,319,328
0,7,-0.20703524351119995,0.7735601663589478,-3.2143149375915527,0.5878074765205383,269,394
 , , , , , , , 
0,0,-0.09618894010782242,1.6698577404022217,2.5839293003082275,0.3918716609477997,231,347
0,1,-0.09710502624511719,1.7915925979614258,2.537017583847046,0.3918716609477997,292,346
0,2,-0.09802111238241196,1.8627322912216187,2.521775960922241,0.3918716609477997,321,348
0,3,-0.09893719851970673,1.2569671869277954,2.904090166091919,0.4898395836353302,328,350
0,4,-0.0998532846570015,0.8293954133987427,3.084170341491699,0.5878074765205383,311,361
0,5,-0.20153872668743134,0.7872032523155212,3.1205551624298096,0.5878074765205383,263,388
 , , , , , , , 
0,0,-0.09710502624511719,1.7721527814865112,2.5506346225738525,0.4898395836353302,291,352
0,1,-0.09802111238241196,1.3508172035217285,2.8292081356048584,0.4898395836353302,239,369
0,2,-0.09435676783323288,1.8845577239990234,2.3572049140930176,0.5878074765205383,290,348
0,3,-0.09527285397052765,1.9187498092651367,2.3672947883605957,0.5878074765205383,320,344
0,4,-0.09618894010782242,1.9296799898147583,2.396132469177246,0.5878074765205383,318,345
0,5,0.0,0.5017697215080261,3.0962817668914795,0.6857753992080688,240,376
 , , , , , , , 
0,0,-0.09252460300922394,1.3759104013442993,2.620032548904419,0.6857753992080688,296,342
0,1,-0.18688136339187622,1.432852029800415,2.617769956588745,0.6857753992080688,323,345
0,2,-0.09435676783323288,1.7931820154190063,2.427441358566284,0.6857753992080688,302,348
0,3,0.0,1.7555129528045654,2.4925763607025146,0.6857753992080688,314,361
0,4,-0.09618894010782242,1.4020808935165405,2.7384822368621826,0.6857753992080688,314,388
0,5,-0.19421005249023438,1.1954840421676636,2.8616063594818115,0.6857753992080688,267,424
 , , , , , , , 
0,0,0.2720772922039032,2.8863377571105957,-0.13246987760066986,-0.7837433218955994,277,340
0,1,0.18321703374385834,2.9224300384521484,-0.13916218280792236,-0.7837433218955994,339,343
0,2,0.18504920601844788,2.9510388374328613,-0.15292885899543762,-0.7837433218955994,364,347
0,3,0.18688136339187622,2.9781036376953125,-0.19152730703353882,-0.7837433218955994,365,353
0,4,0.28307029604911804,2.9978296756744385,-0.22308027744293213,-0.7837433218955994,326,374
0,5,0.28581857681274414,3.016942024230957,-0.3333621621131897,-0.7837433218955994,253,407
 , , , , , , , 
0,0,0.0,1.7597378492355347,2.2336015701293945,0.29390373826026917,263,344
0,1,0.0,1.8422859907150269,2.2043614387512207,0.29390373826026917,298,340
0,2,0.2665807604789734,2.820214033126831,-0.24694456160068512,-0.7837433218955994,247,348
0,3,0.2693290412425995,2.849482297897339,-0.24726450443267822,-0.7837433218955994,310,349
0,4,0.2720772922039032,2.8780441284179688,-0.25564804673194885,-0.7837433218955994,344,352
0,5,0.2748255431652069,2.9018990993499756,-0.3114219605922699,-0.7837433218955994,352,360
0,6,0.277573823928833,2.9204742908477783,-0.40005427598953247,-0.7837433218955994,334,379
0,7,0.28032204508781433,2.93780255317688,-0.4810869097709656,-0.7837433218955994,287,408
 , , , , , , , 
0,0,0.0,1.809090495109558,2.117274761199951,0.5878074765205383,258,348
0,1,0.17588834464550018,2.8083643913269043,0.04416247829794884,-0.7837433218955994,293,347
0,2,0.17772051692008972,2.837559938430786,-0.048190660774707794,-0.7837433218955994,347,347
0,3,0.2693290412425995,2.8575656414031982,-0.12250694632530212,-0.7837433218955994,370,347
0,4,0.2720772922039032,2.881814956665039,-0.20889422297477722,-0.7837433218955994,359,356
0,5,0.2748255431652069,2.903895854949951,-0.2922188639640808,-0.7837433218955994,309,383
0,6,0.277573823928833,2.9330484867095947,-0.29400622844696045,-0.7837433218955994,237,420
 , , , , , , , 
0,0,0.0,1.2897043228149414,2.4351401329040527,0.6857753992080688,272,344
0,1,0.0,1.4387314319610596,2.3844733238220215,0.6857753992080688,308,343
0,2,0.08794417232275009,1.42860746383667,2.423044443130493,0.6857753992080688,320,342
0,3,0.08886025846004486,1.4123514890670776,2.4663779735565186,0.6857753992080688,301,354
0,4,0.08977634459733963,1.2622032165527344,2.5791492462158203,0.6857753992080688,250,379
0,5,0.08886025846004486,2.8027608394622803,-0.4714743196964264,-0.6857753992080688,276,368
0,6,0.17955268919467926,2.810734510421753,-0.5663561224937439,-0.6857753992080688,244,396
 , , , , , , , 
0,0,0.34628018736839294,3.677215099334717,0.0355997234582901,0.5878074765205383,241,406
0,1,-0.08336374908685684,1.3603110313415527,2.2932307720184326,0.6857753992080688,266,339
0,2,-0.08427983522415161,1.3663249015808105,2.3237078189849854,0.6857753992080688,334,340
0,3,-0.08519592136144638,1.3601257801055908,2.3612167835235596,0.6857753992080688,362,341
0,4,0.1722240149974823,2.7498905658721924,-0.041058674454689026,-0.7837433218955994,354,343
0,5,0.26108425855636597,2.7710354328155518,-0.09411913901567459,-0.7837433218955994,298,363
0,6,0.33345499634742737,2.5721824169158936,-0.6236892938613892,-0.5878074765205383,253,343
0,7,0.33711934089660645,2.5877573490142822,-0.6807551383972168,-0.5878074765205383,309,344
0,8,0.3407836854457855,2.606499671936035,-0.7228906154632568,-0.5878074765205383,328,346
0,9,0.3444480299949646,2.627884864807129,-0.7542026042938232,-0.5878074765205383,313,350
 , , , , , , , 
0,0,0.0,1.8110766410827637,1.918531060218811,0.3918716609477997,270,353
0,1,0.0,1.8740513324737549,1.8984822034835815,0.3918716609477997,293,355
0,2,-0.0815315768122673,0.5667660236358643,2.545400619506836,0.6857753992080688,239,344
0,3,-0.08244766294956207,0.767236053943634,2.5229568481445312,0.6857753992080688,334,344
0,4,-0.08336374908685684,0.9239256978034973,2.501142740249634,0.6857753992080688,384,349
0,5,-0.08427983522415161,1.0543818473815918,2.480875015258789,0.6857753992080688,401,353
0,6,-0.08519592136144638,1.1837517023086548,2.454387664794922,0.6857753992080688,380,366
0,7,0.0,1.3283745050430298,2.4142630100250244,0.6857753992080688,311,394
 , , , , , , , 
0,0,0.0,1.479203701019287,2.0415024757385254,0.4898395836353302,249,343
0,1,0.0,1.5500023365020752,2.0253236293792725,0.4898395836353302,340,343
0,2,0.0,1.595412015914917,2.0271878242492676,0.4898395836353302,389,344
0,3,0.0,1.6230506896972656,2.0427045822143555,0.4898395836353302,401,348
0,4,0.0,1.6479895114898682,2.0603132247924805,0.4898395836353302,373,364
0,5,-0.08336374908685684,1.593282699584961,2.137943744659424,0.5878074765205383,309,400
0,6,-0.16855967044830322,1.714114785194397,2.075322389602661,0.5878074765205383,236,440
 , , , , , , , 
0,0,-0.0815315768122673,1.746904969215393,1.9361330270767212,0.5878074765205383,329,374
0,1,0.0,1.774114966392517,1.952761173248291,0.5878074765205383,260,411
0,2,0.0,1.4382219314575195,2.0347836017608643,0.6857753992080688,303,347
0,3,0.0,1.3963781595230103,2.099024534225464,0.6857753992080688,356,346
0,4,0.0,1.387139916419983,2.140160322189331,0.6857753992080688,380,344
0,5,0.0,1.4463880062103271,2.1360692977905273,0.6857753992080688,365,355
0,6,0.0,2.635230779647827,0.1277437061071396,-0.7837433218955994,250,400
 , , , , , , , 
0,0,0.30414026975631714,2.3700506687164307,-0.4587394595146179,-0.6857753992080688,308,338
0,1,0.3078046143054962,2.4069888591766357,-0.4186367094516754,-0.6857753992080688,364,339
0,2,0.3114689588546753,2.439305067062378,-0.4020012319087982,-0.6857753992080688,388,341
0,3,0.31513330340385437,2.468881368637085,-0.401361882686615,-0.6857753992080688,370,354
0,4,0.2390982210636139,2.5148069858551025,-0.35074374079704285,-0.6857753992080688,311,382
0,5,0.08061549067497253,2.574474334716797,-0.1428740918636322,-0.6857753992080688,283,422
0,6,0.1630631536245346,2.60384464263916,-0.01843460649251938,-0.6857753992080688,242,468
 , , , , , , , 
0,0,0.31513330340385437,2.460519790649414,-0.44978779554367065,-0.6857753992080688,314,391
0,1,0.2390982210636139,2.4767024517059326,-0.5596608519554138,-0.6857753992080688,252,430
0,2,0.22535693645477295,2.392920970916748,-0.037862442433834076,-0.5878074765205383,304,352
0,3,0.30414026975631714,2.4106860160827637,-0.12718483805656433,-0.5878074765205383,367,351
0,4,0.3078046143054962,2.43619441986084,-0.18387262523174286,-0.5878074765205383,392,350
0,5,0.3114689588546753,2.459728956222534,-0.24808751046657562,-0.5878074765205383,377,356
0,6,0.30047592520713806,2.3410463333129883,-0.4555286765098572,-0.3918716609477997,278,345
0,7,0.3801753520965576,2.3449885845184326,-0.5259071588516235,-0.3918716609477997,311,345
 , , , , , , , 
0,0,0.2931472361087799,2.3220908641815186,-0.1477082222700119,-0.4898395836353302,240,338
0,1,0.296811580657959,2.35032057762146,-0.16159164905548096,-0.4898395836353302,339,335
0,2,0.30047592520713806,2.3778324127197266,-0.18416523933410645,-0.4898395836353302,399,332
0,3,0.30414026975631714,2.4041597843170166,-0.21816958487033844,-0.4898395836353302,424,337
0,4,0.23085346817970276,2.4362313747406006,-0.27400505542755127,-0.4898395836353302,413,352
0,5,0.23360171914100647,2.4583897590637207,-0.3325302302837372,-0.4898395836353302,364,384
0,6,0.15756665170192719,2.484741687774658,-0.39624086022377014,-0.4898395836353302,284,425
 , , , , , , , 
0,0,0.2894829213619232,2.2899882793426514,-0.18808485567569733,-0.3918716609477997,257,350
0,1,0.2931472361087799,2.3134281635284424,-0.2489471286535263,-0.3918716609477997,334,352
0,2,0.296811580657959,2.3371450901031494,-0.29643112421035767,-0.3918716609477997,371,354
0,3,0.30047592520713806,2.3605942726135254,-0.33999884128570557,-0.3918716609477997,372,360
0,4,0.22810520231723785,2.3990347385406494,-0.3356848955154419,-0.3918716609477997,339,376
0,5,0.1539023071527481,2.452810764312744,-0.15371949970722198,-0.3918716609477997,284,408
0,6,0.07786723971366882,2.4870893955230713,0.13095511496067047,-0.3918716609477997,231,448
 , , , , , , , 
0,0,0.2894829213619232,2.296701669692993,-0.06770443916320801,0.0,288,322
0,1,0.2931472361087799,2.324773073196411,-0.0967167317867279,0.0,338,322
0,2,0.30414026975631714,2.3407957553863525,-0.5901332497596741,-0.29390373826026917,334,409
0,3,0.3078046143054962,2.3819527626037598,-0.5432805418968201,-0.29390373826026917,235,451
0,4,0.3572732210159302,2.1463348865509033,-0.7027851343154907,-0.19593583047389984,272,338
0,5,0.2894829213619232,2.242173194885254,-0.5020780563354492,-0.19593583047389984,374,337
0,6,0.2931472361087799,2.2766480445861816,-0.4804144501686096,-0.19593583047389984,425,343
0,7,0.296811580657959,2.3039512634277344,-0.4918603301048279,-0.19593583047389984,436,354
0,8,0.3755949139595032,2.3177499771118164,-0.5150278210639954,-0.19593583047389984,402,377
 , , , , , , , 
0,0,0.296811580657959,2.35319185256958,-0.11227802187204361,0.0,285,321
0,1,0.22535693645477295,2.3928561210632324,-0.04176238924264908,0.0,265,330
0,2,0.15207013487815857,2.428241729736328,0.02451082319021225,0.0,227,351
0,3,0.2116156816482544,2.237403392791748,-0.21059365570545197,-0.29390373826026917,236,334
0,4,0.2143639326095581,2.2483952045440674,-0.35647156834602356,-0.29390373826026917,329,339
0,5,0.21711218357086182,2.2705585956573486,-0.40081071853637695,-0.29390373826026917,390,342
0,6,0.21986043453216553,2.297706127166748,-0.4148101508617401,-0.29390373826026917,418,348
0,7,0.22260868549346924,2.32356858253479,-0.4355342984199524,-0.29390373826026917,406,363
0,8,0.30047592520713806,2.333847999572754,-0.49107739329338074,-0.29390373826026917,349,392
0,9,0.3801753520965576,2.3242440223693848,-0.6110972762107849,-0.29390373826026917,245,432
 , , , , , , , 
0,0,0.2143639326095581,2.275777578353882,0.05647227168083191,0.0,282,318
0,1,0.21711218357086182,2.305264472961426,0.04291405528783798,0.0,322,320
0,2,0.21986043453216553,2.3344058990478516,0.04550063982605934,0.0,325,327
0,3,0.28215423226356506,2.239529609680176,-0.00125892146024853,-0.19593583047389984,278,346
0,4,0.28581857681274414,2.2678937911987305,-0.057186685502529144,-0.19593583047389984,356,347
0,5,0.21711218357086182,2.3040528297424316,-0.08617344498634338,-0.19593583047389984,397,347
0,6,0.21986043453216553,2.3330695629119873,-0.09114594757556915,-0.19593583047389984,401,352
0,7,0.22260868549346924,2.3624305725097656,-0.0870753601193428,-0.19593583047389984,369,371
0,8,0.22535693645477295,2.3918864727020264,-0.07989664375782013,-0.19593583047389984,310,404
0,9,0.15207013487815857,2.424771547317505,-0.13206584751605988,-0.19593583047389984,249,448
 , , , , , , , 
0,0,0.0,2.398552656173706,0.15885646641254425,-0.19593583047389984,275,413
0,1,0.0,2.4329612255096436,-0.027985328808426857,-0.19593583047389984,228,458
0,2,0.2116156816482544,2.2458560466766357,0.08033761382102966,-0.09796791523694992,324,338
0,3,0.2143639326095581,2.2756168842315674,0.06261123716831207,-0.09796791523694992,386,337
0,4,0.21711218357086182,2.3048794269561768,0.06013648211956024,-0.09796791523694992,411,339
0,5,0.21986043453216553,2.3342080116271973,0.054713353514671326,-0.09796791523694992,398,346
0,6,0.296811580657959,2.355867624282837,0.002550284843891859,-0.09796791523694992,328,371
 , , , , , , , 
0,0,0.2088674157857895,2.2180333137512207,-0.018050823360681534,-0.09796791523694992,236,346
0,1,0.2116156816482544,2.245306968688965,-0.09444566071033478,-0.09796791523694992,311,345
0,2,0.2143639326095581,2.2738301753997803,-0.10976741462945938,-0.09796791523694992,335,342
0,3,0.21711218357086182,2.2767398357391357,0.36406195163726807,-0.09796791523694992,323,338
0,4,0.21986043453216553,2.2937393188476562,0.4362121820449829,-0.09796791523694992,330,347
0,5,0.1484057903289795,2.354954957962036,0.26529020071029663,-0.09796791523694992,322,375
0,6,0.07511898130178452,2.388803482055664,0.25741928815841675,-0.09796791523694992,281,416
 , , , , , , , 
0,0,0.2088674157857895,2.211469888687134,-0.1714613139629364,-0.09796791523694992,258,341
0,1,0.2116156816482544,2.2368874549865723,-0.21600523591041565,-0.09796791523694992,341,340
0,2,0.2143639326095581,2.26523756980896,-0.22594556212425232,-0.09796791523694992,387,338
0,3,0.21711218357086182,2.294464349746704,-0.22697827219963074,-0.09796791523694992,398,342
0,4,0.21986043453216553,2.3230721950531006,-0.23421479761600494,-0.09796791523694992,362,359
0,5,0.296811580657959,2.343921661376953,-0.23695982992649078,-0.09796791523694992,268,392
 , , , , , , , 
0,0,0.2088674157857895,2.214308977127075,-0.12974554300308228,-0.09796791523694992,248,334
0,1,0.2116156816482544,2.2377333641052246,-0.2070593237876892,-0.09796791523694992,317,331
0,2,0.28581857681274414,2.2540111541748047,-0.2569948732852936,-0.09796791523694992,339,332
0,3,0.2894829213619232,2.280045986175537,-0.2842770218849182,-0.09796791523694992,309,338
0,4,0.07420289516448975,2.3682751655578613,-0.1548612266778946,-0.09796791523694992,260,385
0,5,0.07511898130178452,2.39945912361145,-0.12346266210079193,-0.09796791523694992,234,422
 , , , , , , , 
0,0,0.2116156816482544,2.247089147567749,0.030231120064854622,0.09796791523694992,252,335
0,1,0.2143639326095581,2.276442050933838,-0.012818897143006325,0.09796791523694992,282,336
0,2,0.21711218357086182,2.3054745197296143,-0.02952883020043373,0.09796791523694992,282,336
0,3,0.14657361805438995,2.3405890464782715,-0.004232276231050491,0.09796791523694992,246,346
0,4,0.2088674157857895,2.2100577354431152,-0.18879103660583496,-0.09796791523694992,234,338
0,5,0.2116156816482544,2.233210802078247,-0.25118377804756165,-0.09796791523694992,302,339
0,6,0.2143639326095581,2.2592315673828125,-0.2796872556209564,-0.09796791523694992,333,340
0,7,0.21711218357086182,2.2882142066955566,-0.28312692046165466,-0.09796791523694992,336,341
0,8,0.21986043453216553,2.3211050033569336,-0.25296875834465027,-0.09796791523694992,298,355
 , , , , , , , 
0,0,0.2088674157857895,2.20918869972229,-0.19870179891586304,-0.09796791523694992,278,324
0,1,0.2116156816482544,2.230062484741211,-0.27774935960769653,-0.09796791523694992,343,324
0,2,0.2143639326095581,2.2507119178771973,-0.3415388762950897,-0.09796791523694992,372,324
0,3,0.21711218357086182,2.2697837352752686,-0.405176043510437,-0.09796791523694992,364,331
0,4,0.2931472361087799,2.283792495727539,-0.44521433115005493,-0.09796791523694992,312,352
0,5,0.4452173709869385,2.2894670963287354,-0.44535183906555176,-0.09796791523694992,226,387
 , , , , , , , 
0,0,0.2088674157857895,2.211916208267212,-0.16560432314872742,-0.09796791523694992,315,328
0,1,0.2116156816482544,2.2370448112487793,-0.21436892449855804,-0.09796791523694992,374,327
0,2,0.2143639326095581,2.2629594802856445,-0.2477237731218338,-0.09796791523694992,394,330
0,3,0.21711218357086182,2.289487838745117,-0.27263781428337097,-0.09796791523694992,378,338
0,4,0.21986043453216553,2.3197529315948486,-0.2650797665119171,-0.09796791523694992,326,363
0,5,0.22260868549346924,2.3573944568634033,-0.17706382274627686,-0.09796791523694992,254,402
 , , , , , , , 
0,0,0.20611914992332458,2.1867268085479736,-0.09798625856637955,-0.09796791523694992,227,344
0,1,0.2088674157857895,2.20979905128479,-0.19179660081863403,-0.09796791523694992,331,343
0,2,0.2116156816482544,2.2363524436950684,-0.22147376835346222,-0.09796791523694992,388,343
0,3,0.2143639326095581,2.2645483016967773,-0.23275063931941986,-0.09796791523694992,409,343
0,4,0.21711218357086182,2.293459415435791,-0.23691685497760773,-0.09796791523694992,384,353
0,5,0.21986043453216553,2.324443817138672,-0.2201845645904541,-0.09796791523694992,297,382
 , , , , , , , 
0,0,0.20611914992332458,2.1884043216705322,-0.047560952603816986,-0.09796791523694992,273,334
0,1,0.2088674157857895,2.2122700214385986,-0.1608077436685562,-0.09796791523694992,367,337
0,2,0.2116156816482544,2.2372257709503174,-0.21247133612632751,-0.09796791523694992,422,337
0,3,0.2143639326095581,2.2621922492980957,-0.25463372468948364,-0.09796791523694992,436,345
0,4,0.21711218357086182,2.2834770679473877,-0.31908920407295227,-0.09796791523694992,410,362
0,5,0.21986043453216553,2.2866623401641846,-0.47190648317337036,-0.09796791523694992,333,394
0,6,0.07420289516448975,2.3679656982421875,-0.15952420234680176,-0.09796791523694992,240,440
 , , , , , , , 
0,0,0.20611914992332458,2.1883413791656494,-0.05037279054522514,-0.09796791523694992,289,340
0,1,0.2088674157857895,2.2144012451171875,-0.12815992534160614,-0.09796791523694992,365,343
0,2,0.2116156816482544,2.239900827407837,-0.18212100863456726,-0.09796791523694992,404,344
0,3,0.2143639326095581,2.2639546394348145,-0.23845678567886353,-0.09796791523694992,404,353
0,4,0.21711218357086182,2.2816553115844727,-0.3318643271923065,-0.09796791523694992,364,373
0,5,0.21986043453216553,2.2403717041015625,-0.6574617028236389,-0.09796791523694992,257,410
 , , , , , , , 
0,0,0.07145464420318604,2.264657735824585,-0.3074471652507782,-0.4898395836353302,281,339
0,1,0.0723707303404808,2.303579330444336,-0.22695212066173553,-0.19593583047389984,306,356
0,2,0.07328680902719498,2.3300371170043945,-0.25576385855674744,-0.19593583047389984,287,383
0,3,0.1484057903289795,2.3559727668762207,-0.2560930848121643,-0.19593583047389984,240,422
0,4,0.20611914992332458,2.1861863136291504,-0.10938625782728195,-0.09796791523694992,289,330
0,5,0.2088674157857895,2.2087976932525635,-0.2030027210712433,-0.09796791523694992,356,327
0,6,0.2116156816482544,2.2316267490386963,-0.26488688588142395,-0.09796791523694992,371,331
0,7,0.14290928840637207,2.2712035179138184,-0.2225218564271927,-0.09796791523694992,340,340
 , , , , , , , 
0,0,0.14107711613178253,2.242915630340576,-0.21102508902549744,-0.29390373826026917,303,340
0,1,0.14290928840637207,2.2685582637786865,-0.24804086983203888,-0.29390373826026917,329,338
0,2,0.1447414606809616,2.2943384647369385,-0.2797917127609253,-0.29390373826026917,321,337
0,3,0.20611914992332458,2.183061122894287,-0.16006220877170563,-0.09796791523694992,269,333
0,4,0.2088674157857895,2.2052433490753174,-0.2385355830192566,-0.09796791523694992,319,337
0,5,0.2116156816482544,2.2211410999298096,-0.34184253215789795,-0.09796791523694992,324,339
0,6,0.0,2.2995731830596924,0.27420228719711304,-0.09796791523694992,290,363
0,7,0.07328680902719498,2.3375983238220215,0.17355763912200928,-0.09796791523694992,283,398
0,8,0.1484057903289795,2.362877368927002,0.18166430294513702,-0.09796791523694992,240,438
 , , , , , , , 
0,0,-0.3389514982700348,0.9973299503326416,1.8963812589645386,0.3918716609477997,251,346
0,1,-0.34353193640708923,1.0396641492843628,1.9065531492233276,0.3918716609477997,265,344
0,2,0.0696224719285965,2.16294264793396,-0.5295796990394592,-0.3918716609477997,304,342
0,3,0.07053855806589127,2.1866533756256104,-0.555586040019989,-0.3918716609477997,334,345
0,4,0.14290928840637207,2.2087221145629883,-0.5739578604698181,-0.3918716609477997,325,350
0,5,0.1447414606809616,2.2449586391448975,-0.549938976764679,-0.3918716609477997,278,364
0,6,0.2894829213619232,2.28503680229187,-0.24089327454566956,-0.19593583047389984,330,387
0,7,0.20611914992332458,2.186736583709717,-0.09777166694402695,-0.09796791523694992,301,347
0,8,0.2088674157857895,2.2150027751922607,-0.11730305850505829,-0.09796791523694992,367,344
0,9,0.2116156816482544,2.245412826538086,-0.09189207851886749,-0.09796791523694992,396,348
0,10,0.2143639326095581,2.27593731880188,-0.049619339406490326,-0.09796791523694992,387,360
0,11,0.21711218357086182,2.305510997772217,0.026539674028754234,-0.09796791523694992,333,384
0,12,0.14657361805438995,2.3256781101226807,0.2638130784034729,-0.09796791523694992,256,422
 , , , , , , , 
0,0,0.0,2.4034781455993652,-0.03978075459599495,-0.4898395836353302,232,356
0,1,0.3481123447418213,1.8199423551559448,1.2370333671569824,-0.29390373826026917,267,339
0,2,0.0,2.314220666885376,-0.08721379935741425,-0.29390373826026917,329,357
0,3,0.07328680902719498,2.3437585830688477,-0.03583686798810959,-0.29390373826026917,319,384
0,4,0.07420289516448975,2.3732502460479736,-0.01982280984520912,-0.29390373826026917,266,419
0,5,0.278489887714386,2.210427761077881,-0.008738608099520206,-0.09796791523694992,263,346
0,6,0.28215423226356506,2.2369322776794434,-0.10783421993255615,-0.09796791523694992,301,351
0,7,0.28581857681274414,2.2578721046447754,-0.22051258385181427,-0.09796791523694992,307,358
 , , , , , , , 
0,0,0.0,2.272773027420044,0.2506144344806671,-0.3918716609477997,307,363
0,1,0.0723707303404808,2.309954881668091,0.14864178001880646,-0.3918716609477997,302,391
0,2,0.07328680902719498,2.343993663787842,0.013490970246493816,-0.3918716609477997,249,426
0,3,0.13558059930801392,2.158435106277466,0.16909664869308472,-0.29390373826026917,259,345
0,4,0.13741277158260345,2.1926064491271973,0.08634430915117264,-0.29390373826026917,318,343
0,5,0.139244943857193,2.222688674926758,-0.0623624287545681,-0.29390373826026917,344,341
0,6,0.14107711613178253,2.2343411445617676,-0.28796136379241943,-0.29390373826026917,335,343
0,7,0.06870638579130173,2.138662576675415,-0.5052353739738464,-0.09796791523694992,279,341
0,8,0.0696224719285965,2.166177272796631,-0.5161901712417603,-0.09796791523694992,312,340
0,9,0.07053855806589127,2.198627471923828,-0.5061290860176086,-0.09796791523694992,313,343
 , , , , , , , 
0,0,0.20062264800071716,2.103740930557251,-0.3369232714176178,-0.29390373826026917,257,341
0,1,0.13558059930801392,2.121112585067749,-0.433954119682312,-0.29390373826026917,327,341
0,2,0.13741277158260345,2.1483230590820312,-0.4468633532524109,-0.29390373826026917,366,342
0,3,0.139244943857193,2.1835460662841797,-0.41995346546173096,-0.29390373826026917,374,349
0,4,0.14107711613178253,2.2129390239715576,-0.4220223128795624,-0.29390373826026917,343,366
0,5,0.2143639326095581,2.2326228618621826,-0.4446885287761688,-0.29390373826026917,256,397
 , , , , , , , 
0,0,-0.2088674157857895,2.2163124084472656,-0.08920559287071228,-0.7837433218955994,242,379
0,1,-0.2116156816482544,2.245803117752075,-0.08180462568998337,-0.7837433218955994,257,376
0,2,0.13191625475883484,2.0942845344543457,0.22684119641780853,-0.3918716609477997,230,372
0,3,0.13374842703342438,2.1236541271209717,0.22736771404743195,-0.3918716609477997,277,387
0,4,0.13558059930801392,2.1553609371185303,0.20458365976810455,-0.3918716609477997,292,397
0,5,0.13741277158260345,2.189413547515869,0.1464463621377945,-0.3918716609477997,284,402
 , , , , , , , 
0,0,-0.06870638579130173,2.196972131729126,0.049533355981111526,-0.5878074765205383,246,449
0,1,0.2638325095176697,2.0902323722839355,-0.12730734050273895,-0.3918716609477997,232,408
0,2,0.20062264800071716,2.120114326477051,-0.21061237156391144,-0.3918716609477997,244,429
0,3,0.0,2.1246068477630615,-0.43802180886268616,-0.3918716609477997,234,443
0,4,0.0,2.1836228370666504,-0.2562269866466522,-0.3918716609477997,243,455
 , , , , , , , 
0,0,0.0,3.0281667709350586,-0.3535092771053314,-0.7837433218955994,228,387
0,1,-0.2638325095176697,2.0940136909484863,0.019622309133410454,-0.6857753992080688,263,358
0,2,0.06504204869270325,2.074502468109131,-0.1555902510881424,-0.3918716609477997,243,416
0,3,0.06595812737941742,2.1055500507354736,-0.13112635910511017,-0.3918716609477997,279,440
0,4,0.06687421351671219,2.1347873210906982,-0.1330508440732956,-0.3918716609477997,286,458
0,5,0.06779029965400696,2.162346839904785,-0.1596158742904663,-0.3918716609477997,269,468
 , , , , , , , 
0,0,0.06412596255540848,2.037398338317871,0.2360640913248062,-0.3918716609477997,232,358
0,1,0.0,2.081158399581909,0.027915112674236298,-0.3918716609477997,274,372
0,2,0.0,2.1092209815979004,-0.0779290422797203,-0.3918716609477997,296,391
0,3,-0.06687421351671219,2.1339759826660156,-0.14548537135124207,-0.3918716609477997,291,409
0,4,-0.06779029965400696,2.162459135055542,-0.1580892950296402,-0.3918716609477997,254,426
0,5,-0.5954553484916687,1.807600736618042,-0.09369818866252899,-0.19593583047389984,234,339
0,6,-0.6046161651611328,1.8332533836364746,-0.1302422136068344,-0.19593583047389984,234,342
 , , , , , , , 
0,0,-0.06320987641811371,2.018890857696533,0.10707234591245651,-0.29390373826026917,237,369
0,1,0.0,2.0436456203460693,-0.18531835079193115,-0.29390373826026917,281,388
0,2,-0.7145464420318604,1.7629142999649048,-0.11101019382476807,-0.19593583047389984,242,330
0,3,-0.7255394458770752,1.7898409366607666,-0.11577454954385757,-0.19593583047389984,239,331
0,4,0.0,2.0524439811706543,-0.3456495404243469,-0.19593583047389984,264,445
0,5,0.0,2.0644567012786865,-0.4392094612121582,-0.19593583047389984,261,469
0,6,0.0,2.0756735801696777,-0.5206450819969177,-0.19593583047389984,239,489
 , , , , , , , 
0,0,0.0,1.9632418155670166,0.3454419672489166,-0.29390373826026917,266,348
0,1,0.0,1.9602138996124268,0.498940646648407,-0.29390373826026917,279,352
0,2,0.0,1.923901081085205,-0.7137471437454224,-0.19593583047389984,235,408
0,3,-0.06504204869270325,2.037200689315796,-0.421404629945755,-0.19593583047389984,259,427
0,4,-0.06595812737941742,2.108001470565796,-0.08285429328680038,-0.19593583047389984,261,450
0,5,0.0,2.1345534324645996,-0.15222914516925812,-0.19593583047389984,239,482
0,6,-0.7740919589996338,1.7390145063400269,-0.08589073270559311,-0.09796791523694992,228,338
 , , , , , , , 
0,0,-0.06229379028081894,1.9911807775497437,0.07048039883375168,-0.19593583047389984,267,358
0,1,-0.06320987641811371,2.019282102584839,-0.09942182153463364,-0.19593583047389984,317,365
0,2,0.0,2.0463666915893555,-0.15236006677150726,-0.19593583047389984,344,372
0,3,0.0,2.074687957763672,-0.1663404107093811,-0.19593583047389984,338,384
0,4,0.0,2.1071596145629883,-0.12150950729846954,-0.19593583047389984,294,408
0,5,-0.06687421351671219,2.1375343799591064,-0.07724189758300781,-0.19593583047389984,237,441
 , , , , , , , 
0,0,-0.594539225101471,1.6157581806182861,-0.16509559750556946,-0.09796791523694992,290,323
0,1,-0.6046161651611328,1.637027382850647,-0.21966278553009033,-0.09796791523694992,332,326
0,2,-0.6705743074417114,1.6390254497528076,-0.24815025925636292,-0.09796791523694992,347,333
0,3,-0.681567370891571,1.6633113622665405,-0.2687283158302307,-0.09796791523694992,336,343
0,4,-0.6925603747367859,1.6828628778457642,-0.314809650182724,-0.09796791523694992,284,368
 , , , , , , , 
0,0,-0.7383646368980408,1.6340466737747192,-0.2967533767223358,0.0,263,326
0,1,-0.7264555096626282,1.6337382793426514,0.028537126258015633,-0.09796791523694992,235,332
 , , , , , , , 
0,0,-0.7145464420318604,1.6041598320007324,-0.09882255643606186,0.09796791523694992,250,338
0,1,-0.7264555096626282,1.6272305250167847,-0.14844445884227753,0.09796791523694992,275,342
0,2,-0.7383646368980408,1.651383876800537,-0.17635869979858398,0.09796791523694992,272,352
0,3,-0.8079870939254761,1.6457700729370117,-0.22219358384609222,0.09796791523694992,234,373
 , , , , , , , 
0,0,-0.7438611388206482,1.5278598070144653,-0.056381769478321075,0.09796791523694992,251,333
0,1,-0.7566863298416138,1.5528610944747925,-0.08635034412145615,0.09796791523694992,279,334
0,2,-0.7383646368980408,1.53179931640625,-0.6416869163513184,0.09796791523694992,312,370
0,3,-0.7502737045288086,1.5699554681777954,-0.6189519762992859,0.09796791523694992,279,402
0,4,-0.7695115208625793,1.5610207319259644,-0.2544354796409607,0.19593583047389984,280,337
0,5,-0.7264555096626282,1.590997576713562,-0.3723468482494354,0.19593583047389984,310,342
0,6,-0.7026373147964478,1.5685979127883911,-0.19289790093898773,-0.09796791523694992,245,339
 , , , , , , , 
0,0,-0.7566863298416138,1.5530414581298828,-0.08304224908351898,0.09796791523694992,275,333
0,1,-0.7695115208625793,1.5788242816925049,-0.0940057784318924,0.09796791523694992,376,339
0,2,-0.7264555096626282,1.62948477268219,-0.12122146785259247,0.09796791523694992,432,344
0,3,-0.7383646368980408,1.6551868915557861,-0.13611483573913574,0.09796791523694992,437,359
0,4,-0.7502737045288086,1.6822313070297241,-0.13401347398757935,0.09796791523694992,400,383
0,5,-0.7621828317642212,1.7101176977157593,-0.12035496532917023,0.09796791523694992,319,416
 , , , , , , , 
0,0,-0.7145464420318604,1.6039435863494873,-0.10227158665657043,0.09796791523694992,314,346
0,1,-0.7264555096626282,1.6261687278747559,-0.1596575528383255,0.09796791523694992,372,351
0,2,-0.7383646368980408,1.6487318277359009,-0.19963587820529938,0.09796791523694992,387,363
0,3,-0.7502737045288086,1.6716886758804321,-0.2309083789587021,0.09796791523694992,364,383
0,4,-0.8208122849464417,1.6651655435562134,-0.27092650532722473,0.09796791523694992,301,411
0,5,-0.7566863298416138,1.544976830482483,-0.17855077981948853,0.19593583047389984,225,350
 , , , , , , , 
0,0,-0.7026373147964478,1.5476634502410889,-0.32007262110710144,0.09796791523694992,240,330
0,1,-0.7145464420318604,1.5919597148895264,-0.2208140343427658,0.09796791523694992,361,327
0,2,-0.7264555096626282,1.618950605392456,-0.22116568684577942,0.09796791523694992,437,329
0,3,-0.7383646368980408,1.6429576873779297,-0.24261316657066345,0.09796791523694992,468,342
0,4,-0.7502737045288086,1.6662218570709229,-0.2675192952156067,0.09796791523694992,470,350
0,5,-0.7621828317642212,1.6887898445129395,-0.2949179410934448,0.09796791523694992,421,380
0,6,-0.7740919589996338,1.7103476524353027,-0.32597464323043823,0.09796791523694992,328,424
 , , , , , , , 
0,0,-0.7695115208625793,1.5774290561676025,0.11506780982017517,0.09796791523694992,257,330
0,1,-0.7264555096626282,1.6339735984802246,-0.006751096807420254,0.09796791523694992,338,332
0,2,-0.7383646368980408,1.6600936651229858,-0.04754079133272171,0.09796791523694992,380,331
0,3,-0.7502737045288086,1.6862242221832275,-0.06715355813503265,0.09796791523694992,371,344
0,4,-0.7621828317642212,1.7131376266479492,-0.06439714133739471,0.09796791523694992,319,363
0,5,-0.7264555096626282,1.61077082157135,-0.27446767687797546,-0.09796791523694992,277,338
0,6,-0.681567370891571,1.6585859060287476,-0.2965001165866852,-0.09796791523694992,313,338
0,7,-0.6925603747367859,1.6836888790130615,-0.3103615939617157,-0.09796791523694992,316,340
0,8,-0.7035533785820007,1.711757779121399,-0.3079093098640442,-0.09796791523694992,273,353
 , , , , , , , 
0,0,-0.6595813035964966,1.6299799680709839,0.04229540005326271,0.09796791523694992,249,341
0,1,-0.6705743074417114,1.6577037572860718,0.001108120777644217,0.09796791523694992,318,340
0,2,-0.7383646368980408,1.6602954864501953,-0.039874013513326645,0.09796791523694992,350,347
0,3,-0.7502737045288086,1.6864287853240967,-0.061803024262189865,0.09796791523694992,339,365
0,4,-0.7621828317642212,1.712966799736023,-0.06879428774118423,0.09796791523694992,289,386
 , , , , , , , 
0,0,-0.6485882997512817,1.6005123853683472,-0.09540119767189026,0.09796791523694992,243,345
0,1,-0.7145464420318604,1.6038302183151245,-0.10403521358966827,0.09796791523694992,263,344
0,2,-0.6146931648254395,1.6115086078643799,0.4720648229122162,0.09796791523694992,232,344
0,3,-1.229386329650879,0.43484386801719666,-1.2235901355743408,0.09796791523694992,232,344
0,4,-0.6247701048851013,1.7010611295700073,-0.13930867612361908,0.09796791523694992,343,355
0,5,-0.6925603747367859,1.7015259265899658,-0.1895839124917984,0.09796791523694992,357,376
0,6,-0.6449239253997803,1.7512576580047607,-0.19256164133548737,0.09796791523694992,321,407
0,7,-0.6550008654594421,1.7783211469650269,-0.19827857613563538,0.09796791523694992,246,440
0,8,-1.0745679140090942,1.6980618238449097,-0.2308027297258377,0.3918716609477997,241,394
 , , , , , , , 
0,0,-0.6046161651611328,1.648068904876709,0.10944870859384537,0.19593583047389984,267,338
0,1,-0.6146931648254395,1.678908109664917,0.032753296196460724,0.19593583047389984,359,337
0,2,-0.6247701048851013,1.706160306930542,-0.04508841037750244,0.19593583047389984,420,346
0,3,-0.6348469853401184,1.7319718599319458,-0.08952759951353073,0.19593583047389984,432,365
0,4,-0.6449239253997803,1.7577097415924072,-0.12016566842794418,0.19593583047389984,402,391
0,5,-0.6550008654594421,1.78391432762146,-0.13925017416477203,0.19593583047389984,331,425
0,6,-1.104798674583435,1.6233991384506226,0.04039033502340317,0.3918716609477997,256,376
0,7,-1.0589944124221802,1.6679385900497437,-0.2648780941963196,0.3918716609477997,240,397
0,8,-1.0745679140090942,1.6839954853057861,-0.31755778193473816,0.4898395836353302,240,390
 , , , , , , , 
0,0,-0.5679727792739868,1.6932950019836426,-0.336916446685791,0.0,235,320
0,1,-0.5771336555480957,1.6951353549957275,-0.45189085602760315,0.0,291,321
0,2,-0.5862944722175598,1.7091292142868042,-0.5050211548805237,0.0,297,333
0,3,-0.5954553484916687,1.7280476093292236,-0.538564145565033,0.0,265,349
0,4,-0.6595813035964966,1.6288883686065674,-0.07311760634183884,0.29390373826026917,244,334
0,5,-0.7264555096626282,1.6337367296218872,0.028630156069993973,0.29390373826026917,235,338
0,6,-0.5679727792739868,1.7260115146636963,0.04055555537343025,0.29390373826026917,331,341
0,7,-0.5771336555480957,1.7520090341567993,-0.09029791504144669,0.29390373826026917,379,356
0,8,-0.5862944722175598,1.776595115661621,-0.14099253714084625,0.29390373826026917,373,383
0,9,-0.5954553484916687,1.8014752864837646,-0.17574623227119446,0.29390373826026917,328,415
0,10,-0.6046161651611328,1.8253103494644165,-0.21453018486499786,0.29390373826026917,253,444
0,11,-1.187246322631836,1.7271857261657715,-0.24932214617729187,0.6857753992080688,267,369
0,12,-1.2037358283996582,1.7442853450775146,-0.29661592841148376,0.6857753992080688,253,380
 , , , , , , , 
0,0,-0.5679727792739868,1.7174406051635742,-0.17651668190956116,0.29390373826026917,258,353
0,1,-0.5771336555480957,1.7493888139724731,-0.1316349357366562,0.29390373826026917,364,358
0,2,-0.5862944722175598,1.7766461372375488,-0.14034827053546906,0.29390373826026917,389,373
0,3,-0.5954553484916687,1.803421974182129,-0.15449601411819458,0.29390373826026917,369,396
0,4,-0.6046161651611328,1.8301112651824951,-0.1687420755624771,0.29390373826026917,312,423
0,5,-1.7387295961380005,1.243506908416748,-0.10000927746295929,-0.6857753992080688,276,351
0,6,-1.7625477313995361,1.2595208883285522,-0.1133565604686737,-0.6857753992080688,284,357
0,7,-1.7863659858703613,1.2749505043029785,-0.13137255609035492,-0.6857753992080688,258,371
0,8,-0.961889386177063,0.18788552284240723,1.9680774211883545,-0.6857753992080688,258,371
 , , , , , , , 
0,0,-0.5111755132675171,1.743445634841919,0.04950437322258949,0.3918716609477997,287,343
0,1,-0.5194202661514282,1.7722758054733276,-0.003641576273366809,0.3918716609477997,359,342
0,2,-0.5276650190353394,1.799992561340332,-0.03881314769387245,0.3918716609477997,404,346
0,3,-0.5359098315238953,1.8273372650146484,-0.06637699156999588,0.3918716609477997,409,361
0,4,-0.5441545844078064,1.8541033267974854,-0.09766515344381332,0.3918716609477997,370,389
0,5,-0.5523993372917175,1.878846287727356,-0.14975865185260773,0.3918716609477997,292,423
 , , , , , , , 
0,0,-0.34628018736839294,1.8077208995819092,-0.15168166160583496,0.3918716609477997,259,344
0,1,-0.4104061424732208,1.8202224969863892,-0.19561970233917236,0.3918716609477997,324,344
0,2,-0.47636428475379944,1.83336341381073,-0.20645253360271454,0.3918716609477997,375,347
0,3,-0.4836929440498352,1.8610668182373047,-0.21404071152210236,0.3918716609477997,389,359
0,4,-0.49102163314819336,1.8883891105651855,-0.22476722300052643,0.3918716609477997,359,383
0,5,-0.4983503222465515,1.9132636785507202,-0.2543967068195343,0.3918716609477997,286,415
0,6,-0.8849382400512695,1.8165632486343384,-0.09144514799118042,0.6857753992080688,245,345
0,7,-0.8977634906768799,1.8407871723175049,-0.12787984311580658,0.6857753992080688,244,353
0,8,-0.8455466032028198,1.8800311088562012,-0.28728610277175903,0.6857753992080688,226,364
0,9,-0.1300840973854065,0.978341281414032,1.832464337348938,0.6857753992080688,226,364
 , , , , , , , 
0,0,-0.5276650190353394,1.7882136106491089,0.20921701192855835,0.4898395836353302,299,337
0,1,-0.4168187379837036,1.8581819534301758,-0.0647202730178833,0.4898395836353302,393,340
0,2,-0.4232313334941864,1.885199785232544,-0.10118690878152847,0.4898395836353302,447,346
0,3,-0.4296439290046692,1.9127227067947388,-0.12055626511573792,0.4898395836353302,448,366
0,4,-0.436056524515152,1.9399752616882324,-0.14142076671123505,0.4898395836353302,410,393
0,5,-0.44246912002563477,1.9661967754364014,-0.17225448787212372,0.4898395836353302,325,429
 , , , , , , , 
0,0,-0.35177668929100037,1.8421639204025269,-0.0509464256465435,0.4898395836353302,294,340
0,1,-0.3572732210159302,1.8697242736816406,-0.08516905456781387,0.4898395836353302,338,342
0,2,-0.3627697229385376,1.8984323740005493,-0.08771761506795883,0.5878074765205383,388,346
0,3,-0.368266224861145,1.926937222480774,-0.09449280798435211,0.5878074765205383,430,357
0,4,-0.37376272678375244,1.9557275772094727,-0.09528874605894089,0.5878074765205383,428,383
0,5,-0.37925925850868225,1.9840788841247559,-0.1047544777393341,0.5878074765205383,385,418
0,6,-0.38475579023361206,2.0118861198425293,-0.12291093170642853,0.5878074765205383,302,459
 , , , , , , , 
0,0,0.417734831571579,2.170764207839966,-0.27731645107269287,0.3918716609477997,263,457
0,1,0.49376991391181946,2.1839816570281982,-0.28551730513572693,0.3918716609477997,292,458
0,2,0.5001825094223022,2.21059513092041,-0.3023085594177246,0.3918716609477997,281,467
0,3,-0.368266224861145,1.9258297681808472,-0.11487147957086563,0.5878074765205383,334,350
0,4,-0.3114689588546753,1.96724271774292,-0.08119115978479385,0.5878074765205383,417,351
0,5,-0.31604939699172974,1.9960604906082153,-0.08506090939044952,0.5878074765205383,445,359
0,6,-0.3206298053264618,2.0246424674987793,-0.09407281130552292,0.5878074765205383,426,377
0,7,-0.32521024346351624,2.053173065185547,-0.10352795571088791,0.5878074765205383,373,397
0,8,-0.2638325095176697,2.093348503112793,-0.05630338564515114,0.5878074765205383,266,437
 , , , , , , , 
0,0,-0.19512614607810974,1.8196585178375244,-0.9913466572761536,0.0,301,317
0,1,-0.3114689588546753,1.92317533493042,-0.42193877696990967,0.5878074765205383,257,353
0,2,-0.31604939699172974,1.9952199459075928,-0.10291038453578949,0.6857753992080688,373,351
0,3,-0.3206298053264618,2.025381565093994,-0.07652541249990463,0.6857753992080688,435,347
0,4,-0.32521024346351624,2.054316282272339,-0.07760594040155411,0.6857753992080688,442,359
0,5,-0.3297906517982483,2.0827832221984863,-0.09021489322185516,0.6857753992080688,405,381
0,6,-0.33437106013298035,2.110537052154541,-0.1154194250702858,0.6857753992080688,328,414
 , , , , , , , 
0,0,0.7145464420318604,2.1391618251800537,-0.3764490485191345,0.19593583047389984,240,363
0,1,0.7237073183059692,2.1508350372314453,-0.46193012595176697,0.19593583047389984,262,369
0,2,-0.31604939699172974,1.9976305961608887,-0.03106614388525486,0.6857753992080688,273,322
0,3,-0.3206298053264618,2.0263912677764893,-0.042012397199869156,0.6857753992080688,350,322
0,4,-0.32521024346351624,2.0556063652038574,-0.026833590120077133,0.6857753992080688,404,327
0,5,-0.3297906517982483,2.084554433822632,-0.027521349489688873,0.6857753992080688,421,340
0,6,-0.26749685406684875,2.1229360103607178,-0.032868094742298126,0.6857753992080688,394,365
0,7,-0.27116119861602783,2.1516406536102295,-0.05226096883416176,0.6857753992080688,326,402
 , , , , , , , 
0,0,0.5716371536254883,2.211240530014038,-0.10931846499443054,0.4898395836353302,249,388
0,1,0.5789658427238464,2.239314079284668,-0.11616431176662445,0.4898395836353302,283,410
0,2,0.5862944722175598,2.2680678367614746,-0.10948210954666138,0.4898395836353302,291,430
0,3,0.593623161315918,2.2974839210510254,-0.085991270840168,0.4898395836353302,279,447
0,4,0.5258328914642334,2.344057083129883,-0.08477139472961426,0.4898395836353302,237,471
0,5,-0.3297906517982483,2.0723843574523926,-0.22659921646118164,0.6857753992080688,338,350
0,6,-0.26749685406684875,2.1150968074798584,-0.1852114498615265,0.6857753992080688,397,355
0,7,-0.27116119861602783,2.145414113998413,-0.17171916365623474,0.6857753992080688,411,364
0,8,-0.2748255431652069,2.174896717071533,-0.16779674589633942,0.6857753992080688,380,385
0,9,-0.278489887714386,2.203908681869507,-0.16986171901226044,0.6857753992080688,309,413
 , , , , , , , 
0,0,0.6595813035964966,2.2221267223358154,-0.35632026195526123,0.3918716609477997,317,361
0,1,0.6678260564804077,2.2529075145721436,-0.34151339530944824,0.3918716609477997,308,370
0,2,0.5789658427238464,2.239135265350342,-0.11955992877483368,0.4898395836353302,267,385
0,3,0.5258328914642334,2.3388376235961914,0.17784444987773895,0.4898395836353302,240,438
0,4,0.5322454571723938,2.3739171028137207,0.036274656653404236,0.4898395836353302,233,464
0,5,-0.27116119861602783,2.1368181705474854,-0.25748082995414734,0.6857753992080688,357,354
0,6,-0.2748255431652069,2.169591188430786,-0.22628729045391083,0.6857753992080688,393,363
0,7,-0.278489887714386,2.1989026069641113,-0.22559763491153717,0.6857753992080688,382,383
0,8,-0.28215423226356506,2.2260971069335938,-0.24491852521896362,0.6857753992080688,329,412
0,9,-0.2143639326095581,2.2626521587371826,-0.2505152225494385,0.6857753992080688,235,445
0,10,-0.8024905920028687,1.982446551322937,-0.07352949678897858,-0.7837433218955994,278,346
0,11,-0.06687421351671219,1.0750848054885864,1.8491113185882568,-0.7837433218955994,278,346
 , , , , , , , 
0,0,-0.14107711613178253,1.854823350906372,-1.278605580329895,0.0,239,322
0,1,-0.14290928840637207,1.8673533201217651,-1.311820387840271,0.0,237,329
0,2,0.593623161315918,2.2966179847717285,-0.10664625465869904,0.5878074765205383,282,426
0,3,0.6009518504142761,2.3248543739318848,-0.11044634133577347,0.5878074765205383,265,465
0,4,0.0,0.8777897953987122,2.0157742500305176,-0.7837433218955994,330,345
0,5,-0.8244765996932983,2.034764528274536,-0.11761101335287094,-0.7837433218955994,330,345
0,6,0.0,0.7661765813827515,2.092031717300415,-0.7837433218955994,399,346
0,7,-0.835469663143158,2.0634095668792725,-0.08919211477041245,-0.7837433218955994,399,346
0,8,0.0,0.7417793869972229,2.1318695545196533,-0.7837433218955994,423,353
0,9,-0.8464627265930176,2.0909996032714844,-0.07953521609306335,-0.7837433218955994,423,353
0,10,0.0,0.7662979364395142,2.1543192863464355,-0.7837433218955994,410,364
0,11,-0.7860010862350464,2.1462252140045166,-0.06499522924423218,-0.7837433218955994,410,364
0,12,0.0,0.827312707901001,2.163048028945923,-0.7837433218955994,350,390
0,13,-0.7960780262947083,2.173840045928955,-0.06247100606560707,-0.7837433218955994,350,390
0,14,-0.8061549067497253,2.201984167098999,-0.03520483523607254,-0.7837433218955994,244,433
0,15,0.07328680902719498,0.729832649230957,2.2275171279907227,-0.7837433218955994,244,433
 , , , , , , , 
0,0,-0.0723707303404808,1.8697198629379272,-1.3645999431610107,0.0,242,321
0,1,0.6760708093643188,2.2887654304504395,-0.2876984179019928,0.6857753992080688,253,434
0,2,-0.7557702660560608,2.0646231174468994,-0.0021192783024162054,-0.7837433218955994,229,330
0,3,0.06870638579130173,0.8399706482887268,2.0306622982025146,-0.7837433218955994,229,330
0,4,-0.7658472061157227,2.0918636322021484,-0.034752361476421356,-0.7837433218955994,288,332
0,5,0.0696224719285965,0.8911259770393372,2.040752410888672,-0.7837433218955994,288,332
0,6,-0.7759241461753845,2.115931272506714,-0.1260194182395935,-0.7837433218955994,343,338
0,7,0.07053855806589127,0.9795252680778503,2.032402276992798,-0.7837433218955994,343,338
0,8,-0.7860010862350464,2.1396074295043945,-0.18051783740520477,-0.7837433218955994,388,343
0,9,0.07145464420318604,1.0139305591583252,2.0482048988342285,-0.7837433218955994,388,343
0,10,-0.7960780262947083,2.165802478790283,-0.19693192839622498,-0.7837433218955994,393,361
0,11,0.0723707303404808,1.0232644081115723,2.0762743949890137,-0.7837433218955994,393,361
0,12,-0.8061549067497253,2.1925699710845947,-0.2064247727394104,-0.7837433218955994,358,389
0,13,0.07328680902719498,1.069619059562683,2.0857620239257812,-0.7837433218955994,358,389
0,14,-0.8162318468093872,2.2200589179992676,-0.20813380181789398,-0.7837433218955994,282,425
0,15,0.07420289516448975,1.3271456956863403,1.967585802078247,-0.7837433218955994,282,425
 , , , , , , , 
0,0,-0.07328680902719498,1.8819714784622192,-1.3973802328109741,0.0,257,322
0,1,-0.07420289516448975,1.911466121673584,-1.4067717790603638,0.0,267,325
0,2,0.6925603747367859,2.355808973312378,-0.18471625447273254,0.6857753992080688,279,456
0,3,0.7008051872253418,2.3861358165740967,-0.1550929695367813,0.6857753992080688,259,498
0,4,-0.7759241461753845,2.117794990539551,-0.08939197659492493,-0.7837433218955994,232,346
0,5,0.07053855806589127,0.8768563270568848,2.0787620544433594,-0.7837433218955994,232,346
0,6,-0.7860010862350464,2.141266107559204,-0.1596430242061615,-0.7837433218955994,299,348
0,7,0.07145464420318604,1.0356953144073486,2.037285804748535,-0.7837433218955994,299,348
0,8,-0.7960780262947083,2.167701244354248,-0.17479592561721802,-0.7837433218955994,360,353
0,9,0.0723707303404808,1.0406935214996338,2.0675933361053467,-0.7837433218955994,360,353
0,10,-0.8061549067497253,2.1956050395965576,-0.1711493581533432,-0.7837433218955994,396,359
0,11,0.07328680902719498,1.019225835800171,2.1108450889587402,-0.7837433218955994,396,359
0,12,-0.8162318468093872,2.2230350971221924,-0.17348234355449677,-0.7837433218955994,390,378
0,13,0.07420289516448975,1.0257370471954346,2.1402273178100586,-0.7837433218955994,390,378
0,14,-0.8263087868690491,2.2488722801208496,-0.1951325684785843,-0.7837433218955994,346,405
0,15,0.07511898130178452,1.054287314414978,2.158963918685913,-0.7837433218955994,346,405
0,16,-0.8363857269287109,2.2665956020355225,-0.2882477045059204,-0.7837433218955994,259,442
 , , , , , , , 
0,0,-0.07511898130178452,1.8714103698730469,-1.5068079233169556,0.0,266,323
0,1,-0.07603506743907928,1.891937017440796,-1.5280303955078125,0.0,278,322
0,2,0.7786723971366882,2.358792781829834,-0.19644956290721893,0.5878074765205383,364,352
0,3,0.7878332734107971,2.3904707431793213,-0.14402706921100616,0.5878074765205383,381,369
0,4,0.7172946333885193,2.4456872940063477,-0.09244050085544586,0.5878074765205383,363,391
0,5,0.7255394458770752,2.4745306968688965,-0.07155876606702805,0.5878074765205383,319,415
0,6,0.7337841987609863,2.5006155967712402,-0.12416891008615494,0.5878074765205383,236,454
0,7,0.07328680902719498,1.283544659614563,1.9613773822784424,-0.7837433218955994,282,346
0,8,-0.8061549067497253,2.1802635192871094,-0.3105233311653137,-0.7837433218955994,282,346
0,9,0.07420289516448975,1.2128385305404663,2.040032386779785,-0.7837433218955994,379,346
0,10,-0.8162318468093872,2.2166380882263184,-0.2418612837791443,-0.7837433218955994,379,346
0,11,0.07511898130178452,1.175690770149231,2.095327615737915,-0.7837433218955994,419,354
0,12,-0.8263087868690491,2.2471821308135986,-0.2137203961610794,-0.7837433218955994,419,354
0,13,-0.7603507041931152,2.30479097366333,-0.17288313806056976,-0.7837433218955994,414,371
0,14,0.07603506743907928,1.1826214790344238,2.1250197887420654,-0.7837433218955994,414,371
0,15,-0.7695115208625793,2.3329617977142334,-0.16952106356620789,-0.7837433218955994,370,395
0,16,0.07695115357637405,1.241180181503296,2.1253578662872314,-0.7837433218955994,370,395
0,17,-0.7786723971366882,2.3607964515686035,-0.17069117724895477,-0.7837433218955994,277,431
0,18,0.07786723971366882,1.4048545360565186,2.0564889907836914,-0.7837433218955994,277,431
 , , , , , , , 
0,0,0.7090499401092529,2.4191782474517822,-0.024506494402885437,0.5878074765205383,324,349
0,1,0.7172946333885193,2.4473607540130615,-0.018893297761678696,0.5878074765205383,358,362
0,2,0.7255394458770752,2.475278615951538,-0.0376562625169754,0.5878074765205383,368,371
0,3,0.7337841987609863,2.501955270767212,-0.09335882216691971,0.5878074765205383,345,391
0,4,0.6595813035964966,2.5482017993927,-0.17994451522827148,0.5878074765205383,292,423
0,5,-0.7420289516448975,2.2500996589660645,-0.1570350080728531,-0.7837433218955994,226,347
0,6,0.1484057903289795,0.5535520315170288,2.3042941093444824,-0.7837433218955994,226,347
0,7,0.07603506743907928,1.4681953191757202,1.9387379884719849,-0.7837433218955994,273,357
0,8,-0.7603507041931152,2.2981884479522705,-0.24551956355571747,-0.7837433218955994,273,357
0,9,0.1539023071527481,1.1922250986099243,2.14907169342041,-0.7837433218955994,333,370
0,10,-0.7695115208625793,2.330977201461792,-0.19491930305957794,-0.7837433218955994,333,370
0,11,0.15573447942733765,1.148285984992981,2.205904006958008,-0.7837433218955994,331,393
0,12,-0.7786723971366882,2.3607258796691895,-0.1716674417257309,-0.7837433218955994,331,393
0,13,0.15756665170192719,1.111372709274292,2.257387638092041,-0.7837433218955994,290,420
0,14,-0.7878332734107971,2.3905773162841797,-0.1422477513551712,-0.7837433218955994,290,420
 , , , , , , , 
0,0,0.7255394458770752,2.47119140625,0.14709191024303436,0.4898395836353302,343,350
0,1,0.7337841987609863,2.49908709526062,0.1518562138080597,0.4898395836353302,364,358
0,2,0.8244765996932983,2.4972898960113525,0.2110489159822464,0.4898395836353302,354,370
0,3,0.7502737641334534,2.5500223636627197,0.2253408282995224,0.4898395836353302,305,393
0,4,-0.15573447942733765,2.4643783569335938,-0.3337860405445099,0.6857753992080688,337,339
0,5,-0.15756665170192719,2.49304461479187,-0.3401133120059967,0.6857753992080688,363,345
0,6,-0.07969940453767776,2.5296785831451416,-0.3143530488014221,0.6857753992080688,348,361
0,7,-0.08061549067497253,2.56044864654541,-0.30403032898902893,0.6857753992080688,294,385
0,8,0.07695115357637405,0.9406395554542542,2.2743947505950928,-0.7837433218955994,274,341
0,9,-0.7695115208625793,2.337845802307129,-0.07697509229183197,-0.7837433218955994,274,341
 , , , , , , , 
0,0,0.8867703676223755,2.3910508155822754,-0.3890293836593628,0.3918716609477997,314,334
0,1,0.8153157830238342,2.4769725799560547,-0.08248160034418106,0.4898395836353302,349,343
0,2,0.8244765996932983,2.505709171295166,-0.049187205731868744,0.4898395836353302,362,348
0,3,0.8336374759674072,2.533355712890625,-0.05882592871785164,0.4898395836353302,337,361
0,4,0.8427983522415161,2.559633731842041,-0.10738353431224823,0.4898395836353302,276,385
0,5,-0.15573447942733765,2.4581186771392822,-0.37712857127189636,0.6857753992080688,236,337
0,6,-0.15756665170192719,2.5004231929779053,-0.28077128529548645,0.6857753992080688,314,338
0,7,-0.15939880907535553,2.533930778503418,-0.24130940437316895,0.6857753992080688,351,342
0,8,-0.16123098134994507,2.5644922256469727,-0.22850367426872253,0.6857753992080688,347,350
0,9,-0.1630631536245346,2.5906832218170166,-0.2621191442012787,0.6857753992080688,299,365
 , , , , , , , 
0,0,0.8061549067497253,2.449822425842285,-0.057573094964027405,0.3918716609477997,249,349
0,1,0.8153157830238342,2.4740946292877197,-0.14509236812591553,0.3918716609477997,328,347
0,2,0.8244765996932983,2.5019350051879883,-0.14601144194602966,0.3918716609477997,375,346
0,3,0.9170012474060059,2.5023200511932373,-0.1174994483590126,0.3918716609477997,380,354
0,4,1.0113580226898193,2.5001277923583984,0.009016796015202999,0.3918716609477997,328,376
0,5,0.4259796142578125,2.681844711303711,-0.2424790859222412,0.4898395836353302,310,406
0,6,0.6027840375900269,2.6861140727996826,-0.12119060009717941,0.4898395836353302,279,445
0,7,-0.07969940453767776,2.535853862762451,-0.2598779499530792,0.5878074765205383,229,349
0,8,-0.08061549067497253,2.562089204788208,-0.2898806035518646,0.5878074765205383,281,352
0,9,-0.0815315768122673,2.5851640701293945,-0.34236663579940796,0.5878074765205383,302,354
 , , , , , , , 
0,0,0.8427983522415161,2.561704397201538,-0.030443869531154633,0.3918716609477997,384,351
0,1,0.851959228515625,2.5897178649902344,0.008516990579664707,0.3918716609477997,364,371
0,2,0.7750080823898315,2.643702507019043,0.0586826391518116,0.3918716609477997,308,402
0,3,-0.08061549067497253,2.5697596073150635,-0.21134354174137115,0.5878074765205383,239,353
0,4,-0.0815315768122673,2.607703685760498,-0.01302632037550211,0.5878074765205383,319,351
0,5,-0.08244766294956207,2.636776924133301,0.03701194375753403,0.5878074765205383,363,352
0,6,0.0,2.6658926010131836,0.0965360552072525,0.5878074765205383,373,356
 , , , , , , , 
0,0,0.9270781874656677,2.4887940883636475,0.4690355062484741,0.3918716609477997,312,333
0,1,0.9371551275253296,2.5489261150360107,0.23929302394390106,0.3918716609477997,352,338
0,2,0.8611201047897339,2.6163625717163086,0.07977209985256195,0.3918716609477997,360,354
0,3,0.8702808618545532,2.6447765827178955,0.05855664610862732,0.3918716609477997,336,382
0,4,0.791497528553009,2.700610637664795,0.005714184604585171,0.3918716609477997,292,417
0,5,1.0003650188446045,2.382591485977173,-0.662443220615387,0.5878074765205383,301,357
0,6,0.0,2.6106021404266357,0.5486888289451599,0.5878074765205383,301,357
0,7,0.0,2.6594178676605225,0.44839832186698914,0.5878074765205383,307,367
0,8,1.0113580226898193,2.371109962463379,-0.7928163409233093,0.5878074765205383,307,367
0,9,0.0,2.7094671726226807,0.3022131323814392,0.5878074765205383,272,386
0,10,1.0223510265350342,2.2942512035369873,-1.0600731372833252,0.5878074765205383,272,386
0,11,0.906924307346344,2.451080083847046,-0.3611847758293152,0.6857753992080688,258,352
 , , , , , , , 
0,0,0.8611201047897339,2.6144893169403076,0.12712892889976501,0.3918716609477997,371,345
0,1,0.8702808618545532,2.6453094482421875,0.024702928960323334,0.3918716609477997,374,356
0,2,0.791497528553009,2.6999170780181885,-0.06146230921149254,0.3918716609477997,341,377
0,3,0.6220217943191528,2.7682836055755615,-0.18801169097423553,0.4898395836353302,264,434
0,4,0.0,2.623316526412964,-0.48426559567451477,0.5878074765205383,242,341
0,5,0.0,2.678584337234497,-0.3142458200454712,0.5878074765205383,312,340
0,6,0.0,2.7213025093078613,-0.164491668343544,0.5878074765205383,344,340
 , , , , , , , 
0,0,0.9371551275253296,2.5600783824920654,0.016876164823770523,0.3918716609477997,302,332
0,1,0.9472320675849915,2.586836814880371,0.06534789502620697,0.3918716609477997,341,332
0,2,0.8702808618545532,2.6417853832244873,0.1387152522802353,0.3918716609477997,357,336
0,3,0.791497528553009,2.6980679035186768,0.11729858070611954,0.3918716609477997,360,352
0,4,0.7108820676803589,2.75273060798645,0.05267196521162987,0.3918716609477997,341,386
0,5,0.718210756778717,2.781609535217285,-0.007002627942711115,0.3918716609477997,292,425
 , , , , , , , 
0,0,0.08519592136144638,2.7122061252593994,0.263106107711792,0.4898395836353302,259,357
0,1,0.08611200749874115,2.7320070266723633,0.3492383658885956,0.4898395836353302,332,356
0,2,0.08702808618545532,2.7734534740448,0.23673328757286072,0.4898395836353302,369,360
0,3,0.08794417232275009,2.812429189682007,-0.048021528869867325,0.4898395836353302,360,376
0,4,0.5331615209579468,2.782090425491333,0.24771857261657715,0.4898395836353302,340,399
0,5,0.718210756778717,2.779036283493042,0.11982797831296921,0.4898395836353302,332,431
0,6,0.7255394458770752,2.8097755908966064,0.035696204751729965,0.4898395836353302,286,471
 , , , , , , , 
0,0,0.1722240149974823,2.704613208770752,-0.4986489713191986,0.4898395836353302,239,348
0,1,0.17405617237091064,2.739380359649658,-0.4702775180339813,0.4898395836353302,342,350
0,2,0.17588834464550018,2.7711784839630127,-0.45763587951660156,0.4898395836353302,388,352
0,3,0.17772051692008972,2.8038079738616943,-0.43901026248931885,0.4898395836353302,393,360
0,4,0.17955268919467926,2.8354408740997314,-0.4257505536079407,0.4898395836353302,362,376
0,5,0.2720772922039032,2.8445141315460205,-0.5071814656257629,0.4898395836353302,300,406
 , , , , , , , 
0,0,0.2638325095176697,2.749575138092041,-0.5385409593582153,0.4898395836353302,333,342
0,1,0.2665807604789734,2.7555737495422363,-0.6491543650627136,0.4898395836353302,387,342
0,2,0.2693290412425995,2.7543909549713135,-0.7707265615463257,0.4898395836353302,400,348
0,3,0.7401968240737915,2.8489999771118164,-0.3186999261379242,0.4898395836353302,295,435
0,4,0.26108425855636597,2.7627899646759033,-0.23342713713645935,0.5878074765205383,241,340
0,5,0.9976167678833008,2.7250704765319824,0.035648804157972336,0.5878074765205383,378,368
0,6,0.1813848614692688,2.730529308319092,-0.9663480520248413,0.5878074765205383,378,368
0,7,0.9160851836204529,2.7826311588287354,-0.10622502118349075,0.5878074765205383,346,399
 , , , , , , , 
0,0,0.8409661054611206,2.8652899265289307,-0.15361997485160828,0.4898395836353302,264,435
0,1,0.17588834464550018,2.8052096366882324,-0.14021191000938416,0.5878074765205383,252,335
0,2,0.2665807604789734,2.8249340057373047,-0.18530188500881195,0.5878074765205383,360,338
0,3,0.2693290412425995,2.849699020385742,-0.24475376307964325,0.5878074765205383,424,339
0,4,0.2720772922039032,2.872755527496338,-0.3094671666622162,0.5878074765205383,440,351
0,5,0.2748255431652069,2.891113758087158,-0.39932966232299805,0.5878074765205383,417,370
0,6,0.277573823928833,2.8990540504455566,-0.5335720181465149,0.5878074765205383,347,401
 , , , , , , , 
0,0,0.5661405920982361,2.956968307495117,-0.22956563532352448,0.4898395836353302,288,403
0,1,0.2693290412425995,2.859407901763916,-0.06689787656068802,0.5878074765205383,278,342
0,2,0.2720772922039032,2.88875150680542,-0.06007140129804611,0.5878074765205383,349,343
0,3,0.3664340674877167,2.9083094596862793,-0.03154299408197403,0.5878074765205383,380,348
0,4,0.37009841203689575,2.937499761581421,-0.01958376169204712,0.5878074765205383,381,356
0,5,0.46720340847969055,2.953244209289551,-0.0278954915702343,0.5878074765205383,348,375
 , , , , , , , 
0,0,1.0480014085769653,2.797451972961426,-0.6088667511940002,0.29390373826026917,291,373
0,1,1.0580782890319824,2.7844717502593994,-0.7755996584892273,0.29390373826026917,239,402
0,2,0.2748255431652069,2.863661050796509,-0.5634249448776245,0.4898395836353302,324,341
0,3,0.277573823928833,2.8996505737304688,-0.5303210020065308,0.4898395836353302,367,347
0,4,0.37376272678375244,2.9287989139556885,-0.47238513827323914,0.4898395836353302,368,359
0,5,0.471783846616745,2.964597702026367,-0.324741929769516,0.4898395836353302,339,375
0,6,0.5716371536254883,2.988844156265259,-0.1865580826997757,0.4898395836353302,277,403
 , , , , , , , 
0,0,1.1212881803512573,2.6987667083740234,-0.6325192451477051,0.19593583047389984,272,344
0,1,1.1322811841964722,2.716703414916992,-0.674045979976654,0.19593583047389984,291,345
0,2,0.7695115208625793,2.971334457397461,-0.23106759786605835,0.3918716609477997,314,386
0,3,0.8739452362060547,2.959869623184204,-0.3620532751083374,0.3918716609477997,244,422
0,4,0.37009841203689575,2.9372215270996094,-0.04493158310651779,0.4898395836353302,304,357
0,5,0.37376272678375244,2.9642112255096436,-0.12025751918554306,0.4898395836353302,356,358
0,6,0.3774270713329315,2.9920387268066406,-0.14875760674476624,0.4898395836353302,369,362
0,7,0.47636425495147705,3.0089831352233887,-0.11773291230201721,0.4898395836353302,351,370
 , , , , , , , 
0,0,1.110295295715332,2.7191221714019775,-0.3740060031414032,0.19593583047389984,244,352
0,1,1.1212881803512573,2.729151725769043,-0.4849260449409485,0.19593583047389984,309,349
0,2,1.0379244089126587,2.776275396347046,-0.5760940313339233,0.19593583047389984,342,347
0,3,1.0480014085769653,2.815453290939331,-0.519305408000946,0.19593583047389984,350,348
0,4,1.1542673110961914,2.8511879444122314,0.11297481507062912,0.29390373826026917,333,362
0,5,1.068155288696289,2.9146728515625,0.13934674859046936,0.29390373826026917,292,391
0,6,0.37376272678375244,2.966618061065674,-0.013714388944208622,0.3918716609477997,315,338
0,7,0.37009841203689575,2.937197208404541,0.046491026878356934,0.4898395836353302,248,339
0,8,0.3774270713329315,2.9954476356506348,-0.041471365839242935,0.4898395836353302,351,342
0,9,0.3810914158821106,3.0241072177886963,-0.06563395261764526,0.4898395836353302,352,355
0,10,0.3847557604312897,3.052778959274292,-0.08289429545402527,0.4898395836353302,316,377
0,11,0.38842010498046875,3.0820634365081787,-0.07553794980049133,0.4898395836353302,236,412
 , , , , , , , 
0,0,1.2953444719314575,2.6572864055633545,-0.1648390144109726,0.19593583047389984,227,342
0,1,1.3081696033477783,2.682218074798584,-0.18737103044986725,0.19593583047389984,313,339
0,2,1.3209947347640991,2.7086174488067627,-0.18772563338279724,0.19593583047389984,358,339
0,3,1.2385470867156982,2.7798352241516113,-0.18242858350276947,0.19593583047389984,372,342
0,4,0.471783846616745,2.9814248085021973,-0.0735044851899147,0.3918716609477997,345,350
0,5,0.47636425495147705,3.0078835487365723,-0.1430971622467041,0.3918716609477997,397,349
0,6,0.4809446930885315,3.034881830215454,-0.1804245561361313,0.3918716609477997,407,355
0,7,0.48552513122558594,3.0620083808898926,-0.20990529656410217,0.3918716609477997,378,372
0,8,0.4901055693626404,3.0888516902923584,-0.2398434728384018,0.3918716609477997,307,403
 , , , , , , , 
0,0,1.3081696033477783,2.6753177642822266,-0.2684694528579712,0.09796791523694992,295,344
0,1,1.3209947347640991,2.7055487632751465,-0.22771760821342468,0.09796791523694992,336,344
0,2,1.2504562139511108,2.812262535095215,-0.043673694133758545,0.09796791523694992,320,349
0,3,1.1652603149414062,2.8803493976593018,0.03803525120019913,0.09796791523694992,307,378
0,4,1.0782322883605957,2.9454867839813232,0.016004810109734535,0.09796791523694992,260,416
0,5,1.2385470867156982,2.76847767829895,-0.31031420826911926,0.19593583047389984,329,353
0,6,0.3810914158821106,3.0191750526428223,0.18470242619514465,0.3918716609477997,351,350
0,7,0.3847557604312897,3.05387544631958,0.013271266594529152,0.3918716609477997,396,354
0,8,0.38842010498046875,3.081982135772705,-0.07878299057483673,0.3918716609477997,394,369
0,9,0.3920844495296478,3.108119010925293,-0.1568412035703659,0.3918716609477997,348,393
0,10,0.4946860074996948,3.11828875541687,-0.23464030027389526,0.3918716609477997,257,424
 , , , , , , , 
0,0,0.6861478090286255,3.058467149734497,-0.11710651218891144,0.0,233,379
0,1,1.401610255241394,2.601177930831909,-0.45833462476730347,0.09796791523694992,271,344
0,2,1.3209947347640991,2.6779732704162598,-0.4475586414337158,0.09796791523694992,317,344
0,3,1.4290927648544312,2.6532485485076904,-0.461225301027298,0.09796791523694992,330,345
0,4,1.4428341388702393,2.6869091987609863,-0.416072279214859,0.09796791523694992,317,346
0,5,0.38842010498046875,3.00242018699646,-0.7002096176147461,0.19593583047389984,309,361
0,6,1.1652603149414062,2.85227370262146,0.4029802978038788,0.19593583047389984,309,361
0,7,0.3920844495296478,3.1091232299804688,-0.13548147678375244,0.29390373826026917,307,363
0,8,0.3957487940788269,3.1391658782958984,-0.11187069863080978,0.29390373826026917,254,387
 , , , , , , , 
0,0,1.3081696033477783,2.68257999420166,-0.18211592733860016,0.09796791523694992,302,333
0,1,1.3209947347640991,2.7104902267456055,-0.15840673446655273,0.09796791523694992,363,334
0,2,1.3338199853897095,2.7382869720458984,-0.13217905163764954,0.09796791523694992,386,337
0,3,1.3466451168060303,2.764863967895508,-0.12822754681110382,0.09796791523694992,375,343
0,4,1.3594703674316406,2.7854487895965576,-0.2209218144416809,0.09796791523694992,328,366
0,5,0.29131507873535156,2.944531202316284,0.9489794969558716,0.09796791523694992,328,366
0,6,1.274274468421936,2.8396506309509277,-0.3890279531478882,0.09796791523694992,265,406
0,7,0.1960422247648239,3.0472445487976074,0.7173580527305603,0.09796791523694992,265,406
 , , , , , , , 
0,0,1.401610255241394,2.628244638442993,-0.26177892088890076,0.09796791523694992,246,334
0,1,0.28032204508781433,2.6465275287628174,1.3630924224853516,0.09796791523694992,246,334
0,2,1.3209947347640991,2.7050366401672363,-0.23372171819210052,0.09796791523694992,304,336
0,3,0.28307029604911804,2.581921100616455,1.539620280265808,0.09796791523694992,304,336
0,4,1.4290927648544312,2.686133623123169,-0.19272488355636597,0.09796791523694992,325,337
0,5,0.28581857681274414,2.699976682662964,1.3867933750152588,0.09796791523694992,325,337
0,6,0.3847557604312897,3.046879768371582,0.2070133239030838,0.09796791523694992,315,337
0,7,1.4428341388702393,2.7053627967834473,-0.2713125944137573,0.09796791523694992,315,337
0,8,0.48552513122558594,3.0690560340881348,0.02917104959487915,0.09796791523694992,333,352
0,9,0.4901055693626404,3.0966758728027344,0.09553736448287964,0.09796791523694992,313,381
0,10,0.4946860074996948,3.1210756301879883,0.19408108294010162,0.09796791523694992,248,420
0,11,0.6797351837158203,3.0077223777770996,-0.38374245166778564,-0.09796791523694992,295,342
0,12,0.5881266593933105,3.057620048522949,-0.3792097270488739,-0.09796791523694992,296,353
0,13,0.593623161315918,3.081197738647461,-0.42110249400138855,-0.09796791523694992,259,372
 , , , , , , , 
0,0,0.3774270713329315,2.9900269508361816,-0.18483500182628632,0.09796791523694992,240,338
0,1,0.3810914158821106,3.016889810562134,-0.21887771785259247,0.09796791523694992,304,338
0,2,0.3847557604312897,3.051548957824707,-0.11991741508245468,0.09796791523694992,372,340
0,3,0.38842010498046875,3.082533359527588,-0.05300173908472061,0.09796791523694992,415,345
0,4,0.3920844495296478,3.1119956970214844,-0.022060494869947433,0.09796791523694992,412,365
0,5,0.3957487940788269,3.1411125659942627,-0.017006872221827507,0.09796791523694992,367,396
0,6,0.399413138628006,3.170024871826172,-0.037236664444208145,0.09796791523694992,285,433
 , , , , , , , 
0,0,0.3810914158821106,3.024818181991577,0.0026821745559573174,0.09796791523694992,266,332
0,1,1.4290927648544312,2.66422176361084,0.39291098713874817,0.09796791523694992,266,332
0,2,0.3847557604312897,3.053004503250122,-0.07412774860858917,0.09796791523694992,380,334
0,3,0.38842010498046875,3.0817108154296875,-0.08876264095306396,0.09796791523694992,439,340
0,4,0.3920844495296478,3.1100192070007324,-0.11306484788656235,0.09796791523694992,454,353
0,5,0.3957487940788269,3.137627601623535,-0.1488984227180481,0.09796791523694992,422,379
0,6,0.4992664158344269,3.150883674621582,-0.18066753447055817,0.09796791523694992,353,411
0,7,0.5038468241691589,3.1743955612182617,-0.25985202193260193,0.09796791523694992,238,457
 , , , , , , , 
0,0,0.38842010498046875,3.0796897411346436,-0.14259296655654907,0.29390373826026917,282,340
0,1,0.3920844495296478,3.10870361328125,-0.14479634165763855,0.29390373826026917,332,342
0,2,0.3957487940788269,3.1371583938598633,-0.15847554802894592,0.29390373826026917,339,356
0,3,0.399413138628006,3.1655373573303223,-0.17267875373363495,0.29390373826026917,305,377
0,4,0.5038468241691589,3.1814229488372803,-0.15118955075740814,0.29390373826026917,237,402
0,5,1.3209947347640991,2.6961562633514404,-0.32029804587364197,-0.09796791523694992,277,342
0,6,1.3338199853897095,2.723698139190674,-0.31169840693473816,-0.09796791523694992,318,343
0,7,1.3466451168060303,2.747622013092041,-0.3338986337184906,-0.09796791523694992,328,346
0,8,1.3594703674316406,2.769348621368408,-0.3718060255050659,-0.09796791523694992,305,353
0,9,1.4703166484832764,2.7465169429779053,-0.36544108390808105,-0.09796791523694992,232,377
 , , , , , , , 
0,0,0.3920844495296478,3.1119699478149414,-0.025408992543816566,0.4898395836353302,306,346
0,1,0.3957487940788269,3.1405844688415527,-0.06005826219916344,0.4898395836353302,357,350
0,2,0.399413138628006,3.169032335281372,-0.08762529492378235,0.4898395836353302,365,365
0,3,0.40307745337486267,3.196930170059204,-0.12384337186813354,0.4898395836353302,336,386
0,4,0.40674179792404175,3.2231972217559814,-0.18344156444072723,0.4898395836353302,266,415
0,5,1.3209947347640991,2.686537027359009,-0.3928981125354767,-0.09796791523694992,266,349
0,6,1.3338199853897095,2.7202670574188232,-0.34034475684165955,-0.09796791523694992,306,348
0,7,1.3466451168060303,2.7501373291015625,-0.3125046491622925,-0.09796791523694992,318,346
0,8,1.3594703674316406,2.775864362716675,-0.3195439875125885,-0.09796791523694992,292,353
 , , , , , , , 
0,0,0.399413138628006,3.1662182807922363,-0.15970198810100555,0.4898395836353302,349,355
0,1,0.40307745337486267,3.194941759109497,-0.167472705245018,0.4898395836353302,379,360
0,2,0.40674179792404175,3.223093271255493,-0.18525762856006622,0.4898395836353302,366,373
0,3,0.4104061424732208,3.2504327297210693,-0.2144288569688797,0.4898395836353302,318,390
0,4,0.3957487940788269,3.1398470401763916,0.0907629132270813,0.5878074765205383,284,339
0,5,1.3081696033477783,2.663454532623291,-0.36798295378685,-0.09796791523694992,237,343
0,6,1.3209947347640991,2.694483757019043,-0.33407655358314514,-0.09796791523694992,303,337
0,7,1.3338199853897095,2.723012924194336,-0.3176281750202179,-0.09796791523694992,333,333
0,8,1.3466451168060303,2.7509031295776367,-0.3056917190551758,-0.09796791523694992,331,335
0,9,1.3594703674316406,2.7791242599487305,-0.28982651233673096,-0.09796791523694992,293,352
 , , , , , , , 
0,0,0.5038468241691589,3.1847734451293945,-0.03908790275454521,0.19593583047389984,235,395
0,1,0.40674179792404175,3.2283570766448975,-0.018995169550180435,0.29390373826026917,288,367
0,2,0.4104061424732208,3.256845474243164,-0.06518657505512238,0.3918716609477997,303,360
0,3,0.4140704870223999,3.2841835021972656,-0.12555688619613647,0.3918716609477997,265,383
0,4,0.2995598614215851,3.181225538253784,-0.00649305060505867,0.4898395836353302,241,348
0,5,0.3050563335418701,3.2392029762268066,0.05093001574277878,0.6857753992080688,273,355
0,6,0.3078046143054962,3.2684249877929688,0.04877961799502373,0.6857753992080688,262,371
0,7,0.20703524351119995,3.305868625640869,0.03804303705692291,0.6857753992080688,232,372
0,8,1.3209947347640991,2.6880710124969482,-0.3822621703147888,-0.09796791523694992,268,346
0,9,1.3338199853897095,2.7128984928131104,-0.3948020935058594,-0.09796791523694992,293,344
0,10,1.3466451168060303,2.7328546047210693,-0.43865767121315,-0.09796791523694992,292,344
0,11,1.3594703674316406,2.7448906898498535,-0.5225966572761536,-0.09796791523694992,252,356
 , , , , , , , 
0,0,0.40307745337486267,3.1977388858795166,-0.10082437843084335,0.29390373826026917,329,373
0,1,0.40674179792404175,3.226242780685425,-0.11835921555757523,0.29390373826026917,391,382
0,2,0.4104061424732208,3.2543931007385254,-0.14218470454216003,0.29390373826026917,402,399
0,3,0.4140704870223999,3.2820894718170166,-0.17179825901985168,0.29390373826026917,374,423
0,4,0.417734831571579,3.3090269565582275,-0.2097395807504654,0.29390373826026917,309,450
0,5,0.399413138628006,3.17022442817688,0.010957038961350918,0.3918716609477997,238,345
0,6,1.212896704673767,9.625558853149414,-0.1705658882856369,0.5878074765205383,226,347
0,7,1.2165610790252686,9.655387878417969,-0.12168851494789124,0.5878074765205383,229,359
0,8,1.3081696033477783,2.648904800415039,-0.4611997604370117,-0.09796791523694992,228,333
0,9,1.3209947347640991,2.686450481414795,-0.3934895098209381,-0.09796791523694992,283,334
0,10,1.3338199853897095,2.71563720703125,-0.3755027949810028,-0.09796791523694992,305,333
0,11,1.3466451168060303,2.740805149078369,-0.38587820529937744,-0.09796791523694992,294,334
0,12,1.3594703674316406,2.7596428394317627,-0.43806612491607666,-0.09796791523694992,240,348
 , , , , , , , 
0,0,0.4140704870223999,3.253558874130249,-0.4647369384765625,0.0,241,426
0,1,0.40307745337486267,3.198913097381592,0.05152823030948639,0.29390373826026917,260,364
0,2,0.40674179792404175,3.228132724761963,-0.04254235699772835,0.29390373826026917,341,368
0,3,0.4104061424732208,3.2566123008728027,-0.07594843208789825,0.29390373826026917,378,377
0,4,0.4140704870223999,3.285037040710449,-0.10077811032533646,0.29390373826026917,368,397
0,5,0.417734831571579,3.3133840560913086,-0.1230321153998375,0.29390373826026917,322,423
0,6,0.42139917612075806,3.342222213745117,-0.1300744116306305,0.29390373826026917,237,456
0,7,1.3209947347640991,2.69752836227417,-0.3085300028324127,-0.09796791523694992,268,347
0,8,1.3338199853897095,2.730341672897339,-0.24682305753231049,-0.09796791523694992,279,347
0,9,1.3466451168060303,2.7635316848754883,-0.1542978286743164,-0.09796791523694992,251,349
 , , , , , , , 
0,0,1.3209947347640991,2.7150800228118896,-0.013767465949058533,0.09796791523694992,231,334
0,1,1.3338199853897095,2.7414236068725586,0.01683303341269493,0.09796791523694992,244,335
0,2,1.3466451168060303,2.7677533626556396,0.02137554995715618,0.09796791523694992,233,334
0,3,1.3081696033477783,2.6567208766937256,-0.4138064384460449,-0.09796791523694992,231,339
0,4,1.3209947347640991,2.690114974975586,-0.3676024079322815,-0.09796791523694992,281,337
0,5,1.3338199853897095,2.71826171875,-0.35600563883781433,-0.09796791523694992,296,335
0,6,1.3466451168060303,2.7438979148864746,-0.36323434114456177,-0.09796791523694992,279,337
0,7,1.3594703674316406,2.7674310207366943,-0.38581979274749756,-0.09796791523694992,227,353
 , , , , , , , 
0,0,0.4104061424732208,3.2525925636291504,-0.17870083451271057,-0.09796791523694992,260,449
0,1,0.4140704870223999,3.2805187702178955,-0.19955353438854218,-0.09796791523694992,296,439
0,2,0.417734831571579,3.3074138164520264,-0.23380185663700104,-0.09796791523694992,288,440
0,3,0.42139917612075806,3.3323192596435547,-0.2881273329257965,-0.09796791523694992,247,441
 , , , , , , , 
0,0,0.3105528652667999,3.29430890083313,-0.15545476973056793,-0.09796791523694992,227,480
0,1,0.31330111622810364,3.322185516357422,-0.1818751096725464,-0.09796791523694992,232,477
 , , , , , , , 
0,0,1.2385470867156982,2.78043270111084,-0.17308488488197327,0.09796791523694992,232,342
0,1,1.2504562139511108,2.8068442344665527,-0.1798677146434784,0.09796791523694992,226,345
0,2,0.3105528652667999,3.296332359313965,0.10406077653169632,0.09796791523694992,248,386
0,3,0.31330111622810364,3.3260955810546875,0.08416499197483063,0.09796791523694992,252,379
0,4,1.3209947347640991,2.659583568572998,-0.5463189482688904,-0.09796791523694992,269,335
0,5,1.3338199853897095,2.683502674102783,-0.5608030557632446,-0.09796791523694992,293,336
0,6,1.3466451168060303,2.706005334854126,-0.5817650556564331,-0.09796791523694992,291,337
0,7,1.3594703674316406,2.733952045440674,-0.5770941376686096,-0.09796791523694992,244,355
 , , , , , , , 
0,0,0.4140704870223999,3.2814366817474365,0.1838441789150238,0.09796791523694992,258,410
0,1,0.417734831571579,3.312293291091919,0.14954474568367004,0.09796791523694992,269,404
0,2,0.42139917612075806,3.342485189437866,0.12312652170658112,0.09796791523694992,242,403
0,3,1.3081696033477783,2.675250768661499,-0.26913684606552124,-0.09796791523694992,239,346
0,4,1.3209947347640991,2.701897144317627,-0.26758530735969543,-0.09796791523694992,292,341
0,5,1.3338199853897095,2.7280526161193848,-0.2709521949291229,-0.09796791523694992,310,341
0,6,1.3466451168060303,2.7559268474578857,-0.25648051500320435,-0.09796791523694992,294,342
 , , , , , , , 
0,0,0.3078046143054962,3.2669551372528076,0.10948045551776886,0.09796791523694992,232,425
0,1,0.3105528652667999,3.2961173057556152,0.11066565662622452,0.09796791523694992,283,410
0,2,0.31330111622810364,3.3257033824920654,0.09844901412725449,0.09796791523694992,290,405
0,3,0.31604939699172974,3.355069637298584,0.09255583584308624,0.09796791523694992,262,402
0,4,1.3081696033477783,2.683082342147827,-0.17456023395061493,-0.09796791523694992,271,338
0,5,1.3209947347640991,2.7111856937408447,-0.14601807296276093,-0.09796791523694992,320,339
0,6,1.3338199853897095,2.7376866340637207,-0.1440785676240921,-0.09796791523694992,333,342
0,7,1.3466451168060303,2.761608362197876,-0.18556499481201172,-0.09796791523694992,315,346
0,8,1.3594703674316406,2.7816689014434814,-0.264290988445282,-0.09796791523694992,261,367
 , , , , , , , 
0,0,0.4104061424732208,3.25730037689209,0.03586157038807869,0.09796791523694992,265,439
0,1,0.4140704870223999,3.286569833755493,0.009143167175352573,0.09796791523694992,312,420
0,2,0.417734831571579,3.315584421157837,-0.023467956110835075,0.09796791523694992,313,412
0,3,0.42139917612075806,3.34379243850708,-0.0801338255405426,0.09796791523694992,272,415
0,4,1.20281982421875,2.6806881427764893,-0.3652356266975403,-0.09796791523694992,227,342
0,5,1.214728832244873,2.7188782691955566,-0.26989617943763733,-0.09796791523694992,306,343
0,6,1.2266379594802856,2.749498128890991,-0.2291184961795807,-0.09796791523694992,352,343
0,7,1.2385470867156982,2.776787757873535,-0.2240823358297348,-0.09796791523694992,363,345
0,8,1.2504562139511108,2.800502061843872,-0.2606072425842285,-0.09796791523694992,333,360
0,9,1.3594703674316406,2.7835853099823,-0.24327896535396576,-0.09796791523694992,285,388
0,10,1.372295618057251,2.8182625770568848,-0.11373089253902435,-0.09796791523694992,239,427
 , , , , , , , 
0,0,0.3105528652667999,3.2977404594421387,0.03930053859949112,0.09796791523694992,261,468
0,1,0.31330111622810364,3.3270931243896484,0.021119704470038414,0.09796791523694992,283,455
0,2,0.31604939699172974,3.3563358783721924,-0.008215541951358318,0.09796791523694992,267,445
0,3,1.20281982421875,2.7003583908081055,-0.16598044335842133,-0.09796791523694992,255,341
0,4,1.214728832244873,2.729377031326294,-0.1250777244567871,-0.09796791523694992,321,341
0,5,1.2266379594802856,2.7580065727233887,-0.07506918907165527,-0.09796791523694992,353,343
0,6,1.2385470867156982,2.7856695652008057,-0.02844279073178768,-0.09796791523694992,351,348
0,7,1.2504562139511108,2.812530040740967,-0.02006283774971962,-0.09796791523694992,310,368
0,8,1.2623653411865234,2.834033727645874,-0.1742948740720749,-0.09796791523694992,237,401
 , , , , , , , 
0,0,0.20703524351119995,3.3058922290802,0.03596484661102295,0.09796791523694992,261,430
0,1,0.2088674157857895,3.335278272628784,0.02109384723007679,0.09796791523694992,274,425
0,2,0.21069958806037903,3.3646018505096436,-0.002250854391604662,0.09796791523694992,249,426
0,3,1.20281982421875,2.7008216381073,-0.15826654434204102,-0.19593583047389984,255,352
0,4,1.3081696033477783,2.6852424144744873,-0.13738632202148438,-0.19593583047389984,311,353
0,5,1.3209947347640991,2.7107338905334473,-0.1541789025068283,-0.19593583047389984,335,354
0,6,1.2385470867156982,2.778823137283325,-0.1972436010837555,-0.19593583047389984,332,357
0,7,1.2504562139511108,2.8003101348876953,-0.26265954971313477,-0.19593583047389984,299,377
0,8,1.1652603149414062,2.8573153018951416,-0.3655239939689636,-0.19593583047389984,253,407
 , , , , , , , 
0,0,1.20281982421875,2.6523377895355225,-0.5334698557853699,-0.19593583047389984,281,340
0,1,1.1212881803512573,2.712151050567627,-0.5724146366119385,-0.19593583047389984,310,338
0,2,1.1322811841964722,2.7543272972106934,-0.49849408864974976,-0.19593583047389984,324,338
0,3,1.1432743072509766,2.795024871826172,-0.41895392537117004,-0.19593583047389984,313,351
0,4,1.2504562139511108,2.775068998336792,-0.45795199275016785,-0.19593583047389984,262,381
0,5,0.20703524351119995,3.3036110401153564,-0.127945676445961,-0.09796791523694992,250,512
0,6,0.2088674157857895,3.3322505950927734,-0.14364467561244965,-0.09796791523694992,266,503
0,7,0.21069958806037903,3.360051393508911,-0.17494715750217438,-0.09796791523694992,245,498
0,8,-0.1630631536245346,3.317995548248291,4.023935794830322,-0.09796791523694992,246,433
0,9,-0.16397924721240997,3.3993701934814453,3.9939863681793213,-0.09796791523694992,248,433
 , , , , , , , 
0,0,1.1909106969833374,2.6727559566497803,-0.17787206172943115,-0.19593583047389984,283,349
0,1,1.20281982421875,2.699117660522461,-0.1850665956735611,-0.19593583047389984,335,353
0,2,1.214728832244873,2.7256627082824707,-0.18948884308338165,-0.19593583047389984,360,350
0,3,1.1322811841964722,2.7911875247955322,-0.20997081696987152,-0.19593583047389984,352,348
0,4,1.1432743072509766,2.8157801628112793,-0.2430390566587448,-0.19593583047389984,283,369
0,5,0.4140704870223999,3.285322427749634,-0.09100296348333359,-0.09796791523694992,228,478
 , , , , , , , 
0,0,1.0883091688156128,2.672823429107666,-0.30678653717041016,-0.19593583047389984,271,346
0,1,1.0993021726608276,2.7048685550689697,-0.26220718026161194,-0.19593583047389984,346,344
0,2,1.110295295715332,2.7340171337127686,-0.24219030141830444,-0.19593583047389984,383,345
0,3,1.1212881803512573,2.7615458965301514,-0.2393442541360855,-0.19593583047389984,387,350
0,4,1.2266379594802856,2.746609926223755,-0.26147496700286865,-0.19593583047389984,354,367
0,5,1.2385470867156982,2.7663497924804688,-0.3287433087825775,-0.19593583047389984,283,399
0,6,0.2052030712366104,3.275909900665283,0.07766043394804001,-0.09796791523694992,285,482
0,7,0.20703524351119995,3.305373191833496,0.06872893869876862,-0.09796791523694992,300,476
0,8,0.2088674157857895,3.3346107006073,0.06999169290065765,-0.09796791523694992,281,474
0,9,0.21069958806037903,3.3631858825683594,0.09763264656066895,-0.09796791523694992,232,470
 , , , , , , , 
0,0,0.9976167678833008,2.720226287841797,-0.16628041863441467,-0.09796791523694992,313,341
0,1,1.0076936483383179,2.749143123626709,-0.14246788620948792,-0.09796791523694992,365,341
0,2,1.0177706480026245,2.77669620513916,-0.14269278943538666,-0.09796791523694992,382,344
0,3,1.0278475284576416,2.8032491207122803,-0.1613454967737198,-0.09796791523694992,364,354
0,4,1.0379244089126587,2.8300726413726807,-0.17400862276554108,-0.09796791523694992,306,380
0,5,0.2052030712366104,3.2692482471466064,-0.22278240323066711,-0.09796791523694992,246,484
0,6,0.10351762175559998,3.3034186363220215,-0.22313465178012848,-0.09796791523694992,255,480
0,7,0.10443370789289474,3.3360393047332764,-0.16759534180164337,-0.09796791523694992,226,484
 , , , , , , , 
0,0,0.9976167678833008,2.7231533527374268,-0.10824377834796906,-0.09796791523694992,285,350
0,1,1.0076936483383179,2.752091407775879,-0.06385970860719681,-0.09796791523694992,332,349
0,2,1.0177706480026245,2.7803568840026855,-0.0043482654727995396,-0.09796791523694992,340,351
0,3,1.0278475284576416,2.8057479858398438,0.10961967706680298,-0.09796791523694992,310,357
 , , , , , , , 
0,0,0.8492109179496765,2.8505067825317383,-0.5199316143989563,0.09796791523694992,254,343
0,1,0.0,9.672487258911133,-0.16294455528259277,-0.29390373826026917,238,424
0,2,0.0,9.703116416931152,0.0332065112888813,-0.29390373826026917,258,404
0,3,0.0,9.732240676879883,0.06941600888967514,-0.29390373826026917,279,392
0,4,0.0,9.761545181274414,0.07099733501672745,-0.29390373826026917,274,383
0,5,0.0,9.790961265563965,0.05539454519748688,-0.29390373826026917,227,383
0,6,1.0379244089126587,2.8020408153533936,-0.43377095460891724,-0.19593583047389984,256,362
0,7,0.0,9.644481658935547,-0.03483205288648605,-0.19593583047389984,228,449
0,8,0.8977634310722351,2.7289164066314697,0.016211753711104393,-0.09796791523694992,236,337
0,9,0.906924307346344,2.7566580772399902,0.029056867584586143,-0.09796791523694992,312,336
0,10,1.0076936483383179,2.750948667526245,0.10181334614753723,-0.09796791523694992,348,335
0,11,1.0177706480026245,2.7735140323638916,0.19499820470809937,-0.09796791523694992,348,336
0,12,1.0278475284576416,2.802854061126709,0.1680712103843689,-0.09796791523694992,313,347
0,13,0.0,3.2519073486328125,-0.11483826488256454,-0.09796791523694992,243,492
0,14,0.0,3.2821152210235596,-0.08628780394792557,-0.09796791523694992,281,484
0,15,0.0,3.311321258544922,-0.09072821587324142,-0.09796791523694992,278,482
0,16,0.0,3.339756488800049,-0.11908115446567535,-0.09796791523694992,236,483
 , , , , , , , 
0,0,0.9774628281593323,2.653007984161377,-0.3029322922229767,-0.4898395836353302,230,342
0,1,0.9875397682189941,2.6639292240142822,-0.4259975254535675,-0.4898395836353302,297,342
0,2,0.9976167678833008,2.6781575679779053,-0.5047301650047302,-0.4898395836353302,323,346
0,3,1.0076936483383179,2.696211576461792,-0.5554532408714294,-0.4898395836353302,312,353
0,4,1.0177706480026245,2.7179486751556396,-0.5857980251312256,-0.4898395836353302,261,368
0,5,-0.10168544948101044,3.2504565715789795,0.11081953346729279,-0.29390373826026917,235,540
0,6,-0.1026015356183052,3.2797162532806396,0.11251730471849442,-0.29390373826026917,240,544
0,7,0.8977634310722351,2.7131741046905518,-0.2931455075740814,-0.19593583047389984,297,338
0,8,0.906924307346344,2.7565951347351074,-0.034517962485551834,-0.09796791523694992,363,334
0,9,0.9160851836204529,2.7841949462890625,-0.05077770724892616,-0.09796791523694992,384,342
0,10,0.925246000289917,2.811445713043213,-0.07716537266969681,-0.09796791523694992,370,354
0,11,1.0278475284576416,2.806605815887451,-0.0848686620593071,-0.09796791523694992,317,378
0,12,1.1322811841964722,2.799055814743042,-0.010124148800969124,-0.09796791523694992,226,415
 , , , , , , , 
0,0,-0.199706569314003,3.1890575885772705,0.002025115303695202,-0.4898395836353302,266,467
0,1,-0.20153872668743134,3.218302011489868,-0.009274006821215153,-0.4898395836353302,318,463
0,2,-0.20337089896202087,3.2474470138549805,-0.02858039177954197,-0.4898395836353302,330,462
0,3,-0.2052030712366104,3.276293992996216,-0.05928317829966545,-0.4898395836353302,307,464
0,4,-0.20703524351119995,3.3039934635162354,-0.11766048520803452,-0.4898395836353302,237,478
0,5,0.888602614402771,2.648834705352783,-0.5288795828819275,-0.29390373826026917,244,349
0,6,0.8977634310722351,2.6921803951263428,-0.4465561509132385,-0.19593583047389984,313,346
0,7,0.906924307346344,2.7283616065979004,-0.39503222703933716,-0.19593583047389984,350,348
0,8,0.9160851836204529,2.762014865875244,-0.35439223051071167,-0.19593583047389984,358,355
0,9,0.94356769323349,2.840655565261841,-0.39652493596076965,-0.19593583047389984,247,441
0,10,0.925246000289917,2.8043699264526367,-0.21375371515750885,-0.09796791523694992,375,341
0,11,0.9344068169593811,2.829434633255005,-0.24878117442131042,-0.09796791523694992,337,369
 , , , , , , , 
0,0,-0.1960422247648239,3.1269335746765137,0.15029092133045197,-0.6857753992080688,268,348
0,1,-0.19787439703941345,3.1593000888824463,0.05624861270189285,-0.6857753992080688,355,348
0,2,-0.199706569314003,3.189009428024292,0.01761661469936371,-0.6857753992080688,378,361
0,3,-0.20153872668743134,3.218240737915039,-0.021921372041106224,-0.6857753992080688,362,380
0,4,-0.20337089896202087,3.246274471282959,-0.09182067960500717,-0.6857753992080688,314,399
0,5,-0.09710502624511719,3.0897912979125977,-0.31536003947257996,-0.5878074765205383,229,351
0,6,-0.09802111238241196,3.1340954303741455,-0.08106108754873276,-0.4898395836353302,231,354
0,7,0.888602614402771,2.6612155437469482,-0.4625689387321472,-0.19593583047389984,282,351
0,8,0.8977634310722351,2.7097294330596924,-0.32344117760658264,-0.19593583047389984,339,351
0,9,0.906924307346344,2.7488348484039307,-0.20955908298492432,-0.19593583047389984,372,353
0,10,0.9160851836204529,2.781571626663208,-0.13106881082057953,-0.19593583047389984,369,366
0,11,0.925246000289917,2.8121871948242188,-0.04224928840994835,-0.19593583047389984,324,393
0,12,0.8409661054611206,2.8693835735321045,0.011107666417956352,-0.19593583047389984,238,429
 , , , , , , , 
0,0,-0.19421005249023438,3.0996367931365967,0.10111639648675919,-0.7837433218955994,358,346
0,1,-0.1960422247648239,3.1292614936828613,0.08957594633102417,-0.7837433218955994,384,371
0,2,-0.19787439703941345,3.159494161605835,0.04401213675737381,-0.7837433218955994,372,405
0,3,-0.199706569314003,3.189056873321533,0.002881770022213459,-0.7837433218955994,323,445
0,4,-0.20153872668743134,3.218202590942383,-0.026932507753372192,-0.7837433218955994,241,487
0,5,-0.18871353566646576,3.0125274658203125,0.07707928866147995,-0.6857753992080688,298,341
0,6,-0.1905457079410553,3.041790008544922,0.07726144790649414,-0.6857753992080688,343,340
0,7,-0.19237788021564484,3.0703136920928955,0.10263318568468094,-0.6857753992080688,356,341
0,8,0.8244766592979431,2.8023974895477295,-0.245637446641922,-0.19593583047389984,288,354
0,9,0.7401968240737915,2.7983412742614746,-0.6226195693016052,-0.19593583047389984,282,376
0,10,0.6540848016738892,2.8708837032318115,-0.520489513874054,-0.19593583047389984,272,407
0,11,0.754854142665863,2.9099080562591553,-0.28196805715560913,-0.19593583047389984,240,442
0,12,0.791497528553009,2.6568942070007324,-0.4839867949485779,-0.09796791523694992,238,332
0,13,0.7997423410415649,2.677987575531006,-0.5238781571388245,-0.09796791523694992,294,331
0,14,0.8079870939254761,2.6853268146514893,-0.6240226030349731,-0.09796791523694992,315,331
0,15,0.8162318468093872,2.6788811683654785,-0.7614994049072266,-0.09796791523694992,295,340
 , , , , , , , 
0,0,-0.18504920601844788,2.9535839557647705,0.09142670780420303,-0.7837433218955994,282,337
0,1,-0.18688136339187622,2.9833602905273438,0.07311371713876724,-0.7837433218955994,338,336
0,2,-0.18871353566646576,3.012878179550171,0.06187547370791435,-0.7837433218955994,360,335
0,3,-0.1905457079410553,3.0415680408477783,0.08555468171834946,-0.7837433218955994,361,339
0,4,-0.19237788021564484,3.0693821907043457,0.12748011946678162,-0.7837433218955994,355,362
0,5,-0.19421005249023438,3.0996341705322266,0.10119940340518951,-0.7837433218955994,341,399
0,6,-0.1960422247648239,3.130096912384033,0.05286789312958717,-0.7837433218955994,296,443
0,7,0.791497528553009,2.669985055923462,-0.40559813380241394,-0.19593583047389984,275,344
0,8,0.7997423410415649,2.6994495391845703,-0.39879462122917175,-0.19593583047389984,335,341
0,9,0.8079870939254761,2.745765209197998,-0.24730020761489868,-0.19593583047389984,368,341
0,10,0.8162318468093872,2.782090902328491,-0.1274978220462799,-0.19593583047389984,375,351
0,11,0.8244766592979431,2.8093388080596924,-0.14623801410198212,-0.19593583047389984,351,375
0,12,0.7401968240737915,2.851473093032837,-0.2957530915737152,-0.19593583047389984,298,408
 , , , , , , , 
0,0,-0.6540848016738892,0.6571184396743774,-2.8427236080169678,0.6857753992080688,303,354
0,1,-0.6733225584030151,0.4417053759098053,-2.970841884613037,0.6857753992080688,320,419
0,2,-0.6797351837158203,0.34798663854599,-3.012068510055542,0.6857753992080688,252,454
0,3,0.37009841203689575,2.9293875694274902,0.21903647482395172,-0.3918716609477997,298,355
0,4,0.37376272678375244,2.9610915184020996,0.18151117861270905,-0.3918716609477997,305,371
0,5,0.7108820676803589,2.711669683456421,-0.47660011053085327,-0.19593583047389984,299,357
0,6,0.8079870939254761,2.755431652069092,-0.0893387496471405,-0.19593583047389984,330,357
0,7,0.8162318468093872,2.784268379211426,0.06430070102214813,-0.19593583047389984,320,370
0,8,0.8244766592979431,2.7889702320098877,0.36798763275146484,-0.19593583047389984,240,398
0,9,0.7035533785820007,2.6846704483032227,-0.46621328592300415,-0.09796791523694992,282,349
 , , , , , , , 
0,0,0.6962246894836426,2.640131711959839,-0.5483036637306213,-0.29390373826026917,275,344
0,1,0.7035533785820007,2.6810402870178223,-0.4866549074649811,-0.29390373826026917,332,344
0,2,0.7108820676803589,2.7137484550476074,-0.46461746096611023,-0.29390373826026917,352,346
0,3,0.718210756778717,2.748116970062256,-0.43041104078292847,-0.29390373826026917,333,352
0,4,0.7255394458770752,2.805731773376465,-0.15485988557338715,-0.19593583047389984,310,372
0,5,0.7328681349754333,2.8277018070220947,-0.24604515731334686,-0.19593583047389984,273,403
 , , , , , , , 
0,0,-0.6091966032981873,0.3718985319137573,2.691882610321045,0.4898395836353302,245,337
0,1,-0.6156092286109924,0.10964061319828033,2.743866205215454,0.4898395836353302,284,340
0,2,-0.718210756778717,0.256219744682312,-2.7697927951812744,0.4898395836353302,351,348
0,3,-0.7328681349754333,0.71598881483078,-2.7465970516204834,0.5878074765205383,358,399
0,4,-0.6476722359657288,0.7317659854888916,-2.794870376586914,0.5878074765205383,314,433
0,5,-0.6540848016738892,0.5442389249801636,-2.86647629737854,0.5878074765205383,239,468
0,6,0.6091966032981873,2.7116942405700684,0.17679166793823242,-0.19593583047389984,253,347
0,7,0.6156092286109924,2.7447025775909424,0.08620069921016693,-0.19593583047389984,317,347
0,8,0.7108820676803589,2.7523159980773926,0.07111187279224396,-0.19593583047389984,343,349
0,9,0.718210756778717,2.779428005218506,0.11036500334739685,-0.19593583047389984,324,356
 , , , , , , , 
0,0,-0.6027840375900269,0.4011693298816681,-2.6587514877319336,0.5878074765205383,258,352
0,1,-0.6091966032981873,0.6101956963539124,-2.6480562686920166,0.5878074765205383,265,355
0,2,0.5496510863304138,2.8256540298461914,-0.554161548614502,-0.29390373826026917,231,416
0,3,0.6091966032981873,2.6741116046905518,-0.4833918809890747,-0.19593583047389984,318,348
0,4,0.6156092286109924,2.7098569869995117,-0.44440773129463196,-0.19593583047389984,363,346
0,5,0.6220217943191528,2.740182399749756,-0.43605276942253113,-0.19593583047389984,373,350
0,6,0.718210756778717,2.7458925247192383,-0.44438108801841736,-0.19593583047389984,348,364
0,7,0.7255394458770752,2.7589385509490967,-0.5332642793655396,-0.19593583047389984,291,393
0,8,0.6888960599899292,2.5849034786224365,-0.6610150933265686,-0.09796791523694992,250,341
 , , , , , , , 
0,0,-0.681567370891571,0.9704113006591797,-2.454854965209961,0.6857753992080688,290,338
0,1,-0.6888960599899292,0.8782657980918884,-2.51938796043396,0.6857753992080688,346,349
0,2,-0.6962246894836426,0.7778661847114563,-2.581831932067871,0.6857753992080688,362,369
0,3,-0.7035533785820007,0.6806090474128723,-2.6384809017181396,0.6857753992080688,342,393
0,4,-0.7108820676803589,0.611905038356781,-2.684375524520874,0.6857753992080688,286,422
0,5,0.5441545844078064,2.7847609519958496,-0.6095260381698608,-0.29390373826026917,285,357
0,6,0.5496510863304138,2.8346972465515137,-0.5058712363243103,-0.29390373826026917,265,380
0,7,0.6156092286109924,2.7447452545166016,-0.08482881635427475,-0.09796791523694992,316,335
0,8,0.6220217943191528,2.7689549922943115,-0.1778508573770523,-0.09796791523694992,316,342
0,9,0.718210756778717,2.7745425701141357,-0.19827869534492493,-0.09796791523694992,288,354
 , , , , , , , 
0,0,0.7108820676803589,2.7070705890655518,-0.5020647644996643,0.09796791523694992,298,360
0,1,0.718210756778717,2.747279405593872,-0.4357254207134247,0.09796791523694992,253,376
0,2,-0.33345499634742737,2.6352593898773193,0.2460063248872757,-0.7837433218955994,314,339
0,3,-0.33711934089660645,2.6701889038085938,0.17322400212287903,-0.7837433218955994,378,343
0,4,-0.3407836854457855,2.702014923095703,0.12460814416408539,-0.7837433218955994,408,344
0,5,-0.3444480299949646,2.732679605484009,0.08404020965099335,-0.7837433218955994,390,361
0,6,-0.3481123447418213,2.762744903564453,0.0414639413356781,-0.7837433218955994,332,388
0,7,-0.35177668929100037,2.7919821739196777,-0.02977869100868702,-0.7837433218955994,228,427
0,8,0.44888171553611755,2.793415069580078,-0.498562753200531,-0.29390373826026917,329,352
0,9,0.453462153673172,2.827456474304199,-0.4715732932090759,-0.29390373826026917,301,369
0,10,0.45804259181022644,2.860795736312866,-0.44674035906791687,-0.29390373826026917,239,388
 , , , , , , , 
0,0,0.6091966032981873,2.658986806869507,-0.5606504678726196,0.09796791523694992,287,366
0,1,0.7035533785820007,2.6712019443511963,-0.5380436778068542,0.09796791523694992,266,397
0,2,-0.3261263072490692,2.5793025493621826,0.21857722103595734,-0.6857753992080688,301,342
0,3,-0.3297906517982483,2.6147825717926025,0.12210697680711746,-0.6857753992080688,394,343
0,4,-0.33345499634742737,2.6457457542419434,0.0716957300901413,-0.6857753992080688,436,349
0,5,-0.33711934089660645,2.675570249557495,0.03520546853542328,-0.6857753992080688,439,360
0,6,-0.3407836854457855,2.7048838138580322,0.003833594499155879,-0.6857753992080688,405,375
0,7,-0.3444480299949646,2.7338931560516357,-0.020698564127087593,-0.6857753992080688,318,411
0,8,-0.08702808618545532,2.779711961746216,0.14590412378311157,-0.3918716609477997,324,382
0,9,0.0,2.8116455078125,0.12019582837820053,-0.3918716609477997,281,408
0,10,0.35544103384017944,2.804403066635132,-0.3076324462890625,-0.19593583047389984,273,384
0,11,0.3591053783893585,2.8314313888549805,-0.32751554250717163,-0.19593583047389984,261,398
 , , , , , , , 
0,0,0.6027840375900269,2.621323585510254,-0.5987980365753174,0.09796791523694992,245,371
0,1,0.6091966032981873,2.649726390838623,-0.6029020547866821,0.09796791523694992,280,400
0,2,0.6156092286109924,2.6747169494628906,-0.6218615770339966,0.09796791523694992,280,431
0,3,0.7108820676803589,2.6790952682495117,-0.6346245408058167,0.09796791523694992,252,459
0,4,-0.40307745337486267,2.530219078063965,0.3005836606025696,-0.4898395836353302,308,351
0,5,-0.4076578915119171,2.567274570465088,0.2232762575149536,-0.4898395836353302,388,353
0,6,-0.41223829984664917,2.599928617477417,0.1766098439693451,-0.4898395836353302,426,357
0,7,-0.4168187379837036,2.631185293197632,0.139386847615242,-0.4898395836353302,422,370
0,8,-0.42139917612075806,2.6618361473083496,0.10303106904029846,-0.4898395836353302,380,389
0,9,-0.4259796142578125,2.6921017169952393,0.06062658503651619,-0.4898395836353302,285,428
 , , , , , , , 
0,0,-0.3984970152378082,2.5068325996398926,0.24785976111888885,-0.3918716609477997,319,357
0,1,-0.40307745337486267,2.540170907974243,0.19972702860832214,-0.3918716609477997,386,358
0,2,-0.4076578915119171,2.5717501640319824,0.16386455297470093,-0.3918716609477997,419,358
0,3,-0.41223829984664917,2.602524995803833,0.13297799229621887,-0.3918716609477997,407,371
0,4,-0.4168187379837036,2.6331639289855957,0.09493381530046463,-0.3918716609477997,353,396
0,5,-0.33711934089660645,2.6747324466705322,0.07564041763544083,-0.3918716609477997,252,435
 , , , , , , , 
0,0,0.5441545844078064,2.8452847003936768,-0.1754133254289627,0.09796791523694992,228,452
0,1,-0.39391663670539856,2.4846739768981934,0.16431745886802673,-0.3918716609477997,285,352
0,2,-0.3984970152378082,2.5174620151519775,0.08960215747356415,-0.3918716609477997,361,350
0,3,-0.40307745337486267,2.5474026203155518,0.05566975474357605,-0.3918716609477997,399,350
0,4,-0.4076578915119171,2.5767555236816406,0.03289971873164177,-0.3918716609477997,405,350
0,5,-0.41223829984664917,2.6058688163757324,0.016353964805603027,-0.3918716609477997,360,369
0,6,-0.33345499634742737,2.6457293033599854,0.0722987949848175,-0.3918716609477997,262,405
 , , , , , , , 
0,0,-0.3893361985683441,2.4590871334075928,0.10066671669483185,-0.29390373826026917,251,334
0,1,-0.39391663670539856,2.4883882999420166,0.09235335886478424,-0.29390373826026917,325,333
0,2,-0.3984970152378082,2.5082802772521973,0.2327522188425064,-0.19593583047389984,367,343
0,3,-0.40307745337486267,2.5402517318725586,0.19869659841060638,-0.19593583047389984,390,344
0,4,-0.4076578915119171,2.571497917175293,0.16777865588665009,-0.19593583047389984,369,359
0,5,-0.41223829984664917,2.602012872695923,0.14264728128910065,-0.19593583047389984,302,391
 , , , , , , , 
0,0,0.43972086906433105,2.764050006866455,-0.29405924677848816,0.19593583047389984,253,454
0,1,0.4443013072013855,2.7877185344696045,-0.34186965227127075,0.19593583047389984,257,457
0,2,0.538658082485199,2.7978837490081787,-0.3673153221607208,0.19593583047389984,226,465
0,3,-0.3893361985683441,2.454399585723877,0.1821158081293106,-0.09796791523694992,326,341
0,4,-0.39391663670539856,2.4870924949645996,0.12237575650215149,-0.09796791523694992,397,344
0,5,-0.3984970152378082,2.5176186561584473,0.0850902646780014,-0.09796791523694992,426,350
0,6,-0.40307745337486267,2.5474138259887695,0.055149853229522705,-0.09796791523694992,416,362
0,7,-0.4076578915119171,2.5768299102783203,0.026422791182994843,-0.09796791523694992,361,387
0,8,-0.41223829984664917,2.605919361114502,-0.0017759838374331594,-0.09796791523694992,256,426
 , , , , , , , 
0,0,-0.3893361985683441,2.4565861225128174,0.14976133406162262,0.09796791523694992,333,343
0,1,-0.39391663670539856,2.4882452487945557,0.0961272120475769,0.09796791523694992,405,346
0,2,-0.3984970152378082,2.5182197093963623,0.0649072602391243,0.09796791523694992,436,353
0,3,-0.40307745337486267,2.547689199447632,0.04048493504524231,0.09796791523694992,428,367
0,4,-0.4076578915119171,2.5769236087799072,0.014691137708723545,0.09796791523694992,376,392
0,5,-0.41223829984664917,2.6058175563812256,-0.023115769028663635,0.09796791523694992,273,433
 , , , , , , , 
0,0,-0.39391663670539856,2.483994483947754,0.17429128289222717,0.29390373826026917,243,341
0,1,-0.4781964421272278,2.501293420791626,0.1389315128326416,0.29390373826026917,334,346
0,2,-0.40307745337486267,2.545947551727295,0.10251732170581818,0.29390373826026917,372,355
0,3,-0.4076578915119171,2.5762836933135986,0.059272848069667816,0.29390373826026917,362,372
0,4,-0.41223829984664917,2.605811357498169,0.023808322846889496,0.29390373826026917,311,397
 , , , , , , , 
0,0,-0.47269994020462036,2.4690778255462646,0.1896984875202179,0.4898395836353302,253,337
0,1,-0.4781964421272278,2.5023672580718994,0.11802209913730621,0.4898395836353302,314,338
0,2,-0.4836929440498352,2.530930757522583,0.12353149801492691,0.4898395836353302,371,337
0,3,-0.4891894459724426,2.559971809387207,0.11905526369810104,0.4898395836353302,394,347
0,4,-0.41223829984664917,2.603414535522461,0.11424555629491806,0.4898395836353302,373,368
0,5,-0.4168187379837036,2.632894277572632,0.10213928669691086,0.4898395836353302,308,400
 , , , , , , , 
0,0,0.5331615209579468,2.760528802871704,-0.4252908229827881,0.19593583047389984,246,351
0,1,0.538658082485199,2.7865259647369385,-0.44536203145980835,0.19593583047389984,310,347
0,2,0.5441545844078064,2.818632125854492,-0.4262966215610504,0.19593583047389984,343,347
0,3,0.5496510863304138,2.8536083698272705,-0.3851420283317566,0.19593583047389984,350,352
0,4,0.555147647857666,2.8891477584838867,-0.33301395177841187,0.19593583047389984,319,374
0,5,0.5606440901756287,2.924701690673828,-0.26927289366722107,0.19593583047389984,260,407
0,6,-0.4836929440498352,2.529137134552002,0.15600110590457916,0.6857753992080688,273,342
0,7,-0.4891894459724426,2.5607492923736572,0.10095881670713425,0.6857753992080688,348,343
0,8,-0.49468597769737244,2.5901756286621094,0.08388473838567734,0.6857753992080688,387,344
0,9,-0.4168187379837036,2.6336350440979004,0.08081604540348053,0.6857753992080688,390,350
0,10,-0.42139917612075806,2.6630985736846924,0.0623934231698513,0.6857753992080688,348,370
0,11,-0.4259796142578125,2.6924808025360107,0.040419965982437134,0.6857753992080688,258,403
 , , , , , , , 
0,0,0.44888171553611755,2.8303468227386475,-0.2021602988243103,0.19593583047389984,282,355
0,1,0.453462153673172,2.858818531036377,-0.20987650752067566,0.19593583047389984,321,356
0,2,0.5496510863304138,2.8731133937835693,-0.19140037894248962,0.19593583047389984,328,353
0,3,0.37009841203689575,2.9284775257110596,-0.2308834344148636,0.29390373826026917,306,343
0,4,-1.059910535812378,2.359626293182373,0.34013086557388306,-0.6857753992080688,234,354
0,5,-0.1630631536245346,0.8961327075958252,-2.444850206375122,-0.6857753992080688,234,354
0,6,-1.0718196630477905,2.4045145511627197,0.1739894300699234,-0.6857753992080688,339,356
0,7,-0.16489532589912415,0.6045568585395813,-2.562826633453369,-0.6857753992080688,339,356
0,8,-1.0837287902832031,2.434983253479004,0.11265670508146286,-0.6857753992080688,398,357
0,9,-0.16672749817371368,0.3247470557689667,-2.642544984817505,-0.6857753992080688,398,357
0,10,-1.0956377983093262,2.4630584716796875,0.08053220808506012,-0.6857753992080688,422,360
0,11,-0.16855967044830322,0.20017267763614655,2.6842286586761475,-0.6857753992080688,422,360
0,12,-1.1075469255447388,2.490389585494995,0.06200676038861275,-0.6857753992080688,403,371
0,13,-0.17039184272289276,0.5144324898719788,2.6718666553497314,-0.6857753992080688,403,371
0,14,-1.1194560527801514,2.5171754360198975,0.062377315014600754,-0.6857753992080688,337,398
0,15,-0.1722240149974823,0.7943758368492126,2.6329736709594727,-0.6857753992080688,337,398
0,16,-1.1313650608062744,2.5295825004577637,0.2772831916809082,-0.5878074765205383,228,425
0,17,-0.17405617237091064,0.743893563747406,2.6780567169189453,-0.5878074765205383,228,425
 , , , , , , , 
0,0,0.453462153673172,2.8624184131622314,-0.15314389765262604,0.19593583047389984,324,348
0,1,0.45804259181022644,2.8903441429138184,-0.17216451466083527,0.19593583047389984,338,352
0,2,0.4626230001449585,2.9178788661956787,-0.19551131129264832,0.19593583047389984,320,357
0,3,0.37376272678375244,2.9608802795410156,-0.1849300116300583,0.29390373826026917,303,365
0,4,0.3774270713329315,2.9920542240142822,-0.14844590425491333,0.29390373826026917,271,392
0,5,0.3810914158821106,3.0243568420410156,-0.052898108959198,0.29390373826026917,225,426
0,6,-1.1551833152770996,2.597203016281128,0.07577336579561234,-0.4898395836353302,307,416
0,7,-0.08886025846004486,0.7469781041145325,2.7422218322753906,-0.4898395836353302,307,416
0,8,-1.0956377983093262,2.441761016845703,0.3330855667591095,-0.3918716609477997,320,348
0,9,-0.16855967044830322,1.0000886917114258,-2.498994827270508,-0.3918716609477997,320,348
0,10,-1.192742943763733,2.43961501121521,0.2412218153476715,-0.3918716609477997,397,349
0,11,-0.17039184272289276,0.9102919101715088,-2.564152956008911,-0.3918716609477997,397,349
0,12,-1.2055680751800537,2.4687912464141846,0.21194316446781158,-0.3918716609477997,434,352
0,13,-0.1722240149974823,0.8364074230194092,-2.619924783706665,-0.3918716609477997,434,352
0,14,-1.2183932065963745,2.496647596359253,0.1947573721408844,-0.3918716609477997,437,356
0,15,-0.17405617237091064,0.7475064396858215,-2.6770505905151367,-0.3918716609477997,437,356
0,16,-1.2312184572219849,2.5238635540008545,0.18442296981811523,-0.3918716609477997,391,380
0,17,-0.17588834464550018,0.580662727355957,-2.7480342388153076,-0.3918716609477997,391,380
 , , , , , , , 
0,0,0.538658082485199,2.7554755210876465,-0.6086287498474121,0.09796791523694992,338,349
0,1,0.5441545844078064,2.780435085296631,-0.6289643049240112,0.09796791523694992,373,352
0,2,0.5496510863304138,2.8106753826141357,-0.6257144808769226,0.09796791523694992,363,368
0,3,0.4626230001449585,2.895617961883545,-0.4094361960887909,0.19593583047389984,351,371
0,4,0.46720340847969055,2.9147748947143555,-0.47593846917152405,0.19593583047389984,297,404
0,5,-1.1313650608062744,2.5309150218963623,0.26484572887420654,-0.3918716609477997,268,342
0,6,-0.08702808618545532,0.7956536412239075,-2.6673998832702637,-0.3918716609477997,268,342
0,7,-1.143274188041687,2.567695379257202,0.14022321999073029,-0.3918716609477997,361,341
0,8,-0.08794417232275009,0.4333764910697937,-2.7792532444000244,-0.3918716609477997,361,341
0,9,-1.1551833152770996,2.5967049598693848,0.09126043319702148,-0.3918716609477997,395,349
0,10,-0.08886025846004486,0.18520218133926392,2.8360989093780518,-0.3918716609477997,395,349
0,11,-1.1670924425125122,2.614413261413574,0.23657068610191345,-0.29390373826026917,399,353
0,12,-0.17955268919467926,0.7357878088951111,-2.771209955215454,-0.29390373826026917,399,353
 , , , , , , , 
0,0,0.538658082485199,2.809246063232422,-0.2668546438217163,0.09796791523694992,260,348
0,1,0.5441545844078064,2.831965446472168,-0.32617101073265076,0.09796791523694992,337,349
0,2,0.5496510863304138,2.8579468727111816,-0.351502925157547,0.09796791523694992,375,348
0,3,0.555147647857666,2.883594512939453,-0.3780955374240875,0.09796791523694992,371,355
0,4,0.5606440901756287,2.901376485824585,-0.4565105438232422,0.09796791523694992,327,375
0,5,0.3774270713329315,2.945324420928955,-0.5472556948661804,0.19593583047389984,276,411
0,6,-1.256868839263916,2.5767734050750732,0.18370313942432404,-0.19593583047389984,249,346
0,7,-0.17955268919467926,0.773510217666626,-2.760918378829956,-0.19593583047389984,249,346
0,8,-1.2696940898895264,2.6057751178741455,0.1425936222076416,-0.19593583047389984,295,345
0,9,-0.1813848614692688,0.5894806385040283,-2.8358652591705322,-0.19593583047389984,295,345
 , , , , , , , 
0,0,0.5606440901756287,2.9147660732269287,-0.36128467321395874,0.09796791523694992,310,348
0,1,0.5441545844078064,2.793851137161255,-0.5664022564888,0.19593583047389984,272,348
0,2,0.5496510863304138,2.832746744155884,-0.5166826844215393,0.19593583047389984,302,352
0,3,0.555147647857666,2.878337860107422,-0.41622689366340637,0.19593583047389984,305,355
 , , , , , , , 
0,0,0.6348470449447632,2.7606325149536133,-0.6311870217323303,0.09796791523694992,258,343
0,1,0.6412596106529236,2.7859082221984863,-0.6488702893257141,0.09796791523694992,288,343
0,2,0.555147647857666,2.786619186401367,-0.8323621153831482,0.09796791523694992,284,346
0,3,0.5606440901756287,2.6451525688171387,-1.2765403985977173,0.09796791523694992,245,359
0,4,0.09527285397052765,3.0472412109375,-0.002559139160439372,0.5878074765205383,282,362
0,5,-1.2623653411865234,2.8341927528381348,0.17169007658958435,-0.19593583047389984,346,366
0,6,0.0,1.1963902711868286,-2.8678112030029297,-0.19593583047389984,346,366
0,7,-1.274274468421936,2.8626019954681396,0.14306680858135223,-0.19593583047389984,329,385
0,8,0.0,1.121383786201477,-2.9293739795684814,-0.19593583047389984,329,385
0,9,-1.2861835956573486,2.8909406661987305,0.10811084508895874,-0.19593583047389984,280,406
0,10,0.0,0.9261674880981445,-3.027492046356201,-0.19593583047389984,280,406
 , , , , , , , 
0,0,0.6412596106529236,2.82313871383667,-0.4606573283672333,0.09796791523694992,259,345
0,1,0.6476722359657288,2.8671510219573975,-0.35528308153152466,0.09796791523694992,312,342
0,2,0.5606440901756287,2.919755220413208,-0.31845995783805847,0.09796791523694992,346,343
0,3,0.5661405920982361,2.9474329948425293,-0.33015331625938416,0.09796791523694992,344,358
0,4,0.5716371536254883,2.971204996109009,-0.37407779693603516,0.09796791523694992,307,383
0,5,0.6348470449447632,2.7724077701568604,-0.577272891998291,0.19593583047389984,228,344
0,6,0.6412596106529236,2.8315017223358154,-0.4060973823070526,0.29390373826026917,260,342
0,7,0.6540848016738892,2.8832333087921143,-0.4470432996749878,0.3918716609477997,239,339
0,8,0.29131507873535156,3.093665361404419,-0.00779449800029397,0.3918716609477997,231,406
0,9,0.1960422247648239,3.130317211151123,0.03761673718690872,0.4898395836353302,236,406
0,10,-1.1982394456863403,2.9513933658599854,0.25194016098976135,-0.3918716609477997,295,359
0,11,0.0,1.0142287015914917,-3.0300683975219727,-0.3918716609477997,295,359
0,12,-1.2092323303222656,2.9843955039978027,0.1712050884962082,-0.3918716609477997,286,373
0,13,0.0,0.5907508730888367,-3.1700448989868164,-0.3918716609477997,286,373
0,14,-1.2202253341674805,3.0152781009674072,0.08506786823272705,-0.3918716609477997,245,389
0,15,0.0,0.7176936864852905,3.173799753189087,-0.3918716609477997,245,389
 , , , , , , , 
0,0,0.6669099926948547,2.9544899463653564,-0.34782612323760986,0.0,296,324
0,1,0.6733225584030151,2.9808523654937744,-0.36813560128211975,0.0,233,351
0,2,0.5441545844078064,2.8343939781188965,-0.3043458163738251,0.19593583047389984,228,352
0,3,0.5496510863304138,2.8601090908050537,-0.3334539830684662,0.19593583047389984,316,348
0,4,0.6476722359657288,2.866787910461426,-0.3582015931606293,0.19593583047389984,363,343
0,5,0.6540848016738892,2.8931145668029785,-0.3778495490550995,0.19593583047389984,368,346
0,6,0.6604973673820496,2.922008514404297,-0.3774745762348175,0.19593583047389984,334,359
0,7,0.5716371536254883,2.9915995597839355,-0.13537345826625824,0.29390373826026917,260,392
0,8,-1.0883091688156128,2.9649157524108887,0.21989300847053528,-0.4898395836353302,258,337
0,9,0.0,0.843428909778595,-3.051577091217041,-0.4898395836353302,258,337
0,10,-1.1982394456863403,2.957322359085083,0.16864563524723053,-0.4898395836353302,294,335
0,11,0.0,0.8904472589492798,-3.068725824356079,-0.4898395836353302,294,335
0,12,-1.2092323303222656,2.9877452850341797,0.0964697003364563,-0.4898395836353302,353,337
0,13,0.0,0.6890539526939392,-3.150139093399048,-0.4898395836353302,353,337
0,14,-1.2202253341674805,3.015538215637207,0.07528866827487946,-0.4898395836353302,387,352
0,15,0.0,0.5020348429679871,-3.214972734451294,-0.4898395836353302,387,352
0,16,-1.2312184572219849,3.0429177284240723,0.06691741198301315,-0.4898395836353302,380,379
0,17,0.0,0.2450646609067917,-3.274090528488159,-0.4898395836353302,380,379
0,18,-1.2422114610671997,3.070089817047119,0.06737609207630157,-0.4898395836353302,333,413
0,19,0.0,0.4148736000061035,3.2864813804626465,-0.4898395836353302,333,413
0,20,-1.2532044649124146,3.096635580062866,0.09208665788173676,-0.4898395836353302,250,451
0,21,0.0,0.7283775210380554,3.2615363597869873,-0.4898395836353302,250,451
 , , , , , , , 
0,0,0.6476722359657288,2.8872780799865723,-0.10201331228017807,0.09796791523694992,245,341
0,1,0.6540848016738892,2.9153079986572266,-0.1177348718047142,0.09796791523694992,294,341
0,2,0.754854142665863,2.9219655990600586,-0.09585520625114441,0.09796791523694992,319,342
0,3,0.7621828317642212,2.950845241546631,-0.0797039195895195,0.09796791523694992,339,346
0,4,0.8657004833221436,2.9523067474365234,-0.09389128535985947,0.09796791523694992,335,366
0,5,0.8739452362060547,2.978937864303589,-0.1335659623146057,0.09796791523694992,305,395
0,6,0.8821899890899658,3.0044100284576416,-0.18437770009040833,0.09796791523694992,245,431
0,7,0.555147647857666,2.8940250873565674,0.2875601053237915,0.29390373826026917,255,333
0,8,0.5606440901756287,2.9370243549346924,0.016599532216787338,0.29390373826026917,300,335
0,9,0.6604973673820496,2.9436724185943604,-0.12414798140525818,0.29390373826026917,294,338
0,10,0.20703524351119995,0.5815837383270264,3.2545316219329834,-0.7837433218955994,289,357
0,11,-1.0351762771606445,3.146644353866577,-0.010864179581403732,-0.7837433218955994,289,357
0,12,0.2088674157857895,0.7586583495140076,3.2479169368743896,-0.7837433218955994,305,382
0,13,-1.0443370342254639,3.1744420528411865,-0.02073827013373375,-0.7837433218955994,305,382
0,14,-1.0534979104995728,3.202312469482422,-0.01680832915008068,-0.7837433218955994,273,414
0,15,0.21069958806037903,0.8893182277679443,3.2449443340301514,-0.7837433218955994,273,414
0,16,-1.0983861684799194,3.0001227855682373,0.052769195288419724,-0.6857753992080688,233,348
0,17,0.0998532846570015,0.4329906702041626,-3.164257049560547,-0.6857753992080688,233,348
0,18,-1.1084630489349365,3.027503728866577,0.06085342913866043,-0.6857753992080688,280,347
0,19,0.10076936334371567,0.20255374908447266,-3.2166736125946045,-0.6857753992080688,280,347
0,20,-1.1185399293899536,3.0545828342437744,0.08050889521837234,-0.6857753992080688,298,347
0,21,0.10168544948101044,0.019036708399653435,3.2522895336151123,-0.6857753992080688,298,347
0,22,-1.2312184572219849,3.030303478240967,0.28475818037986755,-0.5878074765205383,292,355
0,23,0.0,1.0514616966247559,-3.110330104827881,-0.5878074765205383,292,355
0,24,-1.2422114610671997,3.0620529651641846,0.23199748992919922,-0.5878074765205383,319,365
0,25,0.0,0.8202491402626038,-3.2094035148620605,-0.5878074765205383,319,365
0,26,-1.2532044649124146,3.0928773880004883,0.17816051840782166,-0.5878074765205383,313,388
0,27,0.0,0.38802602887153625,-3.319275379180908,-0.5878074765205383,313,388
0,28,-1.264197587966919,3.123415946960449,0.1049862802028656,-0.5878074765205383,271,417
0,29,0.0,0.7266662120819092,3.291944980621338,-0.5878074765205383,271,417
 , , , , , , , 
0,0,0.8574556708335876,2.887481689453125,-0.47114866971969604,0.0,275,326
0,1,0.961889386177063,2.910449504852295,-0.2800374925136566,0.0,281,339
0,2,0.9710502624511719,2.9516661167144775,0.02048068679869175,0.09796791523694992,269,387
0,3,0.7328681349754333,2.819483995437622,-0.3270241916179657,0.19593583047389984,234,336
0,4,0.7401968240737915,2.850689649581909,-0.30321216583251953,0.19593583047389984,319,335
0,5,0.7475254535675049,2.879601240158081,-0.29968732595443726,0.19593583047389984,363,336
0,6,0.754854142665863,2.9069607257843018,-0.31088823080062866,0.19593583047389984,375,337
0,7,0.7621828317642212,2.92900013923645,-0.3671490252017975,0.19593583047389984,343,349
0,8,0.7695115208625793,2.9463753700256348,-0.4484330415725708,0.29390373826026917,266,381
0,9,-0.20337089896202087,3.247572660446167,0.0009787982562556863,0.6857753992080688,256,352
0,10,-0.2052030712366104,3.2763900756835938,-0.05370364338159561,0.6857753992080688,297,351
0,11,-0.3105528652667999,3.294989585876465,-0.14028698205947876,0.6857753992080688,341,351
0,12,-0.31330111622810364,3.3247416019439697,-0.126837819814682,0.6857753992080688,399,358
0,13,-0.31604939699172974,3.354152202606201,-0.12133395671844482,0.6857753992080688,423,379
0,14,-0.31879764795303345,3.3830857276916504,-0.12866328656673431,0.6857753992080688,407,410
0,15,-0.32154586911201477,3.4116411209106445,-0.14490339159965515,0.6857753992080688,354,447
0,16,-0.21619608998298645,3.450787305831909,-0.10468321293592453,0.6857753992080688,289,463
 , , , , , , , 
0,0,0.7401968240737915,2.828118085861206,-0.46916744112968445,0.19593583047389984,300,339
0,1,0.7475254535675049,2.868161678314209,-0.3944150507450104,0.19593583047389984,364,341
0,2,0.754854142665863,2.900651216506958,-0.36509421467781067,0.19593583047389984,391,345
0,3,0.7621828317642212,2.9330480098724365,-0.3332703411579132,0.19593583047389984,383,353
0,4,0.8657004833221436,2.9449141025543213,-0.22893470525741577,0.19593583047389984,330,377
0,5,0.5826301574707031,3.0141804218292236,-0.48057231307029724,0.29390373826026917,248,409
0,6,-0.10351762175559998,3.308342456817627,-0.1312762051820755,0.5878074765205383,240,394
0,7,-0.10443370789289474,3.3356683254241943,-0.17482292652130127,0.5878074765205383,251,408
0,8,-0.21069958806037903,3.353167772293091,-0.27715906500816345,0.5878074765205383,288,418
0,9,-0.21253176033496857,3.3842902183532715,-0.2546883523464203,0.5878074765205383,340,424
0,10,-0.10718195885419846,3.420719623565674,-0.22554785013198853,0.5878074765205383,348,443
0,11,-0.10809804499149323,3.4494364261627197,-0.23523125052452087,0.5878074765205383,309,477
0,12,-0.109014131128788,3.4789440631866455,-0.23315902054309845,0.5878074765205383,250,498
 , , , , , , , 
0,0,0.48552513122558594,2.8383214473724365,-1.1678558588027954,0.09796791523694992,254,372
0,1,0.5881266593933105,2.866248607635498,-1.1302474737167358,0.09796791523694992,234,400
0,2,0.8409661054611206,2.8542118072509766,-0.29489004611968994,0.19593583047389984,272,351
0,3,0.754854142665863,2.921769618988037,-0.10165731608867645,0.19593583047389984,295,353
0,4,0.6669099926948547,2.9731967449188232,-0.10047098249197006,0.19593583047389984,302,353
0,5,0.6733225584030151,2.9761276245117188,-0.4045611321926117,0.19593583047389984,273,366
0,6,-0.10626588016748428,3.3819353580474854,-0.33863937854766846,0.5878074765205383,265,427
0,7,-0.10718195885419846,3.417630195617676,-0.26832517981529236,0.5878074765205383,323,442
0,8,-0.10809804499149323,3.4493651390075684,-0.23627546429634094,0.5878074765205383,347,460
0,9,-0.109014131128788,3.4787652492523193,-0.23581211268901825,0.5878074765205383,331,488
0,10,-0.10993021726608276,3.50662899017334,-0.2572014033794403,0.5878074765205383,290,508
0,11,-0.11084630340337753,3.533073902130127,-0.2947711646556854,0.5878074765205383,244,501
 , , , , , , , 
0,0,1.068155288696289,2.850522756576538,-0.6239023804664612,0.0,286,323
0,1,1.0782322883605957,2.893894910812378,-0.5491098761558533,0.0,260,337
0,2,0.1117623895406723,3.478180170059204,-0.8248533606529236,0.0,239,407
0,3,1.0883091688156128,2.9637486934661865,0.23510046303272247,0.09796791523694992,229,393
0,4,0.94356769323349,2.8546524047851562,-0.2784181535243988,0.19593583047389984,296,345
0,5,0.9527285099029541,2.8859755992889404,-0.24127931892871857,0.19593583047389984,348,347
0,6,0.961889386177063,2.914241075515747,-0.23735173046588898,0.19593583047389984,367,350
0,7,0.8739452362060547,2.9728477001190186,-0.23256494104862213,0.19593583047389984,344,362
0,8,0.8821899890899658,2.9843497276306152,-0.39259466528892517,0.29390373826026917,288,375
0,9,0.7914975881576538,2.939371109008789,-0.8701282143592834,0.29390373826026917,269,411
0,10,0.798826277256012,2.9771339893341064,-0.8417388200759888,0.29390373826026917,234,453
0,11,0.1117623895406723,3.5731101036071777,-0.10490405559539795,0.29390373826026917,251,536
0,12,0.11267847567796707,3.601757526397705,-0.1256965547800064,0.29390373826026917,251,525
 , , , , , , , 
0,0,0.961889386177063,2.8930749893188477,-0.42338496446609497,0.19593583047389984,301,338
0,1,0.9710502624511719,2.9270355701446533,-0.3810710608959198,0.19593583047389984,321,335
0,2,0.8821899890899658,2.943042755126953,-0.6316443085670471,0.19593583047389984,289,342
0,3,0.11267847567796707,3.5998213291168213,-0.17246273159980774,0.19593583047389984,256,497
0,4,0.11359456181526184,3.629716157913208,-0.16022183001041412,0.19593583047389984,251,487
0,5,1.0480014085769653,2.778897762298584,-0.6886090636253357,0.29390373826026917,254,353
0,6,1.0883091688156128,2.9656546115875244,-0.20969174802303314,0.29390373826026917,229,392
 , , , , , , , 
0,0,0.22535695135593414,3.597841262817383,-0.07684525102376938,0.19593583047389984,247,507
0,1,0.22718912363052368,3.626342535018921,-0.10695397108793259,0.19593583047389984,240,505
0,2,1.0480014085769653,2.82786226272583,-0.44682279229164124,0.29390373826026917,306,343
0,3,1.0580782890319824,2.8630733489990234,-0.39705049991607666,0.29390373826026917,364,346
0,4,0.9710502624511719,2.925509214401245,-0.3926170766353607,0.29390373826026917,384,353
0,5,0.9802111387252808,2.950065851211548,-0.41836801171302795,0.29390373826026917,367,364
0,6,1.0883091688156128,2.9578328132629395,-0.3005036413669586,0.29390373826026917,321,389
0,7,1.1982394456863403,2.960136890411377,-0.10856469720602036,0.29390373826026917,280,425
 , , , , , , , 
0,0,1.0580782890319824,2.8064281940460205,-0.6919533610343933,0.19593583047389984,240,332
0,1,1.068155288696289,2.809666156768799,-0.7877252101898193,0.19593583047389984,286,330
0,2,1.0782322883605957,2.791499137878418,-0.9400427937507629,0.19593583047389984,292,330
0,3,1.187246322631836,2.9341349601745605,0.06923436373472214,0.3918716609477997,273,346
0,4,1.1982394456863403,2.9574782848358154,0.16588661074638367,0.3918716609477997,267,361
0,5,1.1084630489349365,3.020972728729248,0.2078586220741272,0.3918716609477997,228,385
0,6,1.1652603149414062,2.865084171295166,-0.29858291149139404,0.4898395836353302,256,346
0,7,1.176253318786621,2.9060328006744385,-0.10067497193813324,0.4898395836353302,255,348
 , , , , , , , 
0,0,1.0076936483383179,3.058603048324585,0.1663481593132019,0.29390373826026917,253,362
0,1,1.0168545246124268,3.0906877517700195,0.041791319847106934,0.29390373826026917,247,379
0,2,1.0260154008865356,3.1174492835998535,-0.09233978390693665,0.29390373826026917,245,400
0,3,1.0782322883605957,2.9425618648529053,-0.13220269978046417,0.4898395836353302,291,350
0,4,1.0883091688156128,2.971139430999756,-0.10681166499853134,0.4898395836353302,330,349
0,5,1.1982394456863403,2.9613828659057617,-0.06639627367258072,0.4898395836353302,326,351
0,6,1.2092323303222656,2.989301919937134,0.0013110112631693482,0.4898395836353302,275,358
0,7,0.22535695135593414,3.59767484664917,-0.08427689224481583,-0.29390373826026917,261,430
0,8,0.22718912363052368,3.62542986869812,-0.1343752145767212,-0.29390373826026917,257,435
0,9,1.068155288696289,2.8782172203063965,-0.48020878434181213,-0.09796791523694992,235,339
0,10,1.0782322883605957,2.8898420333862305,-0.5700541734695435,-0.09796791523694992,261,339
 , , , , , , , 
0,0,1.187246322631836,2.9346745014190674,0.04034140706062317,0.3918716609477997,265,347
0,1,1.1982394456863403,2.96055006980896,0.09663908928632736,0.3918716609477997,299,349
0,2,1.2092323303222656,2.9870858192443848,0.11509345471858978,0.3918716609477997,306,350
0,3,1.3219108581542969,2.9712722301483154,0.1103738322854042,0.3918716609477997,287,356
0,4,1.3338199853897095,2.9998395442962646,0.04016009718179703,0.3918716609477997,248,378
0,5,0.3297906517982483,3.5009355545043945,-0.09681257605552673,-0.5878074765205383,262,353
0,6,0.22169260680675507,3.5400989055633545,-0.018443865701556206,-0.5878074765205383,313,363
0,7,0.2235247790813446,3.5693533420562744,-0.019089054316282272,-0.5878074765205383,314,384
0,8,0.22535695135593414,3.598285436630249,-0.05204856023192406,-0.5878074765205383,272,411
0,9,0.32429414987564087,3.443666696548462,-0.040310055017471313,-0.4898395836353302,229,341
0,10,0.3270424008369446,3.4728026390075684,-0.04455215111374855,-0.4898395836353302,240,345
 , , , , , , , 
0,0,1.187246322631836,2.934938430786133,0.008774473331868649,0.29390373826026917,258,347
0,1,1.1982394456863403,2.961968183517456,-0.030683355405926704,0.29390373826026917,325,347
0,2,1.2092323303222656,2.988257646560669,-0.0790216475725174,0.29390373826026917,355,348
0,3,1.2202253341674805,3.0139853954315186,-0.12259934097528458,0.29390373826026917,352,354
0,4,1.2312184572219849,3.038839817047119,-0.17111019790172577,0.29390373826026917,312,373
0,5,1.2422114610671997,3.0613620281219482,-0.24094168841838837,0.29390373826026917,255,404
0,6,-0.218028262257576,1.188446044921875,3.2725157737731934,0.5878074765205383,232,426
0,7,-0.21986043453216553,1.1913942098617554,3.302563428878784,0.5878074765205383,248,440
0,8,-0.22169260680675507,1.2507203817367554,3.3118484020233154,0.5878074765205383,257,434
0,9,-0.2235247790813446,1.36246919631958,3.299140214920044,0.5878074765205383,229,431
0,10,0.218028262257576,3.481126546859741,0.059336379170417786,-0.6857753992080688,298,344
0,11,0.21986043453216553,3.5103840827941895,0.059575919061899185,-0.6857753992080688,305,364
0,12,0.22169260680675507,3.5398483276367188,0.045992787927389145,-0.6857753992080688,276,392
 , , , , , , , 
0,0,1.2312184572219849,3.013597011566162,-0.42668455839157104,0.09796791523694992,244,341
0,1,1.3100017309188843,2.9465088844299316,0.012319092638790607,0.3918716609477997,259,345
0,2,1.3219108581542969,2.9732866287231445,0.014375211670994759,0.3918716609477997,263,356
0,3,1.3338199853897095,2.999953508377075,0.03046359494328499,0.3918716609477997,232,370
0,4,-0.10626588016748428,0.33957844972610474,-3.3818411827087402,0.5878074765205383,254,385
0,5,-0.2143639177083969,0.747913658618927,3.3404126167297363,0.5878074765205383,338,387
0,6,-0.10809804499149323,0.8082746267318726,3.3616421222686768,0.5878074765205383,358,409
0,7,-0.10443370789289474,0.5182042121887207,-3.2998046875,0.6857753992080688,268,348
0,8,-0.10534979403018951,0.60833340883255,-3.314178228378296,0.6857753992080688,291,351
0,9,-0.218028262257576,0.6265597939491272,-3.4247899055480957,0.6857753992080688,350,422
0,10,-0.10993021726608276,0.7473173141479492,-3.4357118606567383,0.6857753992080688,292,457
 , , , , , , , 
0,0,0.16397924721240997,3.7737205028533936,3.6423451900482178,0.09796791523694992,227,427
0,1,1.3100017309188843,2.921492338180542,-0.3833407759666443,0.19593583047389984,283,360
0,2,1.3219108581542969,2.953666925430298,-0.34131067991256714,0.19593583047389984,312,360
0,3,-0.10534979403018951,0.29580816626548767,-3.3565375804901123,0.5878074765205383,361,371
0,4,-0.10626588016748428,0.22732311487197876,-3.3912367820739746,0.5878074765205383,368,402
0,5,0.9316586256027222,3.178609848022461,0.03913730010390282,-0.19593583047389984,301,352
0,6,0.9399033784866333,3.206909418106079,0.0216059610247612,-0.19593583047389984,336,354
 , , , , , , , 
0,0,1.3100017309188843,2.939540147781372,-0.2029065638780594,0.29390373826026917,251,353
0,1,1.3219108581542969,2.9663071632385254,-0.2041153460741043,0.29390373826026917,286,348
0,2,-0.1026015356183052,0.6744399666786194,-3.21159291267395,0.4898395836353302,318,352
0,3,-0.10351762175559998,0.7181533575057983,-3.2321231365203857,0.4898395836353302,359,361
0,4,-0.10443370789289474,0.7364434003829956,-3.2580511569976807,0.4898395836353302,356,380
0,5,-0.10534979403018951,0.8051323890686035,-3.271942615509033,0.4898395836353302,315,405
0,6,-0.10626588016748428,1.0036910772323608,-3.2472708225250244,0.4898395836353302,234,436
0,7,1.2980927228927612,2.881652355194092,-0.47011613845825195,0.6857753992080688,230,337
0,8,1.3100017309188843,2.8946921825408936,-0.550294816493988,0.6857753992080688,268,338
 , , , , , , , 
0,0,0.0,0.5641759634017944,-3.145104169845581,0.4898395836353302,326,352
0,1,0.0,0.46731552481651306,3.190577983856201,0.4898395836353302,412,353
0,2,0.0,0.6335858702659607,3.1916544437408447,0.4898395836353302,442,363
0,3,0.0,0.7304073572158813,3.2009732723236084,0.4898395836353302,427,383
0,4,0.0,0.8032260537147522,3.2137062549591064,0.4898395836353302,375,407
0,5,0.0,0.7979776859283447,3.2452094554901123,0.4898395836353302,283,437
0,6,0.0,0.5033324956893921,3.0960280895233154,0.5878074765205383,245,347
0,7,0.0,0.8574713468551636,3.047661066055298,0.5878074765205383,272,348
0,8,0.0,0.7079458236694336,-3.1158926486968994,0.6857753992080688,271,347
 , , , , , , , 
0,0,0.0,3.745664119720459,3.71658992767334,0.19593583047389984,247,412
0,1,-0.16581140458583832,3.341498374938965,4.118271350860596,0.19593583047389984,240,414
0,2,0.0,0.8748087286949158,2.981677532196045,0.29390373826026917,260,350
0,3,0.0,0.5722289681434631,3.0840375423431396,0.3918716609477997,360,347
0,4,0.0,0.6199618577957153,3.014965295791626,0.4898395836353302,260,345
0,5,0.09710502624511719,1.0223616361618042,2.932752847671509,0.4898395836353302,268,346
0,6,0.0,0.6555884480476379,-3.09736967086792,0.4898395836353302,412,356
0,7,0.0,0.5069939494132996,-3.1548266410827637,0.4898395836353302,411,383
0,8,0.0,0.27814891934394836,-3.2126009464263916,0.4898395836353302,369,416
0,9,0.0,0.3196001350879669,3.2382009029388428,0.4898395836353302,292,450
 , , , , , , , 
0,0,1.4235962629318237,2.925527572631836,-0.052451156079769135,0.09796791523694992,247,368
0,1,1.436421513557434,2.9465794563293457,0.1846262663602829,0.09796791523694992,255,380
0,2,1.4492466449737549,2.974590301513672,0.1567690223455429,0.09796791523694992,252,393
0,3,1.4620718955993652,3.0032598972320557,-0.10453660041093826,0.09796791523694992,239,410
0,4,0.09527285397052765,0.8510617613792419,2.925983428955078,0.3918716609477997,284,342
0,5,0.09618894010782242,0.8036747574806213,2.969717502593994,0.3918716609477997,303,344
0,6,0.09710502624511719,0.7976483106613159,3.001669406890869,0.3918716609477997,307,356
0,7,0.0,0.8790239691734314,3.010988235473633,0.3918716609477997,282,380
0,8,1.2202253341674805,3.0162012577056885,0.04085169732570648,-0.09796791523694992,227,364
0,9,1.2312184572219849,3.043276309967041,0.0479099415242672,-0.09796791523694992,274,383
0,10,1.2422114610671997,3.07069730758667,0.028443261981010437,-0.09796791523694992,290,397
0,11,1.2532044649124146,3.0978260040283203,-0.033247366547584534,-0.09796791523694992,277,410
0,12,1.264197587966919,3.121939182281494,-0.14229115843772888,-0.09796791523694992,236,428
 , , , , , , , 
0,0,0.09252460300922394,0.5177476406097412,2.913698196411133,0.29390373826026917,256,359
0,1,0.09344068169593811,0.6493744254112244,2.9172403812408447,0.29390373826026917,350,355
0,2,0.09435676783323288,0.7603572607040405,2.9205873012542725,0.29390373826026917,402,351
0,3,0.09527285397052765,0.8622333407402039,2.92271089553833,0.29390373826026917,407,359
0,4,0.09618894010782242,0.48663491010665894,-3.0378119945526123,0.3918716609477997,367,383
0,5,0.09710502624511719,0.43278250098228455,-3.075542449951172,0.3918716609477997,288,415
 , , , , , , , 
0,0,1.5252817869186401,2.8670220375061035,-0.20442287623882294,0.09796791523694992,246,398
0,1,1.5390230417251587,2.895291566848755,-0.1685810089111328,0.09796791523694992,297,396
0,2,1.5527642965316772,2.92228102684021,-0.14925092458724976,0.09796791523694992,312,392
0,3,1.5665056705474854,2.949425458908081,-0.12288910150527954,0.09796791523694992,294,384
0,4,0.1813848614692688,0.08007217198610306,-2.8953769207000732,0.3918716609477997,313,338
0,5,0.18504920601844788,0.2465931475162506,2.9446916580200195,0.3918716609477997,395,343
0,6,0.18688136339187622,0.3645862340927124,2.9619016647338867,0.3918716609477997,374,355
0,7,0.18871353566646576,0.38683339953422546,2.988582134246826,0.3918716609477997,311,378
 , , , , , , , 
0,0,1.5390230417251587,2.8997232913970947,0.052322447299957275,0.09796791523694992,242,394
0,1,1.5527642965316772,2.9256527423858643,0.050582822412252426,0.09796791523694992,270,370
0,2,1.4620718955993652,3.004979372024536,0.0244438573718071,0.09796791523694992,246,356
0,3,0.2720772922039032,0.15698374807834625,2.885108232498169,0.4898395836353302,419,357
0,4,0.2748255431652069,0.24472586810588837,2.908283233642578,0.4898395836353302,379,376
0,5,1.4748971462249756,3.007249355316162,-0.38219836354255676,-0.19593583047389984,227,354
 , , , , , , , 
0,0,1.5390230417251587,2.8949673175811768,0.17406009137630463,0.09796791523694992,255,345
0,1,1.5527642965316772,2.9216811656951904,0.16056659817695618,0.09796791523694992,267,344
0,2,1.5665056705474854,2.9519121646881104,0.020661240443587303,0.09796791523694992,261,341
0,3,1.6855967044830322,2.904038429260254,-0.30044931173324585,0.09796791523694992,232,356
0,4,0.3444480299949646,0.49143174290657043,-2.689441442489624,0.6857753992080688,321,354
0,5,0.26108425855636597,0.5127827525138855,-2.7248027324676514,0.6857753992080688,394,355
0,6,0.2638325095176697,0.4936376214027405,-2.757990598678589,0.6857753992080688,427,356
0,7,0.2665807604789734,0.4738064408302307,-2.791074275970459,0.6857753992080688,414,370
0,8,0.2693290412425995,0.47636035084724426,-2.8202428817749023,0.6857753992080688,362,392
0,9,0.3627697229385376,0.7062001824378967,-2.7914509773254395,0.6857753992080688,282,411
0,10,1.436421513557434,2.918311357498169,-0.4470773935317993,-0.19593583047389984,246,351
0,11,1.4492466449737549,2.9342732429504395,-0.5126441121101379,-0.19593583047389984,259,356
0,12,1.5665056705474854,2.90736722946167,-0.5113010406494141,-0.19593583047389984,250,365
0,13,1.4748971462249756,3.005230188369751,-0.39776334166526794,-0.09796791523694992,247,359
 , , , , , , , 
0,0,0.5166720151901245,2.226177453994751,1.5396194458007812,0.0,278,316
0,1,0.5221685171127319,2.2517566680908203,1.5532523393630981,0.0,279,321
0,2,0.5276650190353394,2.282315254211426,1.5596168041229248,0.0,244,333
0,3,0.33711934089660645,0.842041552066803,-2.53985857963562,0.6857753992080688,262,341
0,4,0.681567370891571,2.6313319206237793,0.21000787615776062,-0.7837433218955994,356,353
0,5,0.6888960599899292,2.6619715690612793,0.18048129975795746,-0.7837433218955994,395,364
0,6,0.6962246894836426,2.6914875507354736,0.16378717124462128,-0.7837433218955994,389,381
0,7,0.7035533785820007,2.720844268798828,0.14770346879959106,-0.7837433218955994,346,400
0,8,0.7108820676803589,2.750100612640381,0.1313244104385376,-0.7837433218955994,293,395
0,9,-2.196772336959839,2.3194851875305176,-0.06445759534835815,-0.4898395836353302,225,370
0,10,1.626967191696167,2.7760133743286133,-0.48457804322242737,-0.09796791523694992,304,340
0,11,1.6416245698928833,2.816373109817505,-0.390943706035614,-0.09796791523694992,346,343
0,12,1.5527642965316772,2.9083075523376465,-0.3221013844013214,-0.09796791523694992,358,346
0,13,1.5665056705474854,2.942478895187378,-0.23670761287212372,-0.09796791523694992,333,357
0,14,1.580246925354004,2.97662353515625,-0.08647278696298599,-0.09796791523694992,263,385
 , , , , , , , 
0,0,0.5835462212562561,2.202498435974121,1.3873635530471802,0.0,238,312
0,1,0.5899588465690613,2.2409780025482178,1.3796849250793457,0.0,289,309
0,2,0.5111755132675171,2.2893600463867188,1.3892714977264404,0.0,301,311
0,3,0.5166720151901245,2.317300796508789,1.3987178802490234,0.0,279,316
0,4,0.7585185170173645,2.5877959728240967,0.039068665355443954,-0.7837433218955994,411,358
0,5,0.7667632699012756,2.6159415245056152,0.038321297615766525,-0.7837433218955994,414,372
0,6,0.7750080823898315,2.6441402435302734,0.03360677510499954,-0.7837433218955994,381,391
0,7,0.7832527756690979,2.672394275665283,0.022025810554623604,-0.7837433218955994,312,412
0,8,0.791497528553009,2.700608730316162,0.006482828874140978,-0.7837433218955994,236,413
0,9,0.7420289516448975,2.528141975402832,0.13656923174858093,-0.6857753992080688,279,347
0,10,0.7502737641334534,2.553557872772217,0.1809268742799759,-0.6857753992080688,372,346
0,11,1.511540412902832,2.780578136444092,-0.6179008483886719,-0.19593583047389984,235,343
0,12,1.5665056705474854,2.948472499847412,-0.14395135641098022,-0.19593583047389984,231,368
0,13,1.5252817869186401,2.827267646789551,-0.5178431272506714,-0.09796791523694992,285,337
0,14,1.6416245698928833,2.79632306098938,-0.5151419639587402,-0.09796791523694992,300,339
0,15,1.6562819480895996,2.837534189224243,-0.4221479296684265,-0.09796791523694992,280,345
 , , , , , , , 
0,0,0.7337841987609863,2.5006580352783203,0.12331072241067886,-0.5878074765205383,326,341
0,1,0.7420289516448975,2.5294580459594727,0.1095200777053833,-0.5878074765205383,389,349
0,2,0.7502737641334534,2.5577638149261475,0.10600198805332184,-0.5878074765205383,404,367
0,3,0.7585185170173645,2.5860483646392822,0.10280459374189377,-0.5878074765205383,379,390
0,4,0.7667632699012756,2.6144497394561768,0.09629026800394058,-0.5878074765205383,318,418
0,5,0.7750080823898315,2.6426689624786377,0.09437934309244156,-0.5878074765205383,241,429
0,6,0.8061549067497253,2.4455084800720215,0.1563100963830948,-0.4898395836353302,232,349
0,7,1.511540412902832,2.8364624977111816,-0.26056981086730957,-0.09796791523694992,248,344
0,8,1.5252817869186401,2.8677101135253906,-0.19453205168247223,-0.09796791523694992,308,341
0,9,1.5390230417251587,2.8973488807678223,-0.12846294045448303,-0.09796791523694992,328,343
0,10,1.6562819480895996,2.8676517009735107,-0.07989184558391571,-0.09796791523694992,305,352
0,11,1.7753729820251465,2.8228862285614014,-0.21798600256443024,-0.09796791523694992,243,373
 , , , , , , , 
0,0,0.6375952363014221,2.466912269592285,0.11072023212909698,-0.4898395836353302,234,350
0,1,0.8427983522415161,2.5618703365325928,0.008705932646989822,-0.3918716609477997,293,407
0,2,0.7969940304756165,2.4155805110931396,0.18497274816036224,-0.29390373826026917,233,337
0,3,0.8061549067497253,2.444397211074829,0.17281952500343323,-0.29390373826026917,350,339
0,4,0.8153157830238342,2.472325563430786,0.17263275384902954,-0.29390373826026917,398,347
0,5,0.8244765996932983,2.5005197525024414,0.16851943731307983,-0.29390373826026917,401,362
0,6,0.8336374759674072,2.5290932655334473,0.15823489427566528,-0.29390373826026917,368,379
0,7,1.511540412902832,2.837080955505371,-0.2537493407726288,-0.19593583047389984,279,385
0,8,1.5252817869186401,2.8638830184936523,-0.24449558556079865,-0.19593583047389984,323,393
0,9,1.5390230417251587,2.8904976844787598,-0.23697328567504883,-0.19593583047389984,334,403
0,10,1.5527642965316772,2.9178147315979004,-0.2199093997478485,-0.19593583047389984,310,417
0,11,1.5665056705474854,2.947746992111206,-0.15811587870121002,-0.19593583047389984,255,438
 , , , , , , , 
0,0,1.4235962629318237,2.918877363204956,-0.20400407910346985,0.0,252,357
0,1,1.436421513557434,2.9495434761047363,-0.12888877093791962,0.0,251,362
0,2,1.5252817869186401,2.8576362133026123,-0.30906257033348083,-0.29390373826026917,264,442
0,3,1.5390230417251587,2.881686210632324,-0.32713475823402405,-0.29390373826026917,269,443
0,4,1.5527642965316772,2.8992910385131836,-0.39511188864707947,-0.29390373826026917,251,448
0,5,0.7786723971366882,2.363936185836792,0.1195899173617363,-0.19593583047389984,225,340
0,6,0.7878332734107971,2.391550302505493,0.12482722103595734,-0.19593583047389984,280,340
0,7,0.7969940304756165,2.4195711612701416,0.12214366346597672,-0.19593583047389984,344,342
0,8,0.8061549067497253,2.4464833736419678,0.14022384583950043,-0.19593583047389984,405,348
0,9,0.8153157830238342,2.473884105682373,0.14863832294940948,-0.19593583047389984,422,368
0,10,0.8244765996932983,2.5019948482513428,0.14498478174209595,-0.19593583047389984,392,399
0,11,0.8336374759674072,2.530880928039551,0.12646427750587463,-0.19593583047389984,320,437
0,12,0.8427983522415161,2.5608906745910645,0.07137709856033325,-0.19593583047389984,236,446
 , , , , , , , 
0,0,1.5252817869186401,2.8499462604522705,-0.3733770251274109,-0.3918716609477997,322,347
0,1,1.5390230417251587,2.881472587585449,-0.3290118873119354,-0.3918716609477997,286,355
0,2,1.497799277305603,2.8110837936401367,-0.2537325620651245,-0.29390373826026917,246,383
0,3,1.511540412902832,2.841679811477661,-0.19563135504722595,-0.29390373826026917,270,395
0,4,0.7008051872253418,2.3841753005981445,0.18277621269226074,-0.09796791523694992,251,336
0,5,0.7878332734107971,2.3894495964050293,0.16008013486862183,-0.09796791523694992,271,336
0,6,0.7969940304756165,2.4195101261138916,0.12334465235471725,-0.09796791523694992,368,337
0,7,0.8061549067497253,2.447219133377075,0.12673918902873993,-0.09796791523694992,407,352
0,8,0.8153157830238342,2.4753668308258057,0.12147019058465958,-0.09796791523694992,400,377
0,9,0.8244765996932983,2.5040149688720703,0.10443571209907532,-0.09796791523694992,357,408
0,10,0.8336374759674072,2.533142566680908,0.06737953424453735,-0.09796791523694992,300,420
0,11,0.8427983522415161,2.561882495880127,0.0037549668923020363,-0.09796791523694992,226,422
 , , , , , , , 
0,0,0.6229379177093506,2.4091074466705322,0.13029144704341888,0.09796791523694992,253,331
0,1,0.7090499401092529,2.4160709381103516,0.12499966472387314,0.09796791523694992,277,331
0,2,0.7172946333885193,2.4437835216522217,0.13361845910549164,0.09796791523694992,394,331
0,3,0.6449239253997803,2.494569778442383,0.12659020721912384,0.09796791523694992,433,347
0,4,0.6522526144981384,2.522961378097534,0.1271546483039856,0.09796791523694992,424,373
0,5,0.6595813035964966,2.551525115966797,0.12422475218772888,0.09796791523694992,379,404
0,6,0.6669099926948547,2.580379009246826,0.11479421705007553,0.09796791523694992,314,421
0,7,0.7585185170173645,2.5827691555023193,0.16588547825813293,0.09796791523694992,226,415
0,8,1.4840580224990845,2.789562702178955,-0.19851034879684448,-0.3918716609477997,316,350
0,9,1.497799277305603,2.81760835647583,-0.16629952192306519,-0.3918716609477997,368,351
0,10,1.511540412902832,2.844134569168091,-0.155933678150177,-0.3918716609477997,381,356
0,11,1.5252817869186401,2.869732141494751,-0.16199246048927307,-0.3918716609477997,358,363
0,12,1.436421513557434,2.9516184329986572,-0.06608311831951141,-0.29390373826026917,277,396
 , , , , , , , 
0,0,0.6302666068077087,2.437682867050171,0.12744417786598206,0.19593583047389984,247,350
0,1,0.6375952363014221,2.4658162593841553,0.13291162252426147,0.19593583047389984,339,348
0,2,0.6449239253997803,2.494525194168091,0.12746545672416687,0.19593583047389984,399,349
0,3,0.6522526144981384,2.5234971046447754,0.11603593826293945,0.19593583047389984,408,367
0,4,0.6595813035964966,2.5526111125946045,0.09944331645965576,0.19593583047389984,379,391
0,5,0.6669099926948547,2.5818588733673096,0.07442664355039597,0.19593583047389984,338,398
0,6,0.6742386817932129,2.611037015914917,0.03810781612992287,0.19593583047389984,275,397
0,7,1.372295618057251,2.8144712448120117,-0.18517489731311798,-0.29390373826026917,260,346
0,8,1.3851207494735718,2.8393163681030273,-0.20788945257663727,-0.29390373826026917,317,349
0,9,1.3979460000991821,2.8598217964172363,-0.27773991227149963,-0.29390373826026917,336,357
0,10,1.410771131515503,2.8751003742218018,-0.37642255425453186,-0.29390373826026917,328,369
0,11,1.4235962629318237,2.892348289489746,-0.4424743056297302,-0.29390373826026917,291,386
 , , , , , , , 
0,0,0.5643084049224854,2.5140092372894287,0.12706036865711212,0.5878074765205383,330,360
0,1,0.5707210302352905,2.5425686836242676,0.12867827713489532,0.5878074765205383,398,362
0,2,0.5771336555480957,2.571193218231201,0.12900401651859283,0.5878074765205383,418,375
0,3,0.5001825094223022,2.61759614944458,0.11962644010782242,0.5878074765205383,400,394
0,4,0.5899588465690613,2.6281991004943848,0.13446897268295288,0.5878074765205383,358,404
0,5,0.5963714718818665,2.6557095050811768,0.15521878004074097,0.5878074765205383,297,402
0,6,1.372295618057251,2.7532424926757812,-0.6125313639640808,-0.29390373826026917,263,345
0,7,1.3851207494735718,2.805295705795288,-0.485027551651001,-0.29390373826026917,310,347
0,8,1.2980927228927612,2.89544415473938,-0.3759414255619049,-0.29390373826026917,331,348
0,9,1.410771131515503,2.8886396884918213,-0.25230249762535095,-0.29390373826026917,315,359
0,10,1.4235962629318237,2.923330307006836,-0.12490758299827576,-0.29390373826026917,269,380
 , , , , , , , 
0,0,-0.1630631536245346,2.592130184173584,0.24740168452262878,-0.7837433218955994,299,352
0,1,-0.16489532589912415,2.6292855739593506,0.14292463660240173,-0.7837433218955994,400,352
0,2,-0.16672749817371368,2.6597981452941895,0.11823048442602158,-0.7837433218955994,451,356
0,3,-0.16855967044830322,2.6893365383148193,0.11234480142593384,-0.7837433218955994,464,362
0,4,-0.17039184272289276,2.7181472778320312,0.12323440611362457,-0.7837433218955994,431,382
0,5,-0.1722240149974823,2.7448031902313232,0.17215773463249207,-0.7837433218955994,384,386
0,6,-0.08702808618545532,2.7567882537841797,0.3849738836288452,-0.7837433218955994,299,397
0,7,1.3466451168060303,2.751228094100952,-0.30275213718414307,-0.29390373826026917,235,355
0,8,1.3594703674316406,2.785571575164795,-0.21936748921871185,-0.29390373826026917,326,344
0,9,1.274274468421936,2.859382390975952,-0.19720809161663055,-0.29390373826026917,369,337
0,10,1.2861835956573486,2.887979745864868,-0.16970156133174896,-0.29390373826026917,368,341
0,11,1.2980927228927612,2.916692018508911,-0.1335519701242447,-0.29390373826026917,327,356
0,12,0.0,3.605762004852295,3.8524694442749023,-0.19593583047389984,226,424
 , , , , , , , 
0,0,-0.33345499634742737,2.642720937728882,0.14538687467575073,-0.5878074765205383,300,347
0,1,-0.33711934089660645,2.672943353652954,0.12364988029003143,-0.5878074765205383,397,347
0,2,-0.3407836854457855,2.702256202697754,0.11925829946994781,-0.5878074765205383,451,346
0,3,-0.3444480299949646,2.731356143951416,0.11955683678388596,-0.5878074765205383,459,355
0,4,-0.3481123447418213,2.760106086730957,0.12764494121074677,-0.5878074765205383,425,375
0,5,-0.2638325095176697,2.7951834201812744,0.19271863996982574,-0.5878074765205383,339,414
0,6,-0.17772051692008972,2.8074870109558105,0.41483166813850403,-0.5878074765205383,229,445
0,7,1.2623653411865234,2.8215198516845703,-0.31804296374320984,-0.29390373826026917,270,423
0,8,1.274274468421936,2.8505806922912598,-0.29857543110847473,-0.29390373826026917,300,409
0,9,1.2861835956573486,2.8768889904022217,-0.3045260012149811,-0.29390373826026917,301,393
0,10,1.187246322631836,2.9262988567352295,-0.22520281374454498,-0.09796791523694992,286,385
0,11,1.1982394456863403,2.9453885555267334,-0.3144560158252716,-0.09796791523694992,299,368
0,12,0.0,3.7488434314727783,3.629589080810547,-0.09796791523694992,233,422
0,13,0.0,3.747621774673462,3.6728553771972656,-0.09796791523694992,265,418
0,14,0.0,3.762744188308716,3.699296712875366,-0.09796791523694992,262,420
0,15,0.0,3.7706098556518555,3.7330636978149414,-0.09796791523694992,228,429
 , , , , , , , 
0,0,0.6027840375900269,0.4702642858028412,2.6474039554595947,-0.4898395836353302,334,344
0,1,-0.3444480299949646,2.7334022521972656,0.055782001465559006,-0.4898395836353302,334,344
0,2,-0.3481123447418213,2.76285719871521,0.03313717991113663,-0.4898395836353302,405,344
0,3,-0.35177668929100037,2.7919931411743164,0.028737880289554596,-0.4898395836353302,434,347
0,4,-0.35544103384017944,2.8210275173187256,0.03343990817666054,-0.4898395836353302,422,357
0,5,-0.3591053783893585,2.849661350250244,0.06082620471715927,-0.4898395836353302,364,381
0,6,-0.3627697229385376,2.8747167587280273,0.16407638788223267,-0.4898395836353302,249,424
0,7,1.176253318786621,2.9056179523468018,-0.1120101809501648,-0.09796791523694992,246,428
0,8,1.187246322631836,2.926736354827881,-0.2194422334432602,-0.09796791523694992,257,417
0,9,1.1982394456863403,2.93723464012146,-0.38320979475975037,-0.09796791523694992,227,414
 , , , , , , , 
0,0,0.5331615209579468,0.5505114793777466,2.7383077144622803,-0.4898395836353302,258,346
0,1,-0.4443013072013855,2.808105707168579,0.05284878984093666,-0.4898395836353302,258,346
0,2,-0.44888171553611755,2.837432622909546,0.026613889262080193,-0.4898395836353302,312,354
0,3,-0.453462153673172,2.866447687149048,0.019224680960178375,-0.4898395836353302,328,365
0,4,0.6412596106529236,0.8805329203605652,-2.721576690673828,-0.3918716609477997,330,360
0,5,-0.45804259181022644,2.8858165740966797,0.23620332777500153,-0.3918716609477997,330,360
0,6,-0.4626230001449585,2.912471294403076,0.2641061544418335,-0.3918716609477997,276,377
0,7,0.6476722359657288,0.8591064214706421,-2.758390426635742,-0.3918716609477997,276,377
0,8,1.2504562139511108,2.795797109603882,-0.3069947361946106,-0.29390373826026917,226,465
0,9,1.2623653411865234,2.825493335723877,-0.2805573046207428,-0.29390373826026917,265,446
0,10,1.274274468421936,2.8532838821411133,-0.27153152227401733,-0.29390373826026917,271,433
0,11,1.2861835956573486,2.88165020942688,-0.2555760443210602,-0.29390373826026917,244,427
0,12,-0.1630631536245346,3.1027848720550537,4.1921210289001465,-0.09796791523694992,238,406
0,13,-0.16397924721240997,3.2852585315704346,4.088364124298096,-0.09796791523694992,256,402
0,14,0.0,3.9684646129608154,3.4776902198791504,-0.09796791523694992,240,401
 , , , , , , , 
0,0,0.5661405920982361,2.9647109508514404,0.08277193456888199,0.6857753992080688,291,360
0,1,0.5716371536254883,2.9937729835510254,0.07292488217353821,0.6857753992080688,333,361
0,2,0.5771336555480957,3.0227913856506348,0.06338155269622803,0.6857753992080688,341,362
0,3,0.5826301574707031,3.0518410205841064,0.050009191036224365,0.6857753992080688,314,366
0,4,-0.5496510863304138,2.8738064765930176,0.18069759011268616,-0.3918716609477997,296,345
0,5,-0.555147647857666,2.9041550159454346,0.15477848052978516,-0.3918716609477997,336,350
0,6,-0.5606440901756287,2.933852434158325,0.13746927678585052,-0.3918716609477997,340,359
0,7,0.6604973673820496,0.8707383871078491,2.8146820068359375,-0.3918716609477997,308,374
0,8,-0.471783846616745,2.9791793823242188,0.13706792891025543,-0.3918716609477997,308,374
0,9,0.1630631536245346,4.194785118103027,3.099182367324829,-0.09796791523694992,243,415
0,10,0.16397924721240997,4.187154293060303,3.1583828926086426,-0.09796791523694992,244,417
 , , , , , , , 
0,0,1.110295295715332,2.683995246887207,-0.5741733312606812,-0.3918716609477997,252,340
0,1,1.1212881803512573,2.678753137588501,-0.7125333547592163,-0.3918716609477997,300,344
0,2,0.94356769323349,2.6230156421661377,-1.1603214740753174,-0.3918716609477997,335,346
0,3,0.7621828317642212,2.3047657012939453,-1.8444225788116455,-0.3918716609477997,359,353
0,4,-0.47636425495147705,3.010633945465088,-0.06262949109077454,-0.3918716609477997,359,353
0,5,0.6733225584030151,1.957950472831726,-2.2775940895080566,-0.3918716609477997,337,375
0,6,-0.5771336555480957,3.01811146736145,-0.17968635261058807,-0.3918716609477997,337,375
0,7,-0.16123098134994507,3.490104913711548,3.7963788509368896,-0.09796791523694992,228,388
0,8,-0.16214707493782043,3.568944215774536,3.762847423553467,-0.09796791523694992,294,387
0,9,-0.1630631536245346,3.596531629562378,3.777050733566284,-0.09796791523694992,322,385
0,10,-0.16397924721240997,3.6015820503234863,3.812643527984619,-0.09796791523694992,316,386
0,11,-0.16489532589912415,3.5300650596618652,3.918480634689331,-0.09796791523694992,272,398
 , , , , , , , 
0,0,0.5661405920982361,1.0549781322479248,2.7718915939331055,-0.4898395836353302,255,347
0,1,-0.471783846616745,2.9816768169403076,0.062449268996715546,-0.4898395836353302,255,347
0,2,1.0480014085769653,2.802405834197998,-0.5856432914733887,-0.4898395836353302,263,354
0,3,0.5771336555480957,1.545503854751587,2.5985963344573975,-0.3918716609477997,309,385
0,4,-0.5771336555480957,3.023061752319336,0.04880913347005844,-0.3918716609477997,309,385
0,5,0.5826301574707031,0.8327707648277283,2.936447858810425,-0.3918716609477997,344,413
0,6,-0.5826301574707031,3.052168130874634,0.02244160696864128,-0.3918716609477997,344,413
0,7,-0.5881266593933105,3.081043004989624,0.0038636636454612017,-0.3918716609477997,335,443
0,8,-0.593623161315918,3.10982608795166,-0.009397889487445354,-0.3918716609477997,293,474
0,9,-0.5991197228431702,3.138625144958496,-0.007884223945438862,-0.3918716609477997,227,495
0,10,0.4992664158344269,0.574142336845398,3.10339617729187,-0.3918716609477997,227,495
0,11,1.0993021726608276,2.661414623260498,-0.5494892001152039,-0.19593583047389984,265,336
0,12,1.110295295715332,2.6685078144073486,-0.6423169374465942,-0.19593583047389984,299,338
0,13,1.1212881803512573,2.680176258087158,-0.7071613669395447,-0.19593583047389984,294,344
0,14,1.1322811841964722,2.6858878135681152,-0.7879231572151184,-0.19593583047389984,248,356
0,15,-0.16214707493782043,3.580449104309082,3.751901865005493,-0.09796791523694992,246,391
0,16,-0.1630631536245346,3.105377435684204,4.1902008056640625,-0.09796791523694992,256,396
0,17,-0.16397924721240997,2.556577682495117,4.579471111297607,-0.09796791523694992,226,403
 , , , , , , , 
0,0,0.593623161315918,0.17834234237670898,3.104722261428833,-0.5878074765205383,235,511
0,1,-0.593623161315918,3.109696626663208,0.029887333512306213,-0.5878074765205383,235,511
0,2,-0.5991197228431702,3.1386001110076904,0.014762972481548786,-0.5878074765205383,240,539
0,3,0.5991197228431702,0.1299305260181427,3.135944366455078,-0.5878074765205383,240,539
0,4,-0.6046161651611328,3.1674296855926514,0.0005205819616094232,-0.5878074765205383,245,538
0,5,0.6046161651611328,0.31845223903656006,3.1513805389404297,-0.5878074765205383,245,538
0,6,1.1909106969833374,2.642770767211914,-0.4370653033256531,-0.4898395836353302,295,343
0,7,1.110295295715332,2.743785858154297,-0.07173080742359161,-0.3918716609477997,365,332
0,8,1.1212881803512573,2.7708287239074707,-0.07700592279434204,-0.3918716609477997,398,336
0,9,1.1322811841964722,2.7977817058563232,-0.08505146950483322,-0.3918716609477997,394,344
0,10,1.1432743072509766,2.8245456218719482,-0.09812559932470322,-0.3918716609477997,349,360
0,11,1.1542673110961914,2.851583242416382,-0.1025095134973526,-0.3918716609477997,262,394
 , , , , , , , 
0,0,1.214728832244873,2.732008695602417,0.035667918622493744,-0.6857753992080688,307,345
0,1,1.2266379594802856,2.7588284015655518,0.03318607062101364,-0.6857753992080688,338,360
0,2,1.2385470867156982,2.785795211791992,0.010403035208582878,-0.6857753992080688,326,383
0,3,1.2504562139511108,2.812527894973755,-0.020371049642562866,-0.6857753992080688,278,410
0,4,-0.7117981314659119,3.1746671199798584,0.05404450371861458,-0.6857753992080688,248,538
0,5,-0.718210756778717,3.203260660171509,0.05495747923851013,-0.6857753992080688,252,539
0,6,1.077316164970398,2.6159677505493164,-0.4993290901184082,-0.4898395836353302,254,342
0,7,1.0883091688156128,2.631399631500244,-0.5602131485939026,-0.4898395836353302,296,344
0,8,1.0993021726608276,2.6321423053741455,-0.6759394407272339,-0.4898395836353302,297,348
0,9,1.0177706480026245,2.6573822498321533,-0.8177550435066223,-0.3918716609477997,265,353
0,10,0.0,4.104647159576416,3.221740961074829,-0.09796791523694992,231,388
 , , , , , , , 
0,0,0.1026015356183052,3.2811009883880615,-0.059789929538965225,0.6857753992080688,275,502
0,1,0.10351762175559998,3.3105309009552,-0.052436087280511856,0.6857753992080688,308,502
0,2,0.10443370789289474,3.3396708965301514,-0.0620068684220314,0.6857753992080688,308,501
0,3,0.21069958806037903,3.364046096801758,-0.061195600777864456,0.6857753992080688,272,503
0,4,1.1909106969833374,2.675823926925659,-0.12340656667947769,-0.7837433218955994,275,352
0,5,1.20281982421875,2.701510429382324,0.14603623747825623,-0.6857753992080688,330,375
0,6,1.214728832244873,2.7318642139434814,0.04539860039949417,-0.6857753992080688,337,404
0,7,1.2266379594802856,2.759021759033203,-0.005896460730582476,-0.6857753992080688,300,437
0,8,1.2385470867156982,2.7850232124328613,-0.06639761477708817,-0.6857753992080688,227,471
0,9,1.077316164970398,2.6314427852630615,-0.4100312888622284,-0.5878074765205383,322,351
0,10,1.0883091688156128,2.6647093296051025,-0.37071216106414795,-0.5878074765205383,347,353
0,11,0.9774628281593323,2.6443984508514404,-0.3706439435482025,-0.4898395836353302,275,347
0,12,1.0076936483383179,2.746589183807373,-0.1852923184633255,-0.4898395836353302,342,362
0,13,1.0177706480026245,2.775634765625,-0.16203397512435913,-0.4898395836353302,307,384
 , , , , , , , 
0,0,0.2088674157857895,3.316992998123169,-0.34940439462661743,0.3918716609477997,299,358
0,1,0.21069958806037903,3.345492362976074,-0.35809525847435,0.3918716609477997,280,382
0,2,0.10076936334371567,3.221036195755005,-0.11376901715993881,0.4898395836353302,236,356
0,3,0.20337089896202087,3.2463934421539307,-0.08751023560762405,0.4898395836353302,261,356
0,4,0.2052030712366104,3.2764573097229004,-0.049434904009103775,0.4898395836353302,270,356
0,5,0.20703524351119995,3.306086301803589,-0.0030263718217611313,0.4898395836353302,279,360
0,6,0.10534979403018951,3.368713140487671,0.07495366036891937,0.5878074765205383,271,400
0,7,0.10443370789289474,3.3360984325408936,0.1664140373468399,0.6857753992080688,273,390
0,8,1.20281982421875,2.7039897441864014,0.08902309089899063,-0.6857753992080688,267,404
0,9,0.9673858880996704,2.596240997314453,-0.493452250957489,-0.5878074765205383,285,353
0,10,0.9774628281593323,2.6273443698883057,-0.476740300655365,-0.5878074765205383,334,350
0,11,0.9875397682189941,2.6907413005828857,-0.1946881264448166,-0.4898395836353302,362,350
0,12,0.9976167678833008,2.72245192527771,-0.12464285641908646,-0.4898395836353302,360,360
0,13,1.0076936483383179,2.7521088123321533,-0.06310804188251495,-0.4898395836353302,316,386
0,14,1.0177706480026245,2.7803399562835693,-0.010625889524817467,-0.4898395836353302,231,421
 , , , , , , , 
0,0,0.10443370789289474,3.3338990211486816,-0.20582307875156403,0.3918716609477997,326,348
0,1,0.10534979403018951,3.3649089336395264,-0.17673400044441223,0.3918716609477997,359,363
0,2,0.10626588016748428,3.3945441246032715,-0.17097686231136322,0.3918716609477997,346,387
0,3,0.2143639177083969,3.4202442169189453,-0.1402159184217453,0.3918716609477997,298,413
0,4,0.10351762175559998,3.3107199668884277,-0.03869985044002533,0.4898395836353302,231,345
0,5,0.9472320675849915,2.539586305618286,-0.4964842200279236,-0.5878074765205383,242,342
0,6,0.9573089480400085,2.57895565032959,-0.43382954597473145,-0.5878074765205383,323,341
0,7,0.9673858880996704,2.6167986392974854,-0.3692251145839691,-0.5878074765205383,378,343
0,8,0.9774628281593323,2.6515159606933594,-0.3157249987125397,-0.5878074765205383,405,346
0,9,0.9875397682189941,2.684448719024658,-0.26781901717185974,-0.5878074765205383,394,363
0,10,0.9976167678833008,2.7172486782073975,-0.2093789130449295,-0.5878074765205383,342,394
0,11,1.0076936483383179,2.7496109008789062,-0.1331336796283722,-0.5878074765205383,250,435
 , , , , , , , 
0,0,0.2088674157857895,3.334554433822632,-0.07261877506971359,0.29390373826026917,268,352
0,1,0.21069958806037903,3.3632006645202637,-0.09711821377277374,0.29390373826026917,328,354
0,2,0.21253176033496857,3.392289876937866,-0.10321937501430511,0.29390373826026917,341,366
0,3,0.2143639177083969,3.4214837551116943,-0.10573945194482803,0.29390373826026917,321,384
0,4,0.32429414987564087,3.4429094791412354,-0.08269883692264557,0.29390373826026917,259,408
0,5,-0.10626588016748428,3.3958065509796143,-0.14373868703842163,0.4898395836353302,304,356
0,6,0.0,3.428323268890381,-0.10140728205442429,0.4898395836353302,298,380
0,7,0.0,3.4579691886901855,-0.08989051729440689,0.4898395836353302,257,408
0,8,1.0663230419158936,2.635958433151245,-0.01818850263953209,-0.6857753992080688,296,357
0,9,1.077316164970398,2.6625943183898926,-0.05664040520787239,-0.6857753992080688,291,370
0,10,1.0883091688156128,2.687880277633667,-0.11576811969280243,-0.6857753992080688,251,389
0,11,0.9573089480400085,2.6107327938079834,-0.15262889862060547,-0.5878074765205383,264,339
0,12,0.9673858880996704,2.6404073238372803,0.11050793528556824,-0.5878074765205383,286,342
0,13,0.8611201047897339,2.553231716156006,-0.5768222212791443,-0.3918716609477997,259,349
0,14,0.8702808618545532,2.597811460494995,-0.49964767694473267,-0.3918716609477997,301,351
0,15,0.8794417381286621,2.650569200515747,-0.34765297174453735,-0.3918716609477997,316,355
0,16,0.888602614402771,2.698153257369995,-0.1265232115983963,-0.3918716609477997,303,368
0,17,0.8079870939254761,2.756831169128418,0.01630425825715065,-0.3918716609477997,272,390
 , , , , , , , 
0,0,0.21069958806037903,3.363304615020752,-0.09345334768295288,0.19593583047389984,314,337
0,1,0.21253176033496857,3.3913474082946777,-0.1305663287639618,0.19593583047389984,379,349
0,2,0.10718195885419846,3.4240834712982178,-0.1668790876865387,0.19593583047389984,383,372
0,3,0.10351762175559998,3.3106765747070312,-0.04225093871355057,0.29390373826026917,258,345
0,4,0.10443370789289474,3.340043783187866,-0.036806151270866394,0.29390373826026917,261,347
0,5,0.10809804499149323,3.456991195678711,-0.05619378387928009,0.29390373826026917,328,424
0,6,0.109014131128788,3.485381841659546,-0.09761884063482285,0.29390373826026917,262,456
0,7,0.9270781874656677,2.508561372756958,-0.34815460443496704,-0.4898395836353302,233,345
0,8,0.9371551275253296,2.5412144660949707,-0.31066763401031494,-0.4898395836353302,288,341
0,9,0.9472320675849915,2.5758941173553467,-0.2465050369501114,-0.4898395836353302,318,341
0,10,0.9573089480400085,2.608863592147827,-0.18180036544799805,-0.4898395836353302,335,342
0,11,0.9673858880996704,2.6369423866271973,-0.17463508248329163,-0.4898395836353302,317,362
0,12,0.888602614402771,2.7008514404296875,-0.037949927151203156,-0.3918716609477997,269,392
 , , , , , , , 
0,0,0.10351762175559998,3.310515880584717,-0.05338158458471298,0.09796791523694992,231,363
0,1,0.10443370789289474,3.339096784591675,-0.08763324469327927,0.09796791523694992,268,360
0,2,0.10534979403018951,3.3676650524139404,-0.11259613931179047,0.09796791523694992,296,362
0,3,0.10626588016748428,3.3977105617523193,-0.08790361881256104,0.09796791523694992,336,367
0,4,0.10718195885419846,3.4272851943969727,-0.07688391953706741,0.09796791523694992,345,388
0,5,0.10809804499149323,3.4563846588134766,-0.085744209587574,0.09796791523694992,318,416
0,6,0.109014131128788,3.4849395751953125,-0.11230476200580597,0.09796791523694992,253,450
0,7,0.7585185170173645,2.5728683471679688,-0.28029006719589233,-0.3918716609477997,226,343
0,8,0.851959228515625,2.58701491355896,-0.11859284341335297,-0.3918716609477997,339,343
0,9,0.8611201047897339,2.615499973297119,-0.10429074615240097,-0.3918716609477997,396,343
0,10,0.8702808618545532,2.6435439586639404,-0.09973667562007904,-0.3918716609477997,408,351
0,11,0.8794417381286621,2.671677350997925,-0.09230164438486099,-0.3918716609477997,386,361
0,12,0.7997423410415649,2.7279398441314697,-0.06640765070915222,-0.3918716609477997,321,389
0,13,0.8079870939254761,2.7568612098693848,0.010027710348367691,-0.3918716609477997,230,434
 , , , , , , , 
0,0,0.7108820676803589,2.697922706604004,-0.549101710319519,-0.4898395836353302,316,387
0,1,0.718210756778717,2.7202556133270264,-0.5810418725013733,-0.4898395836353302,292,421
0,2,0.7255394458770752,2.7451040744781494,-0.600429356098175,-0.4898395836353302,235,459
0,3,0.7502737641334534,2.551473379135132,-0.20826879143714905,-0.29390373826026917,289,336
0,4,0.7585185170173645,2.5862958431243896,-0.0963742733001709,-0.29390373826026917,352,338
0,5,0.7667632699012756,2.6159942150115967,-0.034545429050922394,-0.29390373826026917,394,339
0,6,0.7750080823898315,2.644352912902832,-0.0021209856495261192,-0.29390373826026917,402,352
0,7,0.7832527756690979,2.6724460124969482,0.014438477344810963,-0.29390373826026917,372,377
0,8,0.791497528553009,2.700543165206909,0.01991770602762699,-0.29390373826026917,309,413
0,9,0.10626588016748428,3.396531820297241,-0.1254381239414215,-0.09796791523694992,274,454
0,10,0.10718195885419846,3.4260261058807373,-0.12058384716510773,-0.09796791523694992,297,470
0,11,0.10809804499149323,3.4550139904022217,-0.1297106295824051,-0.09796791523694992,285,487
0,12,0.109014131128788,3.483110189437866,-0.1592433750629425,-0.09796791523694992,235,509
 , , , , , , , 
0,0,0.7035533785820007,2.723195791244507,-0.09495031088590622,-0.3918716609477997,238,422
0,1,0.8244765996932983,2.4619925022125244,-0.46860483288764954,-0.29390373826026917,270,341
0,2,0.9170012474060059,2.458035945892334,-0.4831880033016205,-0.29390373826026917,279,342
0,3,0.7585185170173645,2.5880367755889893,0.01673079840838909,-0.29390373826026917,315,344
0,4,0.7667632699012756,2.6158547401428223,0.04385560005903244,-0.29390373826026917,341,356
0,5,0.7750080823898315,2.64133882522583,0.12623722851276398,-0.29390373826026917,311,383
0,6,0.7832527756690979,2.6597957611083984,0.26011958718299866,-0.29390373826026917,250,416
0,7,0.0,3.396557092666626,-0.16387495398521423,-0.29390373826026917,261,495
0,8,0.0,3.425976276397705,-0.16238820552825928,-0.29390373826026917,281,501
0,9,0.0,3.453655242919922,-0.1946709007024765,-0.29390373826026917,257,515
 , , , , , , , 
0,0,0.0,3.3675625324249268,-0.15642260015010834,-0.4898395836353302,243,525
0,1,0.0,3.395627737045288,-0.18212084472179413,-0.4898395836353302,252,538
0,2,0.0,3.423611640930176,-0.2063150554895401,-0.4898395836353302,240,540
0,3,0.6595813035964966,2.5523858070373535,-0.10506682097911835,-0.3918716609477997,271,341
0,4,0.6669099926948547,2.579671621322632,-0.1297229528427124,-0.3918716609477997,348,345
0,5,0.7585185170173645,2.5862510204315186,0.09757428616285324,-0.29390373826026917,390,348
0,6,0.7667632699012756,2.6154401302337646,0.06396809220314026,-0.29390373826026917,401,353
0,7,0.7750080823898315,2.643779993057251,0.055086225271224976,-0.29390373826026917,373,369
0,8,0.7832527756690979,2.671726942062378,0.0636473298072815,-0.29390373826026917,308,398
 , , , , , , , 
0,0,0.0,3.3078408241271973,-0.1768292784690857,-0.5878074765205383,256,480
0,1,0.0,3.3386993408203125,-0.14573878049850464,-0.5878074765205383,304,476
0,2,0.0,3.3680310249328613,-0.14598406851291656,-0.5878074765205383,311,482
0,3,0.0,3.3962314128875732,-0.17049427330493927,-0.5878074765205383,274,500
0,4,0.6522526144981384,2.5180814266204834,-0.20190975069999695,-0.29390373826026917,259,344
0,5,0.6595813035964966,2.5511157512664795,-0.13236796855926514,-0.29390373826026917,346,344
0,6,0.6669099926948547,2.580422878265381,-0.1138053610920906,-0.29390373826026917,388,345
0,7,0.6742386817932129,2.6089792251586914,-0.11042706668376923,-0.29390373826026917,392,349
0,8,0.681567370891571,2.6366257667541504,-0.12733912467956543,-0.29390373826026917,355,360
0,9,0.7750080823898315,2.6269664764404297,-0.3027447760105133,-0.29390373826026917,265,390
 , , , , , , , 
0,0,-0.199706569314003,3.1884472370147705,0.06241815164685249,-0.6857753992080688,257,374
0,1,-0.20153872668743134,3.2166874408721924,0.10235069692134857,-0.6857753992080688,274,383
0,2,-0.10168544948101044,3.247112512588501,0.18441730737686157,-0.6857753992080688,288,389
0,3,-0.1026015356183052,3.277557134628296,0.1637609302997589,-0.6857753992080688,336,400
0,4,-0.10351762175559998,3.307631731033325,0.14810813963413239,-0.6857753992080688,342,427
0,5,-0.10443370789289474,3.3378102779388428,0.1275496631860733,-0.6857753992080688,312,456
0,6,-0.10534979403018951,3.368302345275879,0.09157215058803558,-0.6857753992080688,247,487
0,7,0.5166720151901245,2.6067607402801514,-0.7287610769271851,-0.4898395836353302,234,390
0,8,0.681567370891571,2.5871448516845703,-0.5241113305091858,-0.3918716609477997,263,416
0,9,0.6449239253997803,2.4766733646392822,-0.32402563095092773,-0.29390373826026917,299,348
0,10,0.6522526144981384,2.5127968788146973,-0.25952577590942383,-0.29390373826026917,363,352
0,11,0.6595813035964966,2.542815685272217,-0.24454312026500702,-0.29390373826026917,400,357
0,12,0.6669099926948547,2.57019305229187,-0.2562059164047241,-0.29390373826026917,398,369
0,13,0.6742386817932129,2.59464168548584,-0.29462164640426636,-0.29390373826026917,348,394
0,14,0.7585185170173645,2.5814032554626465,0.18593643605709076,-0.09796791523694992,322,344
0,15,0.7667632699012756,2.6121013164520264,0.14678697288036346,-0.09796791523694992,301,357
 , , , , , , , 
0,0,-0.5881266593933105,0.6235517859458923,-3.017287492752075,0.6857753992080688,246,343
0,1,-0.593623161315918,0.5689581036567688,-3.0573506355285645,0.6857753992080688,278,345
0,2,-0.5991197228431702,0.6469341516494751,-3.0712385177612305,0.6857753992080688,291,344
0,3,-0.20153872668743134,3.2146689891815186,0.15315522253513336,-0.7837433218955994,307,357
0,4,-0.20337089896202087,3.246486186981201,0.08400538563728333,-0.7837433218955994,327,373
0,5,-0.2052030712366104,3.2765650749206543,0.041691675782203674,-0.7837433218955994,306,400
0,6,-0.20703524351119995,3.3060874938964844,0.0011799790663644671,-0.7837433218955994,249,433
0,7,0.5166720151901245,2.652431011199951,-0.5393558144569397,-0.3918716609477997,263,416
0,8,0.5643084049224854,2.4949522018432617,-0.33406567573547363,-0.29390373826026917,245,344
0,9,0.4891894459724426,2.5618374347686768,0.06796078383922577,-0.29390373826026917,291,342
0,10,0.6595813035964966,2.5537655353546143,0.06320124119520187,-0.19593583047389984,325,350
0,11,0.7502737641334534,2.5599169731140137,0.014729607850313187,-0.19593583047389984,351,364
0,12,0.7585185170173645,2.588036298751831,-0.016803303733468056,-0.19593583047389984,339,386
0,13,0.7667632699012756,2.6158876419067383,-0.04184601828455925,-0.19593583047389984,297,413
0,14,0.7750080823898315,2.644212245941162,-0.02736820839345455,-0.19593583047389984,228,445
 , , , , , , , 
0,0,0.4836929440498352,2.527172565460205,0.18512162566184998,0.0,248,327
0,1,0.4891894459724426,2.5573806762695312,0.16562938690185547,0.0,285,325
0,2,0.5771336555480957,2.567657232284546,0.18658438324928284,0.0,297,324
0,3,-0.6797351837158203,0.6386285424232483,-2.964085817337036,0.5878074765205383,257,347
0,4,-0.593623161315918,1.1166210174560547,-2.9024581909179688,0.6857753992080688,345,351
0,5,-0.5991197228431702,1.0625470876693726,-2.9533071517944336,0.6857753992080688,368,367
0,6,-0.6046161651611328,1.043837547302246,-2.9904873371124268,0.6857753992080688,341,394
0,7,-0.6101126670837402,1.0681017637252808,-3.0124757289886475,0.6857753992080688,280,425
0,8,-0.1960422247648239,3.094203472137451,0.47561192512512207,-0.7837433218955994,246,357
0,9,0.557895839214325,2.475550413131714,-0.2546490430831909,-0.29390373826026917,286,342
0,10,0.4836929440498352,2.5225696563720703,-0.23982052505016327,-0.29390373826026917,344,343
0,11,0.4891894459724426,2.546497106552124,-0.28806617856025696,-0.29390373826026917,368,342
0,12,0.49468597769737244,2.561225652694702,-0.3951820731163025,-0.29390373826026917,346,354
0,13,0.5001825094223022,2.5410706996917725,-0.6395936608314514,-0.29390373826026917,283,378
0,14,0.7502737641334534,2.5399413108825684,0.3195165991783142,-0.09796791523694992,272,347
0,15,0.7585185170173645,2.5725533962249756,0.28316816687583923,-0.09796791523694992,251,366
 , , , , , , , 
0,0,0.557895839214325,2.4886090755462646,-0.004506162367761135,0.0,250,317
0,1,-0.754854142665863,0.8222038745880127,-2.805539608001709,0.5878074765205383,286,381
0,2,-0.7621828317642212,0.6471891403198242,-2.8801016807556152,0.5878074765205383,318,375
0,3,-0.7695115208625793,0.7433225512504578,-2.886120557785034,0.5878074765205383,335,368
0,4,-0.7768402099609375,1.2024174928665161,-2.7579708099365234,0.5878074765205383,352,377
0,5,-0.7841688990592957,1.3354203701019287,-2.727721691131592,0.5878074765205383,352,402
0,6,-0.7914975881576538,1.3819605112075806,-2.736276865005493,0.5878074765205383,313,440
0,7,-0.798826277256012,1.467250108718872,-2.7237892150878906,0.5878074765205383,238,483
0,8,0.5643084049224854,2.4444942474365234,-0.6006941199302673,-0.5878074765205383,274,332
0,9,0.557895839214325,2.448648452758789,-0.4442026615142822,-0.29390373826026917,255,340
0,10,0.5643084049224854,2.5149004459381104,-0.10799054801464081,-0.19593583047389984,298,344
0,11,0.5707210302352905,2.54197096824646,-0.13998697698116302,-0.19593583047389984,342,346
0,12,0.6595813035964966,2.553642511367798,-0.06798660010099411,-0.09796791523694992,367,350
0,13,0.6669099926948547,2.582596778869629,-0.04156874492764473,-0.09796791523694992,362,371
0,14,0.6742386817932129,2.61112642288208,-0.031392671167850494,-0.09796791523694992,326,397
0,15,0.7667632699012756,2.616215467453003,-0.006029417272657156,-0.09796791523694992,254,430
 , , , , , , , 
0,0,-0.8492109179496765,0.9456378221511841,-2.738884210586548,0.4898395836353302,285,351
0,1,-0.8574556708335876,1.0305505990982056,-2.7381558418273926,0.4898395836353302,343,354
0,2,-0.8657004833221436,1.0588045120239258,-2.7575104236602783,0.4898395836353302,348,372
0,3,-0.7768402099609375,1.2379717826843262,-2.7421956062316895,0.4898395836353302,311,397
0,4,-0.7841688990592957,1.3069629669189453,-2.7414705753326416,0.4898395836353302,240,423
0,5,-0.7401968240737915,0.9601747393608093,-2.7011911869049072,0.5878074765205383,247,356
0,6,-0.7475254535675049,0.804868221282959,-2.7810254096984863,0.5878074765205383,267,358
0,7,0.5514832735061646,2.3891587257385254,-0.5861418843269348,-0.5878074765205383,262,333
0,8,0.557895839214325,2.4056615829467773,-0.6371718645095825,-0.5878074765205383,293,333
0,9,0.5643084049224854,2.4242851734161377,-0.6776638031005859,-0.5878074765205383,287,336
0,10,0.557895839214325,2.366483449935913,-0.770033597946167,-0.29390373826026917,277,352
0,11,0.5514832735061646,2.389758586883545,-0.5836917757987976,-0.19593583047389984,268,355
0,12,0.4836929440498352,2.5303955078125,-0.1340520828962326,-0.19593583047389984,321,358
0,13,0.4891894459724426,2.554694652557373,-0.20288966596126556,-0.19593583047389984,360,366
0,14,0.5771336555480957,2.5738723278045654,-0.05346556752920151,-0.09796791523694992,369,368
0,15,0.6669099926948547,2.581671953201294,-0.08064999431371689,-0.09796791523694992,336,396
0,16,0.5899588465690613,2.627399206161499,-0.1492861807346344,-0.09796791523694992,274,428
 , , , , , , , 
0,0,-0.925246000289917,1.3338549137115479,-2.476088047027588,0.5878074765205383,239,347
0,1,-0.8409661054611206,1.231624722480774,-2.59163761138916,0.5878074765205383,309,350
0,2,-0.8492109179496765,1.2050094604492188,-2.635084390640259,0.5878074765205383,318,366
0,3,-0.7621828317642212,1.4013978242874146,-2.5980615615844727,0.5878074765205383,288,386
0,4,-0.7695115208625793,1.6277635097503662,-2.496518850326538,0.5878074765205383,226,405
0,5,0.47269994020462036,2.3586506843566895,-0.7543855905532837,-0.6857753992080688,252,329
0,6,0.5450706481933594,2.368804931640625,-0.5481674671173096,-0.3918716609477997,242,339
0,7,0.47269994020462036,2.4130117893218994,-0.556511402130127,-0.3918716609477997,273,337
0,8,0.4781964421272278,2.5007808208465576,-0.14787422120571136,-0.29390373826026917,310,340
0,9,0.4836929440498352,2.5339438915252686,-1.0046752322523389e-05,-0.29390373826026917,342,343
0,10,0.4891894459724426,2.5589210987091064,0.139827698469162,-0.29390373826026917,327,361
0,11,0.49468597769737244,2.5396928787231445,0.5157580375671387,-0.29390373826026917,268,388
0,12,0.5001825094223022,2.5440399646759033,-0.6276788711547852,-0.19593583047389984,267,389
0,13,0.5056790113449097,2.5882725715637207,-0.5645343661308289,-0.19593583047389984,235,425
0,14,0.6595813035964966,2.552917718887329,-0.09123411774635315,-0.09796791523694992,249,359
 , , , , , , , 
0,0,-0.45804259181022644,2.8846607208251953,0.24992087483406067,-0.7837433218955994,278,357
0,1,-0.4626230001449585,2.9087722301483154,0.3021349012851715,-0.7837433218955994,308,374
0,2,-0.46720340847969055,2.939880847930908,0.28201180696487427,-0.7837433218955994,291,396
0,3,-0.3774270713329315,2.9849793910980225,0.25362101197242737,-0.7837433218955994,237,422
0,4,0.4617069363594055,2.3363728523254395,-0.6259269118309021,-0.3918716609477997,246,337
0,5,0.46720343828201294,2.336591958999634,-0.7286187410354614,-0.3918716609477997,279,335
0,6,0.47269994020462036,2.290388345718384,-0.9415155053138733,-0.3918716609477997,267,338
0,7,0.40307745337486267,2.4648897647857666,0.6455053091049194,-0.29390373826026917,229,371
0,8,0.5514832735061646,2.426006555557251,-0.4075954556465149,-0.19593583047389984,278,344
0,9,0.49468597769737244,2.584237813949585,-0.1943199783563614,-0.19593583047389984,229,418
0,10,0.557895839214325,2.484220504760742,-0.14779876172542572,-0.09796791523694992,274,337
0,11,0.5643084049224854,2.516855239868164,0.04273776710033417,-0.09796791523694992,232,341
 , , , , , , , 
0,0,0.40307745337486267,2.542809247970581,0.16272757947444916,0.0,258,326
0,1,-0.35544103384017944,2.8126518726348877,0.21978089213371277,-0.7837433218955994,313,351
0,2,-0.08977634459733963,2.8691353797912598,0.11502435803413391,-0.7837433218955994,236,365
0,3,-0.3481123447418213,2.7307932376861572,0.4210067689418793,-0.6857753992080688,294,349
0,4,-0.35177668929100037,2.7618165016174316,0.41039034724235535,-0.6857753992080688,322,348
0,5,-0.5441545844078064,2.7948198318481445,0.5616028308868408,-0.6857753992080688,273,391
0,6,-0.45804259181022644,2.8604984283447266,0.44864025712013245,-0.6857753992080688,257,427
0,7,0.47269994020462036,2.4451637268066406,-0.3917970061302185,-0.29390373826026917,334,350
0,8,0.4781964421272278,2.483032703399658,-0.3321441113948822,-0.29390373826026917,354,353
0,9,0.4836929440498352,2.5183279514312744,-0.28088247776031494,-0.29390373826026917,335,373
0,10,0.4891894459724426,2.5519208908081055,-0.2352210432291031,-0.29390373826026917,286,401
0,11,0.4617069363594055,2.3785018920898438,-0.4394895136356354,-0.19593583047389984,263,348
0,12,0.46720343828201294,2.4174609184265137,-0.3826620876789093,-0.19593583047389984,310,345
 , , , , , , , 
0,0,-0.4259796142578125,2.6646437644958496,0.3882782757282257,-0.6857753992080688,262,356
0,1,-0.43056005239486694,2.6906487941741943,0.4102092981338501,-0.6857753992080688,297,358
0,2,-0.4351404309272766,2.715402841567993,0.4392051100730896,-0.6857753992080688,292,361
0,3,-0.35177668929100037,2.7699239253997803,0.351527601480484,-0.6857753992080688,264,369
0,4,-0.2665807604789734,2.82812237739563,0.1277179718017578,-0.6857753992080688,238,391
0,5,1.0663230419158936,1.2020201683044434,-2.346008539199829,-0.6857753992080688,238,391
0,6,0.2445947229862213,2.566417694091797,-0.40076184272766113,-0.4898395836353302,226,352
0,7,0.3114689588546753,2.441807746887207,-0.38650867342948914,-0.3918716609477997,273,335
0,8,0.31513330340385437,2.469036817550659,-0.4004054367542267,-0.3918716609477997,331,334
0,9,0.3984970152378082,2.4916980266571045,-0.37024837732315063,-0.3918716609477997,347,335
0,10,0.40307745337486267,2.524050712585449,-0.34860697388648987,-0.29390373826026917,308,353
0,11,0.4891894459724426,2.544037342071533,-0.3090366721153259,-0.29390373826026917,256,372
0,12,0.4562104046344757,2.3353869915008545,-0.5078612565994263,-0.09796791523694992,245,342
0,13,0.4617069363594055,2.3420369625091553,-0.6043879985809326,-0.09796791523694992,280,342
0,14,0.5450706481933594,2.3411874771118164,-0.6561752557754517,-0.09796791523694992,283,342
 , , , , , , , 
0,0,-0.6962246894836426,2.352857828140259,1.3171911239624023,-0.7837433218955994,282,364
0,1,-0.5276650190353394,2.6891367435455322,0.6402426362037659,-0.7837433218955994,295,396
0,2,-0.5331615209579468,2.7492454051971436,0.4929927587509155,-0.7837433218955994,263,431
0,3,-0.4168187379837036,2.597355842590332,0.4430663287639618,-0.6857753992080688,234,366
0,4,-0.42139917612075806,2.627875328063965,0.4361859858036041,-0.6857753992080688,279,378
0,5,-0.3407836854457855,2.67472505569458,0.4028114974498749,-0.6857753992080688,285,393
0,6,-0.25833600759506226,2.7287158966064453,0.2839294970035553,-0.6857753992080688,255,406
0,7,0.3847557604312897,2.430285692214966,-0.09627971053123474,-0.3918716609477997,327,343
0,8,0.46720343828201294,2.444777011871338,-0.11667528003454208,-0.3918716609477997,357,344
0,9,0.47269994020462036,2.473461151123047,-0.11966832727193832,-0.3918716609477997,346,348
0,10,0.3984970152378082,2.468812942504883,-0.5006060004234314,-0.3918716609477997,291,364
0,11,0.32246196269989014,2.4879403114318848,-0.6008340120315552,-0.3918716609477997,297,393
0,12,0.3261263072490692,2.5270962715148926,-0.5606797933578491,-0.3918716609477997,269,434
0,13,0.4507138729095459,2.339726209640503,-0.31753402948379517,-0.09796791523694992,277,339
0,14,0.4562104046344757,2.343411684036255,-0.46944335103034973,-0.09796791523694992,349,335
0,15,0.538658082485199,2.337839365005493,-0.5549327731132507,-0.09796791523694992,377,338
0,16,0.5450706481933594,2.3507161140441895,-0.6211746335029602,-0.09796791523694992,366,344
0,17,0.5514832735061646,2.3652236461639404,-0.6762830018997192,-0.09796791523694992,310,363
 , , , , , , , 
0,0,-0.7420289516448975,0.8459334373474121,-2.3863255977630615,0.6857753992080688,248,350
0,1,-0.8336374759674072,0.8506167531013489,-2.387006998062134,0.6857753992080688,285,346
0,2,-0.5899588465690613,2.528656005859375,0.728980302810669,-0.7837433218955994,281,377
0,3,-0.5963714718818665,2.5578856468200684,0.7308264374732971,-0.7837433218955994,307,384
0,4,-0.6027840375900269,2.616619348526001,0.6190312504768372,-0.7837433218955994,310,405
0,5,-0.5221685171127319,2.689201593399048,0.5011937618255615,-0.7837433218955994,279,435
0,6,0.3755949139595032,2.3737168312072754,-0.0518350750207901,-0.4898395836353302,282,340
0,7,0.3801753520965576,2.3958067893981934,-0.18884016573429108,-0.4898395836353302,354,342
0,8,0.3847557604312897,2.4171931743621826,-0.26969578862190247,-0.4898395836353302,384,345
0,9,0.3893361985683441,2.435532569885254,-0.3541538119316101,-0.4898395836353302,377,352
0,10,0.39391663670539856,2.435866355895996,-0.5168757438659668,-0.4898395836353302,327,372
0,11,0.3984970152378082,2.355633020401001,-0.8925449252128601,-0.4898395836353302,244,408
0,12,0.4562104046344757,2.332834243774414,-0.5194612741470337,-0.19593583047389984,250,338
 , , , , , , , 
0,0,0.37101447582244873,2.3320460319519043,-0.2492487132549286,-0.5878074765205383,296,343
0,1,0.4507138729095459,2.3577566146850586,-0.12700314819812775,-0.4898395836353302,358,347
0,2,0.4562104046344757,2.388319730758667,-0.08879105001688004,-0.4898395836353302,389,348
0,3,0.4617069363594055,2.417515993118286,-0.07770753651857376,-0.4898395836353302,385,355
0,4,0.46720343828201294,2.442260265350342,-0.16097229719161987,-0.4898395836353302,347,376
0,5,0.31513330340385437,2.4504544734954834,-0.5017366409301758,-0.4898395836353302,296,411
0,6,0.2390982210636139,2.4383580684661865,-0.7082977294921875,-0.4898395836353302,235,456
 , , , , , , , 
0,0,-0.7337841987609863,0.9960166811943054,-2.2970519065856934,0.6857753992080688,244,352
0,1,-0.7420289516448975,1.057595133781433,-2.3003578186035156,0.6857753992080688,296,365
0,2,-0.7502737641334534,1.0710744857788086,-2.3251218795776367,0.6857753992080688,292,389
0,3,-0.7585185170173645,1.0840703248977661,-2.3501076698303223,0.6857753992080688,247,417
0,4,0.30414026975631714,2.2008397579193115,-0.9919108748435974,-0.5878074765205383,252,357
0,5,0.3664340376853943,2.272606372833252,-0.44815823435783386,-0.4898395836353302,264,354
0,6,0.37101447582244873,2.2610254287719727,-0.623159646987915,-0.4898395836353302,299,351
0,7,0.30047592520713806,2.151911973953247,-1.0282409191131592,-0.4898395836353302,290,352
 , , , , , , , 
0,0,-0.8766934275627136,1.3655558824539185,-1.9675133228302002,0.5878074765205383,263,346
0,1,-0.8061549067497253,1.241671085357666,-2.1126279830932617,0.5878074765205383,309,355
0,2,-0.8153157830238342,1.1275910139083862,-2.2069740295410156,0.5878074765205383,311,373
0,3,-0.8244765996932983,1.007125735282898,-2.2949283123016357,0.5878074765205383,272,398
0,4,0.43422436714172363,2.2652640342712402,-0.207967609167099,-0.4898395836353302,320,329
0,5,0.43972086906433105,2.2953178882598877,-0.19498790800571442,-0.4898395836353302,365,329
0,6,0.4452173709869385,2.3287529945373535,-0.1300279051065445,-0.4898395836353302,369,332
0,7,0.5322454571723938,2.3637466430664062,-0.2224871963262558,-0.4898395836353302,321,373
0,8,0.538658082485199,2.379178524017334,-0.3360849618911743,-0.4898395836353302,276,413
0,9,0.5258328914642334,2.345543622970581,-0.01465929951518774,-0.3918716609477997,335,356
 , , , , , , , 
0,0,-0.7786723971366882,0.6651157736778259,-2.2715890407562256,0.6857753992080688,272,350
0,1,-0.7878332734107971,0.8334178328514099,-2.245107889175415,0.6857753992080688,309,359
0,2,-0.7969940304756165,0.945597231388092,-2.2304909229278564,0.6857753992080688,298,379
0,3,-0.8061549067497253,1.0682042837142944,-2.2054214477539062,0.6857753992080688,253,403
0,4,0.30414026975631714,2.338695764541626,-0.5984017848968506,-0.4898395836353302,251,420
0,5,0.4287278652191162,2.2458126544952393,-0.028691241517663002,-0.3918716609477997,305,347
0,6,0.43422436714172363,2.2737531661987305,-0.06869316846132278,-0.3918716609477997,363,347
0,7,0.43972086906433105,2.301412343978882,-0.10002714395523071,-0.3918716609477997,388,346
0,8,0.4452173709869385,2.327928066253662,-0.1440419852733612,-0.3918716609477997,374,355
0,9,0.4507138729095459,2.349545955657959,-0.23405121266841888,-0.3918716609477997,318,381
 , , , , , , , 
0,0,-0.4562104046344757,2.3567557334899902,0.3970617353916168,-0.7837433218955994,290,341
0,1,-0.4617069363594055,2.393874406814575,0.34610262513160706,-0.7837433218955994,327,344
0,2,-0.46720343828201294,2.427330493927002,0.3140290379524231,-0.7837433218955994,326,357
0,3,-0.47269994020462036,2.4574806690216064,0.3051539361476898,-0.7837433218955994,286,378
0,4,0.37101447582244873,2.280474901199341,-0.5477202534675598,-0.5878074765205383,322,336
0,5,0.3755949139595032,2.3035385608673096,-0.5752642154693604,-0.5878074765205383,321,347
0,6,0.30047592520713806,2.33713960647583,-0.4751661419868469,-0.4898395836353302,275,393
0,7,0.4232313632965088,2.2090871334075928,-0.18950898945331573,-0.3918716609477997,311,340
0,8,0.5001825094223022,2.2218382358551025,-0.2038542479276657,-0.3918716609477997,371,342
0,9,0.5065951347351074,2.2499327659606934,-0.21068233251571655,-0.3918716609477997,395,345
0,10,0.513007640838623,2.2784297466278076,-0.21316777169704437,-0.3918716609477997,376,358
0,11,0.5194202661514282,2.3160736560821533,-0.06497263163328171,-0.29390373826026917,314,382
 , , , , , , , 
0,0,-0.7603507041931152,0.7739782929420471,-2.1778218746185303,0.6857753992080688,268,350
0,1,-0.7695115208625793,0.6941202878952026,-2.2337512969970703,0.6857753992080688,257,364
0,2,-0.4507138729095459,2.3374569416046143,0.3338296413421631,-0.6857753992080688,293,353
0,3,-0.4562104046344757,2.3868987560272217,0.12111871689558029,-0.6857753992080688,308,375
0,4,-0.4617069363594055,2.418257713317871,0.049523063004016876,-0.6857753992080688,275,405
0,5,0.3664340376853943,2.265895366668701,-0.4809405505657196,-0.5878074765205383,276,341
0,6,0.296811580657959,2.298055648803711,-0.5187084674835205,-0.5878074765205383,283,344
0,7,0.417734831571579,2.1874969005584717,-0.06307303160429001,-0.29390373826026917,278,352
0,8,0.49376991391181946,2.2004942893981934,-0.09550145268440247,-0.29390373826026917,357,346
0,9,0.5001825094223022,2.227480173110962,-0.1282714307308197,-0.29390373826026917,393,345
0,10,0.5065951347351074,2.2535784244537354,-0.16724012792110443,-0.29390373826026917,394,350
0,11,0.513007640838623,2.277768850326538,-0.22011536359786987,-0.29390373826026917,354,371
0,12,0.593623161315918,2.283780097961426,-0.2649071216583252,-0.29390373826026917,277,405
 , , , , , , , 
0,0,-0.43972086906433105,2.2921152114868164,0.22959208488464355,-0.6857753992080688,389,350
0,1,-0.4452173709869385,2.323315143585205,0.20543481409549713,-0.6857753992080688,418,367
0,2,-0.4507138729095459,2.353053331375122,0.1956697553396225,-0.6857753992080688,397,395
0,3,-0.4562104046344757,2.3824284076690674,0.18971237540245056,-0.6857753992080688,337,428
0,4,-0.4617069363594055,2.4118809700012207,0.18235209584236145,-0.6857753992080688,235,464
0,5,0.41223829984664917,2.1577630043029785,-0.08932521939277649,-0.29390373826026917,236,339
0,6,0.48735731840133667,2.170283555984497,-0.12639619410037994,-0.29390373826026917,320,340
0,7,0.49376991391181946,2.1977016925811768,-0.146296426653862,-0.29390373826026917,366,340
0,8,0.5001825094223022,2.2251923084259033,-0.1632215678691864,-0.29390373826026917,381,341
0,9,0.5065951347351074,2.251767635345459,-0.1900726556777954,-0.29390373826026917,357,358
 , , , , , , , 
0,0,-0.3618536591529846,2.2872731685638428,0.025819238275289536,-0.7837433218955994,357,342
0,1,-0.3664340376853943,2.315286159515381,0.07095686346292496,-0.7837433218955994,370,350
0,2,-0.37101447582244873,2.34303879737854,0.10360109061002731,-0.7837433218955994,333,371
0,3,-0.278489887714386,2.2095649242401123,-0.06237102299928665,-0.5878074765205383,260,347
0,4,-0.3572732210159302,2.252391815185547,-0.16550280153751373,-0.5878074765205383,359,349
0,5,-0.3618536591529846,2.286073923110962,-0.07842778414487839,-0.5878074765205383,399,358
0,6,-0.3664340376853943,2.315805673599243,-0.05128327012062073,-0.5878074765205383,396,381
0,7,-0.37101447582244873,2.3446404933929443,-0.056785374879837036,-0.5878074765205383,355,415
0,8,-0.3755949139595032,2.3731071949005127,-0.07470578700304031,-0.5878074765205383,284,454
0,9,0.07511898130178452,2.3999252319335938,0.11404353380203247,-0.3918716609477997,249,477
0,10,0.4809446930885315,2.141425848007202,-0.12980158627033234,-0.29390373826026917,274,345
0,11,0.48735731840133667,2.168367624282837,-0.15584483742713928,-0.29390373826026917,346,343
0,12,0.49376991391181946,2.195235013961792,-0.17955242097377777,-0.29390373826026917,385,340
0,13,0.5001825094223022,2.2215938568115234,-0.2065012902021408,-0.29390373826026917,388,344
0,14,0.5065951347351074,2.2492244243621826,-0.21811610460281372,-0.29390373826026917,347,366
 , , , , , , , 
0,0,-0.35269278287887573,2.228201150894165,0.0763731598854065,-0.5878074765205383,374,347
0,1,-0.3572732210159302,2.257544994354248,0.06443192064762115,-0.5878074765205383,407,358
0,2,-0.3618536591529846,2.287184476852417,0.032750047743320465,-0.5878074765205383,387,383
0,3,-0.43972086906433105,2.302103281021118,-0.082612045109272,-0.5878074765205383,324,413
0,4,0.48735731840133667,2.165358066558838,-0.19321101903915405,-0.3918716609477997,341,348
0,5,0.49376991391181946,2.1875805854797363,-0.2564903795719147,-0.3918716609477997,370,351
0,6,-0.1484057903289795,2.3273086547851562,0.44701817631721497,-0.3918716609477997,235,462
0,7,0.5496510863304138,2.128401041030884,-0.040661219507455826,-0.29390373826026917,282,349
0,8,0.5065951347351074,2.24552059173584,-0.2534205913543701,-0.29390373826026917,314,386
 , , , , , , , 
0,0,-0.906924307346344,0.8230611681938171,2.336839437484741,-0.7837433218955994,229,419
0,1,-0.3481123447418213,2.196715831756592,0.12992826104164124,-0.4898395836353302,403,348
0,2,-0.35269278287887573,2.2275662422180176,0.09306870400905609,-0.4898395836353302,417,364
0,3,-0.3572732210159302,2.257035732269287,0.08030911535024643,-0.4898395836353302,392,388
0,4,-0.43422436714172363,2.2738876342773438,0.06408961117267609,-0.4898395836353302,326,420
0,5,0.4681195020675659,2.087132453918457,-0.06507351994514465,-0.3918716609477997,229,352
0,6,-0.33437106013298035,1.5361320972442627,1.4518905878067017,-0.3918716609477997,229,352
0,7,0.4745320975780487,2.1106603145599365,-0.1604657918214798,-0.3918716609477997,302,353
0,8,0.4809446930885315,2.1369783878326416,-0.189410001039505,-0.3918716609477997,341,353
0,9,-0.34353193640708923,1.0987803936004639,1.873106598854065,-0.3918716609477997,341,353
 , , , , , , , 
0,0,-0.34353193640708923,2.168527841567993,-0.11547262966632843,-0.4898395836353302,375,365
0,1,-0.3481123447418213,2.1981499195098877,-0.10285292565822601,-0.4898395836353302,392,376
0,2,-0.35269278287887573,2.227299451828003,-0.09924538433551788,-0.4898395836353302,363,397
0,3,-0.3572732210159302,2.2544009685516357,-0.13541266322135925,-0.4898395836353302,279,429
0,4,0.5349937081336975,2.070807456970215,0.07092823088169098,-0.3918716609477997,310,341
0,5,0.5423223972320557,2.1002578735351562,0.024907642975449562,-0.3918716609477997,359,341
0,6,-0.27116119861602783,1.3094137907028198,-1.7081347703933716,-0.3918716609477997,359,341
0,7,0.0,2.3033876419067383,-0.24005940556526184,-0.3918716609477997,257,464
 , , , , , , , 
0,0,0.5349937081336975,2.037076950073242,-0.37893539667129517,-0.4898395836353302,353,335
0,1,-0.33437106013298035,1.8614070415496826,-1.0014249086380005,-0.4898395836353302,353,335
0,2,-0.3389514982700348,2.012068510055542,-0.7365522384643555,-0.4898395836353302,394,339
0,3,-0.34353193640708923,2.0866706371307373,-0.6013755202293396,-0.4898395836353302,417,349
0,4,-0.3481123447418213,2.1336982250213623,-0.5383062362670898,-0.4898395836353302,387,375
0,5,0.46170687675476074,2.0501508712768555,-0.19645294547080994,-0.3918716609477997,293,337
0,6,-0.28215423226356506,2.2184512615203857,-0.30654191970825195,-0.3918716609477997,318,409
 , , , , , , , 
0,0,0.44888174533843994,2.0023322105407715,-0.001177016762085259,-0.4898395836353302,237,337
0,1,0.45529434084892273,2.0301239490509033,0.05747184529900551,-0.4898395836353302,330,337
0,2,0.46170687675476074,2.056241035461426,0.1165558323264122,-0.4898395836353302,384,338
0,3,-0.2638325095176697,1.8163670301437378,-1.0421558618545532,-0.4898395836353302,384,338
0,4,-0.26749685406684875,2.0276334285736084,-0.629793643951416,-0.4898395836353302,414,341
0,5,-0.27116119861602783,2.0912485122680664,-0.5088892579078674,-0.4898395836353302,424,356
0,6,-0.2748255431652069,2.1588592529296875,-0.3125027120113373,-0.3918716609477997,395,378
0,7,-0.278489887714386,2.190354585647583,-0.2973434329032898,-0.3918716609477997,317,418
 , , , , , , , 
0,0,-0.3206298053264618,1.913162350654602,-0.6692058444023132,-0.3918716609477997,255,352
0,1,-0.260168194770813,2.0211801528930664,-0.42325255274772644,-0.3918716609477997,367,352
0,2,-0.2638325095176697,2.0637831687927246,-0.3550736606121063,-0.3918716609477997,432,352
0,3,-0.26749685406684875,2.096299886703491,-0.3368445336818695,-0.3918716609477997,447,365
0,4,-0.27116119861602783,2.124274969100952,-0.34604135155677795,-0.3918716609477997,422,385
0,5,-0.2748255431652069,2.1464974880218506,-0.3884340524673462,-0.3918716609477997,354,415
0,6,-0.2088674157857895,2.1690540313720703,-0.4638988673686981,-0.3918716609477997,237,463
 , , , , , , , 
0,0,0.436056524515152,1.9441968202590942,-0.06001976877450943,-0.5878074765205383,251,346
0,1,0.44246912002563477,1.9708162546157837,-0.10716657340526581,-0.5878074765205383,335,344
0,2,0.44888174533843994,1.999419093132019,-0.10797476023435593,-0.5878074765205383,389,345
0,3,0.45529434084892273,2.0283029079437256,-0.10340932011604309,-0.5878074765205383,406,352
0,4,0.46170687675476074,2.0565130710601807,-0.11165358871221542,-0.5878074765205383,383,367
0,5,-0.19237789511680603,2.0161421298980713,-0.33013877272605896,-0.3918716609477997,345,347
0,6,-0.19512614607810974,2.041295289993286,-0.35642537474632263,-0.3918716609477997,420,344
0,7,-0.19787438213825226,2.0672614574432373,-0.3770443797111511,-0.3918716609477997,455,343
0,8,-0.20062264800071716,2.0925891399383545,-0.40039122104644775,-0.3918716609477997,446,352
0,9,-0.20337089896202087,2.115945816040039,-0.43270230293273926,-0.3918716609477997,392,378
0,10,-0.20611914992332458,2.1341335773468018,-0.48667198419570923,-0.3918716609477997,286,424
 , , , , , , , 
0,0,0.49102163314819336,1.9010921716690063,-0.048811592161655426,-0.5878074765205383,296,337
0,1,0.4983503222465515,1.9297888278961182,-0.03479669243097305,-0.5878074765205383,351,339
0,2,0.44246912002563477,1.9725468158721924,-0.06826478242874146,-0.5878074765205383,378,341
0,3,0.44888174533843994,1.9980429410934448,-0.13099618256092072,-0.5878074765205383,381,347
0,4,0.520336389541626,2.006566286087036,-0.18692456185817719,-0.5878074765205383,349,372
0,5,0.5276650190353394,2.0359411239624023,-0.17719657719135284,-0.5878074765205383,291,408
0,6,-0.12641975283622742,2.002584457397461,-0.2550552487373352,-0.29390373826026917,324,344
0,7,-0.12825192511081696,2.022141456604004,-0.3245391249656677,-0.29390373826026917,404,344
0,8,-0.19512614607810974,2.036364793777466,-0.38359352946281433,-0.29390373826026917,441,349
0,9,-0.19787438213825226,2.0593392848968506,-0.4181545376777649,-0.29390373826026917,439,361
0,10,-0.20062264800071716,2.081336498260498,-0.4552806615829468,-0.29390373826026917,391,387
0,11,-0.13558059930801392,2.113969326019287,-0.467513769865036,-0.29390373826026917,300,426
 , , , , , , , 
0,0,0.4168187379837036,1.8532434701919556,-0.15005940198898315,-0.5878074765205383,246,325
0,1,0.4232313334941864,1.8829485177993774,-0.13682781159877777,-0.5878074765205383,314,326
0,2,0.436056524515152,1.9272634983062744,0.26298099756240845,-0.5878074765205383,315,330
0,3,0.5688889026641846,1.9380197525024414,-0.108741894364357,-0.5878074765205383,340,341
0,4,0.5771336555480957,1.9547204971313477,-0.23835887014865875,-0.5878074765205383,325,373
0,5,0.520336389541626,1.9976752996444702,-0.26559850573539734,-0.5878074765205383,278,413
0,6,0.4296439290046692,1.9164752960205078,-0.012826330028474331,-0.4898395836353302,322,340
0,7,-0.06320987641811371,1.9858886003494263,-0.37898698449134827,-0.29390373826026917,270,346
0,8,-0.12825192511081696,1.9912570714950562,-0.47882863879203796,-0.29390373826026917,347,347
0,9,-0.1300840973854065,2.0106751918792725,-0.5217877626419067,-0.29390373826026917,373,354
0,10,-0.13191625475883484,2.031636953353882,-0.5567185282707214,-0.29390373826026917,356,367
0,11,-0.13374842703342438,2.050621747970581,-0.5971212387084961,-0.29390373826026917,302,385
 , , , , , , , 
0,0,0.4104061424732208,1.8285894393920898,-0.08796537667512894,-0.4898395836353302,252,336
0,1,0.4168187379837036,1.8586927652359009,-0.04785909876227379,-0.4898395836353302,297,336
0,2,0.3627697229385376,1.9004476070404053,-0.006243073381483555,-0.4898395836353302,312,333
0,3,0.4296439290046692,1.9088711738586426,-0.17103487253189087,-0.4898395836353302,337,335
0,4,0.4983503222465515,1.9233888387680054,-0.16084536910057068,-0.4898395836353302,348,354
0,5,0.5056790113449097,1.9518001079559326,-0.16169500350952148,-0.4898395836353302,315,387
0,6,0.5771336555480957,1.967795729637146,-0.07434625178575516,-0.4898395836353302,269,428
0,7,0.5853784084320068,1.9967025518417358,-0.05010214447975159,-0.4898395836353302,234,467
0,8,-0.12641975283622742,1.963352918624878,-0.4697268307209015,-0.09796791523694992,341,345
0,9,-0.12825192511081696,1.9868850708007812,-0.4966582655906677,-0.09796791523694992,375,355
0,10,-0.1300840973854065,2.009370803833008,-0.5267884135246277,-0.09796791523694992,371,370
0,11,-0.13191625475883484,2.0288970470428467,-0.5666220188140869,-0.09796791523694992,330,392
0,12,-0.13374842703342438,2.0399935245513916,-0.6324793696403503,-0.09796791523694992,245,424
 , , , , , , , 
0,0,0.6046161651611328,1.8202002048492432,-0.2542683780193329,-0.4898395836353302,356,335
0,1,0.6137770414352417,1.8458961248397827,-0.27125880122184753,-0.4898395836353302,350,351
0,2,0.06412596255540848,2.0508310794830322,0.028454843908548355,-0.4898395836353302,243,454
0,3,0.46170690655708313,1.780117392539978,-0.1696493774652481,-0.3918716609477997,234,345
0,4,0.4690355956554413,1.8012176752090454,-0.23564982414245605,-0.3918716609477997,278,348
0,5,0.5359098315238953,1.8142868280410767,-0.22788333892822266,-0.3918716609477997,307,347
0,6,0.5606440901756287,1.898647665977478,-0.23337484896183014,-0.3918716609477997,294,394
0,7,0.6320987939834595,1.8911519050598145,-0.3396700322628021,-0.3918716609477997,241,430
0,8,0.0,2.061464548110962,-0.28699055314064026,-0.19593583047389984,276,374
0,9,0.0,2.086674928665161,-0.3172909617424011,-0.19593583047389984,253,398
 , , , , , , , 
0,0,0.6550008654594421,1.7116284370422363,-0.5216020345687866,-0.6857753992080688,272,343
0,1,0.665077805519104,1.7253261804580688,-0.5694407820701599,-0.6857753992080688,293,340
0,2,0.6751547455787659,1.7452455759048462,-0.5965903997421265,-0.6857753992080688,277,343
0,3,0.45437824726104736,1.7567675113677979,-0.10325688123703003,-0.3918716609477997,236,348
0,4,0.40399354696273804,1.7996952533721924,-0.09305062144994736,-0.3918716609477997,298,350
0,5,0.4104061424732208,1.8296922445297241,-0.060858044773340225,-0.3918716609477997,322,352
0,6,0.4168187379837036,1.8549578189849854,0.12712350487709045,-0.3918716609477997,318,353
0,7,0.4836929440498352,1.8628376722335815,0.19803783297538757,-0.3918716609477997,297,370
0,8,0.5523993372917175,1.884790062904358,-0.007560185622423887,-0.3918716609477997,295,399
0,9,0.5606440901756287,1.9106351137161255,-0.09381085634231567,-0.3918716609477997,270,436
0,10,0.5688889026641846,1.9378976821899414,-0.11089535057544708,-0.3918716609477997,227,477
0,11,-0.12825192511081696,1.9508869647979736,-0.6232348680496216,-0.09796791523694992,282,373
0,12,-0.1300840973854065,1.9741592407226562,-0.6463532447814941,-0.09796791523694992,279,390
0,13,-0.06595812737941742,2.0012776851654053,-0.6673998236656189,-0.09796791523694992,241,408
 , , , , , , , 
0,0,0.6348469853401184,1.6099892854690552,-0.644729495048523,-0.6857753992080688,243,347
0,1,0.6449239253997803,1.6291786432266235,-0.6706418991088867,-0.6857753992080688,284,348
0,2,0.6550008654594421,1.6454154253005981,-0.7030995488166809,-0.6857753992080688,287,350
0,3,0.7255394458770752,1.6373096704483032,-0.7322236895561218,-0.6857753992080688,257,352
0,4,0.5111755132675171,1.7385132312774658,-0.14008872210979462,-0.3918716609477997,307,345
0,5,0.5194202661514282,1.7655092477798462,-0.15476447343826294,-0.3918716609477997,364,346
0,6,0.5276650190353394,1.7918392419815063,-0.1754767894744873,-0.3918716609477997,392,348
0,7,0.47636428475379944,1.8338146209716797,-0.20240464806556702,-0.3918716609477997,384,361
0,8,0.4836929440498352,1.8595558404922485,-0.22679322957992554,-0.3918716609477997,336,390
0,9,0.4296439290046692,1.9001983404159546,-0.24957600235939026,-0.3918716609477997,250,431
0,10,-0.12825192511081696,1.9900258779525757,-0.48392006754875183,-0.19593583047389984,238,451
 , , , , , , , 
0,0,0.4470495581626892,1.7181955575942993,-0.21354998648166656,-0.3918716609477997,279,343
0,1,0.45437824726104736,1.7331023216247559,-0.30536922812461853,-0.3918716609477997,319,344
0,2,0.46170690655708313,1.7760872840881348,-0.20763659477233887,-0.3918716609477997,348,344
0,3,0.4104061424732208,1.8307034969329834,0.0012833240907639265,-0.3918716609477997,355,348
0,4,0.4168187379837036,1.8465595245361328,0.21736416220664978,-0.3918716609477997,316,374
0,5,0.3627697229385376,1.8837692737579346,0.25130313634872437,-0.3918716609477997,247,411
 , , , , , , , 
0,0,0.49468597769737244,1.6816182136535645,-0.14531661570072174,-0.3918716609477997,304,337
0,1,0.502930760383606,1.7091786861419678,-0.1530420035123825,-0.3918716609477997,369,336
0,2,0.5111755132675171,1.7363210916519165,-0.16505225002765656,-0.3918716609477997,404,338
0,3,0.5194202661514282,1.7615060806274414,-0.1951180100440979,-0.3918716609477997,404,350
0,4,0.5862944722175598,1.7633696794509888,-0.25825703144073486,-0.3918716609477997,366,375
0,5,0.6550008654594421,1.7510918378829956,-0.367992103099823,-0.3918716609477997,296,412
 , , , , , , , 
0,0,0.4323921799659729,1.633957862854004,-0.36691513657569885,-0.4898395836353302,267,334
0,1,0.43972086906433105,1.6846747398376465,-0.24937523901462555,-0.3918716609477997,303,348
0,2,0.4470495581626892,1.716599941253662,-0.22601760923862457,-0.3918716609477997,341,351
0,3,0.45437824726104736,1.7396420240402222,-0.2655933201313019,-0.3918716609477997,352,356
0,4,0.5194202661514282,1.7365334033966064,-0.354155957698822,-0.3918716609477997,330,374
0,5,0.5276650190353394,1.7658629417419434,-0.35100993514060974,-0.3918716609477997,269,405
 , , , , , , , 
0,0,0.46995168924331665,1.6034880876541138,0.003076286753639579,-0.4898395836353302,258,338
0,1,0.47819647192955017,1.631619930267334,0.002883136970922351,-0.4898395836353302,347,339
0,2,0.4864411950111389,1.659468173980713,0.030796505510807037,-0.4898395836353302,398,337
0,3,0.49468597769737244,1.6855523586273193,0.08871405571699142,-0.4898395836353302,407,343
0,4,0.502930760383606,1.7014826536178589,0.22286853194236755,-0.4898395836353302,369,359
0,5,0.5679727792739868,1.5968737602233887,0.656319260597229,-0.4898395836353302,271,392
 , , , , , , , 
0,0,0.5130077004432678,1.5555832386016846,-0.1091558039188385,-0.5878074765205383,264,332
0,1,0.5221685171127319,1.5827479362487793,-0.11952947080135345,-0.5878074765205383,346,328
0,2,0.5844623446464539,1.5891298055648804,-0.15470726788043976,-0.5878074765205383,395,329
0,3,0.594539225101471,1.6096326112747192,-0.21682655811309814,-0.5878074765205383,417,335
0,4,0.5496510863304138,1.6426349878311157,-0.3054584860801697,-0.5878074765205383,410,352
0,5,0.5588119626045227,1.6596040725708008,-0.36207208037376404,-0.5878074765205383,365,386
0,6,0.5679727792739868,1.6845767498016357,-0.37810268998146057,-0.5878074765205383,293,429
 , , , , , , , 
0,0,0.6485882997512817,1.5276663303375244,-0.4868026375770569,-0.6857753992080688,375,359
0,1,0.6595813035964966,1.5361095666885376,-0.5468007326126099,-0.6857753992080688,297,394
0,2,0.5038468241691589,1.5271681547164917,-0.11592583358287811,-0.5878074765205383,289,342
0,3,0.5130077004432678,1.5499682426452637,-0.17132602632045746,-0.5878074765205383,360,340
0,4,0.5221685171127319,1.5720319747924805,-0.21930305659770966,-0.5878074765205383,397,340
0,5,0.5844623446464539,1.5716311931610107,-0.2815016508102417,-0.5878074765205383,401,346
 , , , , , , , 
0,0,0.6669099926948547,1.432220697402954,-0.4459889233112335,-0.6857753992080688,314,338
0,1,0.4946860074996948,1.4936928749084473,-0.17332303524017334,-0.5878074765205383,262,348
0,2,0.5038468241691589,1.501234531402588,-0.3032756745815277,-0.5878074765205383,288,344
0,3,0.594539225101471,1.6105276346206665,-0.21007566154003143,-0.5878074765205383,287,400
0,4,0.6669099926948547,1.4950512647628784,0.12240975350141525,-0.4898395836353302,298,348
0,5,0.6266022324562073,1.545467495918274,0.10458619147539139,-0.4898395836353302,341,353
0,6,0.6375952959060669,1.5745924711227417,0.07067273557186127,-0.4898395836353302,326,375
0,7,0.7145464420318604,1.606006383895874,0.061952292919158936,-0.4898395836353302,232,433
 , , , , , , , 
0,0,0.574385404586792,1.5153592824935913,-0.4071924686431885,-0.5878074765205383,326,369
0,1,0.5313293933868408,1.5675100088119507,-0.38918542861938477,-0.5878074765205383,256,411
0,2,0.5240007042884827,1.4264768362045288,-0.11948911845684052,-0.4898395836353302,247,346
0,3,0.5340776443481445,1.4528446197509766,-0.1338900327682495,-0.4898395836353302,336,346
0,4,0.5441545844078064,1.4777265787124634,-0.16153569519519806,-0.4898395836353302,380,345
0,5,0.5542315244674683,1.5015631914138794,-0.19410943984985352,-0.4898395836353302,384,348
0,6,0.5643084645271301,1.522912859916687,-0.23921509087085724,-0.4898395836353302,341,360
 , , , , , , , 
0,0,0.6788191199302673,1.4839413166046143,-0.35938945412635803,-0.4898395836353302,261,433
0,1,0.5606440901756287,1.3849270343780518,-0.053223416209220886,-0.3918716609477997,263,351
0,2,0.5716371536254883,1.4080679416656494,-0.11944133788347244,-0.3918716609477997,345,346
0,3,0.6311826705932617,1.4046496152877808,-0.20613262057304382,-0.3918716609477997,390,344
0,4,0.6430917978286743,1.4114980697631836,-0.31619584560394287,-0.3918716609477997,404,348
0,5,0.6550008654594421,1.4212743043899536,-0.3879382610321045,-0.3918716609477997,383,365
0,6,0.6669099926948547,1.4532768726348877,-0.37168338894844055,-0.3918716609477997,330,397
 , , , , , , , 
0,0,0.48552513122558594,1.4324336051940918,-0.35541820526123047,-0.6857753992080688,273,348
0,1,0.4946860074996948,1.4401935338974,-0.43243712186813354,-0.6857753992080688,300,347
0,2,0.5038468241691589,1.449998378753662,-0.4931389391422272,-0.6857753992080688,291,350
0,3,0.5496510863304138,1.3578647375106812,-0.04969944432377815,-0.3918716609477997,235,342
0,4,0.5606440901756287,1.3859411478042603,0.004743330180644989,-0.3918716609477997,313,343
0,5,0.5716371536254883,1.4130889177322388,0.010065619833767414,-0.3918716609477997,356,346
0,6,0.6311826705932617,1.4195811748504639,-0.017901096493005753,-0.3918716609477997,381,348
0,7,0.6430917978286743,1.4446829557418823,-0.07209574431180954,-0.3918716609477997,373,358
0,8,0.6550008654594421,1.4695627689361572,-0.10441336035728455,-0.3918716609477997,322,389
0,9,0.718210756778717,1.4759162664413452,-0.027848776429891586,-0.3918716609477997,234,429
 , , , , , , , 
0,0,0.46720340847969055,1.3837833404541016,-0.31943967938423157,-0.5878074765205383,237,344
0,1,0.47636425495147705,1.3929845094680786,-0.3954262435436249,-0.5878074765205383,278,347
0,2,0.5340776443481445,1.39189612865448,-0.43738889694213867,-0.5878074765205383,284,347
0,3,0.5441545844078064,1.406643033027649,-0.4807543158531189,-0.5878074765205383,250,352
0,4,0.5954553484916687,1.3345175981521606,-0.113483726978302,-0.3918716609477997,285,344
0,5,0.5606440901756287,1.371276617050171,-0.20113681256771088,-0.3918716609477997,310,344
0,6,0.5716371536254883,1.408021092414856,-0.11999323964118958,-0.29390373826026917,335,337
0,7,0.5826301574707031,1.435056209564209,-0.1227942407131195,-0.29390373826026917,341,343
0,8,0.593623161315918,1.4633878469467163,-0.10945942252874374,-0.29390373826026917,310,365
0,9,0.6046161651611328,1.49312424659729,-0.06754273176193237,-0.29390373826026917,259,397
 , , , , , , , 
0,0,0.5826301574707031,1.4298443794250488,-0.1732335388660431,-0.4898395836353302,311,359
0,1,0.593623161315918,1.4342589378356934,-0.31046155095100403,-0.4898395836353302,245,391
0,2,0.5835462212562561,1.3121483325958252,-0.0323658213019371,-0.3918716609477997,286,350
0,3,0.5954553484916687,1.339332103729248,0.00228095892816782,-0.3918716609477997,344,349
0,4,0.6073644161224365,1.363835096359253,0.07899145781993866,-0.3918716609477997,362,350
0,5,0.6192735433578491,1.3692970275878906,0.2553751766681671,-0.3918716609477997,339,356
 , , , , , , , 
0,0,0.5954553484916687,1.338840126991272,-0.0363704189658165,-0.4898395836353302,285,342
0,1,0.5139237642288208,1.4027533531188965,-0.05781722813844681,-0.4898395836353302,299,345
0,2,0.6156092286109924,1.2638459205627441,-0.06056543439626694,-0.3918716609477997,264,335
0,3,0.5835462212562561,1.3124094009399414,-0.01903170719742775,-0.3918716609477997,297,335
0,4,0.3810914158821106,1.461125373840332,0.2087404578924179,-0.3918716609477997,300,367
0,5,0.43697261810302734,1.4882988929748535,0.08912908285856247,-0.3918716609477997,287,400
0,6,0.44521740078926086,1.518943428993225,-0.021584922447800636,-0.3918716609477997,256,436
0,7,0.6412596106529236,1.221706509590149,-0.4945727288722992,-0.29390373826026917,273,345
0,8,0.700805127620697,1.2409372329711914,-0.4518009424209595,-0.29390373826026917,304,344
 , , , , , , , 
0,0,0.5597280263900757,1.2588335275650024,0.018811874091625214,-0.3918716609477997,273,353
0,1,0.5716370940208435,1.2856780290603638,-0.014577013440430164,-0.3918716609477997,334,353
0,2,0.5835462212562561,1.3109644651412964,-0.06444250792264938,-0.3918716609477997,369,354
0,3,0.5954553484916687,1.3333110809326172,-0.12687495350837708,-0.3918716609477997,383,357
0,4,0.6073644161224365,1.3540010452270508,-0.18156841397285461,-0.3918716609477997,361,378
0,5,0.6669099926948547,1.3545331954956055,-0.2101462334394455,-0.3918716609477997,306,412
0,6,0.7768402099609375,1.3331339359283447,-0.18219749629497528,-0.3918716609477997,231,455
 , , , , , , , 
0,0,0.5899588465690613,1.210604190826416,-0.06911782920360565,-0.4898395836353302,311,346
0,1,0.6027840375900269,1.2377852201461792,-0.05338791012763977,-0.4898395836353302,358,345
0,2,0.6156092286109924,1.2644494771957397,-0.046285271644592285,-0.4898395836353302,361,346
0,3,0.6733225584030151,1.2173688411712646,-0.35771051049232483,-0.4898395836353302,350,354
0,4,0.6870638728141785,1.2250239849090576,-0.4190971553325653,-0.4898395836353302,347,383
0,5,0.700805127620697,1.2508480548858643,-0.42359021306037903,-0.4898395836353302,304,424
0,6,0.7145463824272156,1.2625073194503784,-0.4681767523288727,-0.4898395836353302,232,468
0,7,-0.23818212747573853,1.3417233228683472,0.6831826567649841,-0.19593583047389984,235,355
0,8,-0.24276256561279297,1.3805488348007202,0.6701297760009766,-0.19593583047389984,265,366
0,9,-0.2473430037498474,1.3528225421905518,0.7839429378509521,-0.19593583047389984,246,384
0,10,-0.2052030712366104,1.6094664335250854,0.24988174438476562,-0.19593583047389984,247,424
0,11,-0.26108425855636597,1.6016021966934204,0.3984261155128479,-0.19593583047389984,244,453
 , , , , , , , 
0,0,0.6156092286109924,1.2311028242111206,-0.2921656668186188,-0.5878074765205383,356,360
0,1,0.628434419631958,1.257774829864502,-0.2939036190509796,-0.5878074765205383,319,385
0,2,0.6870638728141785,1.2665828466415405,-0.2685033082962036,-0.5878074765205383,245,424
0,3,0.5643084049224854,1.1594208478927612,-0.03173002973198891,-0.4898395836353302,227,346
0,4,0.5771336555480957,1.1852666139602661,-0.04743211343884468,-0.4898395836353302,311,350
0,5,0.5478188991546631,1.2295687198638916,-0.08028952777385712,-0.4898395836353302,354,352
0,6,0.6027840375900269,1.2333184480667114,-0.11784765869379044,-0.4898395836353302,362,355
 , , , , , , , 
0,0,0.5643084049224854,1.1598020792007446,-0.011076557449996471,-0.5878074765205383,295,351
0,1,0.5771336555480957,1.1858690977096558,-0.02865474298596382,-0.5878074765205383,332,352
0,2,0.5899588465690613,1.2110042572021484,-0.06171318516135216,-0.5878074765205383,349,352
0,3,0.6027840375900269,1.2347848415374756,-0.10133552551269531,-0.5878074765205383,339,363
0,4,0.5716370940208435,1.2777830362319946,-0.14300718903541565,-0.5878074765205383,299,390
0,5,0.538658082485199,1.317770004272461,-0.1914069503545761,-0.5878074765205383,240,426
 , , , , , , , 
0,0,0.538658082485199,1.101805329322815,-0.10849637538194656,-0.6857753992080688,285,362
0,1,0.5514832735061646,1.1311014890670776,-0.07361860573291779,-0.6857753992080688,324,359
0,2,0.5643084049224854,1.1598461866378784,0.004507569130510092,-0.6857753992080688,313,356
0,3,0.49468597769737244,0.8417261838912964,-0.8871148824691772,-0.6857753992080688,242,358
0,4,0.5478188991546631,1.1891955137252808,-0.3226446807384491,-0.6857753992080688,293,382
0,5,0.5597280263900757,1.2297892570495605,-0.2695070207118988,-0.6857753992080688,269,418
0,6,0.5276650190353394,1.2788829803466797,-0.2568609118461609,-0.6857753992080688,235,433
 , , , , , , , 
0,0,0.5643084049224854,1.116346001625061,-0.31469836831092834,-0.6857753992080688,330,348
0,1,0.6183574795722961,1.0821049213409424,-0.4322880506515503,-0.6857753992080688,297,362
0,2,0.29497942328453064,1.3022159337997437,0.18871136009693146,-0.6857753992080688,256,383
0,3,0.6009518504142761,1.0342398881912231,0.11737580597400665,-0.5878074765205383,237,353
0,4,0.5771336555480957,1.0874992609024048,-0.012689831666648388,-0.5878074765205383,283,352
0,5,0.5514832735061646,1.128666639328003,-0.10450725257396698,-0.5878074765205383,322,349
0,6,0.6320987939834595,1.1433061361312866,0.33420562744140625,-0.4898395836353302,243,401
0,7,0.645840048789978,1.1724445819854736,0.32645881175994873,-0.4898395836353302,230,432
 , , , , , , , 
0,0,0.5001825094223022,1.0214205980300903,-0.11659090965986252,-0.4898395836353302,329,353
0,1,0.513007640838623,1.0496501922607422,-0.10011167824268341,-0.4898395836353302,388,356
0,2,0.5258328914642334,1.0768600702285767,-0.09189406782388687,-0.4898395836353302,411,358
0,3,0.538658082485199,1.103784441947937,-0.08605919033288956,-0.4898395836353302,398,364
0,4,0.5514832735061646,1.131274938583374,-0.07090277224779129,-0.4898395836353302,333,391
 , , , , , , , 
0,0,0.4745320975780487,0.9658405780792236,-0.13574093580245972,-0.4898395836353302,252,340
0,1,0.48735731840133667,0.9958090782165527,-0.10841154307126999,-0.4898395836353302,356,350
0,2,0.5001825094223022,1.0234605073928833,-0.09706822782754898,-0.4898395836353302,415,353
0,3,0.47636425495147705,1.0670337677001953,-0.09736933559179306,-0.4898395836353302,437,357
0,4,0.5258328914642334,1.075888991355896,-0.102640300989151,-0.4898395836353302,423,366
0,5,0.538658082485199,1.1005799770355225,-0.12029177695512772,-0.4898395836353302,358,397
0,6,0.5514832735061646,1.1238081455230713,-0.1478692889213562,-0.4898395836353302,250,442
 , , , , , , , 
0,0,0.44063693284988403,0.9853222370147705,-0.10692739486694336,-0.3918716609477997,342,354
0,1,0.45254606008529663,1.0122541189193726,-0.10700242966413498,-0.3918716609477997,407,355
0,2,0.5001825094223022,1.0213003158569336,-0.11764013767242432,-0.3918716609477997,427,361
0,3,0.513007640838623,1.0433375835418701,-0.15242928266525269,-0.3918716609477997,407,373
0,4,0.5633923411369324,1.0346291065216064,-0.23812632262706757,-0.3918716609477997,333,400
 , , , , , , , 
0,0,0.46170687675476074,0.9436927437782288,-0.09996107220649719,-0.3918716609477997,328,345
0,1,0.44063693284988403,0.9876579642295837,-0.08261463046073914,-0.3918716609477997,399,344
0,2,0.45254606008529663,1.0156686305999756,-0.06726862490177155,-0.3918716609477997,426,348
0,3,0.46445518732070923,1.0428022146224976,-0.06261845678091049,-0.3918716609477997,412,359
0,4,0.47636425495147705,1.0676580667495728,-0.09026745706796646,-0.3918716609477997,361,385
0,5,0.41315439343452454,1.113303303718567,-0.1855577826499939,-0.29390373826026917,306,420
0,6,0.3847557604312897,1.1561368703842163,-0.17666193842887878,-0.29390373826026917,232,467
 , , , , , , , 
0,0,0.44888174533843994,0.915729284286499,-0.11248403787612915,-0.3918716609477997,310,341
0,1,0.46170687675476074,0.9447597861289978,-0.08931522071361542,-0.3918716609477997,385,343
0,2,0.4745320975780487,0.9724012613296509,-0.075560063123703,-0.3918716609477997,419,345
0,3,0.48735731840133667,0.999076247215271,-0.07235610485076904,-0.3918716609477997,414,354
0,4,0.5001825094223022,1.023389220237732,-0.09781625121831894,-0.3918716609477997,369,377
0,5,0.47636425495147705,1.063979148864746,-0.12645280361175537,-0.3918716609477997,297,416
0,6,0.4507138729095459,1.1105107069015503,-0.09052877128124237,-0.3918716609477997,230,463
 , , , , , , , 
0,0,0.46720343828201294,0.8755716681480408,-0.09223565459251404,-0.3918716609477997,287,326
0,1,0.44888174533843994,0.9175362586975098,-0.09664372354745865,-0.3918716609477997,381,326
0,2,0.46170687675476074,0.9435594081878662,-0.10121189057826996,-0.3918716609477997,427,330
0,3,0.4745320975780487,0.9685618281364441,-0.11472377181053162,-0.3918716609477997,434,342
0,4,0.48735731840133667,0.9930800795555115,-0.1310754269361496,-0.3918716609477997,414,357
0,5,0.46445518732070923,1.0366384983062744,-0.12937600910663605,-0.3918716609477997,355,392
0,6,0.43972086906433105,1.0801506042480469,-0.12200368195772171,-0.3918716609477997,271,439
 , , , , , , , 
0,0,0.46720343828201294,0.8803407549858093,-0.011545853689312935,-0.3918716609477997,311,338
0,1,0.4809447228908539,0.9062788486480713,-0.007637558970600367,-0.3918716609477997,365,337
0,2,0.49468594789505005,0.9317649602890015,-0.028659464791417122,-0.3918716609477997,384,339
0,3,0.4745320975780487,0.9745575785636902,-0.038872405886650085,-0.3918716609477997,377,346
0,4,0.417734831571579,1.0324803590774536,-0.019692160189151764,-0.3918716609477997,348,372
0,5,0.3930005431175232,1.0723909139633179,-0.051031310111284256,-0.3918716609477997,296,411
 , , , , , , , 
0,0,0.4690355956554413,0.8040968775749207,-0.11580738425254822,-0.3918716609477997,225,334
0,1,0.4836929440498352,0.8348801136016846,-0.06965503841638565,-0.3918716609477997,321,337
0,2,0.4983503222465515,0.8617304563522339,-0.04979708418250084,-0.3918716609477997,372,339
0,3,0.5130077004432678,0.8878306150436401,-0.03588053956627846,-0.3918716609477997,382,344
0,4,0.49468594789505005,0.9317818284034729,-0.028104668483138084,-0.3918716609477997,348,359
0,5,0.4745320975780487,0.9740338325500488,-0.050315745174884796,-0.3918716609477997,263,386
 , , , , , , , 
0,0,0.4983503222465515,0.7931718230247498,-0.050029631704092026,-0.3918716609477997,313,339
0,1,0.4836929440498352,0.8367353081703186,-0.04184171184897423,-0.3918716609477997,368,341
0,2,0.4983503222465515,0.8615359663963318,-0.05305572971701622,-0.3918716609477997,388,345
0,3,0.5130077004432678,0.8832128643989563,-0.09729169309139252,-0.3918716609477997,376,353
0,4,0.49468594789505005,0.9099775552749634,-0.20235632359981537,-0.3918716609477997,321,380
0,5,0.40674179792404175,0.9316427111625671,-0.378229022026062,-0.3918716609477997,243,418
 , , , , , , , 
0,0,0.5111755132675171,0.7423750162124634,-0.11583346128463745,-0.3918716609477997,304,343
0,1,0.5276650190353394,0.7694165706634521,-0.09770061820745468,-0.3918716609477997,358,343
0,2,0.5441545844078064,0.7928872108459473,-0.10517217963933945,-0.3918716609477997,377,342
0,3,0.591791033744812,0.7849172949790955,-0.16462190449237823,-0.3918716609477997,351,346
0,4,0.28032204508781433,0.7978429198265076,0.527521014213562,-0.3918716609477997,351,346
0,5,0.35269278287887573,0.9587581753730774,0.09538392722606659,-0.3918716609477997,326,370
0,6,0.3957487642765045,0.9778380393981934,-0.030612124130129814,-0.3918716609477997,300,407
 , , , , , , , 
0,0,0.49468597769737244,0.719742476940155,-0.10331643372774124,-0.29390373826026917,302,349
0,1,0.4827768802642822,0.7655090093612671,-0.08222382515668869,-0.29390373826026917,372,349
0,2,0.4983503222465515,0.7918480038642883,-0.067832350730896,-0.29390373826026917,402,352
0,3,0.5441545844078064,0.7977084517478943,-0.05824548751115799,-0.29390373826026917,398,361
0,4,0.5606440901756287,0.8217899203300476,-0.06125153601169586,-0.29390373826026917,352,383
0,5,0.609196662902832,0.813537061214447,-0.14051465690135956,-0.29390373826026917,274,421
 , , , , , , , 
0,0,0.5441545844078064,0.7997872829437256,0.008460668846964836,0.0,295,328
0,1,0.5606440901756287,0.8239641785621643,-0.013170156627893448,0.0,240,348
0,2,-0.34628018736839294,1.0467679500579834,0.5479652285575867,-0.3918716609477997,231,461
0,3,-0.35452497005462646,1.0815727710723877,0.5417160987854004,-0.3918716609477997,257,455
0,4,-0.3627697229385376,1.1167166233062744,0.5339003205299377,-0.3918716609477997,246,455
0,5,0.5294972062110901,0.8212605714797974,-0.19640767574310303,-0.29390373826026917,315,390
0,6,0.5130077004432678,0.8592481017112732,-0.22632579505443573,-0.29390373826026917,233,434
0,7,0.47819647192955017,0.6956137418746948,-0.10082477331161499,-0.19593583047389984,274,334
0,8,0.49468597769737244,0.7230414152145386,-0.07690699398517609,-0.19593583047389984,360,335
0,9,0.5111755132675171,0.7485361695289612,-0.06505100429058075,-0.19593583047389984,407,331
0,10,0.5276650190353394,0.7731987237930298,-0.060917649418115616,-0.19593583047389984,413,337
0,11,0.5139237642288208,0.8156841397285461,-0.07985752075910568,-0.19593583047389984,378,355
 , , , , , , , 
0,0,-0.28581857681274414,1.0416282415390015,0.374692440032959,-0.4898395836353302,288,385
0,1,-0.2565038204193115,1.097019910812378,0.32514292001724243,-0.4898395836353302,235,405
0,2,0.3206298053264618,0.9506791830062866,0.2147396206855774,-0.29390373826026917,247,400
0,3,0.296811580657959,0.9807195663452148,0.25261348485946655,-0.29390373826026917,259,436
0,4,0.3050563335418701,1.005898118019104,0.2675141394138336,-0.29390373826026917,249,464
0,5,0.31330111622810364,1.0335862636566162,0.2728510797023773,-0.29390373826026917,249,450
0,6,0.5276650190353394,0.7714633345603943,-0.0799471065402031,-0.19593583047389984,360,353
0,7,0.5139237642288208,0.8165748715400696,-0.07016660273075104,-0.19593583047389984,315,374
0,8,0.5047629475593567,0.6779962778091431,-0.09083731472492218,-0.09796791523694992,297,334
0,9,0.5221685171127319,0.7055367231369019,-0.05455037206411362,-0.09796791523694992,358,335
0,10,0.5111755132675171,0.7504166960716248,-0.03758683800697327,-0.09796791523694992,383,336
 , , , , , , , 
0,0,-0.32154589891433716,1.058687686920166,0.28786230087280273,-0.4898395836353302,305,375
0,1,-0.31330111622810364,1.0246098041534424,0.3048326075077057,-0.3918716609477997,281,401
0,2,-0.32154589891433716,1.0354666709899902,0.36261969804763794,-0.3918716609477997,250,430
0,3,-0.3297906517982483,1.0620900392532349,0.3717091679573059,-0.3918716609477997,252,470
0,4,-0.3380354046821594,1.0987051725387573,0.35092946887016296,-0.3918716609477997,242,506
0,5,-0.34628018736839294,1.1345031261444092,0.32998746633529663,-0.3918716609477997,248,495
0,6,0.28856682777404785,0.9476345181465149,0.26725563406944275,-0.29390373826026917,271,403
0,7,0.2638325095176697,0.9895405173301697,0.25480085611343384,-0.29390373826026917,272,434
0,8,0.27116119861602783,1.0206376314163208,0.2474365234375,-0.29390373826026917,243,462
0,9,0.5047629475593567,0.6777582764625549,-0.09259622544050217,-0.09796791523694992,301,334
0,10,0.5496510863304138,0.6825841665267944,-0.07335101068019867,-0.09796791523694992,358,335
0,11,0.5679727792739868,0.7059776186943054,-0.06957679986953735,-0.09796791523694992,379,338
0,12,0.5862944722175598,0.7289793491363525,-0.06946613639593124,-0.09796791523694992,363,350
0,13,0.6348469853401184,0.7247297763824463,-0.08701460063457489,-0.09796791523694992,309,375
0,14,0.6852316856384277,0.716938853263855,-0.09934001415967941,-0.09796791523694992,228,415
0,15,0.436056524515152,0.7025627493858337,-0.5564822554588318,-0.09796791523694992,228,415
 , , , , , , , 
0,0,-0.31330111622810364,1.039266586303711,0.250345915555954,-0.3918716609477997,294,412
0,1,-0.32154589891433716,1.0661953687667847,0.2586731016635895,-0.3918716609477997,325,442
0,2,-0.2931472361087799,1.10980224609375,0.23951689898967743,-0.3918716609477997,320,479
0,3,-0.30047592520713806,1.1428664922714233,0.21941475570201874,-0.3918716609477997,291,507
0,4,-0.3078046143054962,1.1757832765579224,0.19669465720653534,-0.3918716609477997,268,496
0,5,0.296811580657959,0.9920300245285034,0.20371751487255096,-0.29390373826026917,301,437
0,6,0.3050563335418701,1.0240848064422607,0.18613223731517792,-0.29390373826026917,249,467
0,7,0.24917516112327576,0.8854482173919678,0.3838038444519043,-0.19593583047389984,286,406
0,8,0.28856682777404785,0.9360456466674805,0.3053773045539856,-0.19593583047389984,283,447
0,9,0.5130077004432678,0.6352477669715881,-0.08376257866621017,-0.09796791523694992,234,337
0,10,0.5313293933868408,0.663108229637146,-0.02631564624607563,-0.09796791523694992,315,335
0,11,0.5496510863304138,0.6864086985588074,0.012025504373013973,-0.09796791523694992,356,333
0,12,0.5679727792739868,0.7093887329101562,0.0036055129021406174,-0.09796791523694992,364,337
0,13,0.5862944722175598,0.7263538241386414,-0.09298644214868546,-0.09796791523694992,350,351
0,14,0.5743853449821472,0.7558878064155579,-0.18587788939476013,-0.09796791523694992,318,380
 , , , , , , , 
0,0,0.332538902759552,0.8963752388954163,0.14752890169620514,-0.19593583047389984,299,414
0,1,0.3114689588546753,0.9344144463539124,0.15254145860671997,-0.19593583047389984,290,457
0,2,0.3206298053264618,0.9627477526664734,0.1517263650894165,-0.19593583047389984,244,502
0,3,0.4946860074996948,0.6066782474517822,-0.11702860891819,-0.09796791523694992,238,338
0,4,0.538658082485199,0.614955484867096,-0.07355297356843948,-0.09796791523694992,335,340
0,5,0.5578958988189697,0.6377440690994263,-0.06892512738704681,-0.09796791523694992,388,341
0,6,0.5771336555480957,0.6596262454986572,-0.0723031535744667,-0.09796791523694992,402,345
0,7,0.5963714718818665,0.6808769702911377,-0.08115415275096893,-0.09796791523694992,373,358
0,8,0.35177668929100037,0.3739795386791229,-0.7850923538208008,-0.09796791523694992,273,388
0,9,0.6449239253997803,0.6777220368385315,-0.06887323409318924,-0.09796791523694992,273,388
 , , , , , , , 
0,0,0.538658082485199,0.6160102486610413,-0.06412243843078613,-0.09796791523694992,296,328
0,1,0.5578958988189697,0.64030921459198,-0.038369692862033844,-0.09796791523694992,330,330
0,2,0.6046161651611328,0.6386213898658752,0.004449937958270311,-0.09796791523694992,322,334
0,3,0.6247701048851013,0.6582687497138977,0.04672260209918022,-0.09796791523694992,270,345
0,4,0.3407836854457855,0.5210527181625366,0.6619735360145569,-0.09796791523694992,270,345
0,5,0.35177668929100037,0.7879342436790466,0.3679542541503906,-0.09796791523694992,293,372
0,6,0.3023080825805664,0.8810827136039734,0.2610335648059845,-0.09796791523694992,313,411
0,7,0.3114689588546753,0.9135241508483887,0.24874252080917358,-0.09796791523694992,299,451
0,8,0.3206298053264618,0.9447320699691772,0.23955243825912476,-0.09796791523694992,251,489
 , , , , , , , 
0,0,0.538658082485199,0.6146869659423828,-0.07576454430818558,-0.09796791523694992,294,344
0,1,0.5313293933868408,0.6604546904563904,-0.06484333425760269,-0.09796791523694992,335,339
0,2,0.5496510863304138,0.6851054430007935,-0.04395495727658272,-0.09796791523694992,334,341
0,3,0.5679727792739868,0.7093754410743713,-0.0056396666914224625,-0.09796791523694992,291,351
0,4,0.2638325095176697,0.87730473279953,0.2017582207918167,-0.09796791523694992,296,379
0,5,0.3023080825805664,0.8940932750701904,0.21223202347755432,-0.09796791523694992,310,416
0,6,0.3114689588546753,0.9254460334777832,0.1998722404241562,-0.09796791523694992,281,460
 , , , , , , , 
0,0,0.3023080825805664,0.8896068930625916,0.23031467199325562,0.09796791523694992,227,373
0,1,0.2931472361087799,0.881604015827179,0.12967878580093384,-0.09796791523694992,251,352
0,2,0.3023080825805664,0.9116742610931396,0.11530529707670212,-0.09796791523694992,279,372
0,3,0.3114689588546753,0.9411943554878235,0.10272526741027832,-0.09796791523694992,265,397
0,4,-0.2638325095176697,1.0114023685455322,-0.14553046226501465,-0.09796791523694992,238,446
0,5,-0.23726604878902435,1.0530034303665161,-0.1065027043223381,-0.09796791523694992,267,479
0,6,-0.24367865920066833,1.0811431407928467,-0.11249909549951553,-0.09796791523694992,254,518
 , , , , , , , 
0,0,0.538658082485199,0.618285596370697,-0.0361001081764698,0.09796791523694992,276,337
0,1,0.5578958988189697,0.6399641633033752,-0.043749384582042694,0.09796791523694992,308,337
0,2,0.5771336555480957,0.6533132791519165,-0.11625947803258896,0.09796791523694992,310,338
0,3,0.6247701048851013,0.6242005825042725,-0.21418297290802002,0.09796791523694992,289,349
0,4,0.7035533785820007,0.5661696791648865,-0.25385454297065735,0.09796791523694992,241,374
0,5,-0.23085343837738037,1.0191360712051392,-0.1476142257452011,-0.09796791523694992,248,453
0,6,-0.23726604878902435,1.0475778579711914,-0.15079732239246368,-0.09796791523694992,266,478
0,7,-0.24367865920066833,1.0760835409164429,-0.15352733433246613,-0.09796791523694992,252,505
 , , , , , , , 
0,0,0.5130077004432678,0.6336473822593689,-0.09511525183916092,0.09796791523694992,242,346
0,1,0.5313293933868408,0.6556414365768433,-0.10266151279211044,0.09796791523694992,299,346
0,2,0.5496510863304138,0.6733922362327576,-0.13358274102210999,0.09796791523694992,319,350
0,3,0.5679727792739868,0.6793532371520996,-0.2042658030986786,0.09796791523694992,305,351
0,4,0.2638325095176697,0.8504631519317627,0.295097291469574,0.09796791523694992,288,368
0,5,0.3023080825805664,0.9014022350311279,0.17865979671478271,0.09796791523694992,305,397
0,6,0.3114689588546753,0.9325578212738037,0.1635088473558426,0.09796791523694992,282,433
 , , , , , , , 
0,0,0.538658082485199,0.6115413904190063,-0.09796635806560516,0.09796791523694992,306,340
0,1,0.5578958988189697,0.6346302032470703,-0.09334149956703186,0.09796791523694992,368,338
0,2,0.5771336555480957,0.657068133354187,-0.09271462261676788,0.09796791523694992,386,338
0,3,0.6247701048851013,0.6528462171554565,-0.09639769047498703,0.09796791523694992,365,345
0,4,0.32246196269989014,0.8596178889274597,0.19249139726161957,0.09796791523694992,319,369
0,5,0.6742386817932129,0.6271361112594604,-0.17910918593406677,0.09796791523694992,319,369
0,6,0.332538902759552,0.8841321468353271,0.20871907472610474,0.09796791523694992,319,408
0,7,0.34261584281921387,0.9153184294700623,0.1954963505268097,0.09796791523694992,294,452
0,8,0.35269278287887573,0.9471428990364075,0.17673614621162415,0.09796791523694992,234,501
 , , , , , , , 
0,0,0.5130077004432678,0.6339146494865417,-0.09331738203763962,0.09796791523694992,274,332
0,1,0.5578958988189697,0.6340245604515076,-0.09737049788236618,0.09796791523694992,353,330
0,2,0.5771336555480957,0.6569226980209351,-0.09373930096626282,0.09796791523694992,385,328
0,3,0.6247701048851013,0.6577576398849487,-0.05343789979815483,0.09796791523694992,366,335
0,4,0.332538902759552,0.9080619215965271,0.026017971336841583,0.09796791523694992,307,387
0,5,0.28032204508781433,0.953827977180481,0.0710209310054779,0.09796791523694992,295,432
0,6,0.2565038502216339,0.9882063269615173,0.10179192572832108,0.09796791523694992,245,481
0,7,0.32246196269989014,0.8809017539024353,-0.0028312532231211662,0.19593583047389984,284,358
 , , , , , , , 
0,0,0.6046161651611328,0.5783511400222778,-0.27086341381073,0.09796791523694992,282,324
0,1,-0.23726604878902435,1.046907663345337,-0.15538160502910614,0.09796791523694992,236,493
0,2,-0.24367865920066833,1.0756349563598633,-0.15663965046405792,0.09796791523694992,231,528
0,3,0.6320987343788147,0.5560426712036133,-0.2543334662914276,0.19593583047389984,275,331
0,4,0.5679727792739868,0.6729996204376221,-0.22431431710720062,0.19593583047389984,316,326
0,5,0.556979775428772,0.7209242582321167,-0.22365012764930725,0.19593583047389984,322,334
0,6,0.4232313334941864,0.8282688856124878,-0.2658597230911255,0.19593583047389984,283,356
0,7,0.218028262257576,0.9679897427558899,0.09419021010398865,0.19593583047389984,302,382
0,8,0.22444087266921997,0.9921447038650513,0.13409994542598724,0.19593583047389984,283,415
0,9,0.19787438213825226,1.0251950025558472,0.15343549847602844,0.19593583047389984,230,452
 , , , , , , , 
0,0,0.5313293933868408,0.6494203805923462,-0.1365950107574463,0.19593583047389984,311,340
0,1,0.5496510863304138,0.6757432222366333,-0.12113043665885925,0.19593583047389984,374,343
0,2,0.5679727792739868,0.6986929178237915,-0.12277452647686005,0.19593583047389984,405,345
0,3,0.5862944722175598,0.7200823426246643,-0.133108451962471,0.19593583047389984,399,353
0,4,0.6046161651611328,0.7417378425598145,-0.14177356660366058,0.19593583047389984,352,376
0,5,0.6540848016738892,0.743013322353363,-0.11626036465167999,0.19593583047389984,269,414
 , , , , , , , 
0,0,-0.296811580657959,1.0031386613845825,-0.13905836641788483,0.09796791523694992,249,379
0,1,-0.3050563335418701,1.0239440202713013,-0.18690519034862518,0.09796791523694992,305,402
0,2,-0.31330111622810364,1.0525978803634644,-0.1865096092224121,0.09796791523694992,327,422
0,3,-0.32154589891433716,1.0818058252334595,-0.18270309269428253,0.09796791523694992,316,441
0,4,-0.2931472361087799,1.127106785774231,-0.1366005837917328,0.09796791523694992,267,467
0,5,0.47819647192955017,0.6946517825126648,-0.10725215077400208,0.3918716609477997,268,338
0,6,0.49468597769737244,0.7229459881782532,-0.07779885083436966,0.3918716609477997,364,340
0,7,0.5111755132675171,0.748080313205719,-0.07009895890951157,0.3918716609477997,415,343
0,8,0.556979775428772,0.7515208125114441,-0.07048085331916809,0.3918716609477997,423,349
0,9,0.5743853449821472,0.7740175127983093,-0.08254577964544296,0.3918716609477997,391,364
0,10,0.6229379177093506,0.7700605392456055,-0.11120842397212982,0.3918716609477997,301,397
 , , , , , , , 
0,0,-0.2638325095176697,0.9876070618629456,-0.2621948719024658,0.09796791523694992,301,352
0,1,-0.27116119861602783,1.037951111793518,-0.15994784235954285,0.09796791523694992,391,362
0,2,-0.31330111622810364,1.0565494298934937,-0.16263943910598755,0.09796791523694992,431,375
0,3,-0.32154589891433716,1.0847009420394897,-0.16464568674564362,0.09796791523694992,426,397
0,4,-0.3297906517982483,1.1117541790008545,-0.17379723489284515,0.09796791523694992,386,420
0,5,-0.3380354046821594,1.138122797012329,-0.18703201413154602,0.09796791523694992,298,459
0,6,0.19787438213825226,1.0363843441009521,0.02179143950343132,0.3918716609477997,292,428
0,7,0.20337089896202087,1.062657117843628,0.07651570439338684,0.3918716609477997,264,473
0,8,0.46720343828201294,0.7346004843711853,-0.12450233101844788,0.4898395836353302,265,344
0,9,0.4827768802642822,0.7637389898300171,-0.09730172157287598,0.4898395836353302,355,343
0,10,0.4983503222465515,0.7886317372322083,-0.09840982407331467,0.4898395836353302,403,345
0,11,0.5139237642288208,0.8106328845024109,-0.12079799920320511,0.4898395836353302,414,352
0,12,0.5294972062110901,0.8290050625801086,-0.16060985624790192,0.4898395836353302,390,368
0,13,0.5130077004432678,0.8629665970802307,-0.21170565485954285,0.4898395836353302,322,404
 , , , , , , , 
0,0,-0.3050563335418701,1.0270733833312988,-0.16886423528194427,0.09796791523694992,367,364
0,1,-0.31330111622810364,1.055253505706787,-0.17084558308124542,0.09796791523694992,409,389
0,2,-0.32154589891433716,1.0823463201522827,-0.17947348952293396,0.09796791523694992,409,416
0,3,-0.3664340376853943,1.1054054498672485,-0.13700281083583832,0.19593583047389984,427,391
0,4,-0.3380354046821594,1.1465635299682617,-0.12528620660305023,0.19593583047389984,356,423
0,5,-0.3078046143054962,1.1874672174453735,-0.10524656623601913,0.19593583047389984,240,469
0,6,0.4690355956554413,0.8033428192138672,-0.12092749029397964,0.5878074765205383,332,352
0,7,0.4836929440498352,0.8294928669929504,-0.11755077540874481,0.5878074765205383,400,350
0,8,0.5294972062110901,0.8360077738761902,-0.11889415979385376,0.5878074765205383,427,352
0,9,0.5450707077980042,0.8607906699180603,-0.12101615220308304,0.5878074765205383,414,362
0,10,0.5606440901756287,0.885826051235199,-0.12129276245832443,0.5878074765205383,351,391
0,11,0.576217532157898,0.9132689833641052,-0.10182056576013565,0.5878074765205383,248,433
 , , , , , , , 
0,0,-0.32154589891433716,1.0666660070419312,-0.2567252814769745,0.0,351,363
0,1,-0.3297906517982483,1.0897244215011597,-0.2805415689945221,0.0,324,393
0,2,-0.3380354046821594,1.1129101514816284,-0.302878737449646,0.0,268,421
0,3,-0.3755949139595032,1.1283928155899048,-0.17386917769908905,0.19593583047389984,378,415
0,4,-0.34628018736839294,1.170773983001709,-0.15898792445659637,0.19593583047389984,264,460
0,5,-0.3389514982700348,1.0303057432174683,0.006022293120622635,0.29390373826026917,376,347
0,6,-0.3481123447418213,1.0576695203781128,-0.03254125639796257,0.29390373826026917,437,355
0,7,-0.3572732210159302,1.0844799280166626,-0.057750068604946136,0.29390373826026917,455,370
0,8,-0.3664340376853943,1.111069679260254,-0.07883652299642563,0.29390373826026917,440,386
0,9,0.139244943857193,1.092910647392273,0.16450880467891693,0.5878074765205383,343,380
0,10,0.14290928840637207,1.1234772205352783,0.15637163817882538,0.5878074765205383,334,415
0,11,0.14657361805438995,1.1521497964859009,0.16134421527385712,0.5878074765205383,289,453
0,12,0.4809447228908539,0.8986672759056091,-0.1174599751830101,0.6857753992080688,397,345
0,13,0.49468594789505005,0.9290838241577148,-0.07622659206390381,0.6857753992080688,397,353
0,14,0.5084272623062134,0.9580985307693481,0.0017831474542617798,0.6857753992080688,355,372
0,15,0.2116156667470932,0.9343400597572327,-0.13439825177192688,-0.7837433218955994,274,345
0,16,0.218028262257576,0.9675412774085999,-0.09869041293859482,-0.7837433218955994,356,346
0,17,0.22444087266921997,0.9985600113868713,-0.07219289988279343,-0.7837433218955994,395,347
0,18,0.7456933259963989,2.034029722213745,0.11172089725732803,-0.6857753992080688,234,418
0,19,0.7557702660560608,2.061073064804077,0.1210370883345604,-0.6857753992080688,246,421
 , , , , , , , 
0,0,-0.3297906517982483,1.1226829290390015,-0.07606611400842667,0.29390373826026917,373,361
0,1,-0.3380354046821594,1.1488192081451416,-0.10256171226501465,0.29390373826026917,428,368
0,2,-0.3847557604312897,1.1607344150543213,-0.1433788388967514,0.29390373826026917,433,384
0,3,-0.39391663670539856,1.186076283454895,-0.16430656611919403,0.29390373826026917,399,403
0,4,-0.3627697229385376,1.2272461652755737,-0.16115973889827728,0.29390373826026917,320,433
0,5,-0.2500912547111511,1.1138793230056763,-0.06167153641581535,0.3918716609477997,254,359
0,6,0.4287278652191162,1.059034824371338,-0.041398126631975174,0.5878074765205383,250,342
0,7,0.43972086906433105,1.0774897336959839,-0.14361803233623505,0.5878074765205383,327,340
0,8,0.4507138729095459,1.0993660688400269,-0.18117348849773407,0.5878074765205383,362,340
0,9,-0.03847557678818703,1.2202990055084229,-0.15902529656887054,0.5878074765205383,391,345
0,10,0.4617069363594055,1.1273374557495117,-0.178426131606102,0.5878074765205383,391,345
0,11,-0.039391662925481796,1.2579342126846313,-0.07066557556390762,0.5878074765205383,407,361
0,12,-0.04030774533748627,1.2885080575942993,-0.042776111513376236,0.5878074765205383,369,393
0,13,-0.041223831474781036,1.3171528577804565,-0.05999184027314186,0.5878074765205383,290,436
 , , , , , , , 
0,0,-0.32154589891433716,1.094805359840393,0.07131244987249374,0.3918716609477997,270,348
0,1,-0.3297906517982483,1.1245187520980835,0.04074866697192192,0.3918716609477997,371,352
0,2,-0.3755949139595032,1.1416126489639282,-0.014880516566336155,0.3918716609477997,441,357
0,3,-0.3847557604312897,1.1687008142471313,-0.04472700506448746,0.3918716609477997,464,372
0,4,-0.39391663670539856,1.19528067111969,-0.07125770300626755,0.3918716609477997,444,398
0,5,-0.40307745337486267,1.2208387851715088,-0.10386865586042404,0.3918716609477997,385,432
0,6,-0.41223829984664917,1.2415131330490112,-0.16998417675495148,0.3918716609477997,275,480
0,7,0.08244766294956207,1.2394520044326782,-0.44401705265045166,0.5878074765205383,284,402
0,8,-0.3297906517982483,1.0971455574035645,-0.6539876461029053,0.5878074765205383,284,402
0,9,0.43972086906433105,1.0866445302963257,-0.028529297560453415,0.6857753992080688,251,350
0,10,0.48827338218688965,1.0979969501495361,0.023749860003590584,0.6857753992080688,308,347
0,11,0.538658082485199,1.1071181297302246,0.005979984998703003,0.6857753992080688,335,343
0,12,0.5514832735061646,1.1281101703643799,-0.11035207659006119,0.6857753992080688,341,345
 , , , , , , , 
0,0,-0.43972086906433105,1.0862833261489868,0.03998749330639839,0.3918716609477997,241,348
0,1,-0.3380354046821594,1.1524889469146729,0.04553701728582382,0.3918716609477997,337,347
0,2,-0.34628018736839294,1.1813136339187622,-0.022069882601499557,0.3918716609477997,424,354
0,3,-0.35452497005462646,1.2085793018341064,-0.05091188848018646,0.3918716609477997,459,367
0,4,-0.3627697229385376,1.2356789112091064,-0.0721331238746643,0.3918716609477997,451,386
0,5,-0.37101447582244873,1.2622920274734497,-0.09569384157657623,0.3918716609477997,396,417
0,6,-0.37925925850868225,1.2868505716323853,-0.13626842200756073,0.3918716609477997,291,459
0,7,0.4617069363594055,1.1275705099105835,-0.17694757878780365,0.6857753992080688,306,345
0,8,0.47269994020462036,1.1520352363586426,-0.19573822617530823,0.6857753992080688,353,352
0,9,0.4836929440498352,1.1795481443405151,-0.1959974765777588,0.6857753992080688,375,354
0,10,0.453462153673172,1.2294881343841553,-0.1513969600200653,0.6857753992080688,366,363
0,11,0.46353909373283386,1.2654927968978882,-0.04528717324137688,0.6857753992080688,318,387
0,12,0.38750404119491577,1.3159452676773071,0.12821745872497559,0.6857753992080688,252,423
 , , , , , , , 
0,0,-0.30047592520713806,1.1605744361877441,0.08575380593538284,0.4898395836353302,249,357
0,1,-0.34628018736839294,1.1813023090362549,0.022663921117782593,0.4898395836353302,375,358
0,2,-0.35452497005462646,1.2096409797668457,0.004985484294593334,0.4898395836353302,433,368
0,3,-0.3627697229385376,1.2377347946166992,-0.010874778963625431,0.4898395836353302,444,387
0,4,-0.37101447582244873,1.265641212463379,-0.026282040402293205,0.4898395836353302,418,411
0,5,-0.37925925850868225,1.2934893369674683,-0.03793160244822502,0.4898395836353302,345,445
0,6,0.1722240149974823,1.362370252609253,-0.1122375950217247,0.6857753992080688,323,380
0,7,0.16489532589912415,1.3073375225067139,-0.06219461187720299,-0.7837433218955994,334,358
0,8,0.6183574795722961,0.41137978434562683,1.090225100517273,-0.7837433218955994,334,358
 , , , , , , , 
0,0,-0.31513330340385437,1.2202140092849731,0.026695627719163895,0.5878074765205383,365,343
0,1,-0.32246196269989014,1.2488893270492554,0.0011016192147508264,0.5878074765205383,441,347
0,2,-0.3297906517982483,1.2771096229553223,-0.020469672977924347,0.5878074765205383,466,362
0,3,-0.33711934089660645,1.3050535917282104,-0.039710190147161484,0.5878074765205383,447,387
0,4,-0.3444480299949646,1.3328737020492554,-0.05580492317676544,0.5878074765205383,395,414
0,5,-0.35177668929100037,1.3614674806594849,-0.051075663417577744,0.5878074765205383,292,459
0,6,-0.23085346817970276,1.195037603378296,0.1857164204120636,0.6857753992080688,229,335
0,7,-0.6540848016738892,0.6485413908958435,-0.8169860243797302,0.6857753992080688,229,335
 , , , , , , , 
0,0,-0.24734298884868622,1.1481114625930786,-0.600709080696106,0.0,232,336
0,1,-0.7420289516448975,0.7683554291725159,0.7740885019302368,0.0,232,336
0,2,-0.25283950567245483,1.1630380153656006,-0.6338817477226257,0.0,298,333
0,3,-0.25833600759506226,1.174851894378662,-0.6717861890792847,0.0,324,335
0,4,-0.6046161651611328,1.1237903833389282,0.18772844970226288,-0.7837433218955994,279,354
0,5,-0.1209232360124588,0.40380343794822693,-1.2190274000167847,-0.7837433218955994,279,354
0,6,-0.6595813035964966,1.1375352144241333,0.1056225448846817,-0.7837433218955994,394,354
0,7,-0.16489532589912415,0.3226248025894165,-1.2684292793273926,-0.7837433218955994,394,354
0,8,-0.6742386817932129,1.165195345878601,0.07818689197301865,-0.7837433218955994,447,363
0,9,-0.16855967044830322,0.2576029598712921,-1.3128669261932373,-0.7837433218955994,447,363
0,10,-0.6888960599899292,1.1918493509292603,0.056818801909685135,-0.7837433218955994,455,381
0,11,-0.1722240149974823,0.12695923447608948,-1.3610773086547852,-0.7837433218955994,455,381
0,12,-0.7035533785820007,1.2179553508758545,0.039329707622528076,-0.7837433218955994,427,403
0,13,-0.718210756778717,1.2434715032577515,0.035477109253406525,-0.7837433218955994,353,438
0,14,-0.17955268919467926,0.10853362083435059,1.4210165739059448,-0.7837433218955994,353,438
 , , , , , , , 
0,0,-0.6742386817932129,1.16336190700531,0.10189477354288101,-0.7837433218955994,309,357
0,1,-0.6888960599899292,1.1904538869857788,0.08095026016235352,-0.7837433218955994,390,360
0,2,-0.1722240149974823,0.20338541269302368,-1.3517708778381348,-0.7837433218955994,390,360
0,3,-0.6595813035964966,1.2405827045440674,0.07652877271175385,-0.7837433218955994,432,367
0,4,-0.17588834464550018,0.18993011116981506,-1.3830904960632324,-0.7837433218955994,432,367
0,5,-0.6733225584030151,1.2669793367385864,0.06860675662755966,-0.7837433218955994,425,388
0,6,-0.17955268919467926,0.1509421020746231,-1.4171394109725952,-0.7837433218955994,425,388
0,7,-0.6870638728141785,1.292763352394104,0.07133805006742477,-0.7837433218955994,379,415
0,8,-0.13741277158260345,0.31257590651512146,-1.4254111051559448,-0.7837433218955994,379,415
0,9,-0.700805127620697,1.317204236984253,0.09498623758554459,-0.7837433218955994,282,453
0,10,-0.14016102254390717,0.6596734523773193,-1.3343024253845215,-0.7837433218955994,282,453
0,11,0.14016102254390717,1.4843931198120117,-0.11004183441400528,-0.4898395836353302,349,352
0,12,0.700805127620697,0.29052528738975525,1.2882719039916992,-0.4898395836353302,349,352
0,13,0.1905457079410553,1.5124045610427856,0.003940195310860872,-0.4898395836353302,336,365
0,14,0.19421005249023438,1.5414886474609375,-0.004218070302158594,-0.4898395836353302,303,387
0,15,0.0696224719285965,2.2211787700653076,-0.1585594266653061,-0.19593583047389984,274,352
0,16,0.07053855806589127,2.24810528755188,-0.19013647735118866,-0.19593583047389984,277,361
0,17,0.9170012474060059,0.242036834359169,2.0483241081237793,-0.19593583047389984,277,361
0,18,0.07145464420318604,2.276118040084839,-0.20611882209777832,-0.19593583047389984,247,372
0,19,0.9289103746414185,0.5135321617126465,2.025269031524658,-0.19593583047389984,247,372
 , , , , , , , 
0,0,-0.6595813035964966,1.2358357906341553,0.13270916044712067,-0.6857753992080688,302,342
0,1,-0.6733225584030151,1.2650119066238403,0.09842866659164429,-0.6857753992080688,399,344
0,2,-0.13466452062129974,0.284496009349823,-1.4015114307403564,-0.6857753992080688,399,344
0,3,-0.6870638728141785,1.2924275398254395,0.07718206942081451,-0.6857753992080688,431,362
0,4,-0.13741277158260345,0.25369441509246826,-1.4370594024658203,-0.6857753992080688,431,362
0,5,-0.700805127620697,1.3190525770187378,0.06441827118396759,-0.6857753992080688,421,385
0,6,-0.14016102254390717,0.2001577913761139,-1.4749470949172974,-0.6857753992080688,421,385
0,7,-0.7145463824272156,1.3452751636505127,0.057870350778102875,-0.6857753992080688,377,410
0,8,-0.14290928840637207,0.21872274577617645,-1.5018081665039062,-0.6857753992080688,377,410
0,9,-0.7282876968383789,1.371293306350708,0.05544966459274292,-0.6857753992080688,280,447
0,10,-0.19421005249023438,0.5116362571716309,-1.4541091918945312,-0.6857753992080688,280,447
0,11,0.048552513122558594,1.4687591791152954,-0.50429368019104,-0.3918716609477997,276,361
0,12,0.5826301574707031,0.6117421388626099,1.3039311170578003,-0.3918716609477997,276,361
0,13,0.0,1.539482593536377,-0.3686012029647827,-0.3918716609477997,280,380
0,14,0.593623161315918,0.6544444561004639,1.3134640455245972,-0.3918716609477997,280,380
0,15,0.0,1.5919654369354248,-0.25532108545303345,-0.3918716609477997,265,406
0,16,0.6046161651611328,0.6985146999359131,1.321385383605957,-0.3918716609477997,265,406
0,17,0.0513007678091526,1.633913278579712,-0.15042231976985931,-0.3918716609477997,236,432
0,18,0.6669099926948547,0.6663357615470886,1.343934178352356,-0.3918716609477997,236,432
0,19,0.39758098125457764,1.7554510831832886,-0.2523379623889923,-0.29390373826026917,243,363
0,20,0.40399354696273804,1.8016331195831299,-0.04098312556743622,-0.29390373826026917,230,364
0,21,0.0723707303404808,2.297001600265503,-0.2859531342983246,-0.29390373826026917,248,363
0,22,0.940819501876831,0.7306724190711975,1.986000895500183,-0.29390373826026917,248,363
 , , , , , , , 
0,0,-0.13466452062129974,0.14462853968143463,1.4227631092071533,-0.6857753992080688,235,343
0,1,-0.6733225584030151,1.26882004737854,-0.00626761419698596,-0.6857753992080688,235,343
0,2,-0.6870638728141785,1.291121482849121,0.09659861028194427,-0.6857753992080688,295,344
0,3,-0.13741277158260345,0.214336559176445,1.443454384803772,-0.6857753992080688,295,344
0,4,-0.6540848016738892,1.339273452758789,0.11703488230705261,-0.6857753992080688,371,349
0,5,-0.6669099926948547,1.3674936294555664,0.09424982964992523,-0.6857753992080688,405,365
0,6,-0.6797351837158203,1.3951799869537354,0.07318153977394104,-0.6857753992080688,400,389
0,7,-0.09710502624511719,0.18689312040805817,-1.5393389463424683,-0.6857753992080688,400,389
0,8,-0.6925603747367859,1.4221800565719604,0.06031481921672821,-0.6857753992080688,359,417
0,9,-0.09893719851970673,0.19704794883728027,1.5675641298294067,-0.6857753992080688,359,417
0,10,-0.7053855657577515,1.4477282762527466,0.07782502472400665,-0.6857753992080688,279,455
0,11,-0.10076936334371567,0.5500305891036987,1.5122350454330444,-0.6857753992080688,279,455
0,12,0.1026015356183052,1.6354012489318848,-0.09933139383792877,-0.4898395836353302,298,413
0,13,0.718210756778717,0.22596503794193268,1.4587818384170532,-0.4898395836353302,298,413
0,14,0.10443370789289474,1.6593459844589233,-0.1664411872625351,-0.4898395836353302,268,448
0,15,0.7310359477996826,0.18497289717197418,1.4911102056503296,-0.4898395836353302,268,448
0,16,-0.05679728090763092,1.8166208267211914,0.004067264962941408,-0.3918716609477997,229,378
0,17,0.0,2.397376298904419,-0.175716370344162,-0.3918716609477997,268,350
0,18,0.9014277458190918,0.5324934720993042,2.163831949234009,-0.3918716609477997,268,350
 , , , , , , , 
0,0,-0.5606440901756287,1.3858513832092285,-0.01647813431918621,-0.6857753992080688,252,340
0,1,0.0,0.3616895377635956,-1.4506405591964722,-0.6857753992080688,252,340
0,2,-0.5716371536254883,1.403669834136963,0.16319569945335388,-0.6857753992080688,277,340
0,3,-0.6311826705932617,1.4052746295928955,0.2018282413482666,-0.6857753992080688,343,343
0,4,-0.09710502624511719,0.32958802580833435,-1.5152112245559692,-0.6857753992080688,343,343
0,5,-0.6925603747367859,1.4171563386917114,0.13379836082458496,-0.6857753992080688,377,362
0,6,-0.09893719851970673,0.3473118245601654,-1.541252613067627,-0.6857753992080688,377,362
0,7,-0.7053855657577515,1.4460527896881104,0.10442928224802017,-0.6857753992080688,367,390
0,8,-0.10076936334371567,0.34636250138282776,-1.571439266204834,-0.6857753992080688,367,390
0,9,-0.718210756778717,1.4759893417358398,0.02366642653942108,-0.6857753992080688,315,421
0,10,-0.1026015356183052,0.4524955451488495,-1.5746910572052002,-0.6857753992080688,315,421
0,11,0.15665055811405182,1.6625652313232422,-0.05809900537133217,-0.6857753992080688,242,454
0,12,0.15939882397651672,1.65622878074646,0.3498026430606842,-0.6857753992080688,244,497
 , , , , , , , 
0,0,-0.5716371536254883,1.4099984169006348,0.0939469188451767,-0.6857753992080688,246,340
0,1,-0.047636426985263824,0.4727967083454132,-1.4484076499938965,-0.6857753992080688,246,340
0,2,-0.5826301574707031,1.4386976957321167,0.06792491674423218,-0.6857753992080688,263,341
0,3,0.0,0.3844938278198242,-1.5053528547286987,-0.6857753992080688,263,341
0,4,-0.6430917978286743,1.4348177909851074,0.18331535160541534,-0.6857753992080688,239,342
0,5,-0.09893719851970673,0.27793583273887634,1.5552610158920288,-0.6857753992080688,239,342
0,6,-0.6550008654594421,1.464224100112915,0.1629864126443863,-0.6857753992080688,334,348
0,7,-0.050384681671857834,0.7064304351806641,-1.448433756828308,-0.6857753992080688,334,348
0,8,-0.6669099926948547,1.493754267692566,0.13733357191085815,-0.6857753992080688,365,369
0,9,-0.0513007678091526,0.6531179547309875,-1.5052363872528076,-0.6857753992080688,365,369
0,10,-0.6788191199302673,1.5204989910125732,0.13901710510253906,-0.6857753992080688,347,402
0,11,-0.05221685394644737,0.547191858291626,-1.5779393911361694,-0.6857753992080688,347,402
0,12,-0.6907282471656799,1.5371938943862915,0.22537338733673096,-0.6857753992080688,300,436
0,13,-0.05313294008374214,0.7407105565071106,1.529505968093872,-0.6857753992080688,300,436
0,14,-0.6485882997512817,1.5365045070648193,0.4581429064273834,-0.6857753992080688,262,466
0,15,0.8107353448867798,0.5937252044677734,1.4076954126358032,-0.6857753992080688,262,466
0,16,-0.5496510863304138,1.6416767835617065,0.31056705117225647,-0.6857753992080688,251,510
 , , , , , , , 
0,0,0.7951619625091553,0.13732513785362244,1.6285616159439087,-0.7837433218955994,289,473
0,1,0.11359456181526184,1.8103798627853394,0.11390645056962967,-0.7837433218955994,289,473
0,2,0.8079870939254761,0.0543244443833828,1.6598126888275146,-0.7837433218955994,249,520
0,3,0.11542672663927078,1.842753291130066,0.0413464792072773,-0.7837433218955994,249,520
0,4,-0.050384681671857834,0.47820886969566345,-1.5389348268508911,-0.6857753992080688,239,344
0,5,-0.6550008654594421,1.4731371402740479,-0.01958491839468479,-0.6857753992080688,239,344
0,6,-0.6669099926948547,1.478386640548706,0.2540375888347626,-0.6857753992080688,264,345
0,7,-0.1539023071527481,0.4959327280521393,1.5573362112045288,-0.6857753992080688,264,345
0,8,-0.6788191199302673,1.5200623273849487,0.14371295273303986,-0.6857753992080688,375,352
0,9,-0.05221685394644737,0.39918628334999084,-1.621715784072876,-0.6857753992080688,375,352
0,10,-0.6907282471656799,1.5496176481246948,0.11154995858669281,-0.6857753992080688,407,371
0,11,-0.05313294008374214,0.3368050754070282,-1.6657140254974365,-0.6857753992080688,407,371
0,12,-0.7026373147964478,1.5775045156478882,0.09585612267255783,-0.6857753992080688,397,398
0,13,-0.05404902249574661,0.23013903200626373,-1.713336706161499,-0.6857753992080688,397,398
0,14,-0.7145464420318604,1.6034047603607178,0.11039847135543823,-0.6857753992080688,351,429
0,15,-0.05496510863304138,0.4616016745567322,1.6963412761688232,-0.6857753992080688,351,429
0,16,-0.6146931648254395,1.659188151359558,0.2586503326892853,-0.6857753992080688,287,463
0,17,0.05588119477033615,1.094049334526062,1.4133598804473877,-0.6857753992080688,287,463
0,18,-0.5111755132675171,1.7197407484054565,0.2907661199569702,-0.5878074765205383,247,497
0,19,0.22718912363052368,0.7853690981864929,-1.6232479810714722,-0.5878074765205383,247,497
 , , , , , , , 
0,0,-0.7310359477996826,1.5018905401229858,0.044153109192848206,-0.5878074765205383,270,338
0,1,-0.10443370789289474,0.7166095972061157,-1.5058560371398926,-0.5878074765205383,270,338
0,2,-0.31879764795303345,1.259308934211731,-1.096983551979065,-0.5878074765205383,236,341
0,3,-0.594539225101471,1.5654199123382568,0.43288716673851013,-0.5878074765205383,312,345
0,4,-0.7145464420318604,1.5962393283843994,0.18738926947116852,-0.5878074765205383,375,362
0,5,-0.05496510863304138,0.2103523313999176,-1.7453944683074951,-0.5878074765205383,375,362
0,6,-0.7264555096626282,1.627042531967163,0.15049180388450623,-0.5878074765205383,375,389
0,7,-0.05588119477033615,0.22430239617824554,-1.773194432258606,-0.5878074765205383,375,389
0,8,-0.7383646368980408,1.6558897495269775,0.1272796094417572,-0.5878074765205383,336,421
0,9,-0.05679728090763092,0.15958058834075928,-1.8096026182174683,-0.5878074765205383,336,421
0,10,-0.6348469853401184,1.7176052331924438,0.23994563519954681,-0.5878074765205383,276,451
0,11,0.05771336331963539,0.5751028656959534,-1.754051923751831,-0.5878074765205383,276,451
0,12,-0.5276650190353394,1.7795647382736206,0.27318334579467773,-0.5878074765205383,244,491
0,13,0.17588834464550018,0.6646933555603027,-1.7456105947494507,-0.5878074765205383,244,491
 , , , , , , , 
0,0,0.11909107118844986,1.8850163221359253,-0.2515904903411865,-0.6857753992080688,324,379
0,1,0.1209232360124588,1.9181612730026245,-0.2222086489200592,-0.6857753992080688,323,404
0,2,0.1841331124305725,1.9416553974151611,-0.23174451291561127,-0.6857753992080688,282,435
0,3,-0.6705743074417114,1.655132532119751,0.09229926764965057,-0.5878074765205383,264,350
0,4,-0.7383646368980408,1.6518805027008057,0.171644926071167,-0.4898395836353302,346,352
0,5,-0.05679728090763092,0.5996034145355225,-1.7148187160491943,-0.4898395836353302,346,352
0,6,-0.7502737045288086,1.6812657117843628,0.14562848210334778,-0.4898395836353302,364,371
0,7,-0.05771336331963539,0.5564821362495422,-1.7600480318069458,-0.4898395836353302,364,371
0,8,-0.7621828317642212,1.7099661827087402,0.12248716503381729,-0.4898395836353302,339,397
0,9,-0.05862944945693016,0.5316095948219299,-1.7982947826385498,-0.4898395836353302,339,397
0,10,-0.7145464420318604,1.762258768081665,0.12097252905368805,-0.4898395836353302,282,423
0,11,0.0,0.5705081224441528,-1.818044900894165,-0.4898395836353302,282,423
 , , , , , , , 
0,0,0.06229379028081894,1.976951241493225,0.24785497784614563,-0.5878074765205383,313,435
0,1,0.12641975283622742,1.9965260028839111,0.2988011837005615,-0.5878074765205383,269,480
0,2,-0.7264555096626282,1.62518310546875,0.1693962961435318,-0.4898395836353302,237,337
0,3,-0.05588119477033615,0.606370210647583,-1.681322455406189,-0.4898395836353302,237,337
0,4,-0.7383646368980408,1.6533915996551514,0.156420037150383,-0.4898395836353302,275,337
0,5,-0.11359456181526184,0.3159674108028412,-1.786229133605957,-0.4898395836353302,275,337
0,6,-0.6925603747367859,1.6995980739593506,0.2061528116464615,-0.4898395836353302,321,339
0,7,0.0,0.5718659162521362,-1.7560585737228394,-0.4898395836353302,321,339
0,8,-0.7035533785820007,1.7332868576049805,0.14366421103477478,-0.4898395836353302,397,342
0,9,0.0,0.5999389290809631,-1.7776342630386353,-0.4898395836353302,397,342
0,10,-0.7145464420318604,1.763167381286621,0.10691606253385544,-0.4898395836353302,424,360
0,11,0.0,0.5599353313446045,-1.8213289976119995,-0.4898395836353302,424,360
0,12,-0.7255394458770752,1.7916189432144165,0.0838807225227356,-0.4898395836353302,408,389
0,13,0.0,0.5285359621047974,-1.8611801862716675,-0.4898395836353302,408,389
0,14,0.0,0.33254390954971313,-1.93572998046875,-0.4898395836353302,356,425
0,15,-0.73653244972229,1.8188444375991821,0.08343140780925751,-0.4898395836353302,356,425
0,16,0.06229379028081894,1.096962571144104,1.6632622480392456,-0.4898395836353302,282,466
 , , , , , , , 
0,0,0.8977634906768799,0.8116474151611328,1.6571298837661743,-0.5878074765205383,344,361
0,1,0.12825192511081696,1.9788368940353394,-0.5278127789497375,-0.5878074765205383,344,361
0,2,-0.7154625654220581,1.9238852262496948,-0.3446424901485443,-0.4898395836353302,274,444
0,3,-0.7255394458770752,1.7802883386611938,0.21796253323554993,-0.3918716609477997,306,343
0,4,0.0,0.7467185258865356,-1.7848678827285767,-0.3918716609477997,306,343
0,5,-0.73653244972229,1.8142935037612915,0.15328124165534973,-0.3918716609477997,382,347
0,6,-0.06137770414352417,0.5981688499450684,-1.8697761297225952,-0.3918716609477997,382,347
0,7,-0.8098192811012268,1.818862795829773,0.09787565469741821,-0.3918716609477997,398,363
0,8,-0.06229379028081894,0.5711621642112732,-1.9088064432144165,-0.3918716609477997,398,363
0,9,-0.8217284083366394,1.8478962182998657,0.03771089389920235,-0.3918716609477997,371,390
0,10,-0.06320987641811371,0.7623531222343445,-1.872485637664795,-0.3918716609477997,371,390
0,11,-0.7695115804672241,1.9021060466766357,-0.025975840166211128,-0.3918716609477997,319,415
0,12,0.0,1.3021372556686401,-1.5859599113464355,-0.3918716609477997,319,415
 , , , , , , , 
0,0,0.06779029965400696,2.1598055362701416,0.1909482181072235,-0.6857753992080688,258,357
0,1,-0.7475254535675049,1.8305608034133911,0.2527880072593689,-0.3918716609477997,268,348
0,2,0.0,0.6616325974464417,-1.8803964853286743,-0.3918716609477997,268,348
0,3,-0.7585185170173645,1.868333339691162,0.15924930572509766,-0.3918716609477997,370,350
0,4,0.0,0.5557342171669006,-1.9448752403259277,-0.3918716609477997,370,350
0,5,-0.7695115804672241,1.8982089757919312,0.12443820387125015,-0.3918716609477997,410,364
0,6,0.0,0.4269382357597351,-2.0071258544921875,-0.3918716609477997,410,364
0,7,-0.780504584312439,1.9264932870864868,0.10693829506635666,-0.3918716609477997,412,380
0,8,0.0,0.09458550810813904,2.079195261001587,-0.3918716609477997,412,380
0,9,-0.791497528553009,1.9535987377166748,0.10894743353128433,-0.3918716609477997,383,395
0,10,-0.06595812737941742,0.6752874851226807,1.9986300468444824,-0.3918716609477997,383,395
0,11,-0.8693647980690002,1.9470529556274414,0.18077997863292694,-0.3918716609477997,307,428
 , , , , , , , 
0,0,0.06779029965400696,2.156431198120117,-0.2258906364440918,-0.6857753992080688,317,349
0,1,0.8812738656997681,0.7934846878051758,1.8164678812026978,-0.6857753992080688,317,349
0,2,0.06870638579130173,2.1825289726257324,-0.25633448362350464,-0.6857753992080688,352,350
0,3,0.8931829929351807,0.7281229496002197,1.872410774230957,-0.6857753992080688,352,350
0,4,0.835469663143158,0.5631400942802429,1.9870800971984863,-0.5878074765205383,379,343
0,5,0.0696224719285965,2.2260117530822754,-0.0603921003639698,-0.5878074765205383,379,343
0,6,0.8464627265930176,0.7351475954055786,1.959123134613037,-0.5878074765205383,359,362
0,7,0.0,2.255589008331299,-0.08615508675575256,-0.5878074765205383,359,362
0,8,0.8574557304382324,0.9841868877410889,1.8773518800735474,-0.5878074765205383,307,392
0,9,0.0,2.2831835746765137,-0.12400660663843155,-0.5878074765205383,307,392
0,10,0.7960780262947083,1.3332304954528809,1.718132495880127,-0.5878074765205383,226,431
0,11,-0.0723707303404808,2.3042006492614746,-0.22055454552173615,-0.5878074765205383,226,431
0,12,-0.780504584312439,1.923296332359314,0.15408822894096375,-0.3918716609477997,300,335
0,13,0.0,0.5973466038703918,-1.9937844276428223,-0.3918716609477997,300,335
0,14,-0.791497528553009,1.9545952081680298,0.08930384367704391,-0.3918716609477997,376,334
0,15,0.0,0.40270623564720154,-2.0718865394592285,-0.3918716609477997,376,334
0,16,-0.6962246894836426,2.1118686199188232,0.13750027120113373,-0.3918716609477997,266,420
0,17,0.0696224719285965,0.5734812617301941,2.151719093322754,-0.3918716609477997,266,420
0,18,-0.8024905920028687,1.9775792360305786,0.15710265934467316,-0.29390373826026917,391,361
0,19,0.0,0.6710153222084045,-2.032050848007202,-0.29390373826026917,391,361
0,20,-0.8134835958480835,2.006467342376709,0.13472352921962738,-0.29390373826026917,384,377
0,21,0.0,0.5366426706314087,-2.1018638610839844,-0.29390373826026917,384,377
0,22,-0.8244765996932983,2.03450345993042,0.12204670161008835,-0.29390373826026917,337,400
0,23,0.0,0.243416890501976,-2.1850879192352295,-0.29390373826026917,337,400
 , , , , , , , 
0,0,0.07145464420318604,2.223271131515503,-0.5293993353843689,-0.7837433218955994,341,346
0,1,0.9289103746414185,0.8294997215270996,1.9176443815231323,-0.7837433218955994,341,346
0,2,0.0,2.254826545715332,-0.5281859040260315,-0.7837433218955994,359,353
0,3,0.8684487342834473,0.9612051844596863,1.919662594795227,-0.7837433218955994,359,353
0,4,0.0,2.287067174911499,-0.5188282132148743,-0.7837433218955994,339,374
0,5,0.8794417381286621,1.0118980407714844,1.9241890907287598,-0.7837433218955994,339,374
0,6,0.0,2.328077793121338,-0.4671924114227295,-0.7837433218955994,289,402
0,7,0.890434741973877,0.9736093282699585,1.97419011592865,-0.7837433218955994,289,402
0,8,-0.43422436714172363,2.2669615745544434,0.1885681301355362,-0.5878074765205383,293,378
0,9,-0.43972086906433105,2.297344446182251,0.16944867372512817,-0.5878074765205383,273,402
0,10,-0.37101447582244873,2.3194401264190674,0.3475072681903839,-0.5878074765205383,229,431
0,11,0.5194202661514282,0.6681960821151733,-2.2185428142547607,-0.5878074765205383,229,431
0,12,-0.8134835958480835,1.9891552925109863,0.2955043315887451,-0.3918716609477997,301,339
0,13,0.0,0.9486408829689026,-1.9508709907531738,-0.3918716609477997,301,339
0,14,-0.8244765996932983,2.0294013023376465,0.18875890970230103,-0.3918716609477997,371,347
0,15,0.0,0.7419256567955017,-2.0696394443511963,-0.3918716609477997,371,347
0,16,-0.835469663143158,2.060377836227417,0.14302943646907806,-0.3918716609477997,384,367
0,17,0.0,0.6196218132972717,-2.140021562576294,-0.3918716609477997,384,367
0,18,-0.8464627265930176,2.089545249938965,0.1113828793168068,-0.3918716609477997,358,391
0,19,0.0,0.47266635298728943,-2.207190752029419,-0.3918716609477997,358,391
0,20,-0.8574557304382324,2.1176083087921143,0.09385605156421661,-0.3918716609477997,304,410
0,21,0.0,0.259350448846817,2.2717926502227783,-0.3918716609477997,304,410
 , , , , , , , 
0,0,0.0,2.2863857746124268,-0.0272916741669178,-0.7837433218955994,321,345
0,1,0.0723707303404808,2.311997413635254,-0.11248697340488434,-0.7837433218955994,366,347
0,2,0.8684487342834473,0.3913780450820923,2.110886812210083,-0.7837433218955994,366,347
0,3,0.07328680902719498,2.337709426879883,-0.17205573618412018,-0.7837433218955994,371,355
0,4,0.8794417381286621,0.5925928354263306,2.0917158126831055,-0.7837433218955994,371,355
0,5,0.07420289516448975,2.362722635269165,-0.22416719794273376,-0.7837433218955994,334,373
0,6,0.9646376371383667,0.6633278727531433,2.065837860107422,-0.7837433218955994,334,373
0,7,0.07511898130178452,2.3855807781219482,-0.2857470214366913,-0.7837433218955994,256,402
0,8,0.9765467643737793,1.0748118162155151,1.9155744314193726,-0.7837433218955994,256,402
0,9,0.3755949139595032,0.46724867820739746,2.327852487564087,-0.5878074765205383,267,426
0,10,-0.5258328914642334,2.344599723815918,0.06813249737024307,-0.5878074765205383,267,426
0,11,-0.8464627265930176,2.079638719558716,0.2317511886358261,-0.3918716609477997,320,360
0,12,0.0,0.9262385368347168,-2.0584428310394287,-0.3918716609477997,320,360
0,13,-0.8574557304382324,2.112344741821289,0.17627792060375214,-0.3918716609477997,371,373
0,14,0.0,0.7612597346305847,-2.156104803085327,-0.3918716609477997,371,373
0,15,-0.8684487342834473,2.141592264175415,0.15034066140651703,-0.3918716609477997,370,394
0,16,0.0,0.6315317153930664,-2.228091239929199,-0.3918716609477997,370,394
0,17,-0.8794417381286621,2.1700470447540283,0.1316709816455841,-0.3918716609477997,330,420
0,18,0.0,0.4516725540161133,-2.301271677017212,-0.3918716609477997,330,420
0,19,-0.8162318468093872,2.224973201751709,0.14654216170310974,-0.3918716609477997,269,433
0,20,0.0,0.3439975082874298,2.349442720413208,-0.3918716609477997,269,433
 , , , , , , , 
0,0,0.6513365507125854,2.2143571376800537,-0.18869595229625702,0.6857753992080688,271,349
0,1,0.6595813035964966,2.240208148956299,-0.2151264101266861,0.6857753992080688,335,345
0,2,0.6678260564804077,2.2662012577056885,-0.2378149777650833,0.6857753992080688,356,344
0,3,0.6760708093643188,2.287662982940674,-0.29633820056915283,0.6857753992080688,336,351
0,4,0.6843156218528748,2.2725985050201416,-0.5358095169067383,0.6857753992080688,301,371
0,5,0.6156092286109924,2.2938313484191895,-0.6503523588180542,0.6857753992080688,275,403
0,6,1.0003650188446045,1.3861173391342163,1.5186352729797363,-0.5878074765205383,233,329
0,7,0.0,1.6904741525650024,-1.5828834772109985,-0.4898395836353302,286,340
0,8,-0.8684487342834473,2.146306276321411,-0.04887661710381508,-0.4898395836353302,286,340
0,9,0.0,1.0858712196350098,-2.0786397457122803,-0.4898395836353302,371,351
0,10,-0.8794417381286621,2.173475503921509,0.04944900795817375,-0.4898395836353302,371,351
0,11,-0.890434741973877,2.200439453125,0.05837790668010712,-0.4898395836353302,394,371
0,12,0.0,0.6563891172409058,-2.281965970993042,-0.4898395836353302,394,371
0,13,-0.9014277458190918,2.2278342247009277,0.04972260445356369,-0.4898395836353302,379,393
0,14,0.0,0.09455273300409317,2.401947021484375,-0.4898395836353302,379,393
0,15,-0.9124208092689514,2.255117654800415,0.044898368418216705,-0.4898395836353302,325,421
0,16,0.0,0.6397639513015747,2.347506284713745,-0.4898395836353302,325,421
0,17,-0.923413872718811,2.2805070877075195,0.10094766318798065,-0.4898395836353302,236,455
0,18,0.0,0.9356006383895874,2.2777724266052246,-0.4898395836353302,236,455
 , , , , , , , 
0,0,0.5862944722175598,2.264524221420288,-0.16747599840164185,0.6857753992080688,241,325
0,1,0.6678260564804077,2.2714691162109375,-0.1806979477405548,0.6857753992080688,321,332
0,2,0.6760708093643188,2.2968263626098633,-0.21402394771575928,0.6857753992080688,358,339
0,3,0.6843156218528748,2.319282293319702,-0.26967617869377136,0.6857753992080688,364,347
0,4,0.6925603747367859,2.3394031524658203,-0.33339008688926697,0.6857753992080688,346,359
0,5,0.7008051872253418,2.367173671722412,-0.33791589736938477,0.6857753992080688,299,388
0,6,-0.3984970152378082,2.5181140899658203,0.06888588517904282,-0.6857753992080688,306,418
0,7,0.557895839214325,0.29446396231651306,-2.471130609512329,-0.6857753992080688,306,418
0,8,-0.40307745337486267,2.5412442684173584,0.18557001650333405,-0.6857753992080688,230,449
0,9,0.6449239253997803,0.675261378288269,-2.404771327972412,-0.6857753992080688,230,449
0,10,-0.5514832735061646,2.4429283142089844,0.2893836498260498,-0.5878074765205383,341,404
0,11,0.39391663670539856,0.5524828433990479,-2.4280378818511963,-0.5878074765205383,341,404
0,12,-0.8263087868690491,2.2437644004821777,0.24703349173069,-0.4898395836353302,373,341
0,13,0.07511898130178452,0.8076909780502319,2.2628040313720703,-0.4898395836353302,373,341
0,14,-0.8363857269287109,2.278658390045166,0.1681029051542282,-0.4898395836353302,423,345
0,15,0.07603506743907928,0.2384362816810608,2.4202170372009277,-0.4898395836353302,423,345
0,16,-0.8464626669883728,2.308803081512451,0.12854839861392975,-0.4898395836353302,425,360
0,17,0.0,0.35730379819869995,2.4363763332366943,-0.4898395836353302,425,360
0,18,-0.8565396070480347,2.337669610977173,0.10231052339076996,-0.4898395836353302,386,384
0,19,0.0,0.7286438941955566,2.3828353881835938,-0.4898395836353302,386,384
 , , , , , , , 
0,0,0.6522526144981384,2.510849952697754,-0.27773192524909973,0.6857753992080688,320,342
0,1,0.07878332585096359,2.515434980392456,-0.14884795248508453,-0.7837433218955994,292,336
0,2,0.07969940453767776,2.5436954498291016,-0.1664457619190216,-0.7837433218955994,323,333
0,3,0.08061549067497253,2.5698277950286865,-0.21051549911499023,-0.6857753992080688,322,346
0,4,1.0480014085769653,0.1649089902639389,2.351452350616455,-0.6857753992080688,322,346
0,5,0.0815315768122673,2.5820693969726562,-0.36497339606285095,-0.6857753992080688,336,353
0,6,1.059910535812378,0.9496074914932251,2.1867260932922363,-0.6857753992080688,336,353
0,7,0.08244766294956207,2.6185195446014404,-0.3119581639766693,-0.6857753992080688,322,377
0,8,1.0718196630477905,1.0561233758926392,2.167156219482422,-0.6857753992080688,322,377
0,9,0.0,2.6667282581329346,-0.06973539292812347,-0.6857753992080688,277,409
0,10,1.0837287902832031,0.9370657801628113,2.2502760887145996,-0.6857753992080688,277,409
0,11,0.08336374908685684,0.3238493800163269,2.646596908569336,-0.3918716609477997,357,363
0,12,-0.8336374759674072,2.534013509750366,-0.011242869310081005,-0.3918716609477997,357,363
0,13,-0.8427983522415161,2.5618650913238525,-0.010120905935764313,-0.3918716609477997,359,389
0,14,0.08427983522415161,0.707696259021759,2.6010820865631104,-0.3918716609477997,359,389
0,15,-0.851959228515625,2.589691400527954,-0.01446438953280449,-0.3918716609477997,319,423
0,16,0.08519592136144638,0.8679097294807434,2.5830252170562744,-0.3918716609477997,319,423
0,17,-0.8611201047897339,2.61757755279541,-0.002100024838000536,-0.3918716609477997,246,460
0,18,0.08611200749874115,1.0300239324569702,2.554384469985962,-0.3918716609477997,246,460
 , , , , , , , 
0,0,0.08061549067497253,2.5779030323028564,0.05241657420992851,-0.6857753992080688,265,346
0,1,0.9783788919448853,0.3911818563938141,2.3867733478546143,-0.5878074765205383,307,351
0,2,0.0,2.605221748352051,-0.140556201338768,-0.5878074765205383,307,351
0,3,0.9893719553947449,0.9382387399673462,2.2586746215820312,-0.5878074765205383,334,350
0,4,0.0,2.619760513305664,-0.3124333620071411,-0.5878074765205383,334,350
0,5,0.0,2.636357069015503,-0.4073379933834076,-0.5878074765205383,336,354
0,6,1.0003650188446045,1.1623214483261108,2.1827921867370605,-0.5878074765205383,336,354
0,7,0.0,2.691023588180542,-0.17876611649990082,-0.5878074765205383,306,375
0,8,1.0113580226898193,1.2374225854873657,2.1724421977996826,-0.5878074765205383,306,375
0,9,-0.851959228515625,2.5878496170043945,0.09871827811002731,-0.4898395836353302,358,372
0,10,0.17039184272289276,1.3840150833129883,2.342651128768921,-0.4898395836353302,358,372
0,11,-0.8611201047897339,2.617288589477539,0.038951240479946136,-0.4898395836353302,372,399
0,12,0.1722240149974823,0.9995096921920776,2.562140464782715,-0.4898395836353302,372,399
0,13,-0.8702808618545532,2.645418882369995,0.005547843873500824,-0.4898395836353302,346,430
0,14,0.17405617237091064,0.8982089757919312,2.6303205490112305,-0.4898395836353302,346,430
0,15,-0.8794417381286621,2.673213243484497,-0.017620554193854332,-0.4898395836353302,285,462
0,16,0.17588834464550018,0.9646381139755249,2.6378655433654785,-0.4898395836353302,285,462
 , , , , , , , 
0,0,0.08244766294956207,2.628345012664795,-0.2139289379119873,-0.6857753992080688,314,336
0,1,0.08336374908685684,2.6589195728302,-0.19874829053878784,-0.6857753992080688,358,335
0,2,0.08427983522415161,2.693150281906128,-0.11577118188142776,-0.6857753992080688,354,338
0,3,0.17039184272289276,2.17596697807312,1.6336092948913574,-0.6857753992080688,284,349
0,4,1.192742943763733,1.6276593208312988,-1.8332034349441528,-0.6857753992080688,284,349
0,5,-0.08611200749874115,2.5216777324676514,-1.1076873540878296,-0.6857753992080688,252,378
0,6,0.9472320675849915,2.103069305419922,1.5076789855957031,-0.6857753992080688,252,378
0,7,-0.8702808618545532,2.6440088748931885,0.0865396037697792,-0.4898395836353302,347,370
0,8,0.17405617237091064,0.5111546516418457,-2.7320480346679688,-0.4898395836353302,347,370
0,9,-0.8794417381286621,2.672116279602051,0.0785793587565422,-0.4898395836353302,372,399
0,10,0.17588834464550018,0.3434509336948395,2.7876338958740234,-0.4898395836353302,372,399
0,11,-0.888602614402771,2.700171709060669,0.0714939683675766,-0.4898395836353302,362,429
0,12,0.17772051692008972,0.5228518843650818,2.7893896102905273,-0.4898395836353302,362,429
0,13,-0.8977634310722351,2.728066921234131,0.06999655812978745,-0.4898395836353302,324,457
0,14,0.17955268919467926,0.6374563574790955,2.7954673767089844,-0.4898395836353302,324,457
0,15,-0.906924307346344,2.7551991939544678,0.09426098316907883,-0.4898395836353302,245,495
0,16,0.1813848614692688,0.7515595555305481,2.7972803115844727,-0.4898395836353302,245,495
 , , , , , , , 
0,0,0.08427983522415161,2.6851913928985596,0.2370852380990982,-0.7837433218955994,271,342
0,1,0.17039184272289276,2.7061843872070312,0.2829814553260803,-0.7837433218955994,316,344
0,2,0.1722240149974823,2.7390644550323486,0.24720363318920135,-0.7837433218955994,336,345
0,3,0.17405617237091064,2.7732057571411133,0.18626689910888672,-0.7837433218955994,323,356
0,4,0.17588834464550018,2.8015189170837402,0.20087873935699463,-0.7837433218955994,275,380
0,5,1.0223510265350342,1.075852632522583,2.2868940830230713,-0.5878074765205383,273,341
0,6,0.0,2.6897079944610596,-0.4449908435344696,-0.5878074765205383,273,341
0,7,1.033344030380249,1.1610609292984009,2.275386095046997,-0.5878074765205383,317,339
0,8,0.0,2.7165915966033936,-0.4619244933128357,-0.5878074765205383,317,339
0,9,1.0443370342254639,1.2428027391433716,2.2628438472747803,-0.5878074765205383,332,337
0,10,0.0,2.7396316528320312,-0.5000795125961304,-0.5878074765205383,332,337
0,11,0.0,2.717740774154663,-0.730536162853241,-0.5878074765205383,311,344
0,12,1.0553300380706787,1.353432297706604,2.230313301086426,-0.5878074765205383,311,344
0,13,0.17772051692008972,1.726320743560791,-2.252528667449951,-0.5878074765205383,307,369
0,14,-0.888602614402771,2.701032876968384,0.02146219089627266,-0.5878074765205383,307,369
0,15,0.17955268919467926,0.39832019805908203,-2.8394241333007812,-0.5878074765205383,348,405
0,16,-0.8079870939254761,2.7567365169525146,0.028069689869880676,-0.5878074765205383,348,405
0,17,-0.8162318468093872,2.784933567047119,0.02074354887008667,-0.5878074765205383,341,446
0,18,0.1813848614692688,0.5075992941856384,2.8516595363616943,-0.5878074765205383,341,446
0,19,-0.8244766592979431,2.8130364418029785,0.024411913007497787,-0.5878074765205383,301,488
0,20,0.2748255431652069,0.5340564846992493,2.8692831993103027,-0.5878074765205383,301,488
0,21,-0.8327214121818542,2.840885877609253,0.04693802446126938,-0.5878074765205383,250,510
0,22,0.277573823928833,0.6798993349075317,2.8682661056518555,-0.5878074765205383,250,510
 , , , , , , , 
0,0,0.7035533785820007,2.614354133605957,-0.7680907249450684,0.4898395836353302,284,349
0,1,0.7997423410415649,2.609494924545288,-0.7978733777999878,0.4898395836353302,281,349
0,2,0.7667632699012756,2.614041328430176,-0.10680477321147919,0.6857753992080688,238,345
0,3,0.8611201047897339,2.614626884460449,-0.12426907569169998,0.6857753992080688,321,344
0,4,0.8702808618545532,2.6400256156921387,-0.1689288467168808,0.6857753992080688,364,342
0,5,0.8794417381286621,2.6634199619293213,-0.22929182648658752,0.6857753992080688,366,347
0,6,0.888602614402771,2.686488151550293,-0.2807482182979584,0.6857753992080688,322,364
0,7,0.17955268919467926,2.867222309112549,0.004925020504742861,-0.7837433218955994,247,390
0,8,0.1813848614692688,1.1073310375213623,2.676459789276123,-0.6857753992080688,272,369
0,9,-0.8162318468093872,2.784937620162964,-0.02019500732421875,-0.6857753992080688,272,369
0,10,-0.8244766592979431,2.813089370727539,-0.017243951559066772,-0.6857753992080688,338,398
0,11,0.2748255431652069,0.7958981394767761,2.807943820953369,-0.6857753992080688,338,398
0,12,-0.8327214121818542,2.841224193572998,-0.016760103404521942,-0.6857753992080688,350,430
0,13,0.277573823928833,0.6894849538803101,2.8659770488739014,-0.6857753992080688,350,430
0,14,-0.8409661054611206,2.8693602085113525,-0.016002275049686432,-0.6857753992080688,328,461
0,15,0.28032204508781433,0.6760451197624207,2.899153470993042,-0.6857753992080688,328,461
0,16,-0.8492109179496765,2.8975253105163574,-0.008051308803260326,-0.6857753992080688,278,488
0,17,0.28307029604911804,0.7262611985206604,2.91706919670105,-0.6857753992080688,278,488
0,18,0.2748255431652069,1.0539512634277344,-4.260176181793213,-0.09796791523694992,249,352
0,19,-1.374127745628357,4.170727252960205,0.22858285903930664,-0.09796791523694992,249,352
0,20,-1.3832885026931763,4.199636459350586,0.20898839831352234,-0.09796791523694992,249,352
0,21,0.27665770053863525,0.8955807685852051,-4.326141834259033,-0.09796791523694992,249,352
 , , , , , , , 
0,0,0.906924307346344,2.702033519744873,-0.5468299388885498,0.5878074765205383,308,364
0,1,0.9160851836204529,2.718379020690918,-0.6039328575134277,0.5878074765205383,267,389
0,2,0.8794417381286621,2.6661009788513184,0.19566749036312103,0.6857753992080688,277,354
0,3,0.9774628281593323,2.6596484184265137,0.23767554759979248,0.6857753992080688,317,351
0,4,0.9875397682189941,2.6965808868408203,0.08027412742376328,0.6857753992080688,329,351
0,5,0.277573823928833,0.7566173076629639,-2.848989963531494,-0.6857753992080688,257,364
0,6,-0.8327214121818542,2.841038942337036,-0.03651551902294159,-0.6857753992080688,257,364
0,7,0.28032204508781433,0.46765416860580444,2.9399707317352295,-0.6857753992080688,337,380
0,8,-0.8409661054611206,2.8693583011627197,-0.016373509541153908,-0.6857753992080688,337,380
0,9,-0.8492109179496765,2.8975303173065186,-0.006018746178597212,-0.6857753992080688,366,400
0,10,0.28307029604911804,0.5151494741439819,2.9616496562957764,-0.6857753992080688,366,400
0,11,-0.8574556708335876,2.925666570663452,-0.002801285358145833,-0.6857753992080688,362,419
0,12,0.28581857681274414,0.5535128116607666,2.984408378601074,-0.6857753992080688,362,419
0,13,-0.8657004833221436,2.953798294067383,0.002443068427965045,-0.6857753992080688,324,436
0,14,0.28856682777404785,0.6489476561546326,2.9949898719787598,-0.6857753992080688,324,436
0,15,-0.8739452362060547,2.9816763401031494,0.03895045444369316,-0.6857753992080688,235,470
0,16,0.29131507873535156,0.850130021572113,2.974576473236084,-0.6857753992080688,235,470
0,17,0.28032204508781433,1.5141569375991821,-4.212522029876709,-0.09796791523694992,231,358
0,18,-1.401610255241394,4.251382350921631,0.2789819836616516,-0.09796791523694992,231,358
0,19,0.28215423226356506,1.226094365119934,-4.33560848236084,-0.09796791523694992,241,357
0,20,-1.410771131515503,4.281761646270752,0.23804132640361786,-0.09796791523694992,241,357
 , , , , , , , 
0,0,0.8977634310722351,2.6386024951934814,-0.6964377164840698,0.3918716609477997,236,347
0,1,0.906924307346344,2.6672513484954834,-0.6969783902168274,0.3918716609477997,248,348
0,2,0.791497528553009,2.671294689178467,-0.3968811333179474,0.5878074765205383,227,331
0,3,0.888602614402771,2.700218439102173,-0.06970617175102234,0.5878074765205383,288,329
0,4,0.8977634310722351,2.700747013092041,0.3914254605770111,0.5878074765205383,328,326
0,5,0.9976167678833008,2.7090296745300293,0.2973867356777191,0.5878074765205383,352,328
0,6,0.9160851836204529,2.7844626903533936,0.0329815037548542,0.5878074765205383,349,341
0,7,0.925246000289917,2.8082404136657715,-0.15481318533420563,0.5878074765205383,306,372
0,8,0.9344068169593811,2.8350393772125244,-0.17362290620803833,0.5878074765205383,242,408
0,9,0.28307029604911804,0.24054579436779022,2.996478796005249,-0.6857753992080688,286,375
0,10,-0.8492109179496765,2.8966963291168213,0.06977701932191849,-0.6857753992080688,286,375
0,11,-0.8574556708335876,2.9246323108673096,0.07783599942922592,-0.6857753992080688,353,386
0,12,-0.8657004833221436,2.952716588973999,0.07996929436922073,-0.6857753992080688,386,393
0,13,-0.8739452362060547,2.9808404445648193,0.08062910288572311,-0.6857753992080688,377,408
0,14,-0.8821899890899658,3.008758068084717,0.08859483897686005,-0.6857753992080688,326,433
0,15,0.2940633296966553,0.3935292363166809,3.097966194152832,-0.6857753992080688,326,433
 , , , , , , , 
0,0,0.9344068169593811,2.8091769218444824,-0.41966402530670166,0.4898395836353302,287,372
0,1,0.94356769323349,2.841254234313965,-0.39221248030662537,0.4898395836353302,237,396
0,2,0.9160851836204529,2.7790489196777344,0.1766534000635147,0.5878074765205383,316,354
0,3,0.925246000289917,2.811213493347168,0.08520574122667313,0.5878074765205383,316,357
0,4,0.8079870939254761,2.7552788257598877,0.09393233060836792,0.6857753992080688,240,336
0,5,0.906924307346344,2.75616717338562,0.059584375470876694,0.6857753992080688,300,338
0,6,0.29131507873535156,0.6824012994766235,3.017474889755249,-0.7837433218955994,244,505
0,7,-0.8739452362060547,2.9818553924560547,0.021201085299253464,-0.7837433218955994,244,505
0,8,-0.8821899890899658,3.009979248046875,0.02234593592584133,-0.7837433218955994,260,526
0,9,0.2940633296966553,0.6276585459709167,3.0591347217559814,-0.7837433218955994,260,526
0,10,-0.7914975881576538,3.06514310836792,0.04386962950229645,-0.7837433218955994,268,522
0,11,0.296811580657959,0.6691833734512329,3.080193281173706,-0.7837433218955994,268,522
0,12,-0.798826277256012,3.0932888984680176,0.05843544006347656,-0.7837433218955994,235,525
0,13,0.2995598614215851,0.8111367225646973,3.0760843753814697,-0.7837433218955994,235,525
 , , , , , , , 
0,0,0.9160851836204529,2.73490834236145,-0.5240190625190735,0.3918716609477997,243,343
0,1,0.9160851836204529,2.7738513946533203,-0.24508731067180634,0.6857753992080688,237,354
0,2,0.0,3.1650681495666504,-0.0764077752828598,0.6857753992080688,241,516
0,3,0.0,3.194079875946045,-0.08847934752702713,0.6857753992080688,237,548
0,4,0.0,2.8701086044311523,-0.7271432280540466,-0.7837433218955994,302,350
0,5,1.110295295715332,1.6304783821105957,2.2079505920410156,-0.7837433218955994,302,350
0,6,0.0,2.894190549850464,-0.7512460350990295,-0.7837433218955994,330,352
0,7,1.1212881803512573,1.6680055856704712,2.2138607501983643,-0.7837433218955994,330,352
0,8,0.0,2.9149417877197266,-0.787394642829895,-0.7837433218955994,329,353
0,9,1.1322811841964722,1.7335853576660156,2.1976118087768555,-0.7837433218955994,329,353
0,10,0.0,2.989293098449707,-0.5990738272666931,-0.6857753992080688,296,357
0,11,1.0480014085769653,1.5417163372039795,2.4123778343200684,-0.6857753992080688,296,357
 , , , , , , , 
0,0,0.94356769323349,2.816067934036255,-0.5443514585494995,0.3918716609477997,295,346
0,1,0.9160851836204529,2.7670249938964844,-0.31287842988967896,0.4898395836353302,261,338
0,2,0.925246000289917,2.7937560081481934,-0.3242030739784241,0.4898395836353302,309,339
0,3,0.9344068169593811,2.820531129837036,-0.3349582850933075,0.4898395836353302,317,343
0,4,0.8492109179496765,2.896481990814209,-0.07816439121961594,0.5878074765205383,287,348
0,5,0.8574556708335876,2.9177887439727783,-0.2145695984363556,0.5878074765205383,264,365
0,6,0.961889386177063,2.907820701599121,-0.30612948536872864,0.5878074765205383,225,393
0,7,-0.0998532846570015,3.193507432937622,-0.03891722112894058,0.6857753992080688,228,491
0,8,0.0,3.224501609802246,0.027565255761146545,0.6857753992080688,250,523
0,9,0.0,3.253791093826294,0.030518382787704468,0.6857753992080688,251,540
0,10,0.0,3.2831802368164062,0.0212582778185606,0.6857753992080688,237,538
0,11,0.0,2.9611213207244873,-0.5904555320739746,-0.7837433218955994,284,345
0,12,1.1322811841964722,1.3936108350753784,2.427481174468994,-0.7837433218955994,284,345
0,13,0.0,2.9960720539093018,-0.5641947388648987,-0.7837433218955994,303,346
0,14,1.1432743072509766,1.37334406375885,2.470144271850586,-0.7837433218955994,303,346
0,15,0.0,3.0355591773986816,-0.5096550583839417,-0.7837433218955994,294,348
0,16,1.1542673110961914,1.3307543992996216,2.524109363555908,-0.7837433218955994,294,348
0,17,1.1652603149414062,1.272837519645691,2.5841331481933594,-0.7837433218955994,247,366
0,18,0.0,3.0777602195739746,-0.42788150906562805,-0.7837433218955994,247,366
 , , , , , , , 
0,0,0.94356769323349,2.8020482063293457,-0.6124392151832581,0.3918716609477997,285,352
0,1,0.9527285099029541,2.829869508743286,-0.6155557036399841,0.3918716609477997,289,352
0,2,0.9344068169593811,2.8066887855529785,-0.4359944462776184,0.4898395836353302,255,354
0,3,0.961889386177063,2.9237632751464844,-0.02728685550391674,0.5878074765205383,265,365
0,4,0.0,3.2813913822174072,-0.1104353666305542,0.5878074765205383,230,547
0,5,0.0,3.3098857402801514,-0.13317793607711792,0.5878074765205383,226,547
0,6,0.7841688990592957,3.031799793243408,-0.17889618873596191,0.6857753992080688,247,384
0,7,1.1652603149414062,0.09593204408884048,2.879002571105957,-0.7837433218955994,272,340
0,8,0.0,3.09431791305542,-0.2844075560569763,-0.7837433218955994,272,340
 , , , , , , , 
0,0,0.9527285099029541,2.8933937549591064,-0.12386983633041382,0.5878074765205383,350,334
0,1,0.961889386177063,2.9224460124969482,-0.09190138429403305,0.5878074765205383,371,334
0,2,0.9710502624511719,2.9510998725891113,-0.06132785603404045,0.5878074765205383,355,343
0,3,0.9802111387252808,2.9795820713043213,-0.0033274947199970484,0.5878074765205383,292,367
0,4,0.8492109179496765,2.8975181579589844,0.010268584825098515,0.6857753992080688,290,341
 , , , , , , , 
0,0,0.961889386177063,2.8967912197113037,-0.39716190099716187,0.6857753992080688,281,342
0,1,0.9710502624511719,2.9430384635925293,-0.2264436036348343,0.6857753992080688,302,343
0,2,0.9802111387252808,2.9793667793273926,-0.03596648573875427,0.6857753992080688,285,348
0,3,0.09893719851970673,3.131852149963379,-0.45299845933914185,-0.7837433218955994,278,363
0,4,1.2861835956573486,0.9184818267822266,2.743285894393921,-0.7837433218955994,278,363
0,5,0.0998532846570015,3.132622480392456,-0.6218356490135193,-0.7837433218955994,282,385
0,6,1.1982394456863403,1.2845737934112549,2.6690948009490967,-0.7837433218955994,282,385
0,7,0.10076936334371567,3.1516916751861572,-0.6744301319122314,-0.7837433218955994,260,415
0,8,1.2092323303222656,1.3242509365081787,2.679979085922241,-0.7837433218955994,260,415
 , , , , , , , 
0,0,0.8986795544624329,3.065199851989746,0.08306477218866348,0.4898395836353302,238,345
0,1,0.9710502624511719,2.925153970718384,-0.3952558636665344,0.6857753992080688,297,342
0,2,0.9802111387252808,2.9526546001434326,-0.39968886971473694,0.6857753992080688,342,341
0,3,0.9893720149993896,2.9715402126312256,-0.4632345139980316,0.6857753992080688,343,344
0,4,1.0983861684799194,2.8910844326019287,-0.8032141923904419,0.6857753992080688,275,353
0,5,0.7053855657577515,3.1462700366973877,0.03983643278479576,0.6857753992080688,274,381
0,6,0.8134835958480835,3.14290452003479,-0.22019223868846893,0.6857753992080688,267,420
 , , , , , , , 
0,0,0.8821899890899658,2.992518424987793,-0.32451313734054565,0.5878074765205383,238,343
0,1,0.8904348015785217,3.0333352088928223,-0.17175139486789703,0.5878074765205383,311,342
0,2,0.8986795544624329,3.0617716312408447,-0.16704559326171875,0.5878074765205383,342,342
0,3,1.0076936483383179,3.0540401935577393,-0.23571842908859253,0.5878074765205383,329,346
0,4,0.9151690602302551,3.0940113067626953,-0.4214841425418854,0.5878074765205383,281,358
0,5,0.8208122849464417,3.165025234222412,-0.2976711690425873,0.5878074765205383,290,389
0,6,0.8281409740447998,3.188263177871704,-0.34962743520736694,0.5878074765205383,259,430
0,7,0.0,3.455552816390991,-0.15743498504161835,0.6857753992080688,239,529
0,8,0.0,3.4846551418304443,-0.16272126138210297,0.6857753992080688,252,527
0,9,0.0,3.5132863521575928,-0.17748969793319702,0.6857753992080688,232,525
 , , , , , , , 
0,0,0.8904348015785217,3.0381932258605957,-0.001610461389645934,0.4898395836353302,232,342
0,1,0.8986795544624329,3.0613372325897217,-0.17482255399227142,0.4898395836353302,329,338
0,2,0.9069242477416992,3.086195468902588,-0.22595705091953278,0.4898395836353302,376,339
0,3,1.0168545246124268,3.081286907196045,-0.2444745898246765,0.4898395836353302,382,347
0,4,1.0260154008865356,3.10774302482605,-0.26258447766304016,0.4898395836353302,353,359
0,5,1.0351762771606445,3.134915351867676,-0.2716517150402069,0.4898395836353302,284,387
0,6,0.0,3.4876956939697266,-0.07265643775463104,0.6857753992080688,245,513
0,7,0.0,3.51712703704834,-0.0670974850654602,0.6857753992080688,261,524
0,8,0.0,3.546013832092285,-0.08702711015939713,0.6857753992080688,263,514
0,9,0.0,3.5733723640441895,-0.14704106748104095,0.6857753992080688,227,508
 , , , , , , , 
0,0,1.1286169290542603,2.874246835708618,-1.1156409978866577,0.0,233,328
0,1,1.1386938095092773,2.8769590854644775,-1.1830310821533203,0.0,244,328
0,2,1.148770809173584,3.0092337131500244,-0.8905001878738403,0.19593583047389984,287,345
0,3,1.1185399293899536,3.0118887424468994,-0.5152509808540344,0.29390373826026917,286,341
0,4,1.1286169290542603,3.024624824523926,-0.5979912877082825,0.29390373826026917,320,342
0,5,1.1386938095092773,3.0419223308563232,-0.6505107283592224,0.29390373826026917,315,346
0,6,1.0534979104995728,3.192807197570801,-0.24712195992469788,0.29390373826026917,226,385
 , , , , , , , 
0,0,0.22718912363052368,3.5534932613372803,-0.7310856580734253,0.0,230,422
0,1,0.22902128100395203,3.5839104652404785,-0.7283720970153809,0.0,240,416
0,2,1.071819543838501,3.1033027172088623,-0.9921687841415405,0.19593583047389984,235,399
0,3,1.1286169290542603,3.0452301502227783,-0.482205867767334,0.29390373826026917,296,351
0,4,1.1386938095092773,3.072481155395508,-0.48612329363822937,0.29390373826026917,339,349
0,5,1.148770809173584,3.101947069168091,-0.47581881284713745,0.29390373826026917,350,350
0,6,1.158847689628601,3.1308305263519287,-0.46895474195480347,0.29390373826026917,321,363
0,7,1.1689246892929077,3.1545679569244385,-0.49575474858283997,0.29390373826026917,262,390
 , , , , , , , 
0,0,1.0351762771606445,3.144608974456787,-0.11368144303560257,0.19593583047389984,302,340
0,1,1.0443370342254639,3.1715362071990967,-0.13737386465072632,0.19593583047389984,352,339
0,2,1.0534979104995728,3.1984341144561768,-0.1584543138742447,0.19593583047389984,364,343
0,3,1.0626587867736816,3.2226922512054443,-0.22014887630939484,0.19593583047389984,349,352
0,4,0.9646376371383667,3.267125129699707,-0.3988116383552551,0.19593583047389984,312,379
0,5,0.8647843599319458,3.3225138187408447,-0.42270582914352417,0.19593583047389984,274,417
 , , , , , , , 
0,0,0.22902128100395203,3.65238094329834,-0.18722626566886902,0.09796791523694992,248,526
0,1,0.11542672663927078,3.683964252471924,-0.24118848145008087,0.09796791523694992,242,525
0,2,1.0351762771606445,3.1409144401550293,-0.19011862576007843,0.19593583047389984,225,339
0,3,1.0443370342254639,3.167072057723999,-0.21718066930770874,0.19593583047389984,274,341
0,4,1.0534979104995728,3.192573070526123,-0.25013017654418945,0.19593583047389984,297,344
0,5,1.0626587867736816,3.2158291339874268,-0.30439192056655884,0.19593583047389984,303,348
0,6,1.071819543838501,3.2383005619049072,-0.35818368196487427,0.19593583047389984,285,363
0,7,1.189078450202942,3.228555679321289,-0.35798120498657227,0.19593583047389984,253,389
0,8,1.148770809173584,3.0998146533966064,-0.48951756954193115,0.4898395836353302,231,336
0,9,1.158847689628601,3.1188554763793945,-0.542916476726532,0.4898395836353302,261,336
0,10,1.1689246892929077,3.1405465602874756,-0.5779601335525513,0.4898395836353302,258,336
 , , , , , , , 
0,0,1.0443370342254639,3.162411689758301,-0.2768840193748474,0.09796791523694992,309,334
0,1,1.158847689628601,3.154883861541748,-0.2621549367904663,0.09796791523694992,355,333
0,2,1.1689246892929077,3.181403160095215,-0.2752183675765991,0.09796791523694992,368,333
0,3,1.071819543838501,3.244036912918091,-0.30184686183929443,0.09796791523694992,342,346
0,4,1.0809804201126099,3.272879123687744,-0.29219019412994385,0.09796791523694992,290,374
0,5,1.0901412963867188,3.305412530899048,-0.23481722176074982,0.09796791523694992,233,412
0,6,1.158847689628601,3.128214120864868,-0.4861009120941162,0.4898395836353302,280,337
0,7,1.1689246892929077,3.1459708213806152,-0.5476657152175903,0.4898395836353302,295,340
0,8,1.286183476448059,3.1230685710906982,-0.5965386033058167,0.4898395836353302,280,345
 , , , , , , , 
0,0,1.148770809173584,3.127293348312378,-0.2617526948451996,0.09796791523694992,256,346
0,1,1.158847689628601,3.1651053428649902,0.06423009186983109,0.19593583047389984,309,340
0,2,1.1689246892929077,3.1929121017456055,0.0488167442381382,0.19593583047389984,330,343
0,3,1.1790015697479248,3.220529079437256,0.042783524841070175,0.19593583047389984,314,348
0,4,1.2971765995025635,3.2056539058685303,0.0821465328335762,0.19593583047389984,240,366
0,5,1.286183476448059,3.127704620361328,-0.5717341303825378,0.3918716609477997,282,338
0,6,1.2971765995025635,3.1585872173309326,-0.5534363389015198,0.3918716609477997,264,342
0,7,0.22902128100395203,3.6463210582733154,-0.281572163105011,-0.09796791523694992,255,452
0,8,0.23085345327854156,3.674335479736328,-0.29841896891593933,-0.09796791523694992,250,455
 , , , , , , , 
0,0,1.148770809173584,3.1270108222961426,-0.2651061415672302,0.09796791523694992,268,330
0,1,1.158847689628601,3.1542930603027344,-0.26917093992233276,0.09796791523694992,322,331
0,2,1.1689246892929077,3.181756019592285,-0.2711082696914673,0.09796791523694992,338,331
0,3,1.1790015697479248,3.20766019821167,-0.29078105092048645,0.09796791523694992,315,336
0,4,1.189078450202942,3.1940085887908936,-0.5916354060173035,0.09796791523694992,252,356
0,5,1.2751905918121338,3.1343019008636475,-0.33689290285110474,0.3918716609477997,263,346
0,6,1.286183476448059,3.154104232788086,-0.40129947662353516,0.3918716609477997,290,346
0,7,1.2971765995025635,3.1692280769348145,-0.4888332486152649,0.3918716609477997,289,345
0,8,1.417183756828308,3.135606050491333,-0.5734679102897644,0.3918716609477997,250,358
0,9,0.3380354344844818,3.5892064571380615,-0.06694495677947998,-0.09796791523694992,287,415
0,10,0.3407836854457855,3.6179707050323486,-0.08699781447649002,-0.09796791523694992,328,432
0,11,0.34353190660476685,3.6467905044555664,-0.10146734863519669,-0.09796791523694992,339,444
0,12,0.34628018736839294,3.6753835678100586,-0.121387779712677,-0.09796791523694992,312,461
0,13,0.34902843832969666,3.7033238410949707,-0.15516893565654755,-0.09796791523694992,246,482
 , , , , , , , 
0,0,1.0901412963867188,3.3086817264556885,-0.18307554721832275,0.09796791523694992,282,375
0,1,1.0993021726608276,3.336991786956787,-0.17522580921649933,0.09796791523694992,237,406
0,2,1.158847689628601,3.1649246215820312,-0.0725955069065094,0.19593583047389984,279,344
0,3,1.1689246892929077,3.193230390548706,-0.018703948706388474,0.19593583047389984,314,342
0,4,1.1790015697479248,3.220543146133423,-0.041703201830387115,0.19593583047389984,325,344
0,5,1.189078450202942,3.244398355484009,-0.1600102037191391,0.19593583047389984,316,354
0,6,0.3352871537208557,3.5583858489990234,-0.12682229280471802,-0.19593583047389984,285,354
0,7,0.3380354344844818,3.587240219116211,-0.13635492324829102,-0.19593583047389984,363,363
0,8,0.3407836854457855,3.6156692504882812,-0.1556146740913391,-0.19593583047389984,399,372
0,9,0.34353190660476685,3.643742084503174,-0.18033261597156525,-0.19593583047389984,397,382
0,10,0.34628018736839294,3.670849084854126,-0.2191942036151886,-0.19593583047389984,356,400
0,11,0.34902843832969666,3.694906234741211,-0.29386159777641296,-0.19593583047389984,257,439
 , , , , , , , 
0,0,1.264197587966919,3.1211438179016113,-0.15878400206565857,0.29390373826026917,255,330
0,1,1.2751905918121338,3.1480424404144287,-0.16484254598617554,0.29390373826026917,305,330
0,2,1.286183476448059,3.1731278896331787,-0.2016810029745102,0.29390373826026917,326,332
0,3,1.2971765995025635,3.1972568035125732,-0.2459944486618042,0.29390373826026917,332,334
0,4,1.3081696033477783,3.224881887435913,-0.2410987764596939,0.29390373826026917,312,351
0,5,1.3191626071929932,3.2563788890838623,-0.17461873590946198,0.29390373826026917,269,382
0,6,0.4470495581626892,3.548182725906372,0.03402145206928253,-0.19593583047389984,278,357
0,7,0.3380354344844818,3.589708089828491,-0.029666302725672722,-0.19593583047389984,347,375
0,8,0.3407836854457855,3.618638038635254,-0.05234338715672493,-0.19593583047389984,364,394
0,9,0.34353190660476685,3.6471941471099854,-0.08574278652667999,-0.19593583047389984,341,416
0,10,0.46170690655708313,3.662592649459839,-0.12381967157125473,-0.19593583047389984,290,436
 , , , , , , , 
0,0,1.2751905918121338,3.142998218536377,-0.2427060753107071,0.19593583047389984,240,354
0,1,1.286183476448059,3.174083709716797,-0.1860322207212448,0.19593583047389984,253,351
0,2,0.44338521361351013,3.508775234222412,-0.2714671492576599,-0.29390373826026917,272,347
0,3,0.4470495581626892,3.5427896976470947,-0.1984940618276596,-0.29390373826026917,337,366
0,4,0.4507139027118683,3.5713648796081543,-0.20823991298675537,-0.29390373826026917,354,393
0,5,0.45437824726104736,3.599444627761841,-0.22572541236877441,-0.29390373826026917,337,420
0,6,0.45804256200790405,3.6273531913757324,-0.2447403520345688,-0.29390373826026917,285,450
0,7,1.1790015697479248,3.1691949367523193,-0.5743181109428406,-0.09796791523694992,268,331
0,8,1.189078450202942,3.1919174194335938,-0.6028148531913757,-0.09796791523694992,301,330
0,9,1.1991554498672485,3.216510534286499,-0.6207945346832275,-0.09796791523694992,303,330
 , , , , , , , 
0,0,1.3191626071929932,3.252502202987671,-0.23605863749980927,0.09796791523694992,281,364
0,1,1.3814564943313599,3.0995326042175293,-0.21893146634101868,0.19593583047389984,256,348
0,2,1.393365502357483,3.127845525741577,-0.1969740092754364,0.19593583047389984,308,347
0,3,1.2971765995025635,3.202568292617798,-0.16285184025764465,0.19593583047389984,327,346
0,4,1.3081696033477783,3.2321975231170654,-0.10435295104980469,0.19593583047389984,314,348
0,5,0.5542315244674683,3.500953435897827,-0.1339474767446518,-0.29390373826026917,307,397
0,6,0.4470495581626892,3.544454574584961,-0.16613081097602844,-0.29390373826026917,330,427
0,7,0.4507139027118683,3.5720417499542236,-0.19628594815731049,-0.29390373826026917,318,458
0,8,0.45437824726104736,3.59885573387146,-0.2349286526441574,-0.29390373826026917,283,480
0,9,0.5725532174110413,3.609473943710327,-0.2669679820537567,-0.29390373826026917,244,473
 , , , , , , , 
0,0,0.5404902100563049,3.414158344268799,0.13048043847084045,-0.29390373826026917,273,337
0,1,0.5450706481933594,3.445284605026245,0.047028880566358566,-0.29390373826026917,358,340
0,2,0.5496510863304138,3.474560022354126,-0.0011080419644713402,-0.29390373826026917,407,344
0,3,0.5542315244674683,3.503366708755493,-0.032209284603595734,-0.29390373826026917,413,357
0,4,0.5588119626045227,3.5320141315460205,-0.056719664484262466,-0.29390373826026917,378,381
0,5,0.5633924007415771,3.5605087280273438,-0.08073392510414124,-0.29390373826026917,296,416
0,6,1.5005474090576172,3.059523820877075,-0.3890429735183716,-0.09796791523694992,261,338
0,7,1.4052746295928955,3.1473464965820312,-0.29162392020225525,-0.09796791523694992,301,333
0,8,1.417183756828308,3.1798617839813232,-0.2221914678812027,-0.09796791523694992,317,332
 , , , , , , , 
0,0,1.393365502357483,3.055725336074829,-0.6962464451789856,0.19593583047389984,234,346
0,1,0.6485882997512817,3.3957622051239014,-0.11731934547424316,-0.3918716609477997,333,338
0,2,0.6540848016738892,3.42299485206604,-0.15677469968795776,-0.3918716609477997,396,341
0,3,0.6595813035964966,3.450287342071533,-0.1874956339597702,-0.3918716609477997,419,347
0,4,0.665077805519104,3.477245807647705,-0.21959346532821655,-0.3918716609477997,407,354
0,5,0.6705743074417114,3.5034120082855225,-0.2589300274848938,-0.3918716609477997,340,380
0,6,1.4877222776412964,3.042064905166626,-0.3098040521144867,-0.09796791523694992,246,335
0,7,1.5005474090576172,3.0711803436279297,-0.2826513946056366,-0.09796791523694992,293,337
0,8,1.5133726596832275,3.099128007888794,-0.26597076654434204,-0.09796791523694992,312,339
 , , , , , , , 
0,0,0.6430917382240295,3.3681540489196777,-0.07519993931055069,-0.3918716609477997,296,355
0,1,0.6485882997512817,3.39512038230896,-0.13461528718471527,-0.3918716609477997,372,356
0,2,0.6540848016738892,3.422321081161499,-0.17085207998752594,-0.3918716609477997,400,363
0,3,0.6595813035964966,3.4494810104370117,-0.2017836719751358,-0.3918716609477997,391,374
0,4,0.665077805519104,3.4761528968811035,-0.23626501858234406,-0.3918716609477997,340,393
0,5,0.6705743074417114,3.500786066055298,-0.292297899723053,-0.3918716609477997,235,430
0,6,0.8940991163253784,3.459632158279419,-0.1488061100244522,-0.29390373826026917,225,440
0,7,1.4877222776412964,3.032179117202759,-0.3950031101703644,-0.19593583047389984,264,346
 , , , , , , , 
0,0,0.5404902100563049,3.412480592727661,0.16875286400318146,-0.29390373826026917,385,345
0,1,0.6540848016738892,3.426257848739624,0.047221191227436066,-0.29390373826026917,376,371
0,2,0.8794417381286621,3.4053876399993896,-0.06784441322088242,-0.29390373826026917,319,411
0,3,0.997616708278656,3.398016929626465,-0.20007631182670593,-0.29390373826026917,230,455
0,4,1.4748971462249756,3.020909309387207,-0.2524476647377014,-0.19593583047389984,292,348
0,5,1.4877222776412964,3.0508389472961426,-0.20620359480381012,-0.19593583047389984,344,348
0,6,1.607729434967041,3.0210671424865723,-0.2281300574541092,-0.19593583047389984,355,349
 , , , , , , , 
0,0,1.5665056705474854,2.924743890762329,-0.40010717511177063,-0.29390373826026917,278,352
0,1,1.580246925354004,2.960362434387207,-0.32252001762390137,-0.29390373826026917,330,355
0,2,1.5939881801605225,2.999060869216919,-0.16820082068443298,-0.29390373826026917,344,357
0,3,0.42506352066993713,2.8960788249969482,-1.73075270652771,-0.29390373826026917,344,357
0,4,0.6430917382240295,3.3282418251037598,-0.5224195718765259,-0.29390373826026917,362,364
0,5,0.6485882997512817,3.385004758834839,-0.2944612503051758,-0.29390373826026917,368,385
0,6,0.7630988955497742,3.398545026779175,-0.1920165866613388,-0.29390373826026917,329,420
0,7,0.8794417381286621,3.4041433334350586,-0.11434619128704071,-0.29390373826026917,254,464
 , , , , , , , 
0,0,1.3484773635864258,5.221371173858643,-0.11466725170612335,0.19593583047389984,228,396
0,1,0.8501270413398743,3.2890093326568604,-0.15217284858226776,-0.29390373826026917,394,349
0,2,0.8574556708335876,3.319615364074707,-0.09276971966028214,-0.29390373826026917,418,359
0,3,0.7566863298416138,3.37431263923645,-0.08408376574516296,-0.29390373826026917,396,384
0,4,0.872113049030304,3.3742120265960693,-0.15301024913787842,-0.29390373826026917,336,419
0,5,0.9893719553947449,3.3642730712890625,-0.2783788740634918,-0.29390373826026917,247,461
0,6,1.6562819480895996,2.83845853805542,-0.41588854789733887,-0.19593583047389984,233,339
0,7,1.5665056705474854,2.9375767707824707,-0.29129883646965027,-0.19593583047389984,323,337
0,8,1.580246925354004,2.972228527069092,-0.1833668053150177,-0.19593583047389984,373,337
 , , , , , , , 
0,0,1.6562819480895996,2.8175058364868164,-0.5398807525634766,-0.19593583047389984,252,350
0,1,1.5665056705474854,2.93709659576416,-0.2961009442806244,-0.19593583047389984,325,348
0,2,1.580246925354004,2.9768757820129395,-0.07731018960475922,-0.19593583047389984,361,349
0,3,1.0626587867736816,3.2243053913116455,-0.19510704278945923,-0.19593583047389984,377,358
0,4,0.9646376371383667,3.2894506454467773,-0.11257220059633255,-0.19593583047389984,377,377
0,5,0.9728823900222778,3.319286584854126,-0.038316741585731506,-0.19593583047389984,335,407
0,6,0.872113049030304,3.377506971359253,0.03412071615457535,-0.19593583047389984,254,447
 , , , , , , , 
0,0,0.6375952959060669,3.330626964569092,-0.2526877224445343,-0.19593583047389984,357,356
0,1,0.7502737045288086,3.3464906215667725,-0.04210249334573746,-0.19593583047389984,346,376
0,2,0.8647843599319458,3.3492050170898438,0.024591639637947083,-0.19593583047389984,292,410
0,3,1.6562819480895996,2.8580524921417236,-0.24768070876598358,-0.09796791523694992,310,338
0,4,1.670939326286316,2.8866512775421143,-0.20822881162166595,-0.09796791523694992,364,339
0,5,1.6855967044830322,2.912179708480835,-0.20716668665409088,-0.09796791523694992,385,339
 , , , , , , , 
0,0,1.6562819480895996,2.8485491275787354,-0.3399673104286194,-0.09796791523694992,299,333
0,1,1.4620718955993652,2.999852180480957,-0.17715926468372345,-0.09796791523694992,350,335
0,2,1.0534979104995728,3.2011709213256836,-0.08714143931865692,-0.09796791523694992,389,342
0,3,0.9563929438591003,3.2628023624420166,-0.05374465882778168,-0.09796791523694992,398,355
0,4,0.9646376371383667,3.2913341522216797,-0.01665671356022358,-0.09796791523694992,369,379
0,5,1.0809804201126099,3.285896062850952,8.666299254400656e-05,-0.09796791523694992,301,419
 , , , , , , , 
0,0,0.835469663143158,3.2340633869171143,0.10477504879236221,0.09796791523694992,302,343
0,1,0.8427983522415161,3.26275897026062,0.09508547186851501,0.09796791523694992,357,341
0,2,0.8501270413398743,3.291668653488159,0.07521583139896393,0.09796791523694992,372,345
0,3,0.8574556708335876,3.3205347061157227,0.05002625286579132,0.09796791523694992,358,346
0,4,0.9728823900222778,3.318681001663208,0.07408224046230316,0.09796791523694992,290,371
0,5,1.759799599647522,2.78852915763855,-0.3166854679584503,-0.09796791523694992,296,338
0,6,1.670939326286316,2.883162260055542,-0.2519736588001251,-0.09796791523694992,333,339
0,7,1.6855967044830322,2.9149272441864014,-0.16403718292713165,-0.09796791523694992,335,339
 , , , , , , , 
0,0,0.835469663143158,3.2354986667633057,-0.041131582111120224,0.09796791523694992,334,337
0,1,0.8427983522415161,3.2636895179748535,-0.05447833985090256,0.09796791523694992,399,338
0,2,0.9563929438591003,3.2625014781951904,-0.0696588009595871,0.09796791523694992,420,345
0,3,0.9646376371383667,3.2899868488311768,-0.09562182426452637,0.09796791523694992,406,356
0,4,0.9728823900222778,3.3170785903930664,-0.12697339057922363,0.09796791523694992,347,384
0,5,0.9811272025108337,3.3436758518218994,-0.1628527194261551,0.09796791523694992,245,427
0,6,1.744226098060608,2.7559070587158203,-0.37732750177383423,-0.09796791523694992,235,338
0,7,1.759799599647522,2.787173271179199,-0.3284057676792145,-0.09796791523694992,306,340
0,8,1.7753729820251465,2.8127706050872803,-0.3233049213886261,-0.09796791523694992,340,341
 , , , , , , , 
0,0,1.0443370342254639,3.1745026111602783,0.006774967070668936,0.09796791523694992,291,338
0,1,0.9481481313705444,3.232747793197632,0.12370074540376663,0.19593583047389984,354,346
0,2,0.9563929438591003,3.2612459659576416,0.11420848965644836,0.19593583047389984,378,357
0,3,0.8574556708335876,3.3201143741607666,0.07275255769491196,0.19593583047389984,359,374
0,4,0.8647843599319458,3.349294900894165,0.0017129828920587897,0.19593583047389984,293,397
0,5,1.759799599647522,2.7825028896331787,-0.3658716082572937,-0.09796791523694992,247,341
0,6,1.7753729820251465,2.815086841583252,-0.3024718761444092,-0.09796791523694992,284,343
0,7,1.8962962627410889,2.777902364730835,-0.22861288487911224,-0.09796791523694992,296,345
 , , , , , , , 
0,0,1.4620718955993652,3.000196933746338,-0.17122097313404083,0.09796791523694992,249,334
0,1,0.9481481313705444,3.2345213890075684,-0.06189938262104988,0.19593583047389984,321,344
0,2,0.9563929438591003,3.263110876083374,-0.02959389053285122,0.19593583047389984,368,350
0,3,0.9646376371383667,3.2910196781158447,-0.04844668507575989,0.19593583047389984,380,356
0,4,0.9728823900222778,3.3181023597717285,-0.09658629447221756,0.19593583047389984,352,371
0,5,0.9811272025108337,3.343595027923584,-0.16450059413909912,0.19593583047389984,282,398
 , , , , , , , 
0,0,1.8633172512054443,2.7301816940307617,-0.21733708679676056,0.09796791523694992,265,340
0,1,1.8798067569732666,2.75862717628479,-0.15638364851474762,0.09796791523694992,298,338
0,2,2.001646041870117,2.7063329219818115,-0.18471941351890564,0.09796791523694992,280,338
0,3,0.8427983522415161,2.252542018890381,-2.3623485565185547,0.09796791523694992,280,338
0,4,1.0626587867736816,3.229310989379883,-0.07590892165899277,0.09796791523694992,336,347
0,5,1.1790015697479248,3.2207963466644287,-0.010489054024219513,0.09796791523694992,357,370
0,6,1.189078450202942,3.248307943344116,-0.014769422821700573,0.09796791523694992,329,403
0,7,1.1991554498672485,3.2755537033081055,-0.04552220553159714,0.09796791523694992,264,441
 , , , , , , , 
0,0,1.8633172512054443,2.718609094619751,-0.33210429549217224,0.09796791523694992,276,333
0,1,1.8798067569732666,2.7240986824035645,-0.4623481333255768,0.09796791523694992,317,335
0,2,1.8962962627410889,2.708880662918091,-0.6564843058586121,0.09796791523694992,328,339
0,3,1.8065199851989746,2.754685640335083,-0.8435924649238586,0.09796791523694992,320,347
0,4,1.2971765995025635,3.2042181491851807,-0.1262935996055603,0.09796791523694992,257,405
0,5,1.9292752742767334,2.755805730819702,-0.6686667799949646,0.19593583047389984,303,360
 , , , , , , , 
0,0,1.9668347835540771,2.6509549617767334,-0.27763062715530396,0.09796791523694992,256,336
0,1,1.9842404127120972,2.6850709915161133,-0.1460707038640976,0.09796791523694992,286,337
0,2,2.1069958209991455,2.594257354736328,-0.4419769048690796,0.09796791523694992,278,338
0,3,1.2751905918121338,3.1458725929260254,0.20206336677074432,0.09796791523694992,332,348
0,4,1.1790015697479248,3.21785831451416,0.13793602585792542,0.09796791523694992,355,373
0,5,1.189078450202942,3.2464590072631836,0.11058109253644943,0.09796791523694992,337,405
0,6,1.1991554498672485,3.275106191635132,0.07073544710874557,0.09796791523694992,285,440
 , , , , , , , 
0,0,1.9668347835540771,2.6572177410125732,-0.20936903357505798,0.09796791523694992,228,343
0,1,1.9842404127120972,2.681976795196533,-0.19478896260261536,0.09796791523694992,296,343
0,2,2.001646041870117,2.6992502212524414,-0.269085556268692,0.09796791523694992,330,341
0,3,2.0190517902374268,2.6889641284942627,-0.5063179135322571,0.09796791523694992,329,341
0,4,1.071819543838501,3.172678232192993,0.7409442663192749,0.09796791523694992,311,355
0,5,1.0809804201126099,3.2489616870880127,0.4912838339805603,0.09796791523694992,298,384
0,6,1.0901412963867188,3.2630343437194824,0.5774932503700256,0.09796791523694992,236,423
 , , , , , , , 
0,0,1.8798067569732666,2.7517828941345215,-0.2493407428264618,0.09796791523694992,242,343
0,1,1.8962962627410889,2.7574470043182373,-0.4068065881729126,0.09796791523694992,288,342
0,2,1.9127858877182007,2.7397401332855225,-0.6312921643257141,0.09796791523694992,297,342
0,3,0.8574556708335876,3.187654972076416,0.9312942624092102,0.09796791523694992,267,346
0,4,2.0364573001861572,2.5049853324890137,-1.1582629680633545,0.09796791523694992,267,346
0,5,1.0809804201126099,3.279305934906006,0.20800364017486572,0.09796791523694992,282,366
0,6,1.0901412963867188,3.311230182647705,0.12902194261550903,0.09796791523694992,249,396
0,7,1.2971765995025635,3.193443775177002,-0.2913433909416199,-0.09796791523694992,248,346
 , , , , , , , 
0,0,1.8798067569732666,2.7117180824279785,-0.5301557183265686,0.09796791523694992,235,332
0,1,1.8962962627410889,2.734074354171753,-0.5420725345611572,0.09796791523694992,302,329
0,2,1.9127858877182007,2.759331703186035,-0.5392540097236633,0.09796791523694992,336,326
0,3,1.9292752742767334,2.7888145446777344,-0.513900101184845,0.09796791523694992,341,328
0,4,1.9457647800445557,2.81972074508667,-0.4783366620540619,0.09796791523694992,307,345
0,5,1.9622544050216675,2.8446848392486572,-0.47605228424072266,0.09796791523694992,245,375
0,6,1.189078450202942,3.2481088638305664,-0.03887715935707092,-0.09796791523694992,304,343
0,7,1.1991554498672485,3.275447368621826,-0.05263426899909973,-0.09796791523694992,291,356
0,8,1.2092323303222656,3.302499294281006,-0.07707080990076065,-0.09796791523694992,242,371
 , , , , , , , 
0,0,2.0364573001861572,2.737654685974121,-0.3489583432674408,0.09796791523694992,232,346
0,1,1.1790015697479248,3.21982741355896,0.07968268543481827,-0.09796791523694992,276,341
0,2,1.189078450202942,3.245854377746582,0.1270969957113266,-0.09796791523694992,295,353
0,3,1.0901412963867188,3.3119311332702637,0.10955925285816193,-0.09796791523694992,269,371
 , , , , , , , 
0,0,2.0364573001861572,2.6316843032836914,-0.8311218023300171,0.09796791523694992,230,338
 , , , , , , , 
0,0,1.3814564943313599,3.105710983276367,-0.09794420748949051,0.09796791523694992,283,337
0,1,1.286183476448059,3.178680181503296,0.07353286445140839,0.09796791523694992,335,337
0,2,1.2971765995025635,3.2046453952789307,0.1149475947022438,0.09796791523694992,346,344
0,3,1.1991554498672485,3.2734031677246094,0.12710675597190857,0.09796791523694992,316,360
0,4,1.3191626071929932,3.2610561847686768,-0.0025750084314495325,0.09796791523694992,246,385
0,5,1.9842404127120972,2.6716690063476562,-0.3051673471927643,-0.09796791523694992,254,344
0,6,2.001646041870117,2.700392246246338,-0.25737082958221436,-0.09796791523694992,268,345
0,7,1.6214706897735596,2.958063840866089,-0.7657166123390198,-0.09796791523694992,258,381
 , , , , , , , 
0,0,0.8427983522415161,3.2308521270751953,0.46500536799430847,0.09796791523694992,239,341
0,1,0.8501270413398743,3.2445716857910156,0.5599051713943481,0.09796791523694992,279,337
0,2,1.071819543838501,3.2511067390441895,0.21258115768432617,0.09796791523694992,327,348
0,3,1.0809804201126099,3.283038377761841,0.13700665533542633,0.09796791523694992,336,368
0,4,1.0901412963867188,3.3131556510925293,0.062377676367759705,0.09796791523694992,306,395
0,5,1.0993021726608276,3.341378927230835,-0.03749488666653633,0.09796791523694992,245,424
0,6,1.9668347835540771,2.650355339050293,-0.28329765796661377,-0.09796791523694992,238,330
0,7,1.9842404127120972,2.6805782318115234,-0.21317432820796967,-0.09796791523694992,277,332
0,8,2.001646041870117,2.707221508026123,-0.1712026596069336,-0.09796791523694992,273,333
0,9,1.8065199851989746,2.8586008548736572,-0.35824763774871826,-0.09796791523694992,249,336
0,10,1.286183476448059,3.1102564334869385,-0.6600903868675232,-0.09796791523694992,272,357
0,11,1.189078450202942,3.199024200439453,-0.5638857483863831,-0.09796791523694992,265,390
0,12,1.3081696033477783,3.202439069747925,-0.44986262917518616,-0.09796791523694992,228,424
 , , , , , , , 
0,0,1.0534979104995728,3.1899547576904297,0.2815602719783783,0.09796791523694992,291,337
0,1,1.1689246892929077,3.1929147243499756,-0.04864506796002388,0.09796791523694992,338,340
0,2,1.1790015697479248,3.220212936401367,-0.062182795256376266,0.09796791523694992,396,343
0,3,1.0809804201126099,3.285895347595215,-0.0019361489685252309,0.09796791523694992,407,360
0,4,1.0901412963867188,3.3137407302856445,-0.0036099154967814684,0.09796791523694992,373,390
0,5,1.0993021726608276,3.3400051593780518,-0.10288136452436447,0.09796791523694992,298,427
0,6,1.9668347835540771,2.6525673866271973,-0.26177623867988586,-0.09796791523694992,264,337
0,7,1.9842404127120972,2.680224895477295,-0.2175716906785965,-0.09796791523694992,304,337
0,8,1.8962962627410889,2.7768263816833496,-0.24133190512657166,-0.09796791523694992,310,335
 , , , , , , , 
0,0,1.1689246892929077,3.166282892227173,-0.4143950641155243,0.09796791523694992,324,339
0,1,0.9399033784866333,3.2047319412231445,0.12011159956455231,0.19593583047389984,249,346
0,2,1.0534979104995728,3.2022480964660645,0.02637574076652527,0.19593583047389984,282,352
0,3,1.071819543838501,3.257622003555298,0.05276830866932869,0.19593583047389984,391,359
0,4,1.0809804201126099,3.2841062545776367,0.10843551158905029,0.19593583047389984,417,378
0,5,1.0901412963867188,3.3117473125457764,0.11498060822486877,0.19593583047389984,392,410
0,6,1.0993021726608276,3.340445041656494,0.08743906766176224,0.19593583047389984,329,447
0,7,1.1084630489349365,3.369429111480713,0.006829899735748768,0.19593583047389984,273,442
0,8,0.3407836854457855,2.733973979949951,4.70525598526001,-0.29390373826026917,231,434
0,9,1.8633172512054443,2.7278177738189697,-0.24523121118545532,-0.09796791523694992,282,340
0,10,1.8798067569732666,2.7563202381134033,-0.1928165704011917,-0.09796791523694992,314,339
0,11,1.8962962627410889,2.782853126525879,-0.15727198123931885,-0.09796791523694992,305,340
 , , , , , , , 
0,0,0.8427983522415161,3.256699323654175,-0.22033138573169708,0.19593583047389984,266,355
0,1,0.8501270413398743,3.2341296672821045,-0.6173686981201172,0.19593583047389984,290,354
0,2,1.1790015697479248,3.213731050491333,-0.2134746015071869,0.19593583047389984,344,353
0,3,1.0809804201126099,3.2850072383880615,-0.07641845941543579,0.19593583047389984,387,362
0,4,1.0901412963867188,3.3137290477752686,-0.009573018178343773,0.19593583047389984,379,388
0,5,1.0993021726608276,3.3415892124176025,0.000744007877074182,0.19593583047389984,330,421
0,6,0.997616708278656,3.4032251834869385,-0.06788662075996399,0.19593583047389984,254,448
0,7,0.3389514982700348,3.1173315048217773,4.424784183502197,-0.3918716609477997,230,406
0,8,1.8642332553863525,5.0901312828063965,-0.16296683251857758,-0.3918716609477997,230,406
0,9,1.9842404127120972,2.6131889820098877,-0.6341818571090698,-0.19593583047389984,240,344
0,10,2.001646041870117,2.631302833557129,-0.6592447757720947,-0.19593583047389984,270,348
0,11,2.0190517902374268,2.646791696548462,-0.693814754486084,-0.19593583047389984,264,350
 , , , , , , , 
0,0,1.759799599647522,2.7957913875579834,-0.2444094568490982,0.09796791523694992,286,341
0,1,1.7753729820251465,2.8242523670196533,-0.19950701296329498,0.09796791523694992,315,341
0,2,1.8962962627410889,2.785627603530884,-0.09635738283395767,0.09796791523694992,295,342
0,3,1.5939881801605225,2.9358878135681152,-0.6349960565567017,0.09796791523694992,251,354
0,4,1.5005474090576172,3.0532257556915283,-0.43572190403938293,0.09796791523694992,291,380
0,5,1.0809804201126099,3.2858903408050537,-0.006067268084734678,0.19593583047389984,336,400
0,6,1.0901412963867188,3.3137288093566895,-0.009603366255760193,0.19593583047389984,335,434
0,7,0.9893719553947449,3.375702142715454,-0.021474916487932205,0.19593583047389984,303,467
0,8,0.997616708278656,3.403831958770752,-0.02185107208788395,0.19593583047389984,270,472
 , , , , , , , 
0,0,1.759799599647522,2.787602424621582,-0.3247435688972473,0.09796791523694992,256,330
0,1,1.670939326286316,2.8788537979125977,-0.29717937111854553,0.09796791523694992,293,328
0,2,1.6855967044830322,2.906928777694702,-0.27106040716171265,0.09796791523694992,291,329
0,3,0.7566863298416138,3.352644205093384,-0.39093896746635437,0.19593583047389984,264,385
0,4,0.7630988955497742,3.4035801887512207,-0.051196902990341187,0.19593583047389984,294,416
0,5,0.8794417381286621,3.4060277938842773,0.015528576448559761,0.19593583047389984,286,449
0,6,0.8867704272270203,3.4343159198760986,0.03003189153969288,0.19593583047389984,252,475
0,7,-0.16855967044830322,2.112340211868286,4.960228443145752,-0.3918716609477997,245,387
0,8,-0.1694757491350174,2.0116608142852783,5.033473491668701,-0.3918716609477997,261,384
0,9,-0.17039184272289276,2.0800909996032715,5.03729772567749,-0.3918716609477997,238,386
 , , , , , , , 
0,0,1.5939881801605225,2.992452621459961,-0.2605476975440979,0.09796791523694992,279,338
0,1,1.607729434967041,3.018212080001831,-0.26322102546691895,0.09796791523694992,308,348
0,2,1.4052746295928955,3.1532931327819824,-0.21812045574188232,0.09796791523694992,314,364
0,3,1.0901412963867188,3.313624143600464,-0.02802734263241291,0.09796791523694992,303,386
0,4,0.8794417381286621,3.4056460857391357,0.0533132329583168,0.09796791523694992,295,414
0,5,0.7759241461753845,3.4607858657836914,0.05188509449362755,0.09796791523694992,247,450
0,6,1.7909464836120605,2.7569210529327393,-0.746218740940094,-0.7837433218955994,252,349
0,7,1.6416245698928833,2.7948498725891113,-0.5230758786201477,-0.6857753992080688,261,353
0,8,1.759799599647522,2.7516870498657227,-0.5517277717590332,-0.6857753992080688,290,352
0,9,1.7753729820251465,2.772528648376465,-0.5738372206687927,-0.6857753992080688,285,352
 , , , , , , , 
0,0,1.393365502357483,3.118192434310913,-0.31478822231292725,0.09796791523694992,237,347
0,1,1.4052746295928955,3.1594133377075195,-0.09456783533096313,0.09796791523694992,267,351
0,2,1.6352119445800781,3.080138921737671,0.09014114737510681,0.09796791523694992,262,364
0,3,0.3270424008369446,3.3197176456451416,-1.020694613456726,0.09796791523694992,262,364
0,4,0.43972086906433105,3.486696481704712,-0.15581221878528595,0.09796791523694992,259,380
0,5,0.5542315244674683,3.502110242843628,0.09919501096010208,0.09796791523694992,232,402
0,6,0.0,3.5486788749694824,4.023151874542236,-0.29390373826026917,234,422
0,7,1.3411486148834229,5.193187713623047,0.10485179722309113,-0.29390373826026917,234,422
0,8,1.6562819480895996,2.8485934734344482,-0.33959531784057617,-0.09796791523694992,238,331
0,9,1.670939326286316,2.8823254108428955,-0.261369913816452,-0.09796791523694992,289,333
0,10,1.6855967044830322,2.9078381061553955,-0.2611255645751953,-0.09796791523694992,306,341
0,11,1.7002540826797485,2.931645154953003,-0.27937114238739014,-0.09796791523694992,292,358
0,12,1.7149113416671753,2.9532077312469482,-0.31831786036491394,-0.09796791523694992,256,378
 , , , , , , , 
0,0,1.5005474090576172,3.0710127353668213,-0.28446823358535767,0.09796791523694992,230,336
0,1,0.32154586911201477,2.7394680976867676,-2.0385303497314453,0.09796791523694992,230,336
0,2,1.4052746295928955,3.1380832195281982,-0.3785080909729004,0.09796791523694992,274,333
0,3,0.10809804499149323,1.1522613763809204,-3.259791374206543,0.09796791523694992,274,333
0,4,0.9811272025108337,3.3476016521453857,-0.015878036618232727,0.09796791523694992,322,343
0,5,0.8794417381286621,3.4059603214263916,0.026484325528144836,0.09796791523694992,363,359
0,6,0.7759241461753845,3.461132526397705,0.01710047945380211,0.09796791523694992,360,381
0,7,0.7823367118835449,3.4897477626800537,0.014862815849483013,0.09796791523694992,316,410
0,8,0.7887493371963501,3.518373727798462,0.008576336316764355,0.09796791523694992,231,445
0,9,1.4620718955993652,3.003554582595825,-0.09569767862558365,-0.09796791523694992,226,338
 , , , , , , , 
0,0,1.4235962629318237,2.860781669616699,-0.6143214106559753,0.09796791523694992,244,346
0,1,1.436421513557434,2.8766610622406006,-0.6642586588859558,0.09796791523694992,256,344
0,2,1.4492466449737549,2.8889689445495605,-0.7256872057914734,0.09796791523694992,235,343
0,3,0.665077805519104,3.475252389907837,-0.2491620033979416,0.09796791523694992,259,452
0,4,0.6705743074417114,3.4976069927215576,-0.3281553089618683,0.09796791523694992,260,445
0,5,0.16581140458583832,4.2603302001953125,3.1583786010742188,-0.29390373826026917,244,405
0,6,0.16672749817371368,4.241097927093506,3.2327237129211426,-0.29390373826026917,240,407
0,7,1.5527642965316772,2.91703200340271,-0.23005802929401398,-0.09796791523694992,275,341
0,8,1.5665056705474854,2.9447288513183594,-0.20684485137462616,-0.09796791523694992,286,344
0,9,1.4748971462249756,3.0221285820007324,-0.23740985989570618,-0.09796791523694992,253,357
 , , , , , , , 
0,0,1.3219108581542969,2.927022933959961,-0.5226636528968811,0.09796791523694992,278,335
0,1,1.436421513557434,2.89617919921875,-0.5732055902481079,0.09796791523694992,295,338
0,2,0.665077805519104,3.4829249382019043,0.09324147552251816,0.09796791523694992,260,443
0,3,0.5588119626045227,3.5318405628204346,0.06665293872356415,0.09796791523694992,266,431
0,4,0.5633924007415771,3.5614216327667236,0.004296674393117428,0.09796791523694992,239,424
0,5,1.3338199853897095,2.9097394943237305,-0.7307975888252258,0.3918716609477997,263,334
0,6,1.345729112625122,2.913426399230957,-0.820999026298523,0.3918716609477997,265,339
0,7,1.5390230417251587,2.8940322399139404,-0.18897271156311035,-0.19593583047389984,252,350
0,8,1.5527642965316772,2.9235787391662598,-0.12120010703802109,-0.19593583047389984,291,351
0,9,1.5665056705474854,2.9502854347229004,-0.10013868659734726,-0.19593583047389984,299,350
0,10,1.580246925354004,2.974759340286255,-0.13627946376800537,-0.19593583047389984,264,356
0,11,1.2971765995025635,3.2017078399658203,0.17897503077983856,-0.09796791523694992,233,425
0,12,1.3081696033477783,3.233243465423584,0.0642530545592308,-0.09796791523694992,227,460
 , , , , , , , 
0,0,1.4235962629318237,2.915463447570801,-0.2480628788471222,-0.19593583047389984,229,348
0,1,1.436421513557434,2.940913438796997,-0.25970229506492615,-0.19593583047389984,336,345
0,2,1.4492466449737549,2.9681308269500732,-0.2509249448776245,-0.19593583047389984,389,342
0,3,1.3576382398605347,3.0433318614959717,-0.2512005567550659,-0.19593583047389984,397,347
0,4,1.3695473670959473,3.071290969848633,-0.23760606348514557,-0.19593583047389984,364,360
0,5,1.3814564943313599,3.100037097930908,-0.2116681933403015,-0.19593583047389984,281,389
 , , , , , , , 
0,0,0.4470495581626892,3.546783208847046,-0.10529747605323792,0.09796791523694992,245,473
0,1,0.4507139027118683,3.575566530227661,-0.1154714822769165,0.09796791523694992,237,466
0,2,1.3338199853897095,2.978581190109253,-0.35875213146209717,-0.19593583047389984,352,344
0,3,1.345729112625122,3.0135867595672607,-0.28352823853492737,-0.19593583047389984,372,348
0,4,1.3576382398605347,3.0453765392303467,-0.22506146132946014,-0.19593583047389984,356,360
0,5,1.3695473670959473,3.0758514404296875,-0.1685912162065506,-0.19593583047389984,304,384
0,6,1.3100017309188843,2.904313564300537,-0.49702152609825134,-0.09796791523694992,251,329
0,7,1.3219108581542969,2.941068649291992,-0.4367574453353882,-0.09796791523694992,324,327
 , , , , , , , 
0,0,0.332538902759552,3.530150890350342,-0.096136175096035,0.09796791523694992,246,474
0,1,0.3352871537208557,3.559682607650757,-0.08278455585241318,0.09796791523694992,265,484
0,2,0.3380354344844818,3.588843822479248,-0.08416733145713806,0.09796791523694992,263,479
0,3,0.3407836854457855,3.617990732192993,-0.08616112172603607,0.09796791523694992,229,472
0,4,1.264197587966919,3.119692802429199,0.18511494994163513,-0.29390373826026917,261,344
0,5,1.2202253341674805,3.0117135047912598,-0.16947196424007416,-0.09796791523694992,282,334
0,6,1.2312184572219849,3.036630153656006,-0.20664851367473602,-0.09796791523694992,332,339
0,7,1.2422114610671997,3.061983585357666,-0.2329125702381134,-0.09796791523694992,344,343
0,8,1.2532044649124146,3.0871288776397705,-0.2593570649623871,-0.09796791523694992,316,351
0,9,1.264197587966919,3.1131818294525146,-0.27358490228652954,-0.09796791523694992,231,375
 , , , , , , , 
0,0,0.22169260680675507,3.5400443077087402,0.026970915496349335,0.19593583047389984,246,452
0,1,0.2235247790813446,3.569082021713257,0.04797215759754181,0.19593583047389984,268,467
0,2,0.3380354344844818,3.5888712406158447,0.08299605548381805,0.19593583047389984,278,457
0,3,0.3407836854457855,3.6177823543548584,0.09450887888669968,0.19593583047389984,259,446
0,4,1.2422114610671997,2.993514060974121,0.6847370862960815,-0.19593583047389984,246,349
0,5,1.2532044649124146,3.0900697708129883,0.22158773243427277,-0.19593583047389984,262,368
0,6,1.1084630489349365,2.9952778816223145,-0.44473695755004883,-0.09796791523694992,242,343
0,7,1.1185399293899536,3.0001494884490967,-0.579707145690918,-0.09796791523694992,263,344
 , , , , , , , 
0,0,0.22169260680675507,3.53948712348938,-0.06835427135229111,0.19593583047389984,265,413
0,1,0.2235247790813446,3.569249153137207,-0.03330787643790245,0.19593583047389984,301,431
0,2,0.22535695135593414,3.5985848903656006,-0.023543165996670723,0.19593583047389984,303,446
0,3,0.22718912363052368,3.627777338027954,-0.032124754041433334,0.19593583047389984,274,459
0,4,1.1185399293899536,3.04487943649292,-0.2562568485736847,-0.09796791523694992,248,348
0,5,1.1286169290542603,3.076681613922119,-0.1999509036540985,-0.09796791523694992,270,346
0,6,1.1386938095092773,3.0997366905212402,-0.26093924045562744,-0.09796791523694992,262,348
 , , , , , , , 
0,0,1.0168545246124268,3.085669755935669,-0.18093819916248322,0.09796791523694992,247,336
0,1,1.0260154008865356,3.115405797958374,-0.14582116901874542,0.09796791523694992,271,337
0,2,1.0351762771606445,3.14442777633667,-0.11858946084976196,0.09796791523694992,265,337
0,3,0.11267847567796707,3.6039328575134277,-0.011156775057315826,0.19593583047389984,245,498
0,4,0.11359456181526184,3.6332032680511475,-0.0185660682618618,0.19593583047389984,253,490
0,5,1.1185399293899536,3.0146682262420654,-0.49873194098472595,-0.09796791523694992,229,340
0,6,1.1286169290542603,3.05021595954895,-0.4495900869369507,-0.09796791523694992,243,339
0,7,1.1386938095092773,3.0955231189727783,-0.30690798163414,-0.09796791523694992,249,338
0,8,1.2532044649124146,3.0969395637512207,-0.08122073858976364,-0.09796791523694992,248,350
0,9,1.264197587966919,3.1251277923583984,-0.018075712025165558,-0.09796791523694992,233,373
 , , , , , , , 
0,0,1.0076936483383179,3.0333168506622314,-0.42627784609794617,0.09796791523694992,286,340
0,1,1.0168545246124268,3.0684242248535156,-0.3726518452167511,0.09796791523694992,332,338
0,2,1.0260154008865356,3.1010937690734863,-0.3320157527923584,0.09796791523694992,348,339
0,3,1.0351762771606445,3.1350393295288086,-0.2702161967754364,0.09796791523694992,334,350
0,4,1.148770809173584,3.134653091430664,-0.14976277947425842,0.09796791523694992,294,375
0,5,1.158847689628601,3.165733575820923,-0.012170174159109592,0.09796791523694992,236,411
0,6,0.11267847567796707,3.6037042140960693,0.04209906980395317,0.19593583047389984,263,487
0,7,0.11359456181526184,3.63301682472229,0.04122162237763405,0.19593583047389984,289,479
0,8,0.11451064050197601,3.6624226570129395,0.030638664960861206,0.19593583047389984,279,473
0,9,0.11542672663927078,3.69184947013855,0.003619869938120246,0.19593583047389984,238,465
 , , , , , , , 
0,0,1.0076936483383179,3.0326082706451416,-0.4312915503978729,0.09796791523694992,251,348
0,1,0.9151690602302551,3.1001431941986084,-0.37372061610221863,0.09796791523694992,305,347
0,2,0.9234138131141663,3.1215744018554688,-0.42755869030952454,0.09796791523694992,329,345
0,3,1.0351762771606445,3.0835397243499756,-0.6271133422851562,0.09796791523694992,301,353
0,4,0.0,3.6051483154296875,-0.06369931250810623,0.09796791523694992,244,491
0,5,0.0,3.634732723236084,-0.046181466430425644,0.09796791523694992,288,478
0,6,0.0,3.6640231609344482,-0.048228051513433456,0.09796791523694992,291,471
0,7,0.0,3.6931934356689453,-0.058418065309524536,0.09796791523694992,261,463
0,8,0.9481481313705444,3.2271485328674316,0.2268770933151245,0.19593583047389984,231,402
 , , , , , , , 
0,0,0.0,3.605614185333252,0.02643895335495472,0.09796791523694992,241,481
0,1,-0.11359456181526184,3.6332314014434814,0.011832223273813725,0.09796791523694992,281,474
0,2,-0.11451064050197601,3.662550687789917,-0.0002605258487164974,0.09796791523694992,282,472
0,3,0.0,3.693654775619507,-0.0018347041914239526,0.09796791523694992,244,477
0,4,0.9151690602302551,3.041440010070801,-0.7072462439537048,0.19593583047389984,273,353
0,5,0.9234138131141663,3.1174094676971436,-0.45693641901016235,0.19593583047389984,305,352
0,6,0.9316586256027222,3.174828290939331,-0.15986771881580353,0.19593583047389984,325,349
0,7,0.835469663143158,3.235734224319458,-0.012944054789841175,0.19593583047389984,304,366
0,8,0.8427983522415161,3.261809825897217,0.12342305481433868,0.19593583047389984,240,393
 , , , , , , , 
0,0,-0.11359456181526184,3.6331825256347656,-0.02224661037325859,0.09796791523694992,269,488
0,1,-0.11451064050197601,3.66243577003479,-0.02903084084391594,0.09796791523694992,281,482
0,2,-0.11542672663927078,3.691610336303711,-0.042169686406850815,0.09796791523694992,258,480
0,3,0.7374485731124878,3.2850990295410156,-0.17099696397781372,0.19593583047389984,255,382
0,4,0.8134835958480835,3.1073501110076904,-0.5202970504760742,0.29390373826026917,259,347
0,5,0.8208122849464417,3.1430201530456543,-0.47688257694244385,0.29390373826026917,295,344
0,6,0.8281409740447998,3.1443560123443604,-0.6326826810836792,0.29390373826026917,285,345
0,7,0.7438611388206482,3.3180861473083496,0.02074792981147766,0.29390373826026917,243,413
 , , , , , , , 
0,0,-0.22535695135593414,3.596270799636841,0.13116158545017242,0.09796791523694992,276,390
0,1,-0.22718912363052368,3.6269989013671875,0.08171925693750381,0.09796791523694992,320,401
0,2,-0.22902128100395203,3.6569502353668213,0.04068220034241676,0.09796791523694992,324,414
0,3,-0.23085345327854156,3.6864137649536133,-0.012226637452840805,0.09796791523694992,295,427
0,4,-0.2326856255531311,3.714421033859253,-0.09715773165225983,0.09796791523694992,229,443
0,5,0.835469663143158,3.1494297981262207,-0.7424522638320923,0.19593583047389984,247,337
0,6,0.7374485731124878,3.254909038543701,-0.47611233592033386,0.19593583047389984,237,341
0,7,0.718210756778717,3.1431503295898438,-0.620084822177887,0.3918716609477997,261,344
0,8,0.7246233224868774,3.2055459022521973,-0.41530323028564453,0.3918716609477997,305,341
0,9,0.7310359477996826,3.243436336517334,-0.3374323546886444,0.3918716609477997,328,338
0,10,0.7374485731124878,3.2856924533843994,-0.15918420255184174,0.4898395836353302,314,343
0,11,0.7438611388206482,3.3081300258636475,-0.257686585187912,0.4898395836353302,247,361
 , , , , , , , 
0,0,0.718210756778717,3.1173205375671387,-0.7390610575675964,0.19593583047389984,246,331
0,1,0.7246233224868774,3.1529717445373535,-0.7118780612945557,0.19593583047389984,308,330
0,2,0.7310359477996826,3.1829636096954346,-0.7088595628738403,0.19593583047389984,330,333
0,3,0.7374485731124878,3.212308645248413,-0.7086524367332458,0.19593583047389984,323,334
0,4,0.6375952959060669,3.3352489471435547,-0.1817767322063446,0.29390373826026917,283,351
0,5,0.7502737045288086,3.3466577529907227,-0.025586728006601334,0.29390373826026917,239,375
 , , , , , , , 
0,0,0.6211057305335999,3.1521506309509277,-0.8070030212402344,0.09796791523694992,248,338
0,1,-0.34353190660476685,3.6476802825927734,0.061694953590631485,0.09796791523694992,229,520
0,2,0.6266022324562073,3.2432637214660645,-0.5067174434661865,0.19593583047389984,286,337
0,3,0.6320987939834595,3.3036012649536133,-0.22719138860702515,0.29390373826026917,335,345
0,4,0.6375952959060669,3.332787275314331,-0.22239045798778534,0.29390373826026917,358,344
0,5,0.6430917382240295,3.3627095222473145,-0.2056744396686554,0.29390373826026917,339,354
0,6,0.7566863298416138,3.374171018600464,-0.08959203213453293,0.29390373826026917,275,377
 , , , , , , , 
0,0,0.4287278354167938,3.397474527359009,0.19246582686901093,0.29390373826026917,256,351
0,1,0.4323921799659729,3.4303956031799316,0.10513931512832642,0.29390373826026917,243,362
0,2,0.4470495581626892,3.5474605560302734,-0.07925557345151901,0.29390373826026917,232,416
 , , , , , , , 
0,0,-0.45804256200790405,3.634476661682129,0.09038075804710388,0.09796791523694992,238,499
0,1,-0.46170690655708313,3.664153814315796,0.062401022762060165,0.09796791523694992,236,500
0,2,0.5359097719192505,3.3805086612701416,-0.2205558717250824,0.19593583047389984,324,345
0,3,0.5404902100563049,3.4096546173095703,-0.21853701770305634,0.19593583047389984,317,360
0,4,0.5450706481933594,3.4409584999084473,-0.1788884699344635,0.19593583047389984,275,378
0,5,0.5267489552497864,3.2807600498199463,-0.5692934989929199,0.29390373826026917,245,333
0,6,0.5313293933868408,3.3450934886932373,-0.3024812340736389,0.29390373826026917,290,336
 , , , , , , , 
0,0,0.42506352066993713,3.344499349594116,-0.44395965337753296,0.09796791523694992,241,337
0,1,0.4287278354167938,3.383988618850708,-0.3584648668766022,0.09796791523694992,290,337
0,2,0.5496510863304138,3.4727652072906494,-0.11166488379240036,0.09796791523694992,274,370
0,3,-0.11451064050197601,3.6625306606292725,0.01212671771645546,0.09796791523694992,229,498
0,4,0.4323921799659729,3.4310197830200195,0.08228494971990585,0.19593583047389984,301,356
0,5,0.436056524515152,3.4598212242126465,0.0937546044588089,0.19593583047389984,286,378
0,6,0.42139917612075806,3.24562668800354,-0.8082546591758728,0.29390373826026917,270,342
0,7,0.42506352066993713,3.2511954307556152,-0.901390016078949,0.29390373826026917,276,342
0,8,0.4287278354167938,3.317021369934082,-0.7597663998603821,0.3918716609477997,266,343
 , , , , , , , 
0,0,0.42506352066993713,3.231208562850952,-0.9706014394760132,0.0,254,325
0,1,0.4287278354167938,3.2879488468170166,-0.8770791292190552,0.0,274,326
0,2,0.4323921799659729,3.4319727420806885,-0.01517660915851593,0.09796791523694992,263,349
0,3,0.3270424008369446,3.4416189193725586,0.4664781093597412,0.09796791523694992,241,357
0,4,0.11267847567796707,3.603879451751709,0.022563373669981956,0.09796791523694992,244,462
0,5,0.0,3.6350033283233643,0.01282704621553421,0.09796791523694992,253,488
0,6,-0.22902128100395203,3.6563315391540527,0.07860413938760757,0.09796791523694992,273,479
0,7,-0.34628018736839294,3.676410436630249,0.08476866036653519,0.09796791523694992,266,479
0,8,-0.4653712511062622,3.6937010288238525,0.022547820582985878,0.09796791523694992,235,479
0,9,0.42139917612075806,3.2734334468841553,-0.6870243549346924,0.29390373826026917,262,334
0,10,0.31879764795303345,3.3181655406951904,-0.6720129251480103,0.29390373826026917,294,336
0,11,0.32154586911201477,3.341534376144409,-0.7031645774841309,0.29390373826026917,297,337
0,12,0.32429414987564087,3.360455274581909,-0.7535287737846375,0.29390373826026917,260,348
 , , , , , , , 
0,0,0.42506352066993713,3.3539905548095703,-0.36540770530700684,0.09796791523694992,262,338
0,1,0.4287278354167938,3.3934223651885986,-0.25408679246902466,0.09796791523694992,313,334
0,2,0.32429414987564087,3.439537525177002,-0.17334160208702087,0.09796791523694992,331,333
0,3,0.3270424008369446,3.4716196060180664,-0.10099166631698608,0.09796791523694992,318,339
0,4,0.3297906517982483,3.501568555831909,-0.07029267400503159,0.09796791523694992,264,361
0,5,-0.6925603747367859,3.624868631362915,-0.154198557138443,0.09796791523694992,244,499
0,6,-0.5817140340805054,3.676769256591797,-0.05901842936873436,0.09796791523694992,233,497
 , , , , , , , 
0,0,0.31879764795303345,3.2960548400878906,-0.773205041885376,0.19593583047389984,283,343
0,1,0.32154586911201477,3.333932876586914,-0.7383648753166199,0.19593583047389984,307,345
0,2,0.32429414987564087,3.3720030784606934,-0.7000432014465332,0.19593583047389984,304,347
0,3,0.3270424008369446,3.4241156578063965,-0.5811843276023865,0.19593583047389984,263,360
 , , , , , , , 
0,0,0.31604939699172974,3.277214288711548,-0.7245163917541504,0.09796791523694992,232,334
0,1,0.31879764795303345,3.3148560523986816,-0.6881515979766846,0.09796791523694992,302,337
0,2,0.32154586911201477,3.3484413623809814,-0.6695008873939514,0.09796791523694992,335,338
0,3,0.32429414987564087,3.3788020610809326,-0.6664540767669678,0.09796791523694992,334,343
0,4,0.3270424008369446,3.4049408435821533,-0.6846317648887634,0.09796791523694992,291,358
0,5,0.43972086906433105,3.487657308578491,-0.1325770765542984,-0.09796791523694992,291,348
0,6,0.44338521361351013,3.5161969661712646,-0.14682219922542572,-0.09796791523694992,292,359
0,7,0.5588119626045227,3.5298192501068115,-0.1368069350719452,-0.09796791523694992,261,370
 , , , , , , , 
0,0,0.31879764795303345,3.3496127128601074,-0.4918508529663086,0.09796791523694992,292,324
0,1,0.32154586911201477,3.385775566101074,-0.4436386823654175,0.09796791523694992,344,329
0,2,0.32429414987564087,3.4181406497955322,-0.4204519987106323,0.09796791523694992,367,332
0,3,0.3270424008369446,3.4495036602020264,-0.40406352281570435,0.09796791523694992,350,339
0,4,0.3297906517982483,3.4799740314483643,-0.3945920467376709,0.09796791523694992,280,362
0,5,-0.6925603747367859,3.628146171569824,-0.0022801775485277176,0.19593583047389984,227,504
0,6,-0.6980568766593933,3.656839609146118,0.027325516566634178,0.19593583047389984,241,501
0,7,0.44338521361351013,3.5134313106536865,-0.2024831473827362,-0.09796791523694992,260,378
 , , , , , , , 
0,0,0.31879764795303345,3.3764913082122803,-0.24724383652210236,0.09796791523694992,253,349
0,1,0.2143639177083969,3.41326904296875,-0.2594729959964752,0.09796791523694992,303,353
0,2,0.21619608998298645,3.443021059036255,-0.25396281480789185,0.09796791523694992,324,354
0,3,0.218028262257576,3.4718778133392334,-0.2604370713233948,0.09796791523694992,312,360
0,4,0.21986043453216553,3.4979686737060547,-0.3009324371814728,0.09796791523694992,257,381
0,5,-0.7035533785820007,3.685619354248047,-0.02937057614326477,0.19593583047389984,227,509
 , , , , , , , 
0,0,0.21253176033496857,3.387019634246826,-0.21536944806575775,0.09796791523694992,256,338
0,1,0.2143639177083969,3.4193551540374756,-0.16044162213802338,0.09796791523694992,331,341
0,2,0.21619608998298645,3.450375556945801,-0.11747314035892487,0.09796791523694992,368,346
0,3,0.218028262257576,3.4805548191070557,-0.08661141991615295,0.09796791523694992,372,351
0,4,0.21986043453216553,3.5103657245635986,-0.06065049767494202,0.09796791523694992,332,369
0,5,0.332538902759552,3.531221866607666,0.04098126292228699,0.09796791523694992,236,401
 , , , , , , , 
0,0,0.2143639177083969,3.380384683609009,-0.5391948223114014,0.09796791523694992,307,339
0,1,0.21619608998298645,3.417814254760742,-0.4872748553752899,0.09796791523694992,350,342
0,2,0.218028262257576,3.449641704559326,-0.470887154340744,0.09796791523694992,360,346
0,3,0.21986043453216553,3.475005626678467,-0.500680685043335,0.09796791523694992,323,359
0,4,-0.8208122849464417,3.6606128215789795,0.07630772143602371,0.09796791523694992,252,494
0,5,-0.8272249102592468,3.6899003982543945,0.02879340946674347,0.09796791523694992,242,495
0,6,0.0,3.563668727874756,-0.30145788192749023,-0.09796791523694992,231,370
0,7,0.0,3.594524621963501,-0.2838062047958374,-0.09796791523694992,229,396
 , , , , , , , 
0,0,0.10718195885419846,3.381852149963379,-0.5614903569221497,0.09796791523694992,246,342
0,1,0.21619608998298645,3.430191993713379,-0.3907349705696106,0.09796791523694992,324,341
0,2,0.218028262257576,3.459348440170288,-0.39328351616859436,0.09796791523694992,357,341
0,3,0.21986043453216553,3.487151861190796,-0.4075755774974823,0.09796791523694992,343,350
0,4,0.22169260680675507,3.5171780586242676,-0.4026166498661041,0.09796791523694992,277,369
 , , , , , , , 
0,0,0.21619608998298645,3.451533794403076,-0.07619720697402954,0.09796791523694992,308,344
0,1,0.218028262257576,3.475700855255127,-0.20314086973667145,0.09796791523694992,357,346
0,2,0.21986043453216553,3.5015227794647217,-0.2562898099422455,0.09796791523694992,371,349
0,3,0.22169260680675507,3.5293450355529785,-0.27634212374687195,0.09796791523694992,348,359
0,4,0.2235247790813446,3.5576364994049072,-0.2896052896976471,0.09796791523694992,281,387
0,5,-0.8079870939254761,3.600058078765869,0.17270807921886444,-0.19593583047389984,308,383
0,6,-0.8143997192382812,3.63077974319458,0.12123480439186096,-0.19593583047389984,359,386
0,7,-0.8208122849464417,3.6606860160827637,0.07271083444356918,-0.19593583047389984,366,394
0,8,-0.8272249102592468,3.6899776458740234,0.016070088371634483,-0.19593583047389984,333,408
0,9,-0.8336374759674072,3.7181925773620605,-0.056211207062006,-0.19593583047389984,253,434
 , , , , , , , 
0,0,0.2143639177083969,3.4212677478790283,-0.11250798404216766,0.09796791523694992,249,337
0,1,0.21619608998298645,3.449082374572754,-0.15073639154434204,0.09796791523694992,319,339
0,2,0.218028262257576,3.474088191986084,-0.22907274961471558,0.09796791523694992,360,340
0,3,0.21986043453216553,3.4966673851013184,-0.3156930208206177,0.09796791523694992,368,345
0,4,0.22169260680675507,3.5140395164489746,-0.4291483759880066,0.09796791523694992,334,360
0,5,0.2235247790813446,3.557337522506714,-0.29325565695762634,0.19593583047389984,284,385
0,6,0.22535695135593414,3.591033697128296,-0.23418684303760529,0.19593583047389984,228,421
0,7,-0.8015744686126709,3.5740420818328857,0.10532312840223312,-0.4898395836353302,348,339
0,8,-0.8079870939254761,3.6041722297668457,0.013746078126132488,-0.4898395836353302,400,343
0,9,-0.8143997192382812,3.6325485706329346,-0.0430108867585659,-0.4898395836353302,407,353
0,10,-0.8208122849464417,3.6604232788085938,-0.0849117562174797,-0.4898395836353302,377,369
0,11,-0.8272249102592468,3.68851900100708,-0.10498002916574478,-0.4898395836353302,291,400
0,12,-0.22718912363052368,3.6255781650543213,-0.1303139477968216,-0.09796791523694992,236,403
0,13,-0.22902128100395203,3.6563048362731934,-0.07983887940645218,-0.09796791523694992,240,432
 , , , , , , , 
0,0,0.10809804499149323,3.45379376411438,-0.15891793370246887,0.19593583047389984,291,357
0,1,0.109014131128788,3.482738494873047,-0.1671750694513321,0.19593583047389984,344,358
0,2,0.10993021726608276,3.5108284950256348,-0.19152486324310303,0.19593583047389984,363,359
0,3,0.11084630340337753,3.538022041320801,-0.22782069444656372,0.19593583047389984,352,362
0,4,0.2235247790813446,3.561941623687744,-0.2306932508945465,0.19593583047389984,299,386
0,5,0.22535695135593414,3.5925655364990234,-0.20938049256801605,0.19593583047389984,230,422
0,6,-0.7951619625091553,3.5461950302124023,0.07505760341882706,-0.6857753992080688,356,344
0,7,-0.8015744686126709,3.575575351715088,0.011373219080269337,-0.6857753992080688,396,350
0,8,-0.8079870939254761,3.604017734527588,-0.03609498217701912,-0.6857753992080688,399,359
0,9,-0.9307425022125244,3.6027421951293945,-0.12030380964279175,-0.6857753992080688,366,375
0,10,-0.9380711913108826,3.626760482788086,-0.21511319279670715,-0.6857753992080688,287,410
 , , , , , , , 
0,0,0.10809804499149323,3.4061834812164307,-0.5931782722473145,0.09796791523694992,282,336
0,1,0.109014131128788,3.4344069957733154,-0.601884126663208,0.09796791523694992,333,339
0,2,0.10993021726608276,3.4639463424682617,-0.6030548214912415,0.09796791523694992,352,341
0,3,0.11084630340337753,3.492668628692627,-0.6089070439338684,0.09796791523694992,341,346
0,4,0.0,3.5515637397766113,-0.42072129249572754,0.19593583047389984,280,374
0,5,-0.7887493371963501,3.518357276916504,-0.013747957535088062,-0.7837433218955994,347,349
0,6,-0.9087564945220947,3.518463134765625,-0.08940943330526352,-0.7837433218955994,367,355
0,7,-0.9160851240158081,3.544034004211426,-0.16733519732952118,-0.7837433218955994,346,371
0,8,-0.9234138131141663,3.563148260116577,-0.3071971833705902,-0.7837433218955994,301,390
0,9,-1.0470852851867676,3.539759874343872,-0.4839608371257782,-0.7837433218955994,228,428
 , , , , , , , 
0,0,0.10809804499149323,3.4397640228271484,-0.3492412865161896,0.19593583047389984,275,347
0,1,0.109014131128788,3.4663619995117188,-0.3764966130256653,0.19593583047389984,340,350
0,2,0.10993021726608276,3.4956676959991455,-0.3780301511287689,0.19593583047389984,377,353
0,3,0.11084630340337753,3.525056838989258,-0.37878116965293884,0.19593583047389984,379,361
0,4,0.1117623895406723,3.5539841651916504,-0.3838185966014862,0.19593583047389984,341,382
0,5,0.11267847567796707,3.583932638168335,-0.3793189525604248,0.19593583047389984,263,418
0,6,-1.005861520767212,3.4320335388183594,0.0010931583819910884,-0.6857753992080688,293,367
0,7,-0.9014278054237366,3.4911413192749023,0.022631723433732986,-0.6857753992080688,288,382
0,8,-0.9087564945220947,3.51713490486145,0.1316778063774109,-0.6857753992080688,239,405
 , , , , , , , 
0,0,0.109014131128788,3.4670662879943848,-0.36995571851730347,0.19593583047389984,274,345
0,1,0.0,3.4970037937164307,-0.38163992762565613,0.19593583047389984,333,346
0,2,0.0,3.525604486465454,-0.3897452652454376,0.19593583047389984,355,350
0,3,0.0,3.5528972148895264,-0.4093077480792999,0.19593583047389984,350,356
0,4,0.0,3.577909469604492,-0.44689667224884033,0.19593583047389984,308,378
0,5,0.0,3.600957155227661,-0.49650999903678894,0.19593583047389984,248,412
0,6,-0.8647843599319458,3.3246042728424072,0.4059379994869232,-0.6857753992080688,238,346
0,7,-0.7630988955497742,3.4011552333831787,0.13828144967556,-0.6857753992080688,326,348
0,8,-0.8794417381286621,3.4059367179870605,0.02935543842613697,-0.6857753992080688,371,355
0,9,-0.8867704272270203,3.434134006500244,-0.0463697649538517,-0.6857753992080688,373,370
0,10,-0.8940991163253784,3.460860013961792,-0.11681172996759415,-0.6857753992080688,337,393
0,11,-0.9014278054237366,3.4831223487854004,-0.23756900429725647,-0.6857753992080688,264,425
 , , , , , , , 
0,0,0.109014131128788,3.4231605529785156,-0.6628630757331848,0.19593583047389984,246,339
0,1,0.10993021726608276,3.4689154624938965,-0.5737816691398621,0.19593583047389984,318,338
0,2,0.11084630340337753,3.4970853328704834,-0.5830063819885254,0.19593583047389984,348,340
0,3,0.1117623895406723,3.509842872619629,-0.6775858998298645,0.19593583047389984,338,347
0,4,0.11267847567796707,3.465466022491455,-0.9894453883171082,0.19593583047389984,281,363
0,5,-1.048917531967163,6.611809730529785,-0.4990791380405426,0.5878074765205383,225,352
0,6,-1.0534979104995728,6.643797397613525,-0.45812323689460754,0.5878074765205383,251,359
0,7,-1.0580782890319824,6.672237396240234,-0.4665335714817047,0.5878074765205383,235,371
0,8,-0.9563929438591003,3.262726068496704,0.05820418894290924,-0.5878074765205383,229,345
0,9,-1.071819543838501,3.237426996231079,0.3659954071044922,-0.5878074765205383,258,347
0,10,-0.8647843599319458,3.3436098098754883,0.19507072865962982,-0.5878074765205383,306,351
0,11,-0.872113049030304,3.376142978668213,0.10186237096786499,-0.5878074765205383,322,371
0,12,-0.8794417381286621,3.4059736728668213,0.024694694206118584,-0.5878074765205383,300,396
0,13,-0.8867704272270203,3.4341518878936768,-0.04502948746085167,-0.5878074765205383,235,425
 , , , , , , , 
0,0,0.0,3.4622161388397217,-0.6226910352706909,0.19593583047389984,275,331
0,1,0.0,3.513876438140869,-0.484211266040802,0.19593583047389984,338,334
0,2,0.0,3.5456440448760986,-0.46799418330192566,0.19593583047389984,368,339
0,3,0.0,3.573591470718384,-0.48020559549331665,0.19593583047389984,359,353
0,4,0.0,3.605921745300293,-0.4590665400028229,0.19593583047389984,312,377
0,5,0.0,3.6549665927886963,-0.26193520426750183,0.19593583047389984,232,412
0,6,-0.8427983522415161,3.2616419792175293,-0.12777918577194214,-0.3918716609477997,241,337
0,7,-0.8501270413398743,3.2924790382385254,0.01790664903819561,-0.3918716609477997,228,338
0,8,-0.8574556708335876,3.3175771236419678,0.14877758920192719,-0.3918716609477997,283,345
0,9,-0.8647843599319458,3.3490793704986572,0.03803018853068352,-0.3918716609477997,310,365
0,10,-0.872113049030304,3.37740159034729,-0.043318554759025574,-0.3918716609477997,286,397
0,11,-0.835469663143158,3.2301764488220215,0.19000904262065887,-0.29390373826026917,245,334
0,12,-0.7438611388206482,3.312678098678589,0.19049693644046783,-0.19593583047389984,256,351
0,13,-0.7502737045288086,3.3410444259643555,0.19543242454528809,-0.19593583047389984,299,352
0,14,-0.7566863298416138,3.368457555770874,0.2157561331987381,-0.19593583047389984,286,365
 , , , , , , , 
0,0,0.0,3.5466740131378174,-0.05377863720059395,0.19593583047389984,277,349
0,1,0.0,3.573655843734741,-0.13998152315616608,0.19593583047389984,311,358
0,2,0.0,3.5970561504364014,-0.24968221783638,0.19593583047389984,314,369
0,3,0.0,3.6142518520355225,-0.3880688548088074,0.19593583047389984,283,385
0,4,0.0,3.6241142749786377,-0.5414677858352661,0.19593583047389984,228,413
0,5,-0.835469663143158,3.2353243827819824,-0.05309922248125076,-0.29390373826026917,284,331
0,6,-0.8427983522415161,3.262598991394043,0.10041775554418564,-0.29390373826026917,292,331
0,7,-0.8281409740447998,3.2012364864349365,0.19836294651031494,-0.19593583047389984,251,336
0,8,-0.8501270413398743,3.2871439456939697,0.18821294605731964,-0.19593583047389984,356,342
0,9,-0.8574556708335876,3.318129301071167,0.13590659201145172,-0.19593583047389984,376,365
0,10,-0.8647843599319458,3.3473517894744873,0.11408332735300064,-0.19593583047389984,352,397
0,11,-0.9811272025108337,3.3465371131896973,0.08589044958353043,-0.19593583047389984,297,430
 , , , , , , , 
0,0,0.0,3.522691011428833,-0.4152553081512451,0.19593583047389984,242,364
0,1,0.0,3.5565555095672607,-0.3761965036392212,0.19593583047389984,281,379
0,2,0.0,3.585383176803589,-0.38233545422554016,0.19593583047389984,286,394
0,3,0.0,3.6110455989837646,-0.4168488681316376,0.19593583047389984,279,399
0,4,0.0,3.6352834701538086,-0.46054813265800476,0.19593583047389984,249,419
0,5,-0.8208122849464417,3.1787610054016113,0.03835049644112587,-0.19593583047389984,243,337
0,6,-0.8281409740447998,3.2072818279266357,0.024609409272670746,-0.19593583047389984,296,337
0,7,-0.835469663143158,3.234715223312378,0.08222071826457977,-0.19593583047389984,319,338
0,8,-0.8427983522415161,3.260737895965576,0.1490800827741623,-0.19593583047389984,340,345
0,9,-0.8501270413398743,3.291229724884033,0.09245097637176514,-0.19593583047389984,357,362
0,10,-0.8574556708335876,3.3208916187286377,0.011476872488856316,-0.19593583047389984,347,391
0,11,-0.8647843599319458,3.3489584922790527,-0.04748987779021263,-0.19593583047389984,299,430
 , , , , , , , 
0,0,-0.8208122849464417,3.1789605617523193,0.014202491380274296,-0.19593583047389984,251,341
0,1,-0.8281409740447998,3.2067582607269287,0.06295911967754364,-0.19593583047389984,290,341
0,2,-0.7310359477996826,3.2541956901550293,0.20964276790618896,-0.19593583047389984,322,341
0,3,-0.8427983522415161,3.2600209712982178,0.164012610912323,-0.19593583047389984,364,345
0,4,-0.8501270413398743,3.29170298576355,0.07369381189346313,-0.19593583047389984,380,367
0,5,-0.8574556708335876,3.3209104537963867,0.0026566272135823965,-0.19593583047389984,361,398
0,6,-0.8647843599319458,3.3490536212921143,-0.040233924984931946,-0.19593583047389984,311,435
0,7,-0.9811272025108337,3.3467538356781006,-0.07699278742074966,-0.19593583047389984,228,478
 , , , , , , , 
0,0,-0.8134835958480835,3.146430492401123,0.1622018814086914,-0.19593583047389984,232,348
0,1,-0.8208122849464417,3.176910161972046,0.1150401383638382,-0.19593583047389984,297,343
0,2,-0.8281409740447998,3.206847667694092,0.05821708217263222,-0.19593583047389984,311,341
0,3,-0.7374485731124878,3.2888245582580566,0.06890855729579926,-0.19593583047389984,373,361
0,4,-0.8501270413398743,3.2924985885620117,-0.013894927687942982,-0.19593583047389984,381,390
0,5,-0.8574556708335876,3.3205604553222656,-0.04827417805790901,-0.19593583047389984,346,426
0,6,-0.8647843599319458,3.348949909210205,-0.04810314252972603,-0.19593583047389984,277,464
0,7,-0.7310359477996826,3.2244296073913574,0.4866143465042114,-0.09796791523694992,296,341
 , , , , , , , 
0,0,-0.8134835958480835,3.1505894660949707,0.010977847501635551,-0.19593583047389984,301,341
0,1,-0.8208122849464417,3.1787896156311035,-0.035908881574869156,-0.19593583047389984,347,338
0,2,-0.8281409740447998,3.206740617752075,-0.06384174525737762,-0.19593583047389984,347,344
0,3,-0.835469663143158,3.233919382095337,-0.10913211107254028,-0.19593583047389984,292,351
0,4,-0.7374485731124878,3.2665114402770996,0.3886103332042694,-0.09796791523694992,246,379
0,5,-0.8501270413398743,3.2885868549346924,0.16104361414909363,-0.09796791523694992,269,416
0,6,-0.8574556708335876,3.318385601043701,0.12949548661708832,-0.09796791523694992,229,457
 , , , , , , , 
0,0,0.11267847567796707,3.5552761554718018,-0.590312659740448,0.19593583047389984,251,366
0,1,-0.8134835958480835,3.1503970623016357,0.03649648651480675,-0.09796791523694992,252,343
0,2,-0.8208122849464417,3.178847551345825,0.030334264039993286,-0.09796791523694992,291,343
0,3,-0.7246233224868774,3.231274127960205,0.08287809789180756,-0.09796791523694992,312,343
0,4,-0.7310359477996826,3.2599360942840576,0.08096961677074432,-0.09796791523694992,352,343
0,5,-0.7374485731124878,3.2892847061157227,0.04148901626467705,-0.09796791523694992,362,364
0,6,-0.7438611388206482,3.3181464672088623,0.0055307988077402115,-0.09796791523694992,333,397
0,7,-0.7502737045288086,3.3466408252716064,-0.02770162746310234,-0.09796791523694992,267,433
 , , , , , , , 
0,0,0.2235247790813446,3.468498468399048,-0.8427136540412903,0.29390373826026917,232,365
0,1,0.22535695135593414,3.5155704021453857,-0.7688512206077576,0.29390373826026917,279,368
0,2,0.22718912363052368,3.5516786575317383,-0.7398498058319092,0.29390373826026917,293,370
0,3,0.22902128100395203,3.5835957527160645,-0.7299180626869202,0.29390373826026917,269,377
0,4,-0.8134835958480835,3.150237798690796,0.048313915729522705,-0.09796791523694992,290,343
0,5,-0.718210756778717,3.2033190727233887,0.051431138068437576,-0.09796791523694992,317,343
0,6,-0.8281409740447998,3.2061336040496826,0.0892743468284607,-0.09796791523694992,310,345
0,7,-0.7310359477996826,3.2596395015716553,0.09214332699775696,-0.09796791523694992,323,356
0,8,-0.7374485731124878,3.289391279220581,0.031949155032634735,-0.09796791523694992,325,383
0,9,-0.7438611388206482,3.3181307315826416,-0.011613315902650356,-0.09796791523694992,288,419
 , , , , , , , 
0,0,0.3352871537208557,3.469345808029175,-0.8011454939842224,0.29390373826026917,234,396
0,1,0.22535695135593414,3.521118402481079,-0.7430294752120972,0.29390373826026917,298,410
0,2,0.22718912363052368,3.558887481689453,-0.7043570876121521,0.29390373826026917,325,423
0,3,0.22902128100395203,3.590045928955078,-0.6975026726722717,0.29390373826026917,317,438
0,4,0.23085345327854156,3.6150684356689453,-0.7218561768531799,0.29390373826026917,276,456
0,5,-0.7310359477996826,3.2599191665649414,-0.08164839446544647,-0.09796791523694992,256,350
0,6,-0.7374485731124878,3.286262273788452,-0.14695635437965393,-0.09796791523694992,277,358
0,7,-0.7438611388206482,3.3124871253967285,-0.19379116594791412,-0.09796791523694992,257,374
 , , , , , , , 
0,0,-0.6266022324562073,3.2776527404785156,-0.18031755089759827,-0.09796791523694992,255,341
0,1,-0.6320987939834595,3.3037593364715576,-0.22487904131412506,-0.09796791523694992,258,348
 , , , , , , , 
0,0,-0.6266022324562073,3.2797179222106934,-0.1377428025007248,-0.09796791523694992,259,343
0,1,-0.5267489552497864,3.3278250694274902,-0.11428306996822357,-0.09796791523694992,261,345
0,2,-0.5313293933868408,3.358264923095703,-0.05659285560250282,-0.09796791523694992,233,352
 , , , , , , , 
0,0,-0.5084272623062134,3.211132287979126,0.1349821537733078,-0.09796791523694992,265,342
0,1,-0.5130077004432678,3.241364002227783,0.10053975880146027,-0.09796791523694992,278,343
0,2,-0.4140704870223999,3.2827625274658203,0.1584145873785019,-0.09796791523694992,279,341
0,3,-0.5221685171127319,3.3005547523498535,0.0427834652364254,-0.09796791523694992,326,352
0,4,-0.5267489552497864,3.3297433853149414,-0.017008893191814423,-0.09796791523694992,321,381
0,5,-0.5313293933868408,3.358248472213745,-0.057550858706235886,-0.09796791523694992,277,416
 , , , , , , , 
0,0,-0.5038468241691589,3.182370185852051,0.1297282874584198,-0.19593583047389984,303,333
0,1,-0.5084272623062134,3.2128329277038574,0.08541375398635864,-0.19593583047389984,343,332
0,2,-0.5130077004432678,3.2421891689300537,0.06898022443056107,-0.19593583047389984,349,330
0,3,-0.5175881385803223,3.2702996730804443,0.10159309953451157,-0.19593583047389984,331,337
0,4,-0.417734831571579,3.3155274391174316,0.030473042279481888,-0.19593583047389984,333,363
0,5,-0.42139917612075806,3.344752073287964,0.0012802246492356062,-0.19593583047389984,304,401
0,6,-0.42506352066993713,3.3738250732421875,-0.00894244760274887,-0.19593583047389984,236,447
 , , , , , , , 
0,0,0.5908749103546143,3.6434686183929443,-0.8224945068359375,0.29390373826026917,239,373
0,1,0.2235247790813446,3.447852849960327,-0.9235579967498779,-0.7837433218955994,240,345
0,2,0.22535695135593414,3.475160598754883,-0.9346796870231628,-0.7837433218955994,263,342
0,3,0.22718912363052368,3.498436689376831,-0.960594117641449,-0.7837433218955994,256,340
0,4,0.3352871537208557,3.435258626937866,-0.9365852475166321,-0.5878074765205383,255,345
0,5,0.3380354344844818,3.4667952060699463,-0.9317811131477356,-0.5878074765205383,260,344
0,6,-0.40674179792404175,3.2270801067352295,0.0927555039525032,-0.19593583047389984,227,344
 , , , , , , , 
0,0,-0.40307745337486267,3.1989212036132812,-0.05101504549384117,-0.19593583047389984,262,332
0,1,-0.40674179792404175,3.2261595726013184,0.12060286849737167,-0.09796791523694992,283,341
0,2,-0.4104061424732208,3.2570858001708984,0.05181601271033287,-0.09796791523694992,337,342
0,3,-0.4140704870223999,3.2865381240844727,0.017097361385822296,-0.09796791523694992,369,356
0,4,-0.417734831571579,3.3156626224517822,-0.005596972536295652,-0.09796791523694992,363,380
0,5,-0.42139917612075806,3.3446004390716553,-0.03186609596014023,-0.09796791523694992,321,411
0,6,-0.42506352066993713,3.372922897338867,-0.0785307064652443,-0.09796791523694992,240,448
 , , , , , , , 
0,0,-0.296811580657959,3.1518352031707764,0.03648463264107704,-0.19593583047389984,258,342
0,1,-0.2995598614215851,3.1812171936035156,0.00974139291793108,-0.19593583047389984,327,341
0,2,-0.3023080825805664,3.210404634475708,-0.009096636436879635,-0.19593583047389984,359,338
0,3,-0.3050563335418701,3.2392680644989014,-0.04660777002573013,-0.19593583047389984,357,338
0,4,-0.2052030712366104,3.275801420211792,-0.08210504800081253,-0.19593583047389984,348,353
0,5,-0.3105528652667999,3.2978246212005615,-0.03145045042037964,-0.19593583047389984,348,389
0,6,-0.31330111622810364,3.326897382736206,-0.041821546852588654,-0.19593583047389984,315,430
0,7,-0.31604939699172974,3.355940818786621,-0.05215103551745415,-0.19593583047389984,249,474
 , , , , , , , 
0,0,0.5542315244674683,3.4118337631225586,-0.7962453961372375,0.19593583047389984,249,423
0,1,-0.296811580657959,3.1513335704803467,-0.06703869998455048,-0.19593583047389984,294,334
0,2,-0.2995598614215851,3.1805105209350586,-0.06775789707899094,-0.19593583047389984,345,335
0,3,-0.3023080825805664,3.2091152667999268,-0.09143207967281342,-0.19593583047389984,363,337
0,4,-0.3050563335418701,3.2346725463867188,-0.17867092788219452,-0.19593583047389984,368,344
0,5,-0.2052030712366104,3.2721290588378906,-0.1754661500453949,-0.19593583047389984,383,367
0,6,-0.20703524351119995,3.301252841949463,-0.17873214185237885,-0.19593583047389984,367,405
0,7,-0.2088674157857895,3.329594135284424,-0.19578155875205994,-0.19593583047389984,318,447
0,8,-0.21069958806037903,3.3562138080596924,-0.23744232952594757,-0.19593583047389984,233,492
0,9,0.4507139027118683,3.5736215114593506,-0.16504210233688354,-0.09796791523694992,263,500
0,10,0.45437824726104736,3.6013851165771484,-0.1923016607761383,-0.09796791523694992,290,488
0,11,0.45804256200790405,3.6295604705810547,-0.20947317779064178,-0.09796791523694992,280,485
0,12,0.46170690655708313,3.658078193664551,-0.21995703876018524,-0.09796791523694992,246,479
 , , , , , , , 
0,0,-0.20337089896202087,3.2458314895629883,-0.10633149743080139,-0.19593583047389984,377,365
0,1,-0.2052030712366104,3.275751829147339,-0.08405830711126328,-0.19593583047389984,393,392
0,2,-0.20703524351119995,3.304778575897217,-0.09302634745836258,-0.19593583047389984,375,427
0,3,-0.10443370789289474,3.338402509689331,-0.11097098886966705,-0.19593583047389984,320,468
0,4,-0.10534979403018951,3.367385149002075,-0.12068217992782593,-0.19593583047389984,230,511
0,5,-0.2940633296966553,3.1225521564483643,-0.04391109570860863,-0.09796791523694992,239,340
0,6,-0.296811580657959,3.152042865753174,-0.004767254460602999,-0.09796791523694992,322,339
0,7,-0.2995598614215851,3.1812191009521484,-0.009092399850487709,-0.09796791523694992,360,340
0,8,-0.3023080825805664,3.2104175090789795,-0.001176722813397646,-0.09796791523694992,369,344
 , , , , , , , 
0,0,-0.19787439703941345,3.1585047245025635,-0.09048975259065628,-0.29390373826026917,256,366
0,1,-0.199706569314003,3.186905860900879,-0.11714138835668564,-0.29390373826026917,284,364
0,2,-0.10076936334371567,3.2195887565612793,-0.14921289682388306,-0.29390373826026917,309,365
0,3,-0.10168544948101044,3.2486066818237305,-0.15589751303195953,-0.29390373826026917,336,377
0,4,-0.1026015356183052,3.27866530418396,-0.1398295909166336,-0.29390373826026917,336,401
0,5,-0.10351762175559998,3.3083910942077637,-0.13004957139492035,-0.29390373826026917,298,434
0,6,0.0,3.3414089679718018,-0.05603070929646492,-0.29390373826026917,226,470
 , , , , , , , 
0,0,-0.2052030712366104,3.208440065383911,0.6659796833992004,0.0,297,346
0,1,-0.0998532846570015,3.1912639141082764,-0.125848188996315,-0.3918716609477997,289,352
0,2,-0.09893719851970673,3.1640124320983887,0.052261967211961746,-0.29390373826026917,248,348
0,3,-0.10076936334371567,3.2221522331237793,0.07583798468112946,-0.29390373826026917,365,354
0,4,-0.10168544948101044,3.2514891624450684,0.07461873441934586,-0.29390373826026917,392,374
0,5,-0.1026015356183052,3.280895471572876,0.07016520202159882,-0.29390373826026917,378,401
0,6,-0.10351762175559998,3.3104135990142822,0.05938463658094406,-0.29390373826026917,327,433
0,7,-0.10443370789289474,3.3399438858032227,0.04494926705956459,-0.29390373826026917,238,469
 , , , , , , , 
0,0,-0.10076936334371567,3.1837432384490967,0.5017926692962646,0.0,295,319
0,1,-0.10168544948101044,3.2126078605651855,0.5068524479866028,0.0,310,324
0,2,-0.1026015356183052,3.244778871536255,0.49051961302757263,0.0,288,337
0,3,-0.2052030712366104,3.234711170196533,-0.5236989259719849,-0.3918716609477997,272,416
0,4,-0.09710502624511719,3.105714797973633,-0.028236350044608116,-0.29390373826026917,248,342
0,5,-0.09802111238241196,3.135038137435913,-0.025701232254505157,-0.29390373826026917,290,340
0,6,-0.09893719851970673,3.1611483097076416,-0.14438585937023163,-0.29390373826026917,290,341
0,7,0.0998532846570015,3.18454647064209,-0.24221357703208923,-0.29390373826026917,305,348
0,8,0.10076936334371567,3.2161550521850586,-0.2106267511844635,-0.29390373826026917,336,367
0,9,0.10168544948101044,3.2521088123321533,0.039215054363012314,-0.19593583047389984,326,387
0,10,0.1026015356183052,3.281642436981201,0.004665698856115341,-0.19593583047389984,276,418
 , , , , , , , 
0,0,-0.09802111238241196,3.1106739044189453,0.39093828201293945,0.0,226,320
0,1,0.0,3.1611430644989014,0.6366679668426514,0.0,251,343
0,2,0.0,3.197894334793091,0.6012991070747375,0.0,230,369
0,3,-0.09618894010782242,3.066885232925415,-0.24357753992080688,-0.29390373826026917,259,344
0,4,0.0,3.1018123626708984,-0.18561017513275146,-0.29390373826026917,321,343
0,5,0.0,3.1307990550994873,-0.19191361963748932,-0.29390373826026917,343,343
0,6,0.0,3.1587226390838623,-0.2143969088792801,-0.29390373826026917,324,348
0,7,0.199706569314003,3.1889617443084717,0.024810634553432465,-0.29390373826026917,314,366
0,8,0.10076936334371567,3.22304105758667,0.004805902950465679,-0.29390373826026917,325,397
0,9,0.10168544948101044,3.252331018447876,-0.009611242450773716,-0.29390373826026917,288,438
 , , , , , , , 
0,0,0.0,3.0759992599487305,-0.11223310977220535,-0.09796791523694992,277,345
0,1,0.0,3.106593132019043,-0.06906934082508087,-0.09796791523694992,324,346
0,2,0.0,3.1360132694244385,-0.0644523948431015,-0.09796791523694992,325,348
0,3,0.0,3.155116558074951,-0.2621725797653198,-0.09796791523694992,386,353
0,4,0.0,3.188930034637451,-0.20174264907836914,-0.09796791523694992,431,375
0,5,0.0,3.2192273139953613,-0.1864069104194641,-0.09796791523694992,421,409
0,6,0.0,3.24778151512146,-0.2000119835138321,-0.09796791523694992,371,451
0,7,0.1026015356183052,3.2752914428710938,-0.2041195034980774,-0.09796791523694992,289,490
 , , , , , , , 
0,0,0.09893719851970673,3.1596546173095703,0.17403824627399445,0.09796791523694992,229,337
0,1,0.0998532846570015,3.1930954456329346,0.06438783556222916,0.09796791523694992,289,345
0,2,0.20153872668743134,3.2183022499084473,-0.009146923199295998,0.09796791523694992,287,369
0,3,0.09893719851970673,3.148516893386841,-0.31709086894989014,-0.09796791523694992,291,335
0,4,0.0998532846570015,3.180224657058716,-0.29355400800704956,-0.09796791523694992,352,337
0,5,0.10076936334371567,3.2098326683044434,-0.2915310561656952,-0.09796791523694992,363,348
0,6,0.10168544948101044,3.2380735874176025,-0.30434975028038025,-0.09796791523694992,334,365
0,7,0.1026015356183052,3.2643957138061523,-0.3360346555709839,-0.09796791523694992,269,386
 , , , , , , , 
0,0,0.19237788021564484,3.065072774887085,-0.20661169290542603,0.09796791523694992,314,326
0,1,0.19421005249023438,3.0944876670837402,-0.20523199439048767,0.09796791523694992,358,327
0,2,0.1960422247648239,3.122361898422241,-0.22617824375629425,0.09796791523694992,374,329
0,3,0.19787439703941345,3.1532325744628906,-0.2036294937133789,0.09796791523694992,390,337
0,4,0.199706569314003,3.185133934020996,-0.158155158162117,0.09796791523694992,401,365
0,5,0.20153872668743134,3.214979410171509,-0.1464981883764267,0.09796791523694992,382,404
0,6,0.20337089896202087,3.243290424346924,-0.16672281920909882,0.09796791523694992,328,450
0,7,0.2052030712366104,3.269166946411133,-0.22397108376026154,0.09796791523694992,237,498
 , , , , , , , 
0,0,0.09710502624511719,3.1033878326416016,-0.12347480654716492,0.3918716609477997,295,348
0,1,0.09802111238241196,3.1298317909240723,-0.18242321908473969,0.3918716609477997,327,349
0,2,0.19787439703941345,3.1546552181243896,-0.18025363981723785,0.3918716609477997,369,350
0,3,0.199706569314003,3.187556743621826,-0.09784536808729172,0.3918716609477997,446,356
0,4,0.20153872668743134,3.217151403427124,-0.08654488623142242,0.3918716609477997,466,381
0,5,0.20337089896202087,3.2461321353912354,-0.09671975672245026,0.3918716609477997,443,417
0,6,0.2052030712366104,3.2744600772857666,-0.12461087852716446,0.3918716609477997,378,460
0,7,0.20703524351119995,3.3012263774871826,-0.1792234182357788,0.3918716609477997,279,506
 , , , , , , , 
0,0,0.1960422247648239,3.129124164581299,-0.09425312280654907,0.4898395836353302,241,347
0,1,0.19787439703941345,3.1579926013946533,-0.10688164085149765,0.4898395836353302,269,352
0,2,0.2995598614215851,3.1798505783081055,-0.0937454104423523,0.4898395836353302,309,356
0,3,0.3023080825805664,3.208224296569824,-0.11865226179361343,0.4898395836353302,371,364
0,4,0.20337089896202087,3.244292974472046,-0.14591723680496216,0.4898395836353302,396,385
0,5,0.2052030712366104,3.2725777626037598,-0.1668851673603058,0.4898395836353302,379,413
0,6,0.20703524351119995,3.299779176712036,-0.20414231717586517,0.4898395836353302,326,448
0,7,0.31330111622810364,3.318425416946411,-0.24092945456504822,0.4898395836353302,235,487
 , , , , , , , 
0,0,0.19787439703941345,3.1546175479888916,-0.18091298639774323,0.5878074765205383,276,350
0,1,0.199706569314003,3.183595895767212,-0.18656891584396362,0.5878074765205383,322,350
0,2,0.20153872668743134,3.2116312980651855,-0.20730940997600555,0.5878074765205383,330,348
0,3,0.20337089896202087,3.2420449256896973,-0.18940655887126923,0.5878074765205383,295,352
0,4,0.2052030712366104,3.2751107215881348,-0.10614579916000366,0.5878074765205383,323,377
0,5,0.20703524351119995,3.3030776977539062,-0.14104430377483368,0.5878074765205383,317,411
0,6,0.2088674157857895,3.330446720123291,-0.1806991547346115,0.5878074765205383,269,451
 , , , , , , , 
0,0,0.20153872668743134,3.2155089378356934,-0.13437117636203766,0.6857753992080688,274,348
0,1,0.20337089896202087,3.2455899715423584,-0.11346712708473206,0.6857753992080688,311,343
0,2,0.2052030712366104,3.276395559310913,-0.05336979776620865,0.6857753992080688,298,341
0,3,0.3105528652667999,3.297952651977539,0.012029106728732586,0.6857753992080688,331,346
0,4,0.2088674157857895,3.334801435470581,-0.060214050114154816,0.6857753992080688,357,370
0,5,0.21069958806037903,3.3633391857147217,-0.0921955555677414,0.6857753992080688,331,404
0,6,0.21253176033496857,3.3909058570861816,-0.1415698230266571,0.6857753992080688,262,446
 , , , , , , , 
0,0,1.2092323303222656,3.2799313068389893,-0.39305418729782104,0.09796791523694992,247,385
0,1,1.2193093299865723,3.317209482192993,-0.30198511481285095,0.09796791523694992,238,405
0,2,0.3078046143054962,3.2687888145446777,-0.001037730136886239,0.6857753992080688,271,341
0,3,0.20703524351119995,3.303041934967041,0.14188040792942047,0.6857753992080688,284,345
0,4,0.31330111622810364,3.323054075241089,0.1652471125125885,0.6857753992080688,327,348
0,5,0.31604939699172974,3.356238842010498,0.02683963254094124,0.6857753992080688,373,362
0,6,0.31879764795303345,3.3853776454925537,-0.03226545453071594,0.6857753992080688,369,389
0,7,0.32154586911201477,3.4135661125183105,-0.08864599466323853,0.6857753992080688,325,422
0,8,0.32429414987564087,3.4395318031311035,-0.17345061898231506,0.6857753992080688,244,459
 , , , , , , , 
0,0,1.2092323303222656,3.287338972091675,-0.32533717155456543,0.09796791523694992,278,366
0,1,1.2193093299865723,3.313654899597168,-0.33876973390579224,0.09796791523694992,289,376
0,2,1.229386329650879,3.343196392059326,-0.31977951526641846,0.09796791523694992,277,385
0,3,1.239463210105896,3.3775405883789062,-0.23896238207817078,0.09796791523694992,242,404
0,4,0.3105528652667999,3.2975072860717773,-0.055514272302389145,0.5878074765205383,271,339
0,5,0.31330111622810364,3.3263535499572754,-0.07325512915849686,0.5878074765205383,296,344
0,6,0.42139917612075806,3.34269118309021,-0.11740764230489731,0.5878074765205383,293,348
0,7,0.42506352066993713,3.3737311363220215,-0.026728922501206398,0.5878074765205383,371,354
0,8,0.32154586911201477,3.4145801067352295,-0.0305514894425869,0.5878074765205383,393,380
0,9,0.32429414987564087,3.4433646202087402,-0.06086980178952217,0.5878074765205383,366,414
0,10,0.3270424008369446,3.4712324142456055,-0.11352609097957611,0.5878074765205383,304,450
 , , , , , , , 
0,0,1.330155611038208,3.2432751655578613,-0.5418875217437744,0.09796791523694992,284,367
0,1,1.3411486148834229,3.2912349700927734,-0.39962995052337646,0.09796791523694992,266,390
0,2,0.665077805519104,3.482964277267456,-0.09176485240459442,0.3918716609477997,290,417
0,3,0.6705743074417114,3.511423110961914,-0.10416491329669952,0.3918716609477997,245,457
0,4,0.42139917612075806,3.3426222801208496,-0.11935452371835709,0.4898395836353302,299,334
0,5,0.42506352066993713,3.373338460922241,-0.05800643190741539,0.4898395836353302,353,331
0,6,0.4287278354167938,3.402384042739868,-0.060489967465400696,0.4898395836353302,404,331
0,7,0.4323921799659729,3.430396556854248,-0.10511269420385361,0.4898395836353302,425,348
0,8,0.436056524515152,3.4572694301605225,-0.16260899603366852,0.4898395836353302,408,375
0,9,0.43972086906433105,3.4815871715545654,-0.24470488727092743,0.4898395836353302,348,412
0,10,0.417734831571579,3.314893960952759,0.07161916047334671,0.5878074765205383,236,342
 , , , , , , , 
0,0,0.42506352066993713,3.3698012828826904,-0.16497160494327545,0.3918716609477997,234,342
0,1,0.7887493371963501,3.517993450164795,-0.05243251472711563,0.3918716609477997,244,425
0,2,0.5404902100563049,3.41617751121521,-0.05686527490615845,0.4898395836353302,354,352
0,3,0.5450706481933594,3.4449450969696045,-0.06745719909667969,0.4898395836353302,400,364
0,4,0.5496510863304138,3.473240852355957,-0.0957384929060936,0.4898395836353302,396,386
0,5,0.5542315244674683,3.500896692276001,-0.13541863858699799,0.4898395836353302,355,413
0,6,0.5588119626045227,3.528339147567749,-0.17077042162418365,0.4898395836353302,296,424
0,7,0.32154586911201477,3.406308650970459,0.23948471248149872,0.5878074765205383,248,341
 , , , , , , , 
0,0,0.7887493371963501,3.517380475997925,-0.08403603732585907,0.29390373826026917,286,400
0,1,0.7951619625091553,3.5449790954589844,-0.11939064413309097,0.29390373826026917,250,423
0,2,0.4323921799659729,3.431905508041382,0.026326054707169533,0.4898395836353302,252,338
0,3,0.5450706481933594,3.445591449737549,0.00985681638121605,0.4898395836353302,306,341
0,4,0.5496510863304138,3.474461317062378,-0.026212453842163086,0.4898395836353302,348,349
0,5,0.5542315244674683,3.502974510192871,-0.06153292581439018,0.4898395836353302,350,369
0,6,0.5588119626045227,3.531035900115967,-0.10062966495752335,0.4898395836353302,316,395
0,7,1.417183756828308,3.1546568870544434,-0.45719805359840393,-0.09796791523694992,250,340
0,8,1.4290928840637207,3.170095443725586,-0.5318585634231567,-0.09796791523694992,288,340
 , , , , , , , 
0,0,0.5450706481933594,3.4446756839752197,-0.08003544807434082,0.29390373826026917,279,347
0,1,0.5496510863304138,3.473412036895752,-0.0893113985657692,0.29390373826026917,349,349
0,2,0.5542315244674683,3.501370429992676,-0.12256105244159698,0.29390373826026917,385,358
0,3,0.6705743074417114,3.509432554244995,-0.1575556844472885,0.29390373826026917,383,377
0,4,0.6760708689689636,3.53747296333313,-0.17425815761089325,0.29390373826026917,345,404
0,5,0.681567370891571,3.566382646560669,-0.17261072993278503,0.29390373826026917,272,439
 , , , , , , , 
0,0,1.2092323303222656,3.29079008102417,-0.28834372758865356,0.09796791523694992,232,345
0,1,0.7759241461753845,3.4609625339508057,-0.038328807801008224,0.09796791523694992,296,348
0,2,0.6705743074417114,3.5114903450012207,-0.10186675935983658,0.09796791523694992,314,358
0,3,0.6760708689689636,3.538877248764038,-0.14292895793914795,0.09796791523694992,292,371
0,4,0.681567370891571,3.5613017082214355,-0.25692540407180786,0.09796791523694992,254,392
0,5,1.5390230417251587,3.109616756439209,-0.5799789428710938,-0.09796791523694992,238,343
 , , , , , , , 
0,0,1.5390230417251587,3.1602954864501953,0.1364709585905075,-0.09796791523694992,249,354
0,1,0.6595813035964966,3.267277717590332,-1.1245150566101074,-0.09796791523694992,249,354
0,2,0.665077805519104,3.4254307746887207,-0.6370908617973328,-0.09796791523694992,311,353
0,3,0.5588119626045227,3.493408203125,-0.5238703489303589,-0.09796791523694992,326,358
0,4,0.4507139027118683,3.4800140857696533,-0.8291637897491455,-0.09796791523694992,288,375
0,5,1.363134741783142,3.3569159507751465,0.29392725229263306,-0.09796791523694992,264,402
 , , , , , , , 
0,0,0.9811272025108337,3.337880849838257,-0.25542083382606506,-0.19593583047389984,226,354
0,1,0.9893719553947449,3.3572640419006348,-0.3529949486255646,-0.19593583047389984,325,352
0,2,0.8867704272270203,3.4148495197296143,-0.36637386679649353,-0.19593583047389984,374,357
0,3,0.7823367118835449,3.4715752601623535,-0.35598650574684143,-0.19593583047389984,383,369
0,4,0.6760708689689636,3.5233588218688965,-0.3605882227420807,-0.19593583047389984,352,387
0,5,0.5679727792739868,3.555394172668457,-0.4999941289424896,-0.19593583047389984,275,415
 , , , , , , , 
0,0,0.6595813035964966,3.4436957836151123,0.28389522433280945,-0.29390373826026917,349,338
0,1,0.665077805519104,3.482609748840332,0.10435397922992706,-0.29390373826026917,391,339
0,2,0.7823367118835449,3.4897661209106445,0.00961121916770935,-0.29390373826026917,389,353
0,3,0.7887493371963501,3.5174448490142822,-0.08129699528217316,-0.29390373826026917,348,377
0,4,1.0223510265350342,3.4876480102539062,-0.06726451218128204,-0.29390373826026917,262,412
0,5,1.6352119445800781,3.0255558490753174,-0.5842879414558411,-0.19593583047389984,284,350
0,6,0.436056524515152,2.6629574298858643,2.2108395099639893,-0.19593583047389984,284,350
0,7,1.6626945734024048,3.12988543510437,-0.14509601891040802,-0.09796791523694992,361,335
 , , , , , , , 
0,0,0.8647843599319458,3.339568853378296,-0.2550676763057709,-0.3918716609477997,255,341
0,1,0.7630988955497742,3.3953371047973633,-0.24220992624759674,-0.29390373826026917,333,344
0,2,0.7695115208625793,3.430811882019043,-0.10984836518764496,-0.29390373826026917,375,353
0,3,0.7759241461753845,3.4602560997009277,-0.07974047213792801,-0.29390373826026917,380,368
0,4,0.8940991163253784,3.4621145725250244,-0.07042728364467621,-0.29390373826026917,353,387
0,5,0.9014278054237366,3.489363670349121,-0.11367814987897873,-0.29390373826026917,286,417
 , , , , , , , 
0,0,0.872113049030304,3.3751955032348633,-0.12950989603996277,-0.3918716609477997,346,350
0,1,0.8794417381286621,3.40169620513916,-0.17242470383644104,-0.3918716609477997,364,363
0,2,0.7759241461753845,3.4604594707489014,0.07036597281694412,-0.29390373826026917,363,373
0,3,0.8940991163253784,3.4627864360809326,-0.017549952492117882,-0.29390373826026917,322,401
0,4,1.014106273651123,3.4592669010162354,-0.07882856577634811,-0.29390373826026917,250,437
0,5,1.7149113416671753,2.9083352088928223,-0.6036136150360107,-0.19593583047389984,258,341
0,6,1.7295687198638916,2.9436800479888916,-0.5558523535728455,-0.19593583047389984,330,343
0,7,1.744226098060608,2.974205255508423,-0.5301676392555237,-0.19593583047389984,368,344
 , , , , , , , 
0,0,1.5005474090576172,3.0530307292938232,-0.43708547949790955,-0.29390373826026917,246,342
0,1,1.5133726596832275,3.0911147594451904,-0.3469066917896271,-0.29390373826026917,287,348
0,2,1.5261977910995483,3.1204934120178223,-0.32021912932395935,-0.29390373826026917,281,361
0,3,1.2092323303222656,3.298961639404297,-0.17115402221679688,-0.29390373826026917,242,375
0,4,1.1084630489349365,3.3381474018096924,-0.4581165611743927,-0.29390373826026917,235,395
 , , , , , , , 
0,0,0.8574556708335876,3.3206567764282227,-0.041114553809165955,-0.29390373826026917,306,348
0,1,0.8647843599319458,3.3481996059417725,-0.08566506206989288,-0.29390373826026917,355,355
0,2,0.872113049030304,3.374938726425171,-0.136036679148674,-0.29390373826026917,354,374
0,3,0.8794417381286621,3.400444507598877,-0.19555801153182983,-0.29390373826026917,326,395
0,4,0.8867704272270203,3.4242210388183594,-0.26483482122421265,-0.29390373826026917,268,420
 , , , , , , , 
0,0,0.9563929438591003,3.2622663974761963,-0.07991740852594376,-0.29390373826026917,268,333
0,1,0.9646376371383667,3.291287660598755,-0.024164246395230293,-0.29390373826026917,321,339
0,2,0.9728823900222778,3.319507360458374,-0.0013333209790289402,-0.29390373826026917,334,353
0,3,0.9811272025108337,3.34763765335083,0.003419798333197832,-0.29390373826026917,321,370
0,4,1.0993021726608276,3.3415777683258057,0.008739055134356022,-0.29390373826026917,282,392
0,5,1.7881982326507568,3.092482328414917,0.17178869247436523,-0.09796791523694992,226,407
 , , , , , , , 
0,0,0.8427983522415161,3.260246515274048,0.15946531295776367,-0.19593583047389984,250,335
0,1,0.8501270413398743,3.291030168533325,0.0992962121963501,-0.19593583047389984,317,337
0,2,0.9646376371383667,3.291368007659912,0.007370274048298597,-0.19593583047389984,363,341
0,3,0.9728823900222778,3.318969964981079,-0.05974481627345085,-0.19593583047389984,375,354
0,4,1.0901412963867188,3.312753200531006,-0.08097659796476364,-0.19593583047389984,356,377
0,5,1.2092323303222656,3.302889347076416,-0.057990625500679016,-0.19593583047389984,309,407
0,6,1.2193093299865723,3.3308653831481934,0.020237531512975693,-0.19593583047389984,230,449
 , , , , , , , 
0,0,1.8376667499542236,2.930633306503296,0.0008939993567764759,0.09796791523694992,248,345
0,1,1.8532402515411377,2.9530587196350098,-0.1193435788154602,0.09796791523694992,251,346
0,2,0.6540848016738892,6.9449028968811035,-0.13303472101688385,0.4898395836353302,231,363
0,3,0.9481481313705444,3.2351062297821045,0.006879589986056089,-0.19593583047389984,271,349
0,4,0.9563929438591003,3.2627575397491455,0.056402843445539474,-0.19593583047389984,329,354
0,5,1.071819543838501,3.256490468978882,0.10077469050884247,-0.19593583047389984,342,365
0,6,1.0809804201126099,3.283403158187866,0.1279681771993637,-0.19593583047389984,323,382
0,7,1.1991554498672485,3.272373676300049,0.15131306648254395,-0.19593583047389984,281,403
 , , , , , , , 
0,0,1.9457647800445557,2.8523125648498535,-0.2096300572156906,0.09796791523694992,299,341
0,1,1.9622544050216675,2.8707633018493652,-0.2785232365131378,0.09796791523694992,286,357
0,2,0.9399033784866333,3.204331874847412,0.13035550713539124,-0.19593583047389984,291,343
0,3,0.9481481313705444,3.2334704399108887,0.1030978113412857,-0.19593583047389984,366,342
0,4,1.0626587867736816,3.229490041732788,0.06786336749792099,-0.19593583047389984,402,349
0,5,1.071819543838501,3.2580275535583496,0.01193421334028244,-0.19593583047389984,396,367
0,6,1.0809804201126099,3.2852518558502197,-0.06506660580635071,-0.19593583047389984,355,393
0,7,1.1991554498672485,3.2748095989227295,-0.08335378021001816,-0.19593583047389984,288,431
0,8,1.4290928840637207,3.214092969894409,0.04454474523663521,-0.09796791523694992,255,437
 , , , , , , , 
0,0,1.9622544050216675,2.8476672172546387,-0.4578731656074524,0.09796791523694992,318,347
0,1,1.9787439107894897,2.889416217803955,-0.33246108889579773,0.09796791523694992,283,368
0,2,1.8843871355056763,2.9997246265411377,-0.18035146594047546,0.09796791523694992,238,395
0,3,0.8794417381286621,6.974121570587158,-0.2948623299598694,0.4898395836353302,231,371
0,4,0.8831060528755188,6.997952938079834,-0.4010717272758484,0.4898395836353302,232,367
0,5,1.071819543838501,3.2561490535736084,-0.1112653911113739,-0.19593583047389984,362,392
0,6,1.0809804201126099,3.282698631286621,-0.14492101967334747,-0.19593583047389984,304,419
0,7,0.9399033784866333,3.1982333660125732,0.2367236167192459,-0.09796791523694992,305,340
0,8,1.0534979104995728,3.1987740993499756,0.15143345296382904,-0.09796791523694992,373,347
0,9,1.0626587867736816,3.2280688285827637,0.11740423738956451,-0.09796791523694992,390,363
 , , , , , , , 
0,0,1.1386938095092773,3.110375165939331,0.04497041180729866,0.09796791523694992,235,336
0,1,1.158847689628601,3.1640844345092773,-0.10289511829614639,0.09796791523694992,247,347
0,2,1.1689246892929077,3.19328236579895,-0.004289087373763323,0.09796791523694992,273,369
0,3,1.1790015697479248,3.20566725730896,-0.3119853138923645,0.09796791523694992,247,397
0,4,1.9457647800445557,2.857954263687134,-0.10829639434814453,0.19593583047389984,250,399
0,5,1.9622544050216675,2.8767707347869873,-0.20748090744018555,0.19593583047389984,259,418
0,6,1.9787439107894897,2.899677038192749,-0.22611966729164124,0.19593583047389984,228,443
0,7,1.0626587867736816,3.2246546745300293,-0.18924547731876373,-0.09796791523694992,235,367
 , , , , , , , 
0,0,1.1286169290542603,3.077479839324951,0.18726208806037903,0.09796791523694992,280,338
0,1,1.0351762771606445,3.126128911972046,0.3588981628417969,0.09796791523694992,293,340
0,2,1.0443370342254639,3.16823673248291,0.1994694322347641,0.09796791523694992,341,341
0,3,1.158847689628601,3.164767265319824,0.07915843278169632,0.09796791523694992,390,352
0,4,1.1689246892929077,3.1927616596221924,0.05782933533191681,0.09796791523694992,389,378
0,5,1.1790015697479248,3.2208030223846436,0.008163168095052242,0.09796791523694992,346,414
0,6,1.189078450202942,3.2437942028045654,-0.17181889712810516,0.09796791523694992,270,454
 , , , , , , , 
0,0,1.1185399293899536,3.048353433609009,0.2109481394290924,0.19593583047389984,235,353
0,1,1.1286169290542603,3.078096628189087,0.17683443427085876,0.19593583047389984,303,353
0,2,1.1386938095092773,3.1030383110046387,0.21819563210010529,0.19593583047389984,336,354
0,3,1.148770809173584,3.1275475025177,0.25869816541671753,0.19593583047389984,356,356
0,4,1.158847689628601,3.1619701385498047,0.1547979712486267,0.19593583047389984,380,370
0,5,1.1689246892929077,3.19191312789917,0.09360215812921524,0.19593583047389984,381,399
0,6,1.1790015697479248,3.220000982284546,0.07233423739671707,0.19593583047389984,345,436
0,7,1.189078450202942,3.246950626373291,0.09505355358123779,0.19593583047389984,280,470
 , , , , , , , 
0,0,1.4290928840637207,3.2139992713928223,-0.0508594736456871,0.09796791523694992,227,464
0,1,1.1286169290542603,3.082606077194214,0.059067074209451675,0.19593583047389984,273,345
0,2,1.1386938095092773,3.1099984645843506,0.06607847660779953,0.19593583047389984,320,343
0,3,1.148770809173584,3.1356801986694336,0.126444011926651,0.19593583047389984,312,343
0,4,1.3695473670959473,3.059868335723877,-0.3556569516658783,0.19593583047389984,301,351
0,5,1.1689246892929077,3.193283796310425,0.003035362111404538,0.19593583047389984,378,373
0,6,1.1790015697479248,3.2208099365234375,-0.0045514716766774654,0.19593583047389984,372,406
0,7,1.189078450202942,3.2477970123291016,-0.05948391184210777,0.19593583047389984,321,446
0,8,1.1991554498672485,3.2728683948516846,-0.14020255208015442,0.19593583047389984,265,457
 , , , , , , , 
0,0,1.1386938095092773,3.1106274127960205,-0.02129397727549076,0.09796791523694992,264,345
0,1,1.148770809173584,3.138157606124878,-0.02108730375766754,0.09796791523694992,306,341
0,2,1.158847689628601,3.1657516956329346,0.0057795108295977116,0.09796791523694992,361,339
0,3,1.1689246892929077,3.1931722164154053,-0.02687569335103035,0.09796791523694992,403,348
0,4,1.1790015697479248,3.220003604888916,-0.07221361249685287,0.09796791523694992,403,375
0,5,1.189078450202942,3.244933843612671,-0.1487540304660797,0.09796791523694992,360,412
0,6,1.1991554498672485,3.275465726852417,-0.05146897956728935,0.19593583047389984,280,446
 , , , , , , , 
0,0,1.1386938095092773,3.110283851623535,0.050892267376184464,0.09796791523694992,227,344
0,1,1.2532044649124146,3.097175121307373,-0.07168135792016983,0.09796791523694992,271,344
0,2,1.3695473670959473,3.0387461185455322,-0.505280077457428,0.09796791523694992,290,343
0,3,1.1689246892929077,3.1924314498901367,-0.07384254038333893,0.09796791523694992,352,343
0,4,1.1790015697479248,3.220794200897217,0.011100747622549534,0.09796791523694992,385,362
0,5,1.189078450202942,3.2483415603637695,-0.001159248175099492,0.09796791523694992,370,390
0,6,1.1991554498672485,3.2754743099212646,-0.05092301964759827,0.09796791523694992,314,424
0,7,1.2092323303222656,3.2986435890197754,-0.17717772722244263,0.09796791523694992,255,423
0,8,2.0886740684509277,2.8037521839141846,-0.3887140154838562,-0.09796791523694992,297,361
0,9,2.1060798168182373,2.8294832706451416,-0.3744885325431824,-0.09796791523694992,274,378
0,10,2.1234853267669678,2.8663597106933594,-0.25574156641960144,-0.09796791523694992,235,397
 , , , , , , , 
0,0,1.148770809173584,3.136601448059082,0.10103893280029297,0.09796791523694992,261,326
0,1,1.264197587966919,3.0948119163513184,-0.43461427092552185,0.09796791523694992,233,328
0,2,1.0626587867736816,3.220783233642578,0.24651093780994415,0.09796791523694992,293,333
0,3,1.1790015697479248,3.215022325515747,0.19305384159088135,0.09796791523694992,341,349
0,4,1.189078450202942,3.245288848876953,0.14079928398132324,0.09796791523694992,333,374
0,5,1.1991554498672485,3.27486252784729,0.08124689012765884,0.09796791523694992,286,405
0,6,1.1689246892929077,3.19106388092041,-0.11908738315105438,-0.09796791523694992,231,340
0,7,2.1802825927734375,2.6818902492523193,-0.4723678231239319,-0.09796791523694992,292,368
0,8,2.0886740684509277,2.812620162963867,-0.3182656466960907,-0.09796791523694992,300,383
0,9,2.1060798168182373,2.8415122032165527,-0.26837682723999023,-0.09796791523694992,264,411
 , , , , , , , 
0,0,2.0538628101348877,2.760002374649048,-0.3600912094116211,-0.19593583047389984,235,346
0,1,2.0712685585021973,2.7978551387786865,-0.22616906464099884,-0.19593583047389984,258,350
0,2,1.9787439107894897,2.9053385257720947,-0.1351466029882431,-0.09796791523694992,256,379
0,3,1.995233416557312,2.923191785812378,-0.23618224263191223,-0.09796791523694992,261,394
 , , , , , , , 
0,0,1.148770809173584,3.1149563789367676,0.3814776539802551,-0.09796791523694992,251,346
0,1,1.0534979104995728,3.1840226650238037,0.34217962622642517,-0.09796791523694992,300,348
0,2,1.0626587867736816,3.2281153202056885,0.1161157637834549,-0.09796791523694992,374,347
0,3,1.1790015697479248,3.220364570617676,0.053768057376146317,-0.09796791523694992,398,362
0,4,1.0809804201126099,3.285541296005249,0.04827374964952469,-0.09796791523694992,380,388
0,5,1.0901412963867188,3.3134725093841553,0.04231714457273483,-0.09796791523694992,326,421
0,6,1.0993021726608276,3.341543674468994,0.017481522634625435,-0.09796791523694992,237,459
 , , , , , , , 
0,0,2.1060798168182373,2.798865795135498,-0.5590773224830627,-0.3918716609477997,248,375
0,1,2.0886740684509277,2.827033042907715,-0.1414540559053421,-0.29390373826026917,261,384
0,2,1.0351762771606445,3.1430206298828125,0.1513618379831314,-0.09796791523694992,256,340
0,3,0.9399033784866333,3.204237222671509,0.13265791535377502,-0.09796791523694992,279,339
0,4,0.9481481313705444,3.231430768966675,0.15432614088058472,-0.09796791523694992,312,339
0,5,1.0626587867736816,3.228694438934326,0.0987137034535408,-0.09796791523694992,368,347
0,6,1.071819543838501,3.257333517074585,0.06830262392759323,-0.09796791523694992,385,369
0,7,1.0809804201126099,3.2850308418273926,0.0753975510597229,-0.09796791523694992,357,401
0,8,0.9811272025108337,3.344843626022339,0.13678526878356934,-0.09796791523694992,288,437
 , , , , , , , 
0,0,1.9787439107894897,2.905890941619873,-0.12269608676433563,-0.29390373826026917,277,367
0,1,1.995233416557312,2.931523084640503,-0.08369795978069305,-0.29390373826026917,226,400
0,2,1.0351762771606445,3.145749807357788,0.07581338286399841,-0.09796791523694992,267,335
0,3,1.0443370342254639,3.1744537353515625,0.018858321011066437,-0.09796791523694992,317,336
0,4,1.0534979104995728,3.2023353576660156,0.011621695011854172,-0.09796791523694992,369,341
0,5,1.0626587867736816,3.2301881313323975,0.009830390103161335,-0.09796791523694992,403,352
0,6,1.071819543838501,3.2580339908599854,0.010065143927931786,-0.09796791523694992,398,376
0,7,1.0809804201126099,3.2858214378356934,0.02210935764014721,-0.09796791523694992,357,408
0,8,0.9811272025108337,3.3476288318634033,0.008326498791575432,-0.09796791523694992,278,449
 , , , , , , , 
0,0,1.9622544050216675,2.8451969623565674,-0.4729824364185333,-0.3918716609477997,308,365
0,1,1.9787439107894897,2.869050979614258,-0.4772883951663971,-0.3918716609477997,251,393
0,2,1.8962962627410889,2.75842022895813,-0.400154709815979,-0.29390373826026917,250,357
0,3,0.9316586256027222,3.178119421005249,0.0681857094168663,-0.09796791523694992,279,340
0,4,1.0443370342254639,3.171304941177368,0.14261043071746826,-0.09796791523694992,283,344
0,5,1.0534979104995728,3.176969051361084,-0.40243563055992126,-0.09796791523694992,279,345
0,6,0.9563929438591003,3.2627835273742676,-0.05488509684801102,-0.09796791523694992,372,360
0,7,0.9646376371383667,3.291165351867676,-0.03726790100336075,-0.09796791523694992,376,389
0,8,0.9728823900222778,3.3192880153656006,-0.038185376673936844,-0.09796791523694992,337,425
0,9,0.9811272025108337,3.3475565910339355,-0.023525793105363846,-0.09796791523694992,276,450
 , , , , , , , 
0,0,0.9563929438591003,3.248689651489258,0.30786994099617004,0.09796791523694992,295,323
0,1,0.9646376371383667,3.273643970489502,0.34119367599487305,0.09796791523694992,302,334
0,2,1.9622544050216675,2.8393545150756836,-0.5068755149841309,-0.4898395836353302,254,344
0,3,1.7753729820251465,2.792146921157837,-0.46916964650154114,-0.19593583047389984,233,341
0,4,1.7909464836120605,2.8458495140075684,-0.24206894636154175,-0.19593583047389984,317,342
0,5,1.7002540826797485,2.9396796226501465,-0.17571504414081573,-0.19593583047389984,355,343
0,6,1.071819543838501,3.2548956871032715,-0.14332030713558197,-0.09796791523694992,343,360
0,7,0.9728823900222778,3.3168015480041504,-0.13401474058628082,-0.09796791523694992,308,381
0,8,0.872113049030304,3.3745837211608887,-0.1445765495300293,-0.09796791523694992,236,405
 , , , , , , , 
0,0,1.7753729820251465,2.8237619400024414,-0.2063293159008026,-0.19593583047389984,270,336
0,1,1.6855967044830322,2.914114475250244,-0.17789191007614136,-0.19593583047389984,334,337
0,2,1.7002540826797485,2.9420647621154785,-0.12979449331760406,-0.19593583047389984,357,341
0,3,1.607729434967041,3.027639627456665,-0.11085174232721329,-0.19593583047389984,343,349
0,4,1.0809804201126099,3.2820522785186768,-0.15888845920562744,-0.09796791523694992,305,374
0,5,1.0901412963867188,3.309927225112915,-0.1589728146791458,-0.09796791523694992,259,400
 , , , , , , , 
0,0,1.7753729820251465,2.755312204360962,-0.651504397392273,-0.7837433218955994,269,346
0,1,1.7909464836120605,2.773129940032959,-0.683525025844574,-0.7837433218955994,283,348
0,2,0.7310359477996826,3.2604949474334717,-0.05396481603384018,-0.09796791523694992,272,335
0,3,0.8427983522415161,3.263770818710327,-0.04935557767748833,-0.09796791523694992,354,337
0,4,0.8501270413398743,3.292505979537964,-0.01198581699281931,-0.09796791523694992,393,347
0,5,0.8574556708335876,3.3208396434783936,0.02182571217417717,-0.09796791523694992,392,366
0,6,0.8647843599319458,3.348750352859497,0.06041393056511879,-0.09796791523694992,359,390
0,7,0.872113049030304,3.376605987548828,0.08514928817749023,-0.09796791523694992,292,424
 , , , , , , , 
0,0,1.2422114610671997,1.7206461429595947,2.5434951782226562,0.6857753992080688,268,339
0,1,1.6416245698928833,2.8054330348968506,-0.46296799182891846,-0.5878074765205383,255,344
0,2,1.6562819480895996,2.82214617729187,-0.5150730609893799,-0.5878074765205383,292,348
0,3,1.6562819480895996,2.8457648754119873,-0.362536758184433,-0.29390373826026917,282,338
0,4,1.670939326286316,2.8807008266448975,-0.27870672941207886,-0.29390373826026917,339,338
0,5,1.6855967044830322,2.912071943283081,-0.20867814123630524,-0.29390373826026917,361,340
0,6,1.7002540826797485,2.942720413208008,-0.11397038400173187,-0.29390373826026917,349,346
0,7,0.6430917382240295,3.3603899478912354,-0.2406177818775177,-0.19593583047389984,312,376
0,8,0.7566863298416138,3.374446153640747,-0.07855378091335297,-0.19593583047389984,274,408
 , , , , , , , 
0,0,1.5527642965316772,2.92008376121521,-0.18738387525081635,-0.29390373826026917,272,347
0,1,1.670939326286316,2.887913465499878,-0.18992310762405396,-0.29390373826026917,300,346
0,2,0.6320987939834595,3.2845895290374756,-0.42055749893188477,-0.19593583047389984,309,351
0,3,0.7438611388206482,3.2934718132019043,-0.4039428234100342,-0.19593583047389984,328,364
0,4,0.8574556708335876,3.2926762104034424,-0.43212977051734924,-0.19593583047389984,309,384
0,5,1.0809804201126099,3.260903835296631,-0.4044972062110901,-0.19593583047389984,256,414
 , , , , , , , 
0,0,1.5252817869186401,2.823425769805908,-0.538397490978241,-0.3918716609477997,256,337
0,1,1.5390230417251587,2.861762285232544,-0.47058412432670593,-0.3918716609477997,307,338
0,2,1.5527642965316772,2.8961472511291504,-0.4175320863723755,-0.29390373826026917,333,344
0,3,0.6266022324562073,3.2779552936553955,0.17473413050174713,-0.19593583047389984,373,358
0,4,0.6320987939834595,3.309983968734741,0.09697102010250092,-0.19593583047389984,393,376
0,5,0.6375952959060669,3.3398027420043945,0.05143466219305992,-0.19593583047389984,381,395
0,6,0.6430917382240295,3.368932008743286,0.020346755161881447,-0.19593583047389984,333,420
0,7,0.7566863298416138,3.375243663787842,0.028071032837033272,-0.19593583047389984,246,457
 , , , , , , , 
0,0,1.436421513557434,2.93117094039917,-0.35306447744369507,-0.3918716609477997,293,351
0,1,1.4492466449737549,2.9679181575775146,-0.25342851877212524,-0.3918716609477997,283,366
0,2,1.3576382398605347,3.0444648265838623,-0.23707494139671326,-0.3918716609477997,259,389
0,3,1.3979460000991821,2.831878423690796,-0.4859901964664459,-0.29390373826026917,231,344
0,4,1.410771131515503,2.8509039878845215,-0.5293785929679871,-0.29390373826026917,277,345
0,5,1.4235962629318237,2.8765084743499756,-0.5358750224113464,-0.29390373826026917,287,349
0,6,0.16581140458583832,4.372929096221924,3.0005438327789307,-0.29390373826026917,238,410
0,7,0.31330111622810364,3.3250584602355957,-0.11823952943086624,-0.19593583047389984,239,385
 , , , , , , , 
0,0,1.410771131515503,2.8770391941070557,-0.3613062798976898,-0.4898395836353302,262,356
0,1,1.3219108581542969,2.9559669494628906,-0.3207811117172241,-0.4898395836353302,305,352
0,2,1.3338199853897095,2.9908783435821533,-0.23515377938747406,-0.4898395836353302,314,350
0,3,0.6211057305335999,3.2480366230010986,-0.19381678104400635,-0.29390373826026917,331,376
0,4,0.6266022324562073,3.2794957160949707,-0.14293597638607025,-0.29390373826026917,333,408
0,5,0.6320987939834595,3.3086860179901123,-0.1341390162706375,-0.29390373826026917,303,443
0,6,0.6375952959060669,3.3378498554229736,-0.12524811923503876,-0.29390373826026917,247,477
0,7,1.2980927228927612,2.85939359664917,-0.5905904173851013,-0.19593583047389984,256,344
0,8,1.3100017309188843,2.865877628326416,-0.6846984028816223,-0.19593583047389984,293,346
0,9,1.3219108581542969,2.885608434677124,-0.7168715000152588,-0.19593583047389984,298,346
 , , , , , , , 
0,0,0.417734831571579,3.275968074798584,0.5115500092506409,0.0,246,374
0,1,1.2861835956573486,2.866305112838745,-0.3918180465698242,-0.4898395836353302,290,344
0,2,1.2980927228927612,2.897524356842041,-0.35955750942230225,-0.4898395836353302,334,343
0,3,1.3100017309188843,2.932417631149292,-0.2880862057209015,-0.4898395836353302,353,341
0,4,1.3219108581542969,2.9672882556915283,-0.1893196552991867,-0.4898395836353302,334,355
0,5,1.3338199853897095,2.9991588592529297,-0.07546518743038177,-0.4898395836353302,273,382
0,6,0.4104061424732208,3.2570979595184326,-0.051041651517152786,-0.29390373826026917,329,356
0,7,0.4140704870223999,3.283406972885132,-0.14444224536418915,-0.29390373826026917,361,373
0,8,0.417734831571579,3.3097128868103027,-0.19862505793571472,-0.29390373826026917,352,396
0,9,0.42139917612075806,3.3347761631011963,-0.2581416964530945,-0.29390373826026917,310,421
0,10,0.42506352066993713,3.356710195541382,-0.3395196795463562,-0.29390373826026917,239,449
 , , , , , , , 
0,0,1.2861835956573486,2.8272454738616943,-0.6131144165992737,-0.5878074765205383,269,350
0,1,1.1982394456863403,2.9514758586883545,-0.250972181558609,-0.4898395836353302,298,350
0,2,1.2092323303222656,2.975663661956787,-0.28522583842277527,-0.4898395836353302,306,357
0,3,1.2202253341674805,3.004659414291382,-0.2667606472969055,-0.4898395836353302,276,375
0,4,1.2312184572219849,3.0390710830688477,-0.1669560968875885,-0.4898395836353302,239,396
0,5,1.176253318786621,2.8631703853607178,-0.5073622465133667,-0.3918716609477997,271,349
0,6,1.187246322631836,2.8759818077087402,-0.5853795409202576,-0.3918716609477997,286,347
0,7,0.6211057305335999,3.2537810802459717,0.014664801768958569,-0.29390373826026917,234,434
 , , , , , , , 
0,0,1.187246322631836,2.9162120819091797,-0.33113282918930054,-0.4898395836353302,285,340
0,1,1.1982394456863403,2.9385738372802734,-0.37280040979385376,-0.4898395836353302,289,354
0,2,1.2092323303222656,2.962681531906128,-0.398052841424942,-0.4898395836353302,243,379
0,3,0.9151690602302551,3.122537136077881,-0.017818767577409744,-0.3918716609477997,227,400
0,4,0.8208122849464417,3.1789138317108154,-0.022333720698952675,-0.3918716609477997,238,426
 , , , , , , , 
0,0,1.1542673110961914,2.8352935314178467,-0.32116490602493286,-0.3918716609477997,292,345
0,1,1.1652603149414062,2.866393566131592,-0.28573930263519287,-0.3918716609477997,351,345
0,2,1.176253318786621,2.8948512077331543,-0.27385812997817993,-0.3918716609477997,377,346
0,3,1.187246322631836,2.92145037651062,-0.2811928987503052,-0.3918716609477997,364,356
0,4,1.1982394456863403,2.9460201263427734,-0.3084844946861267,-0.3918716609477997,308,380
0,5,0.20337089896202087,3.2475697994232178,-0.0043662916868925095,-0.09796791523694992,317,357
0,6,0.2052030712366104,3.2768003940582275,0.013970376923680305,-0.09796791523694992,350,375
0,7,0.20703524351119995,3.306063175201416,0.012715904042124748,-0.09796791523694992,343,393
0,8,0.2088674157857895,3.3353443145751953,-0.002449753927066922,-0.09796791523694992,300,416
 , , , , , , , 
0,0,1.068155288696289,2.898425579071045,-0.33743879199028015,-0.3918716609477997,357,344
0,1,1.0782322883605957,2.936098337173462,-0.2355300486087799,-0.3918716609477997,344,357
0,2,1.0883091688156128,2.9672908782958984,-0.1851017326116562,-0.3918716609477997,289,386
0,3,1.0379244089126587,2.7987117767333984,-0.4547545611858368,-0.29390373826026917,226,354
0,4,1.0480014085769653,2.827320098876953,-0.4502416253089905,-0.29390373826026917,298,349
0,5,1.0580782890319824,2.861591100692749,-0.4075968563556671,-0.29390373826026917,336,346
0,6,0.20153872668743134,3.2179677486419678,-0.04729427769780159,-0.09796791523694992,248,369
0,7,0.10168544948101044,3.249908447265625,-0.12587329745292664,-0.09796791523694992,309,380
0,8,0.1026015356183052,3.280486583709717,-0.08720750361680984,-0.09796791523694992,331,393
0,9,0.10351762175559998,3.3100621700286865,-0.07650362700223923,-0.09796791523694992,311,412
0,10,0.10443370789289474,3.339036464691162,-0.08989493548870087,-0.09796791523694992,252,438
 , , , , , , , 
0,0,1.0379244089126587,2.817239284515381,-0.3205513656139374,-0.3918716609477997,275,347
0,1,1.0480014085769653,2.847534418106079,-0.2966533303260803,-0.3918716609477997,348,349
0,2,1.0580782890319824,2.8751680850982666,-0.2970646917819977,-0.3918716609477997,385,348
0,3,1.068155288696289,2.901665687561035,-0.3083370625972748,-0.3918716609477997,386,351
0,4,1.0782322883605957,2.9262068271636963,-0.33684006333351135,-0.3918716609477997,343,371
0,5,1.0883091688156128,2.944981813430786,-0.4076264798641205,-0.3918716609477997,272,408
0,6,0.10076936334371567,3.2229011058807373,0.03041030652821064,-0.09796791523694992,262,388
0,7,0.10168544948101044,3.251983880996704,0.048474837094545364,-0.09796791523694992,311,411
0,8,0.1026015356183052,3.281425952911377,0.03796834871172905,-0.09796791523694992,312,432
0,9,0.10351762175559998,3.3109183311462402,0.013567067682743073,-0.09796791523694992,277,455
 , , , , , , , 
0,0,0.94356769323349,2.8408620357513428,-0.3950439989566803,-0.3918716609477997,293,346
0,1,0.9527285099029541,2.8664281368255615,-0.41310977935791016,-0.3918716609477997,331,349
0,2,0.961889386177063,2.890625476837158,-0.43979722261428833,-0.3918716609477997,334,351
0,3,0.9710502624511719,2.9160022735595703,-0.45791178941726685,-0.3918716609477997,305,365
0,4,0.8821899890899658,2.9781627655029297,-0.4370598793029785,-0.3918716609477997,267,393
0,5,0.7914975881576538,3.022930383682251,-0.5088396072387695,-0.3918716609477997,242,430
0,6,0.20337089896202087,3.244485378265381,0.1415775865316391,-0.19593583047389984,257,484
0,7,0.2052030712366104,3.2761614322662354,0.06620631366968155,-0.19593583047389984,268,479
0,8,0.10351762175559998,3.310927629470825,-0.011070875450968742,-0.19593583047389984,245,475
 , , , , , , , 
0,0,0.8409661054611206,2.8539185523986816,-0.29771533608436584,-0.29390373826026917,301,341
0,1,0.8492109179496765,2.886854887008667,-0.24856875836849213,-0.29390373826026917,347,341
0,2,0.8574556708335876,2.920616388320923,-0.17184829711914062,-0.29390373826026917,362,342
0,3,0.961889386177063,2.92307186126709,-0.06919383257627487,-0.29390373826026917,351,348
0,4,0.9710502624511719,2.9517221450805664,-0.009411989711225033,-0.29390373826026917,303,375
0,5,1.0782322883605957,2.944890022277832,-0.06140420585870743,-0.29390373826026917,233,413
0,6,0.0,3.2522976398468018,0.10319910198450089,-0.19593583047389984,265,480
0,7,0.0,3.2827322483062744,0.05826176702976227,-0.19593583047389984,263,475
 , , , , , , , 
0,0,0.754854142665863,2.899744749069214,0.37222519516944885,0.0,250,325
0,1,0.7401968240737915,2.8659842014312744,-0.06711671501398087,-0.29390373826026917,271,340
0,2,0.7475254535675049,2.890220880508423,-0.16893386840820312,-0.29390373826026917,355,341
0,3,0.754854142665863,2.9160044193267822,-0.20973527431488037,-0.29390373826026917,393,342
0,4,0.8574556708335876,2.9170868396759033,-0.22391098737716675,-0.29390373826026917,388,352
0,5,0.8657004833221436,2.945321798324585,-0.22362959384918213,-0.29390373826026917,344,368
0,6,-0.10076936334371567,3.2229723930358887,-0.021590441465377808,-0.29390373826026917,261,490
0,7,-0.10168544948101044,3.252222776412964,-0.02822638303041458,-0.29390373826026917,275,481
0,8,-0.1026015356183052,3.281111478805542,-0.059214066714048386,-0.29390373826026917,251,477
0,9,0.9710502624511719,2.951005220413208,0.06572538614273071,-0.19593583047389984,261,392
 , , , , , , , 
0,0,-0.0998532846570015,3.19278621673584,-0.07822871208190918,-0.3918716609477997,310,426
0,1,-0.10076936334371567,3.222443103790283,-0.06226661056280136,-0.3918716609477997,301,447
0,2,-0.10168544948101044,3.2515037059783936,-0.07397887855768204,-0.3918716609477997,255,469
0,3,0.6412596106529236,2.860003709793091,-0.05192269757390022,-0.19593583047389984,230,346
0,4,0.6476722359657288,2.8793704509735107,-0.2366587072610855,-0.19593583047389984,322,348
0,5,0.7475254535675049,2.8819196224212646,-0.276503324508667,-0.19593583047389984,369,351
0,6,0.754854142665863,2.908076763153076,-0.3002680838108063,-0.19593583047389984,380,356
0,7,0.7621828317642212,2.9371466636657715,-0.2949730455875397,-0.19593583047389984,356,372
0,8,0.7695115208625793,2.9703855514526367,-0.2429627776145935,-0.19593583047389984,305,399
0,9,0.8739452362060547,2.9788315296173096,-0.13591884076595306,-0.19593583047389984,229,441
0,10,0.3957487940788269,3.139543294906616,0.10072425752878189,-0.19593583047389984,269,432
0,11,0.399413138628006,3.1702020168304443,0.016224293038249016,-0.19593583047389984,298,422
 , , , , , , , 
0,0,0.6540848016738892,2.9175052642822266,-0.0323319211602211,0.0,286,324
0,1,0.6604973673820496,2.9461023807525635,-0.03318518027663231,0.0,280,330
0,2,0.7621828317642212,2.951530933380127,0.04800735041499138,0.0,237,337
0,3,-0.199706569314003,3.186383008956909,-0.13059134781360626,-0.4898395836353302,301,434
0,4,-0.20153872668743134,3.2121293544769287,-0.19944478571414948,-0.4898395836353302,250,462
0,5,-0.1960422247648239,3.1290957927703857,0.09518960118293762,-0.3918716609477997,234,458
0,6,-0.19787439703941345,3.159524917602539,0.041754383593797684,-0.3918716609477997,240,489
0,7,0.6412596106529236,2.813180923461914,-0.5180068016052246,-0.29390373826026917,270,344
0,8,0.6476722359657288,2.8544387817382812,-0.44604912400245667,-0.29390373826026917,311,346
0,9,0.6540848016738892,2.8861196041107178,-0.42801395058631897,-0.29390373826026917,333,347
0,10,0.6604973673820496,2.9225008487701416,-0.3736434578895569,-0.29390373826026917,317,360
0,11,0.7621828317642212,2.9504306316375732,-0.09380051493644714,-0.29390373826026917,255,386
0,12,0.7255394458770752,2.771947145462036,-0.46089133620262146,-0.19593583047389984,240,330
0,13,0.5771336555480957,3.0087125301361084,-0.2982178032398224,-0.19593583047389984,229,426
 , , , , , , , 
0,0,0.6412596106529236,2.789893627166748,-0.6315152645111084,-0.4898395836353302,264,343
0,1,0.6348470449447632,2.8074123859405518,-0.37138181924819946,-0.19593583047389984,249,340
0,2,0.6412596106529236,2.8401403427124023,-0.3404717743396759,-0.19593583047389984,290,341
0,3,0.555147647857666,2.88234543800354,-0.3875024616718292,-0.19593583047389984,299,343
0,4,0.5606440901756287,2.9282639026641846,-0.22728538513183594,-0.09796791523694992,289,337
0,5,0.6604973673820496,2.9462697505950928,0.010751781053841114,-0.09796791523694992,265,355
0,6,0.7621828317642212,2.9519202709198,0.0026511370670050383,-0.09796791523694992,239,385
0,7,0.5771336555480957,3.0045955181121826,-0.33718034625053406,-0.09796791523694992,239,419
0,8,0.5826301574707031,3.033961296081543,-0.333635151386261,-0.09796791523694992,248,419
 , , , , , , , 
0,0,0.628434419631958,2.7242040634155273,-0.6610672473907471,-0.5878074765205383,250,333
0,1,0.6348470449447632,2.744002103805542,-0.6999579668045044,-0.5878074765205383,291,335
0,2,0.6412596106529236,2.762155294418335,-0.7435163259506226,-0.5878074765205383,298,336
0,3,-0.28856682777404785,3.064189910888672,-0.042870525270700455,-0.5878074765205383,243,471
0,4,-0.29131507873535156,3.0910897254943848,0.12645524740219116,-0.4898395836353302,256,497
0,5,-0.2940633296966553,3.1213505268096924,0.09711528569459915,-0.4898395836353302,262,499
0,6,-0.296811580657959,3.1514475345611572,0.06144934520125389,-0.4898395836353302,240,497
0,7,0.453462153673172,2.8618762493133545,-0.16296248137950897,-0.19593583047389984,260,346
0,8,0.5496510863304138,2.874096632003784,-0.17602235078811646,-0.19593583047389984,325,346
0,9,0.555147647857666,2.9005136489868164,-0.21235334873199463,-0.19593583047389984,352,346
0,10,0.5606440901756287,2.9276914596557617,-0.2345435470342636,-0.19593583047389984,342,348
0,11,0.6604973673820496,2.9423322677612305,-0.1526472121477127,-0.19593583047389984,277,368
 , , , , , , , 
0,0,-0.38842010498046875,3.0794565677642822,-0.14754192531108856,-0.6857753992080688,257,475
0,1,-0.3774270713329315,2.9893953800201416,0.19478265941143036,-0.5878074765205383,253,399
0,2,-0.3810914158821106,3.0207645893096924,0.15656597912311554,-0.5878074765205383,278,432
0,3,-0.3847557604312897,3.050912380218506,0.1351456344127655,-0.5878074765205383,274,462
0,4,0.5331615209579468,2.72753643989563,-0.6016120910644531,-0.3918716609477997,239,336
0,5,0.538658082485199,2.758180856704712,-0.5962491035461426,-0.3918716609477997,281,334
0,6,0.5441545844078064,2.825376272201538,-0.37903138995170593,-0.29390373826026917,315,348
0,7,0.45804259181022644,2.8893704414367676,-0.18779632449150085,-0.19593583047389984,364,341
0,8,0.4626230001449585,2.9161972999572754,-0.21916785836219788,-0.19593583047389984,368,349
0,9,0.46720340847969055,2.9444687366485596,-0.22920317947864532,-0.19593583047389984,329,366
 , , , , , , , 
0,0,0.3664340674877167,2.8925516605377197,0.30397915840148926,0.0,259,322
0,1,-0.37376272678375244,2.9666454792022705,0.004990760236978531,-0.7837433218955994,350,335
0,2,-0.471783846616745,2.9821648597717285,-0.03144583851099014,-0.7837433218955994,389,338
0,3,-0.47636425495147705,3.010840654373169,-0.051759835332632065,-0.7837433218955994,388,347
0,4,-0.4809446930885315,3.039780616760254,-0.05285932496190071,-0.7837433218955994,349,362
0,5,-0.48552513122558594,3.0691943168640137,0.0016652689082548022,-0.7837433218955994,261,395
0,6,0.43972086906433105,2.7183103561401367,-0.5807167887687683,-0.29390373826026917,247,341
0,7,0.4443013072013855,2.741891860961914,-0.6085058450698853,-0.29390373826026917,298,341
0,8,0.44888171553611755,2.7885680198669434,-0.5249950885772705,-0.29390373826026917,333,341
0,9,0.453462153673172,2.8401103019714355,-0.38815781474113464,-0.29390373826026917,362,347
0,10,0.45804259181022644,2.8692193031311035,-0.3889859914779663,-0.29390373826026917,367,364
0,11,0.4626230001449585,2.8861873149871826,-0.471343070268631,-0.29390373826026917,331,393
0,12,0.46720340847969055,2.8881514072418213,-0.6172608733177185,-0.29390373826026917,255,431
 , , , , , , , 
0,0,-0.7255394458770752,0.3689500391483307,-2.785675525665283,0.6857753992080688,283,353
0,1,-0.19237788021564484,3.0692081451416016,-0.13160431385040283,-0.6857753992080688,257,394
0,2,0.453462153673172,2.865949869155884,-0.056772876530885696,-0.29390373826026917,362,355
0,3,0.45804259181022644,2.894228935241699,-0.08466538041830063,-0.29390373826026917,353,378
0,4,0.4626230001449585,2.922940969467163,-0.09304560720920563,-0.29390373826026917,302,408
0,5,0.4351404309272766,2.6738767623901367,-0.6455205678939819,-0.19593583047389984,241,335
0,6,0.43972086906433105,2.6920111179351807,-0.6924729347229004,-0.19593583047389984,312,334
0,7,0.4443013072013855,2.738457441329956,-0.6237795948982239,-0.09796791523694992,351,324
0,8,0.44888171553611755,2.7517635822296143,-0.6924802660942078,-0.09796791523694992,343,329
 , , , , , , , 
0,0,-0.277573823928833,2.9446096420288086,-0.13596901297569275,-0.7837433218955994,372,347
0,1,-0.18688136339187622,2.9799323081970215,-0.16058814525604248,-0.7837433218955994,368,359
0,2,-0.18871353566646576,3.0060007572174072,-0.21265718340873718,-0.7837433218955994,319,385
0,3,-0.1905457079410553,3.0282328128814697,-0.29708829522132874,-0.7837433218955994,226,423
0,4,0.4443013072013855,2.802877187728882,-0.17924560606479645,-0.3918716609477997,356,344
0,5,0.44888171553611755,2.832268714904785,-0.17316430807113647,-0.3918716609477997,406,342
0,6,0.453462153673172,2.859891176223755,-0.19471697509288788,-0.3918716609477997,414,351
0,7,0.45804259181022644,2.8873651027679443,-0.21645252406597137,-0.3918716609477997,375,375
0,8,0.4351404309272766,2.6576976776123047,-0.7091947793960571,-0.29390373826026917,243,339
0,9,0.43972086906433105,2.7137906551361084,-0.6014848351478577,-0.29390373826026917,298,338
 , , , , , , , 
0,0,-0.8162318468093872,0.5562790036201477,2.7288897037506104,0.5878074765205383,345,409
0,1,-0.8244766592979431,1.2587928771972656,2.51579213142395,0.5878074765205383,247,450
0,2,0.35544103384017944,2.8123745918273926,-0.22330188751220703,-0.4898395836353302,396,340
0,3,0.3591053783893585,2.8393757343292236,-0.24943003058433533,-0.4898395836353302,403,350
0,4,0.3627697229385376,2.8674070835113525,-0.26247546076774597,-0.4898395836353302,371,370
0,5,0.3664340674877167,2.89808988571167,-0.24562892317771912,-0.4898395836353302,298,402
 , , , , , , , 
0,0,-0.851959228515625,0.5222194790840149,2.5365326404571533,0.4898395836353302,257,357
0,1,-0.888602614402771,0.589931845664978,-2.6359095573425293,0.5878074765205383,290,402
0,2,0.17955268919467926,2.851213216781616,-0.30260664224624634,-0.5878074765205383,259,388
 , , , , , , , 
0,0,-0.851959228515625,0.35819149017333984,2.5648410320281982,0.5878074765205383,389,380
0,1,-0.8611201047897339,0.6330731511116028,2.5398690700531006,0.5878074765205383,354,407
0,2,-0.9573089480400085,0.9934811592102051,2.419135332107544,0.5878074765205383,284,441
0,3,0.35177668929100037,2.7882955074310303,0.14648999273777008,-0.6857753992080688,293,371
0,4,0.35544103384017944,2.8196845054626465,0.09324517846107483,-0.6857753992080688,269,393
 , , , , , , , 
0,0,0.25283950567245483,2.679152250289917,-0.17827078700065613,-0.7837433218955994,317,377
0,1,0.25558775663375854,2.701892137527466,-0.2588419020175934,-0.7837433218955994,352,388
0,2,0.25833600759506226,2.72744083404541,-0.29592737555503845,-0.7837433218955994,341,410
0,3,0.26108425855636597,2.754261016845703,-0.318657785654068,-0.7837433218955994,296,436
 , , , , , , , 
0,0,-0.5514832735061646,2.45913028717041,0.0657312199473381,-0.7837433218955994,266,339
0,1,-0.4781964421272278,2.505129814147949,0.009785988368093967,-0.7837433218955994,321,341
0,2,-0.4836929440498352,2.533496618270874,-0.04760890081524849,-0.7837433218955994,350,344
0,3,-0.4891894459724426,2.5623998641967773,-0.04167470708489418,-0.7837433218955994,334,361
0,4,-0.49468597769737244,2.5825483798980713,0.2156151831150055,-0.7837433218955994,276,389
0,5,0.33345499634742737,2.625060558319092,-0.33788666129112244,-0.6857753992080688,283,403
0,6,0.33711934089660645,2.6197967529296875,-0.5445916652679443,-0.6857753992080688,231,432
0,7,0.3407836854457855,2.6814370155334473,0.3553965389728546,-0.5878074765205383,274,372
0,8,0.25833600759506226,2.7351036071777344,0.21381133794784546,-0.5878074765205383,257,401
 , , , , , , , 
0,0,-0.538658082485199,2.402381658554077,0.04478492587804794,-0.7837433218955994,249,340
0,1,-0.5450706481933594,2.4310379028320312,0.04218357056379318,-0.7837433218955994,331,341
0,2,-0.5514832735061646,2.4599599838256836,-0.015467937104403973,-0.7837433218955994,379,346
0,3,-0.557895839214325,2.48763370513916,-0.0698118507862091,-0.7837433218955994,382,363
0,4,-0.6449239253997803,2.4940202236175537,-0.13698944449424744,-0.7837433218955994,346,387
0,5,0.2418464720249176,2.5572509765625,-0.2383430451154709,-0.5878074765205383,327,339
0,6,0.2445947229862213,2.5881690979003906,-0.2202046811580658,-0.5878074765205383,396,344
0,7,0.24734298884868622,2.617783546447754,-0.21631263196468353,-0.5878074765205383,415,362
0,8,0.2500912547111511,2.647318124771118,-0.2132241278886795,-0.5878074765205383,398,386
0,9,0.25283950567245483,2.6776437759399414,-0.1996517926454544,-0.5878074765205383,346,414
0,10,0.3407836854457855,2.7021830081939697,-0.12090947479009628,-0.5878074765205383,246,456
 , , , , , , , 
0,0,-0.9344068765640259,0.26583224534988403,2.2945683002471924,0.6857753992080688,342,379
0,1,-0.9453998804092407,0.4010516405105591,2.3024232387542725,0.6857753992080688,302,410
0,2,-0.5194202661514282,2.315455675125122,-0.08416108787059784,-0.7837433218955994,254,332
0,3,-0.6009518504142761,2.323233127593994,-0.14048036932945251,-0.7837433218955994,249,338
0,4,0.2390982210636139,2.5349249839782715,-0.14638924598693848,-0.4898395836353302,295,351
0,5,0.2418464720249176,2.5650360584259033,-0.13011480867862701,-0.4898395836353302,360,350
0,6,0.2445947229862213,2.595229387283325,-0.10905910283327103,-0.4898395836353302,380,354
0,7,0.24734298884868622,2.6258325576782227,-0.06771104037761688,-0.4898395836353302,361,361
0,8,0.2500912547111511,2.6555347442626953,0.04349812865257263,-0.4898395836353302,283,384
 , , , , , , , 
0,0,-0.8061549067497253,0.09680044651031494,2.200137138366699,0.6857753992080688,266,352
0,1,0.23634997010231018,2.507056474685669,-0.1207546666264534,-0.4898395836353302,336,333
0,2,0.2390982210636139,2.5340776443481445,-0.16039243340492249,-0.4898395836353302,376,342
0,3,0.2418464720249176,2.560112476348877,-0.20534096658229828,-0.4898395836353302,382,349
0,4,0.2445947229862213,2.5800647735595703,-0.30062389373779297,-0.4898395836353302,347,361
 , , , , , , , 
0,0,0.15573447942733765,2.4851372241973877,-0.09309519827365875,-0.4898395836353302,319,342
0,1,0.15756665170192719,2.511350154876709,-0.15514351427555084,-0.4898395836353302,354,350
0,2,0.15939880907535553,2.536520004272461,-0.21237051486968994,-0.4898395836353302,349,359
0,3,0.16123098134994507,2.555568218231201,-0.3128998279571533,-0.4898395836353302,297,371
 , , , , , , , 
0,0,-0.7658472061157227,0.41343843936920166,-2.0508949756622314,0.6857753992080688,267,340
0,1,0.07786723971366882,2.486848831176758,-0.13544785976409912,-0.5878074765205383,235,363
0,2,0.07878332585096359,2.5124073028564453,-0.19333358108997345,-0.5878074765205383,272,369
0,3,0.15939880907535553,2.5313706398010254,-0.266829252243042,-0.5878074765205383,271,375
0,4,0.2418464720249176,2.5238804817199707,-0.4757809638977051,-0.5878074765205383,229,386
0,5,0.32246196269989014,2.5185768604278564,-0.4556531310081482,-0.3918716609477997,264,352
0,6,0.3261263072490692,2.527819871902466,-0.5574086904525757,-0.3918716609477997,228,375
0,7,0.23634997010231018,2.484787702560425,-0.35460397601127625,-0.29390373826026917,266,339
0,8,0.2390982210636139,2.5142133235931396,-0.3549731373786926,-0.29390373826026917,276,339
 , , , , , , , 
0,0,0.15207013487815857,2.4144692420959473,-0.25941577553749084,-0.5878074765205383,250,407
0,1,0.1539023071527481,2.44085955619812,-0.28655627369880676,-0.5878074765205383,284,419
0,2,0.15573447942733765,2.4661405086517334,-0.3205065429210663,-0.5878074765205383,294,423
0,3,0.15756665170192719,2.4836390018463135,-0.4030942916870117,-0.5878074765205383,265,431
 , , , , , , , 
0,0,0.15207013487815857,2.4117658138275146,-0.2834504544734955,-0.6857753992080688,230,515
0,1,0.07695115357637405,2.4398815631866455,-0.3235001266002655,-0.6857753992080688,238,509
 , , , , , , , 
0,0,-0.8455466032028198,0.10422603040933609,1.898996353149414,0.6857753992080688,342,344
0,1,-0.5606440901756287,1.9129093885421753,0.01023811474442482,-0.7837433218955994,311,337
0,2,-0.6320987939834595,1.921007752418518,-0.039501845836639404,-0.7837433218955994,353,339
0,3,-0.6412596106529236,1.9475308656692505,-0.08209642767906189,-0.7837433218955994,356,344
0,4,-0.6687421202659607,2.030103921890259,-0.10466157644987106,-0.7837433218955994,325,420
0,5,-0.6779029965400696,2.0563578605651855,-0.13288156688213348,-0.7837433218955994,278,463
 , , , , , , , 
0,0,-0.7053855657577515,1.697472095489502,0.9120579361915588,0.0,255,322
0,1,-0.7154625654220581,1.7319084405899048,0.9058730006217957,0.0,265,337
0,2,-0.6046161651611328,1.8372832536697388,-0.046598538756370544,-0.7837433218955994,240,351
0,3,-0.6137770414352417,1.8642512559890747,-0.07403403520584106,-0.7837433218955994,297,348
0,4,-0.6229379177093506,1.8886475563049316,-0.13640952110290527,-0.7837433218955994,309,348
0,5,-0.5688889026641846,1.939110279083252,-0.08716095983982086,-0.7837433218955994,363,351
0,6,-0.5771336555480957,1.9660638570785522,-0.11108583211898804,-0.7837433218955994,412,365
0,7,-0.5853784084320068,1.9924557209014893,-0.13946935534477234,-0.7837433218955994,411,394
0,8,-0.593623161315918,2.018531084060669,-0.16742078959941864,-0.7837433218955994,365,433
0,9,-0.6018679141998291,2.043623208999634,-0.20211714506149292,-0.7837433218955994,287,473
 , , , , , , , 
0,0,-0.5862944722175598,1.7819957733154297,-0.025693807750940323,-0.5878074765205383,281,346
0,1,-0.5954553484916687,1.8088178634643555,-0.0661652535200119,-0.5878074765205383,353,347
0,2,-0.665077805519104,1.8140627145767212,-0.1009456142783165,-0.5878074765205383,385,348
0,3,-0.6751547455787659,1.8400309085845947,-0.12684056162834167,-0.5878074765205383,386,349
0,4,-0.6852316856384277,1.8663536310195923,-0.14432741701602936,-0.5878074765205383,351,368
0,5,-0.6953086256980896,1.8922131061553955,-0.16569815576076508,-0.5878074765205383,302,405
0,6,-0.7695115804672241,1.8847272396087646,-0.25784730911254883,-0.5878074765205383,254,450
 , , , , , , , 
0,0,-0.6046161651611328,1.821914792060852,-0.24167713522911072,-0.4898395836353302,245,377
0,1,-0.6705743074417114,1.6566537618637085,-0.05900324881076813,-0.3918716609477997,245,349
0,2,-0.681567370891571,1.6822563409805298,-0.09398311376571655,-0.3918716609477997,310,351
0,3,-0.6348469853401184,1.7299343347549438,-0.12275487184524536,-0.3918716609477997,334,354
0,4,-0.6449239253997803,1.7556110620498657,-0.14769378304481506,-0.3918716609477997,330,356
0,5,-0.5954553484916687,1.8067774772644043,-0.10841935127973557,-0.3918716609477997,286,368
0,6,-0.7255394458770752,1.7735404968261719,-0.2673737406730652,-0.29390373826026917,242,398
0,7,-0.73653244972229,1.8068891763687134,-0.2242935746908188,-0.29390373826026917,233,434
 , , , , , , , 
0,0,-0.6550008654594421,1.7774627208709717,0.20583246648311615,0.0,284,323
0,1,-0.7255394458770752,1.7801982164382935,0.21869848668575287,0.0,281,335
0,2,-0.73653244972229,1.8108954429626465,0.1892450451850891,0.0,243,354
0,3,-0.6146931648254395,1.6791982650756836,-0.009908773936331272,-0.29390373826026917,285,340
0,4,-0.6247701048851013,1.7065510749816895,-0.02644217200577259,-0.29390373826026917,322,340
0,5,-0.6348469853401184,1.733291506767273,-0.05866796523332596,-0.29390373826026917,357,343
0,6,-0.6449239253997803,1.759385108947754,-0.0924529880285263,-0.29390373826026917,401,352
0,7,-0.6550008654594421,1.785682201385498,-0.11436781287193298,-0.29390373826026917,413,376
0,8,-0.665077805519104,1.8121306896209717,-0.13113214075565338,-0.29390373826026917,385,412
0,9,-0.6751547455787659,1.838194727897644,-0.15113741159439087,-0.29390373826026917,321,452
 , , , , , , , 
0,0,-0.06779029965400696,2.1681277751922607,0.021057676523923874,-0.4898395836353302,266,425
0,1,-0.5194202661514282,1.7672452926635742,-0.13348758220672607,-0.19593583047389984,283,344
0,2,-0.5862944722175598,1.7773197889328003,-0.13154256343841553,-0.09796791523694992,320,345
0,3,-0.5954553484916687,1.799762487411499,-0.19249650835990906,-0.09796791523694992,320,360
0,4,-0.665077805519104,1.7923485040664673,-0.2974904775619507,-0.09796791523694992,293,382
0,5,-0.73653244972229,1.7828705310821533,-0.369498074054718,-0.09796791523694992,261,406
 , , , , , , , 
0,0,0.0,2.0344743728637695,-0.267851322889328,-0.4898395836353302,301,373
0,1,0.0,2.0608675479888916,-0.29124578833580017,-0.4898395836353302,347,383
0,2,0.0,2.0866198539733887,-0.3176538646221161,-0.4898395836353302,359,392
0,3,0.06687421351671219,2.1123924255371094,-0.33588454127311707,-0.4898395836353302,340,398
0,4,0.06779029965400696,2.144022226333618,-0.32309433817863464,-0.4898395836353302,270,425
0,5,-0.6705743074417114,1.654205083847046,-0.10765056312084198,-0.09796791523694992,245,331
0,6,-0.681567370891571,1.6848502159118652,0.009953245520591736,-0.09796791523694992,290,329
0,7,-0.6925603747367859,1.711934208869934,0.020344149321317673,-0.09796791523694992,359,334
0,8,-0.7035533785820007,1.7391016483306885,-0.021173985674977303,-0.09796791523694992,395,348
0,9,-0.7145464420318604,1.7653754949569702,-0.06032874435186386,-0.09796791523694992,387,372
0,10,-0.7255394458770752,1.7902964353561401,-0.10850414633750916,-0.09796791523694992,338,403
0,11,-0.6751547455787659,1.8233017921447754,-0.27815908193588257,-0.09796791523694992,242,439
 , , , , , , , 
0,0,0.0,1.9951434135437012,-0.33284083008766174,-0.4898395836353302,304,350
0,1,0.0,2.0107669830322266,-0.40944620966911316,-0.4898395836353302,347,352
0,2,-0.06779029965400696,2.15399169921875,-0.24807533621788025,-0.4898395836353302,280,426
0,3,0.0,2.037900924682617,-0.4230360984802246,-0.3918716609477997,345,372
0,4,0.0,2.073533535003662,-0.39413827657699585,-0.3918716609477997,344,383
0,5,-0.06687421351671219,2.1145224571228027,-0.3222033679485321,-0.3918716609477997,314,411
0,6,-0.6046161651611328,1.6437615156173706,-0.16173571348190308,-0.09796791523694992,237,330
0,7,-0.6705743074417114,1.6494801044464111,-0.16491961479187012,-0.09796791523694992,260,333
0,8,-0.681567370891571,1.67933988571167,-0.13651685416698456,-0.09796791523694992,290,337
0,9,-0.6925603747367859,1.70786714553833,-0.11967530101537704,-0.09796791523694992,337,345
0,10,-0.7035533785820007,1.7333941459655762,-0.14236478507518768,-0.09796791523694992,351,365
0,11,-0.7145464420318604,1.7534524202346802,-0.21352942287921906,-0.09796791523694992,322,394
0,12,-0.665077805519104,1.7490249872207642,-0.4918586313724518,-0.09796791523694992,253,426
 , , , , , , , 
0,0,-0.12641975283622742,2.0154566764831543,0.11546309292316437,-0.4898395836353302,302,353
0,1,-0.12825192511081696,2.0476558208465576,0.038568165153265,-0.4898395836353302,351,356
0,2,-0.1300840973854065,2.0771076679229736,-0.026484956964850426,-0.4898395836353302,369,363
0,3,-0.13191625475883484,2.1048452854156494,-0.08432052284479141,-0.4898395836353302,351,380
0,4,-0.13374842703342438,2.1296191215515137,-0.16225263476371765,-0.4898395836353302,298,409
0,5,-0.681567370891571,1.66966712474823,-0.2259010374546051,-0.09796791523694992,295,338
0,6,-0.6925603747367859,1.6960880756378174,-0.2332758605480194,-0.09796791523694992,361,338
0,7,-0.6449239253997803,1.7410310506820679,-0.2698041498661041,-0.09796791523694992,386,348
0,8,-0.6550008654594421,1.7643014192581177,-0.2982976734638214,-0.09796791523694992,368,368
0,9,-0.665077805519104,1.7910202741622925,-0.30538469552993774,-0.09796791523694992,313,397
0,10,-0.73653244972229,1.7951444387435913,-0.304322749376297,-0.09796791523694992,226,435
 , , , , , , , 
0,0,0.1300840973854065,2.0610878467559814,-0.25883224606513977,-0.6857753992080688,281,390
0,1,0.06595812737941742,2.102033853530884,-0.17885559797286987,-0.6857753992080688,230,432
0,2,-0.06137770414352417,1.960044026374817,-0.10998296737670898,-0.5878074765205383,339,334
0,3,-0.06229379028081894,1.990891456604004,-0.07822767645120621,-0.5878074765205383,371,338
0,4,-0.12641975283622742,2.0187461376190186,-0.007918568328022957,-0.5878074765205383,368,346
0,5,-0.19237789511680603,2.0395236015319824,0.1190144419670105,-0.4898395836353302,358,348
0,6,-0.19512614607810974,2.069507360458374,0.10518838465213776,-0.4898395836353302,334,368
0,7,-0.2638325095176697,2.094072103500366,0.011854659765958786,-0.4898395836353302,274,400
0,8,-0.6046161651611328,1.6145764589309692,-0.34821441769599915,-0.09796791523694992,230,335
0,9,-0.6146931648254395,1.6357027292251587,-0.37984418869018555,-0.09796791523694992,272,331
0,10,-0.6247701048851013,1.6792240142822266,-0.30532342195510864,-0.09796791523694992,335,331
0,11,-0.6348469853401184,1.7069975137710571,-0.3064330518245697,-0.09796791523694992,394,341
0,12,-0.7035533785820007,1.7058916091918945,-0.33890533447265625,-0.09796791523694992,409,364
0,13,-0.7145464420318604,1.7299312353134155,-0.3571105897426605,-0.09796791523694992,385,394
0,14,-0.7255394458770752,1.7524056434631348,-0.38211122155189514,-0.09796791523694992,327,427
 , , , , , , , 
0,0,-0.7145464420318604,1.605488896369934,-0.07416228950023651,0.09796791523694992,234,328
0,1,-0.7264555096626282,1.6321431398391724,-0.07761376351118088,0.09796791523694992,254,332
0,2,-0.681567370891571,1.6843767166137695,-0.04116781800985336,0.09796791523694992,262,337
0,3,-0.6925603747367859,1.711730718612671,-0.033324241638183594,0.09796791523694992,276,346
0,4,-0.7145464420318604,1.764937162399292,-0.07202012836933136,0.09796791523694992,240,397
0,5,0.05954553559422493,1.8881926536560059,-0.24889643490314484,-0.6857753992080688,339,345
0,6,0.0604616180062294,1.9116302728652954,-0.29215767979621887,-0.6857753992080688,391,342
0,7,0.06137770414352417,1.9335688352584839,-0.33938199281692505,-0.6857753992080688,406,348
0,8,0.06229379028081894,1.9554729461669922,-0.3819607198238373,-0.6857753992080688,396,362
0,9,0.0,1.9830986261367798,-0.39837151765823364,-0.6857753992080688,357,392
0,10,-0.06412596255540848,2.018155574798584,-0.3657403290271759,-0.6857753992080688,302,432
0,11,-0.06504204869270325,2.065640926361084,-0.24677129089832306,-0.6857753992080688,234,480
0,12,-0.6705743074417114,1.6103681325912476,-0.3933159112930298,-0.09796791523694992,230,339
0,13,-0.6247701048851013,1.6912972927093506,-0.22919289767742157,-0.09796791523694992,255,342
0,14,-0.6348469853401184,1.7064874172210693,-0.3092607855796814,-0.09796791523694992,311,350
0,15,-0.6449239253997803,1.7293477058410645,-0.33666008710861206,-0.09796791523694992,318,368
0,16,-0.6550008654594421,1.7599996328353882,-0.322710245847702,-0.09796791523694992,283,392
 , , , , , , , 
0,0,-0.7145464420318604,1.6043810844421387,-0.0951622724533081,0.09796791523694992,233,339
0,1,-0.6705743074417114,1.6498576402664185,-0.16109824180603027,0.09796791523694992,267,341
0,2,-0.6247701048851013,1.6940292119979858,-0.2080407440662384,0.09796791523694992,315,345
0,3,-0.6348469853401184,1.7184208631515503,-0.2340329885482788,0.09796791523694992,348,353
0,4,-0.6449239253997803,1.7443809509277344,-0.24722132086753845,0.09796791523694992,337,376
0,5,-0.6550008654594421,1.7708466053009033,-0.25659865140914917,0.09796791523694992,291,406
0,6,0.05771336331963539,1.8347207307815552,-0.20307962596416473,-0.6857753992080688,321,342
0,7,0.05862944945693016,1.8642257452011108,-0.20281767845153809,-0.6857753992080688,383,343
0,8,0.05954553559422493,1.8945847749710083,-0.19434437155723572,-0.6857753992080688,411,343
0,9,0.0604616180062294,1.9252575635910034,-0.18185079097747803,-0.6857753992080688,393,354
0,10,0.06137770414352417,1.958008885383606,-0.14166873693466187,-0.6857753992080688,325,380
0,11,-0.31604939699172974,1.9943900108337402,-0.11790456622838974,-0.4898395836353302,306,373
0,12,-0.3114689588546753,1.9688059091567993,-0.020956851541996002,-0.3918716609477997,315,380
0,13,-0.7145464420318604,1.604030728340149,-0.1008959412574768,-0.09796791523694992,232,341
0,14,-0.7264555096626282,1.6193978786468506,-0.2178666740655899,-0.09796791523694992,249,343
0,15,-0.681567370891571,1.6464101076126099,-0.35798490047454834,-0.09796791523694992,286,344
0,16,-0.6348469853401184,1.691078782081604,-0.3846999704837799,-0.09796791523694992,330,353
0,17,-0.6449239253997803,1.7181521654129028,-0.38979026675224304,-0.09796791523694992,338,375
0,18,-0.6550008654594421,1.7459453344345093,-0.3916829228401184,-0.09796791523694992,305,403
 , , , , , , , 
0,0,-0.6595813035964966,1.6237396001815796,-0.1486382931470871,0.09796791523694992,259,333
0,1,-0.6705743074417114,1.644182562828064,-0.2112971991300583,0.09796791523694992,289,333
0,2,-0.681567370891571,1.6641770601272583,-0.2633136510848999,0.09796791523694992,314,337
0,3,-0.6925603747367859,1.6913669109344482,-0.2653503715991974,0.09796791523694992,339,350
0,4,-0.7035533785820007,1.7209324836730957,-0.2516234815120697,0.09796791523694992,336,378
0,5,-0.7145464420318604,1.7520943880081177,-0.22440002858638763,0.09796791523694992,301,410
0,6,0.11359456181526184,1.790919542312622,-0.2881965935230255,-0.6857753992080688,298,339
0,7,0.05771336331963539,1.8220927715301514,-0.2956678867340088,-0.6857753992080688,334,338
0,8,0.05862944945693016,1.8574141263961792,-0.2578478157520294,-0.6857753992080688,332,341
0,9,0.05954553559422493,1.9031317234039307,-0.07287575304508209,-0.6857753992080688,299,354
0,10,-0.6595813035964966,1.6233543157577515,-0.15278907120227814,-0.09796791523694992,269,339
0,11,-0.6705743074417114,1.6478803157806396,-0.1802043914794922,-0.09796791523694992,287,340
 , , , , , , , 
0,0,0.05496510863304138,1.7560484409332275,-0.08332855254411697,-0.5878074765205383,316,336
0,1,0.05588119477033615,1.7835348844528198,-0.11633329838514328,-0.5878074765205383,386,335
0,2,0.05679728090763092,1.8117520809173584,-0.13297298550605774,-0.5878074765205383,419,333
0,3,0.05771336331963539,1.8390778303146362,-0.1588529795408249,-0.5878074765205383,418,339
0,4,0.05862944945693016,1.8616219758987427,-0.22546973824501038,-0.5878074765205383,373,363
0,5,0.05954553559422493,1.8676197528839111,-0.37311848998069763,-0.5878074765205383,290,403
0,6,-0.3572732210159302,1.8716216087341309,0.012460003606975079,-0.19593583047389984,373,345
0,7,-0.3627697229385376,1.8998857736587524,-0.04662706330418587,-0.19593583047389984,386,364
0,8,-0.368266224861145,1.9277117252349854,-0.07709509879350662,-0.19593583047389984,360,389
0,9,-0.37376272678375244,1.9554531574249268,-0.10076256841421127,-0.19593583047389984,296,420
 , , , , , , , 
0,0,-0.7255394458770752,1.7931808233261108,-0.037907522171735764,0.09796791523694992,232,420
0,1,0.16214707493782043,1.7129212617874146,-0.17611584067344666,-0.5878074765205383,240,341
0,2,0.10993021726608276,1.7475814819335938,-0.16596776247024536,-0.4898395836353302,294,342
0,3,-0.6595813035964966,1.6217068433761597,-0.16938312351703644,-0.09796791523694992,273,346
0,4,-0.6705743074417114,1.648496389389038,-0.1744784414768219,-0.09796791523694992,299,345
0,5,-0.681567370891571,1.6761788129806519,-0.17100901901721954,-0.09796791523694992,327,345
0,6,-0.6925603747367859,1.700528621673584,-0.1983298510313034,-0.09796791523694992,354,360
0,7,-0.7035533785820007,1.7267836332321167,-0.20770420134067535,-0.09796791523694992,349,389
0,8,-0.7145464420318604,1.7563610076904297,-0.18811272084712982,-0.09796791523694992,314,423
0,9,-0.7255394458770752,1.7893450260162354,-0.12320191413164139,-0.09796791523694992,249,458
 , , , , , , , 
0,0,-0.6925603747367859,1.7116451263427734,-0.03746447339653969,0.09796791523694992,301,359
0,1,-0.7035533785820007,1.7379395961761475,-0.06699946522712708,0.09796791523694992,304,379
0,2,-0.7145464420318604,1.7641178369522095,-0.089881531894207,0.09796791523694992,274,403
0,3,-0.665077805519104,1.8143342733383179,-0.09594106674194336,0.09796791523694992,226,428
0,4,0.10626588016748428,1.6945605278015137,-0.08964433521032333,-0.4898395836353302,314,347
0,5,0.10809804499149323,1.71913480758667,-0.1558794528245926,-0.4898395836353302,372,345
0,6,0.10993021726608276,1.7407711744308472,-0.22649934887886047,-0.4898395836353302,392,347
0,7,0.1117623895406723,1.758906364440918,-0.3023417890071869,-0.4898395836353302,378,356
0,8,0.11359456181526184,1.7784696817398071,-0.3570653200149536,-0.4898395836353302,325,382
0,9,0.05771336331963539,1.839223861694336,-0.15715289115905762,-0.4898395836353302,244,422
 , , , , , , , 
0,0,-0.6320987939834595,1.9121559858322144,-0.1883896291255951,0.29390373826026917,245,334
0,1,-0.6412596106529236,1.9418342113494873,-0.16998858749866486,0.29390373826026917,237,336
0,2,-0.05221685394644737,1.5956780910491943,-0.4930751919746399,-0.7837433218955994,257,348
0,3,0.0,1.6135272979736328,-0.5360910296440125,-0.7837433218955994,303,349
0,4,0.0,1.635166883468628,-0.5635930895805359,-0.7837433218955994,313,349
0,5,0.0,1.718274474143982,-0.3757713735103607,-0.6857753992080688,298,343
0,6,0.1539023071527481,1.628605842590332,-0.13743533194065094,-0.4898395836353302,230,340
0,7,0.15665055811405182,1.6521307229995728,-0.1948409378528595,-0.4898395836353302,309,341
0,8,0.15939882397651672,1.6724603176116943,-0.26140496134757996,-0.4898395836353302,348,341
0,9,0.16214707493782043,1.6835267543792725,-0.3617374300956726,-0.4898395836353302,358,340
0,10,0.22718912363052368,1.8014577627182007,-0.08055077493190765,-0.4898395836353302,287,411
0,11,0.17314009368419647,1.8383893966674805,0.03345528990030289,-0.4898395836353302,235,456
0,12,0.21986043453216553,1.7123228311538696,-0.33657538890838623,-0.3918716609477997,348,349
0,13,0.2235247790813446,1.7440741062164307,-0.32541510462760925,-0.3918716609477997,330,374
 , , , , , , , 
0,0,0.050384681671857834,1.5935571193695068,-0.2399580180644989,-0.5878074765205383,242,354
0,1,0.0513007678091526,1.6248939037322998,-0.22807754576206207,-0.5878074765205383,316,351
0,2,0.05221685394644737,1.6586813926696777,-0.19516120851039886,-0.5878074765205383,349,348
0,3,0.10626588016748428,1.6878819465637207,-0.17500236630439758,-0.5878074765205383,339,351
0,4,0.10809804499149323,1.715517520904541,-0.19163036346435547,-0.4898395836353302,302,350
0,5,0.21986043453216553,1.6621193885803223,-0.5316873788833618,-0.3918716609477997,283,358
0,6,0.27940598130226135,1.6871757507324219,-0.522516131401062,-0.3918716609477997,245,386
0,7,-0.6348469853401184,1.7202578783035278,-0.2201237678527832,-0.09796791523694992,239,400
0,8,-0.6449239253997803,1.7478179931640625,-0.22162069380283356,-0.09796791523694992,244,417
 , , , , , , , 
0,0,0.10443370789289474,1.6424195766448975,-0.2891189754009247,-0.5878074765205383,361,344
0,1,0.10626588016748428,1.6861426830291748,-0.19103439152240753,-0.5878074765205383,298,365
0,2,0.04946859925985336,1.557432770729065,-0.27897948026657104,-0.4898395836353302,293,342
0,3,0.050384681671857834,1.5820053815841675,-0.30702275037765503,-0.4898395836353302,361,336
0,4,0.1026015356183052,1.609121322631836,-0.3084358274936676,-0.4898395836353302,380,337
 , , , , , , , 
0,0,0.09527285397052765,1.5213037729263306,0.015772225335240364,-0.5878074765205383,233,350
0,1,0.09710502624511719,1.5505696535110474,-0.015063883736729622,-0.5878074765205383,325,351
0,2,0.09893719851970673,1.579617977142334,-0.029872393235564232,-0.5878074765205383,382,351
0,3,0.10076936334371567,1.6087708473205566,-0.03528213128447533,-0.5878074765205383,401,351
0,4,0.1026015356183052,1.6381428241729736,-0.029873568564653397,-0.5878074765205383,374,367
0,5,0.15665055811405182,1.6635607481002808,0.00802423432469368,-0.5878074765205383,305,396
0,6,0.21253176033496857,1.6864556074142456,0.03951464593410492,-0.5878074765205383,247,437
 , , , , , , , 
0,0,0.18688136339187622,1.4743417501449585,-0.1629999727010727,-0.6857753992080688,241,336
0,1,0.23818212747573853,1.4574670791625977,-0.37782207131385803,-0.6857753992080688,273,337
0,2,-0.14565753936767578,1.347230076789856,0.7600511312484741,-0.6857753992080688,272,342
0,3,0.33986759185791016,1.2873456478118896,-0.8007208704948425,-0.6857753992080688,272,342
0,4,-0.09893719851970673,1.5137991905212402,0.45221391320228577,-0.6857753992080688,306,343
0,5,-0.050384681671857834,1.5972014665603638,0.2143634706735611,-0.6857753992080688,291,361
0,6,0.3078046143054962,1.4600961208343506,-0.6843295097351074,-0.5878074765205383,264,383
0,7,0.31330111622810364,1.4815553426742554,-0.7063103914260864,-0.5878074765205383,248,412
 , , , , , , , 
0,0,-0.31879764795303345,0.6467083692550659,1.539805293083191,0.4898395836353302,307,382
0,1,-0.32429414987564087,0.6362096667289734,1.5752708911895752,0.4898395836353302,332,390
0,2,-0.3297906517982483,0.6500802636146545,1.6007201671600342,0.4898395836353302,320,402
0,3,-0.3352871537208557,0.683472216129303,1.618054747581482,0.4898395836353302,280,407
0,4,0.13466452062129974,1.4294620752334595,-0.04255058616399765,-0.7837433218955994,245,346
0,5,0.13741277158260345,1.4577330350875854,-0.06719562411308289,-0.7837433218955994,315,341
0,6,0.18688136339187622,1.4803868532180786,-0.09331230074167252,-0.7837433218955994,346,336
0,7,0.1905457079410553,1.508987545967102,-0.10168304294347763,-0.7837433218955994,348,335
0,8,0.14565753936767578,1.5457209348678589,-0.058763597160577774,-0.6857753992080688,318,354
0,9,0.1484057903289795,1.5741209983825684,-0.07741057872772217,-0.6857753992080688,277,382
0,10,0.1511540412902832,1.6044420003890991,0.049608442932367325,-0.6857753992080688,244,416
 , , , , , , , 
0,0,-0.043056003749370575,0.3943382799625397,1.3194524049758911,0.6857753992080688,287,344
0,1,-0.043972086161375046,0.470319926738739,1.325448989868164,0.6857753992080688,373,341
0,2,-0.044888172298669815,0.4975564479827881,1.3467477560043335,0.6857753992080688,415,343
0,3,-0.045804258435964584,0.5276944637298584,1.3666833639144897,0.6857753992080688,415,356
0,4,-0.046720340847969055,0.5869240164756775,1.3742324113845825,0.6857753992080688,379,376
0,5,-0.09527285397052765,0.7366276383399963,1.331162452697754,0.6857753992080688,296,410
0,6,0.1905457079410553,1.5116041898727417,-0.04935317486524582,-0.6857753992080688,285,353
0,7,0.19421005249023438,1.541293740272522,0.02488020993769169,-0.6857753992080688,293,373
0,8,0.1484057903289795,1.5749294757843018,0.05870857462286949,-0.6857753992080688,273,397
 , , , , , , , 
0,0,0.12367149442434311,1.3122309446334839,-0.05427173152565956,-0.7837433218955994,267,350
0,1,0.12641975283622742,1.3388830423355103,-0.09900189936161041,-0.7837433218955994,351,352
0,2,0.12916800379753113,1.3666692972183228,-0.11765104532241821,-0.7837433218955994,401,352
0,3,0.13191625475883484,1.3951460123062134,-0.12694519758224487,-0.7837433218955994,414,357
0,4,0.13466452062129974,1.4237301349639893,-0.1347760707139969,-0.7837433218955994,387,376
0,5,0.18321703374385834,1.4461262226104736,-0.153406023979187,-0.7837433218955994,323,410
0,6,0.18688136339187622,1.467322587966919,-0.217294842004776,-0.7837433218955994,239,453
 , , , , , , , 
0,0,-0.23818212747573853,0.6109672784805298,1.3761100769042969,0.4898395836353302,282,358
0,1,-0.24276256561279297,0.6111259460449219,1.4076626300811768,0.4898395836353302,266,369
0,2,0.0,1.3859763145446777,-0.2429381012916565,-0.7837433218955994,253,363
0,3,0.0,1.4340194463729858,-0.08303620666265488,-0.7837433218955994,243,398
0,4,0.16123098134994507,1.2770907878875732,-0.08216581493616104,-0.6857753992080688,295,358
0,5,0.16489532589912415,1.3048762083053589,-0.10147702693939209,-0.6857753992080688,344,352
0,6,0.16855967044830322,1.3326040506362915,-0.11893381923437119,-0.6857753992080688,346,352
0,7,0.21528002619743347,1.3545559644699097,-0.13093428313732147,-0.6857753992080688,281,363
 , , , , , , , 
0,0,-0.2638325095176697,0.53925621509552,1.272613286972046,0.5878074765205383,288,355
0,1,-0.2693290412425995,0.5098875761032104,1.3155924081802368,0.5878074765205383,284,370
0,2,-0.2748255431652069,0.47811585664749146,1.3580349683761597,0.5878074765205383,259,386
0,3,0.11542673408985138,1.2233563661575317,-0.07729674130678177,-0.5878074765205383,267,348
0,4,0.11817498505115509,1.2510550022125244,-0.09919679909944534,-0.5878074765205383,345,349
0,5,0.1209232360124588,1.2795710563659668,-0.10854872316122055,-0.5878074765205383,394,347
0,6,0.12367149442434311,1.308209776878357,-0.11611434817314148,-0.5878074765205383,406,352
0,7,0.16855967044830322,1.3319414854049683,-0.12613724172115326,-0.5878074765205383,375,371
0,8,0.1722240149974823,1.360233187675476,-0.13570499420166016,-0.5878074765205383,298,404
 , , , , , , , 
0,0,-0.04030774533748627,1.2891290187835693,0.015139114111661911,-0.7837433218955994,279,356
0,1,-0.041223831474781036,1.318480134010315,-0.01004394143819809,-0.7837433218955994,331,356
0,2,-0.08427983522415161,1.345632553100586,0.02369123511016369,-0.6857753992080688,340,378
0,3,-0.08611200749874115,1.3750901222229004,0.004784794524312019,-0.6857753992080688,306,412
0,4,-0.043972086161375046,1.4062622785568237,-0.021032065153121948,-0.6857753992080688,280,415
0,5,-0.044888172298669815,1.4312160015106201,-0.11363378167152405,-0.6857753992080688,233,415
0,6,0.15023796260356903,1.1844403743743896,-0.13821028172969818,-0.5878074765205383,267,345
0,7,0.11542673408985138,1.2185184955596924,-0.13337324559688568,-0.5878074765205383,330,348
0,8,0.11817498505115509,1.2520976066589355,-0.08503127098083496,-0.5878074765205383,358,349
0,9,0.1209232360124588,1.2839124202728271,0.02557404525578022,-0.5878074765205383,349,353
0,10,0.08244766294956207,1.29114830493927,0.25754314661026,-0.4898395836353302,297,377
 , , , , , , , 
0,0,-0.041223831474781036,1.3175675868988037,0.05006133019924164,-0.6857753992080688,375,375
0,1,-0.042139917612075806,1.3476005792617798,0.02424892596900463,-0.6857753992080688,312,403
0,2,0.04030774533748627,1.2892059087753296,0.005572103429585695,-0.5878074765205383,370,387
0,3,1.4428341388702393,0.45537102222442627,1.0590746402740479,-0.5878074765205383,229,479
0,4,0.14657361805438995,1.1589139699935913,-0.10197798162698746,-0.4898395836353302,298,349
0,5,0.15023796260356903,1.1868252754211426,-0.11596056818962097,-0.4898395836353302,354,352
0,6,0.1539023071527481,1.2167787551879883,-0.10799355059862137,-0.4898395836353302,381,358
0,7,0.15756665170192719,1.2464258670806885,-0.10266123712062836,-0.4898395836353302,380,372
 , , , , , , , 
0,0,0.0,1.345955729484558,-0.08242860436439514,-0.6857753992080688,240,393
0,1,-0.11542673408985138,1.2104440927505493,0.19339221715927124,-0.5878074765205383,307,405
0,2,-0.07878332585096359,1.2453975677490234,0.17810653150081635,-0.5878074765205383,305,431
0,3,-0.08061549067497253,1.2801260948181152,0.1359626203775406,-0.5878074765205383,258,469
0,4,0.139244943857193,1.1023145914077759,-0.08011963218450546,-0.4898395836353302,238,339
0,5,0.14290928840637207,1.130114197731018,-0.09744230657815933,-0.4898395836353302,304,351
0,6,0.18321701884269714,1.1517164707183838,-0.12225194275379181,-0.4898395836353302,314,370
0,7,0.1877974569797516,1.1690680980682373,-0.2063601166009903,-0.4898395836353302,277,390
 , , , , , , , 
0,0,0.1209232360124588,1.2719224691390991,0.17691345512866974,-0.5878074765205383,237,438
0,1,0.16489532589912415,1.2897320985794067,0.22268939018249512,-0.5878074765205383,242,419
0,2,0.1694757491350174,1.0693163871765137,-0.06553356349468231,-0.4898395836353302,249,349
0,3,0.139244943857193,1.0984901189804077,-0.1218041181564331,-0.4898395836353302,334,349
0,4,0.14290928840637207,1.120503544807434,-0.17642278969287872,-0.4898395836353302,375,351
0,5,0.14657361805438995,1.1408452987670898,-0.22793199121952057,-0.4898395836353302,385,358
0,6,0.11267846822738647,1.1701633930206299,-0.2501871585845947,-0.4898395836353302,365,373
0,7,0.11542673408985138,1.2117351293563843,-0.18513160943984985,-0.4898395836353302,310,405
0,8,0.11817498505115509,1.2539819478988647,0.05007941648364067,-0.4898395836353302,238,447
 , , , , , , , 
0,0,0.13191625475883484,1.04642915725708,-0.03613300994038582,-0.4898395836353302,280,331
0,1,0.13558059930801392,1.0754661560058594,-0.038010042160749435,-0.4898395836353302,370,331
0,2,0.139244943857193,1.1049946546554565,-0.022437969222664833,-0.4898395836353302,413,335
0,3,0.14290928840637207,1.1343035697937012,-0.0029220336582511663,-0.4898395836353302,416,346
0,4,0.14657361805438995,1.1629459857940674,-0.0322129912674427,-0.4898395836353302,377,365
0,5,0.15023796260356903,1.1553422212600708,-0.29527148604393005,-0.4898395836353302,304,401
0,6,0.07695115357637405,1.2266011238098145,-0.07366906106472015,-0.4898395836353302,250,447
 , , , , , , , 
0,0,-0.06229379028081894,0.8962113261222839,-0.43166759610176086,0.29390373826026917,236,344
0,1,-0.03206298127770424,0.9294409155845642,-0.433381050825119,0.29390373826026917,236,346
0,2,0.19237789511680603,0.9981812238693237,-0.1390417069196701,-0.5878074765205383,268,341
0,3,0.19787438213825226,1.0256929397583008,-0.15007050335407257,-0.5878074765205383,336,339
0,4,0.1694757491350174,1.056483268737793,-0.17769451439380646,-0.5878074765205383,374,335
0,5,0.17405617237091064,1.0828527212142944,-0.19503919780254364,-0.5878074765205383,383,339
0,6,0.1786366105079651,1.1030166149139404,-0.24190784990787506,-0.5878074765205383,348,359
0,7,0.07511898130178452,1.1839848756790161,0.19263790547847748,-0.4898395836353302,253,431
0,8,-0.3755949139595032,0.19127167761325836,-1.1255736351013184,-0.4898395836353302,253,431
0,9,0.1539023071527481,1.2085349559783936,0.1779218167066574,-0.4898395836353302,232,450
0,10,-0.07328680902719498,1.169907808303833,0.030161892995238304,-0.3918716609477997,307,366
 , , , , , , , 
0,0,0.1603149026632309,1.011469841003418,0.06273286789655685,-0.5878074765205383,303,344
0,1,0.16489532589912415,1.040334701538086,0.06507454812526703,-0.5878074765205383,356,347
0,2,0.06779029965400696,1.0780751705169678,0.09804514795541763,-0.4898395836353302,382,350
0,3,0.03481123596429825,1.110504388809204,0.08046102523803711,-0.4898395836353302,379,358
0,4,0.03572732210159302,1.1402955055236816,0.0743347778916359,-0.4898395836353302,333,379
0,5,0.10993021726608276,1.1498069763183594,0.20204952359199524,-0.4898395836353302,251,413
0,6,-0.03664340451359749,1.1705780029296875,-0.05804355442523956,-0.29390373826026917,239,371
 , , , , , , , 
0,0,0.2052030712366104,0.8898488283157349,-0.21456538140773773,-0.6857753992080688,254,333
0,1,0.2116156667470932,0.9232296943664551,-0.19672620296478271,-0.6857753992080688,329,337
0,2,0.218028262257576,0.9514428973197937,-0.20157451927661896,-0.6857753992080688,358,341
0,3,0.1603149026632309,1.0132555961608887,0.017879223451018333,-0.5878074765205383,378,341
0,4,0.09893719106912613,1.0453957319259644,0.1052655503153801,-0.4898395836353302,391,347
0,5,0.10168544948101044,1.073693037033081,0.11531562358140945,-0.4898395836353302,378,363
0,6,0.0696224719285965,1.103350281715393,0.1366635411977768,-0.4898395836353302,323,391
0,7,0.10718196630477905,1.1188898086547852,0.20898236334323883,-0.4898395836353302,243,414
 , , , , , , , 
0,0,0.22718912363052368,0.8692379593849182,-0.13656114041805267,-0.5878074765205383,274,337
0,1,0.23451779782772064,0.901909589767456,-0.10741572082042694,-0.5878074765205383,338,337
0,2,0.2116156667470932,0.9404265284538269,-0.08156099170446396,-0.5878074765205383,364,337
0,3,0.18688136339187622,0.9787545204162598,-0.022961245849728584,-0.5878074765205383,358,341
0,4,0.12825192511081696,1.0144518613815308,0.0845360979437828,-0.4898395836353302,366,349
0,5,0.09893719106912613,1.0502516031265259,0.03007526881992817,-0.4898395836353302,332,378
0,6,0.06779029965400696,1.0729691982269287,-0.14351241290569305,-0.4898395836353302,272,414
0,7,0.0,1.0180140733718872,-0.12788598239421844,-0.29390373826026917,326,344
0,8,0.0,1.0456019639968872,-0.1429615318775177,-0.29390373826026917,342,346
0,9,0.0,1.0690020322799683,-0.1835452765226364,-0.29390373826026917,311,356
 , , , , , , , 
0,0,0.24734298884868622,0.8307691216468811,-0.14853215217590332,-0.4898395836353302,253,351
0,1,0.25558775663375854,0.8712780475616455,-0.03725473955273628,-0.4898395836353302,311,348
0,2,0.2638325095176697,0.8969006538391113,0.07706619054079056,-0.4898395836353302,342,351
0,3,0.2720772922039032,0.9055162668228149,0.20457196235656738,-0.4898395836353302,338,354
0,4,-0.0604616180062294,0.7785784006118774,-0.5709601640701294,-0.4898395836353302,338,354
0,5,0.0,0.9802239537239075,-0.18048042058944702,-0.4898395836353302,339,373
0,6,0.03206298127770424,1.0187186002731323,-0.11786419153213501,-0.4898395836353302,338,404
0,7,0.06595812737941742,1.048570156097412,-0.09935646504163742,-0.4898395836353302,283,443
 , , , , , , , 
0,0,0.23909823596477509,0.7921337485313416,-0.1951209306716919,-0.3918716609477997,270,347
0,1,0.24734298884868622,0.830782413482666,-0.14845812320709229,-0.3918716609477997,315,348
0,2,0.25558775663375854,0.8583693504333496,0.15399785339832306,-0.3918716609477997,322,351
0,3,0.2931472361087799,0.5953986644744873,0.6629801988601685,-0.3918716609477997,336,357
0,4,0.332538902759552,0.14381043612957,0.8969793319702148,-0.3918716609477997,312,378
0,5,0.0,0.9672356247901917,-0.017051462084054947,-0.3918716609477997,312,378
0,6,0.06229379028081894,0.9937629103660583,0.04435132071375847,-0.3918716609477997,305,411
0,7,0.06412596255540848,1.0236166715621948,0.02836042083799839,-0.3918716609477997,276,451
0,8,0.09893719106912613,1.0506794452667236,0.0023684061598032713,-0.3918716609477997,229,491
 , , , , , , , 
0,0,0.2656646966934204,0.8049810528755188,-0.0643719956278801,-0.3918716609477997,331,348
0,1,0.2748255431652069,0.8340107202529907,-0.04811198264360428,-0.3918716609477997,373,350
0,2,0.2839863896369934,0.8616553544998169,-0.052347104996442795,-0.3918716609477997,377,354
0,3,0.32246196269989014,0.8745875954627991,-0.10532017052173615,-0.3918716609477997,328,370
0,4,0.0,0.5494869351387024,0.7602905035018921,-0.3918716609477997,328,370
0,5,0.2565038502216339,0.7770562171936035,-0.06420489400625229,-0.29390373826026917,252,350
0,6,0.1209232360124588,0.9486100077629089,0.14612333476543427,-0.29390373826026917,304,402
0,7,0.15573447942733765,0.9820084571838379,0.06941432505846024,-0.29390373826026917,272,442
 , , , , , , , 
0,0,0.2720772922039032,0.7400270104408264,-0.0692993700504303,-0.29390373826026917,294,353
0,1,0.28215423226356506,0.7700355052947998,-0.03416386991739273,-0.29390373826026917,367,354
0,2,0.29223117232322693,0.7983213067054749,0.00015818631800357252,-0.29390373826026917,405,354
0,3,0.3023080825805664,0.8256069421768188,0.020019911229610443,-0.29390373826026917,407,360
0,4,0.3407836854457855,0.8420801758766174,-0.024613115936517715,-0.29390373826026917,370,380
0,5,0.3810914158821106,0.8399481177330017,-0.170979842543602,-0.29390373826026917,310,416
0,6,0.08794417232275009,0.8528246283531189,0.3807013928890228,-0.29390373826026917,310,416
0,7,0.1209232360124588,0.923771858215332,0.2604968249797821,-0.29390373826026917,268,461
0,8,0.15573447942733765,0.960229754447937,0.21706615388393402,-0.29390373826026917,262,451
0,9,0.1603149026632309,0.9974855184555054,0.17896708846092224,-0.29390373826026917,226,435
0,10,-0.22444087266921997,0.20206262171268463,-0.9805634021759033,-0.29390373826026917,226,435
 , , , , , , , 
0,0,0.30963677167892456,0.6884638667106628,-0.10519131273031235,-0.29390373826026917,274,337
0,1,0.32154589891433716,0.7157570719718933,-0.10377119481563568,-0.29390373826026917,360,336
0,2,0.33345499634742737,0.7423117756843567,-0.10730255395174026,-0.29390373826026917,401,334
0,3,0.31879764795303345,0.7804676294326782,-0.10933586210012436,-0.29390373826026917,400,342
0,4,0.3023080825805664,0.8222516775131226,-0.07700473815202713,-0.29390373826026917,360,361
0,5,0.22718912363052368,0.879899263381958,-0.0008829464204609394,-0.29390373826026917,314,396
0,6,0.17588834464550018,0.9211057424545288,-0.02459743432700634,-0.29390373826026917,271,440
0,7,0.1511540412902832,0.9537621140480042,0.05767003819346428,-0.19593583047389984,249,446
 , , , , , , , 
0,0,0.29772767424583435,0.6681280732154846,-0.04537426680326462,-0.29390373826026917,230,336
0,1,0.06870638579130173,0.55958092212677,-0.4682353734970093,-0.29390373826026917,230,336
0,2,0.30963677167892456,0.6937270760536194,-0.06156647205352783,-0.29390373826026917,327,336
0,3,0.32154589891433716,0.7205156087875366,-0.06272106617689133,-0.29390373826026917,373,341
0,4,0.3591053783893585,0.7347310781478882,-0.07033087313175201,-0.29390373826026917,379,349
0,5,0.3719305694103241,0.7611072659492493,-0.07140976190567017,-0.29390373826026917,335,367
0,6,0.16489532589912415,0.8251160979270935,0.2557552456855774,-0.29390373826026917,259,395
0,7,0.22718912363052368,0.8774434328079224,0.06570035964250565,-0.29390373826026917,254,436
 , , , , , , , 
0,0,0.3206298053264618,0.6476907134056091,-0.12161007523536682,-0.29390373826026917,255,347
0,1,0.33345499634742737,0.6715669631958008,-0.13685132563114166,-0.29390373826026917,318,345
0,2,0.32154589891433716,0.7006526589393616,-0.17933914065361023,-0.29390373826026917,335,344
0,3,0.3078046143054962,0.7570317387580872,-0.07675992697477341,-0.29390373826026917,334,347
0,4,0.34536412358283997,0.7765304446220398,-0.020975949242711067,-0.29390373826026917,330,363
0,5,0.3847557604312897,0.7876402735710144,-0.07073606550693512,-0.29390373826026917,283,394
0,6,0.17039184272289276,0.8241826891899109,-0.34282344579696655,-0.19593583047389984,246,414
 , , , , , , , 
0,0,0.11725889891386032,0.9219835996627808,0.12717776000499725,-0.3918716609477997,257,388
0,1,0.29772767424583435,0.6674214005470276,-0.05479615554213524,-0.29390373826026917,304,340
0,2,0.30963677167892456,0.6964000463485718,-0.008645186200737953,-0.29390373826026917,373,336
0,3,0.296811580657959,0.7334964275360107,0.018823741003870964,-0.29390373826026917,407,335
0,4,0.3078046143054962,0.7603904008865356,0.028206603601574898,-0.29390373826026917,402,342
0,5,0.31879764795303345,0.7876967787742615,0.024855801835656166,-0.29390373826026917,349,367
0,6,0.05496510863304138,0.7203519344329834,-0.5014874935150146,-0.29390373826026917,250,405
0,7,0.3572732210159302,0.8030717968940735,0.029142871499061584,-0.29390373826026917,250,405
 , , , , , , , 
0,0,0.28581854701042175,0.6428709626197815,-0.0034730772022157907,-0.29390373826026917,264,347
0,1,0.29772767424583435,0.668396532535553,0.041231922805309296,-0.29390373826026917,340,348
0,2,0.30963677167892456,0.6926431059837341,0.072754867374897,-0.29390373826026917,379,352
0,3,0.32154589891433716,0.7169528603553772,0.09515920281410217,-0.29390373826026917,390,355
0,4,0.33345499634742737,0.7419872879981995,0.10952369123697281,-0.29390373826026917,356,375
0,5,0.31879764795303345,0.7821291089057922,0.09673711657524109,-0.29390373826026917,282,408
0,6,0.10993021726608276,0.8405381441116333,-0.23415549099445343,-0.09796791523694992,234,363
 , , , , , , , 
0,0,0.29497942328453064,0.5916070342063904,-0.13261252641677856,-0.3918716609477997,268,341
0,1,0.3078046143054962,0.6281190514564514,-0.07556537538766861,-0.3918716609477997,340,343
0,2,0.3206298053264618,0.6581612229347229,-0.03340722620487213,-0.3918716609477997,383,344
0,3,0.30963677167892456,0.6962902545928955,-0.015085114166140556,-0.3918716609477997,394,350
0,4,0.32154589891433716,0.7228057980537415,-0.025068914517760277,-0.3918716609477997,366,369
0,5,0.33345499634742737,0.7478258013725281,-0.05742079019546509,-0.3918716609477997,299,404
0,6,0.17955268919467926,0.7794252038002014,0.18436385691165924,-0.3918716609477997,299,404
0,7,0.15939882397651672,0.8226369619369507,0.14344476163387299,-0.3918716609477997,307,399
0,8,0.16489532589912415,0.8617236018180847,0.06049635633826256,-0.3918716609477997,304,386
0,9,0.17039184272289276,0.8922649621963501,-0.025850990787148476,-0.3918716609477997,270,384
 , , , , , , , 
0,0,0.1539023071527481,0.8054006695747375,-0.03710351884365082,-0.4898395836353302,286,415
0,1,0.15939882397651672,0.8350148797035217,-0.007626025006175041,-0.4898395836353302,310,401
0,2,0.16489532589912415,0.8638009428977966,-0.008677632547914982,-0.4898395836353302,301,393
0,3,0.17039184272289276,0.8925355076789856,-0.01361813209950924,-0.4898395836353302,259,389
0,4,0.3023080825805664,0.553763210773468,-0.1337272971868515,-0.3918716609477997,264,343
0,5,0.31604939699172974,0.5717847943305969,-0.1666516363620758,-0.3918716609477997,326,340
0,6,0.35177668929100037,0.5804644227027893,-0.1852068156003952,-0.3918716609477997,343,340
0,7,0.3206298053264618,0.6587279438972473,-0.019228188320994377,-0.3918716609477997,332,347
0,8,0.30963677167892456,0.6923009157180786,0.07594163715839386,-0.3918716609477997,330,367
0,9,0.34628018736839294,0.7068967223167419,0.08279813081026077,-0.3918716609477997,277,401
0,10,0.1236715018749237,0.7402199506759644,-0.2514919340610504,-0.3918716609477997,277,401
 , , , , , , , 
0,0,0.28581854701042175,0.6427303552627563,0.01388615369796753,-0.4898395836353302,403,336
0,1,0.2748255431652069,0.6783879399299622,0.03683061525225639,-0.4898395836353302,379,354
0,2,0.26200035214424133,0.7153045535087585,0.02485755644738674,-0.4898395836353302,311,385
0,3,-0.07420289516448975,0.3840520679950714,0.6880888938903809,-0.4898395836353302,245,426
0,4,0.22260870039463043,0.7579095363616943,-0.04986955597996712,-0.4898395836353302,245,426
0,5,-0.0513007678091526,0.395027756690979,0.7176727056503296,-0.4898395836353302,231,426
0,6,0.2693290412425995,0.5520557761192322,-0.04087759926915169,-0.3918716609477997,250,345
0,7,0.2821542024612427,0.5790519714355469,-0.03185421600937843,-0.3918716609477997,330,346
0,8,0.29497942328453064,0.6060605645179749,-0.016599521040916443,-0.3918716609477997,372,348
 , , , , , , , 
0,0,0.25283950567245483,0.6228153705596924,0.05264057591557503,-0.5878074765205383,385,337
0,1,0.2418464720249176,0.6539389491081238,0.09413564950227737,-0.5878074765205383,383,348
0,2,0.18321703374385834,0.6815034747123718,0.1976872980594635,-0.5878074765205383,350,373
0,3,0.16672749817371368,0.7101478576660156,0.22094020247459412,-0.5878074765205383,292,408
0,4,-0.11909106373786926,0.47400403022766113,-0.5848590731620789,-0.5878074765205383,292,408
0,5,-0.1236715018749237,0.23890766501426697,0.7443768978118896,-0.5878074765205383,244,404
0,6,0.1484057903289795,0.7728615403175354,0.0844346135854721,-0.5878074765205383,244,404
0,7,0.2748255431652069,0.5102488994598389,-0.08864650130271912,-0.4898395836353302,245,341
0,8,0.28856682777404785,0.5382898449897766,-0.07712317258119583,-0.4898395836353302,313,345
0,9,0.2821542024612427,0.577488899230957,-0.05312661454081535,-0.4898395836353302,347,349
 , , , , , , , 
0,0,0.3114689588546753,0.20754997432231903,-1.9579476118087769,0.5878074765205383,225,435
0,1,0.10534979403018951,0.6485495567321777,0.15127032995224,-0.7837433218955994,395,345
0,2,0.08794417232275009,0.6878553032875061,0.1187782809138298,-0.7837433218955994,374,356
0,3,0.045804258435964584,0.7305249571800232,0.0364830456674099,-0.7837433218955994,313,384
0,4,-0.11909106373786926,0.5369828939437866,0.5276261568069458,-0.6857753992080688,266,409
0,5,-0.19787439703941345,0.23058199882507324,0.7308529615402222,-0.6857753992080688,253,401
0,6,0.0513007678091526,0.7986671924591064,-0.18229594826698303,-0.6857753992080688,232,397
0,7,0.24367865920066833,0.49900272488594055,-0.04293578863143921,-0.5878074765205383,284,333
0,8,0.2565038204193115,0.5265083909034729,-0.02712824195623398,-0.5878074765205383,355,335
0,9,0.2693290412425995,0.5535430312156677,-0.005171320866793394,-0.5878074765205383,390,336
0,10,0.2821542024612427,0.5794800519943237,0.022774992510676384,-0.5878074765205383,386,345
 , , , , , , , 
0,0,-0.295895516872406,0.3061656951904297,0.2589622735977173,0.19593583047389984,225,336
0,1,-0.31330111622810364,0.32839781045913696,0.2691238820552826,0.19593583047389984,231,337
0,2,-0.03847557678818703,0.3692740201950073,-0.49105098843574524,0.6857753992080688,365,347
0,3,-0.0604616180062294,0.3657829463481903,-0.5277064442634583,0.6857753992080688,365,352
0,4,-0.06320987641811371,0.34739023447036743,-0.5743886828422546,0.6857753992080688,334,371
0,5,-0.13191625475883484,0.5680544972419739,0.3935728073120117,-0.7837433218955994,282,419
0,6,-0.021986043080687523,0.6916812658309937,0.12681089341640472,-0.7837433218955994,282,419
0,7,-0.13741277158260345,0.5851844549179077,0.4192523956298828,-0.7837433218955994,268,407
0,8,0.2748255431652069,0.2988622188568115,0.6101213097572327,-0.7837433218955994,268,407
0,9,-0.14290928840637207,0.635388970375061,0.3959551751613617,-0.7837433218955994,228,396
0,10,0.2143639177083969,0.48213958740234375,0.004461239092051983,-0.6857753992080688,322,330
0,11,0.22627303004264832,0.5087555050849915,0.013956312090158463,-0.6857753992080688,384,331
0,12,0.23818212747573853,0.5351155400276184,0.025725655257701874,-0.6857753992080688,407,334
0,13,0.2500912547111511,0.5603035688400269,0.049890197813510895,-0.6857753992080688,385,346
0,14,0.26200035214424133,0.5740736126899719,0.13312482833862305,-0.6857753992080688,313,374
 , , , , , , , 
0,0,0.1905457079410553,0.4268620014190674,-0.03841324895620346,-0.7837433218955994,280,335
0,1,0.2024548202753067,0.45458054542541504,-0.026862937957048416,-0.7837433218955994,355,331
0,2,0.19787438213825226,0.4891502857208252,0.0028462561313062906,-0.7837433218955994,387,328
0,3,0.21986043453216553,0.543509304523468,-0.0005006180144846439,-0.7837433218955994,345,355
0,4,-0.13466452062129974,0.19245654344558716,0.5690348744392395,-0.7837433218955994,289,389
0,5,-0.1813848614692688,0.23245392739772797,0.573577880859375,-0.7837433218955994,259,433
0,6,-0.18962962925434113,0.2842196524143219,0.5812551975250244,-0.7837433218955994,252,430
0,7,0.14748971164226532,0.34565964341163635,0.55978924036026,-0.7837433218955994,252,430
0,8,-0.21986043453216553,0.3708437383174896,0.5559889078140259,-0.7837433218955994,228,413
0,9,0.2088674157857895,0.5162971615791321,0.00617546821013093,-0.6857753992080688,383,334
 , , , , , , , 
0,0,-0.16123098134994507,0.17475852370262146,-0.40429991483688354,0.6857753992080688,302,383
0,1,-0.17130792140960693,0.18299728631973267,-0.4307187497615814,0.6857753992080688,309,410
0,2,-0.1813848465681076,0.181785449385643,-0.4609598219394684,0.6857753992080688,280,437
0,3,0.16672749817371368,0.3648255467414856,-0.08681858330965042,-0.6857753992080688,271,336
0,4,0.19237788021564484,0.3812759816646576,-0.1047559529542923,-0.6857753992080688,354,338
0,5,0.2052030712366104,0.4051203727722168,-0.1173182800412178,-0.6857753992080688,391,345
0,6,0.043972086161375046,0.37395527958869934,0.27967536449432373,-0.6857753992080688,391,345
0,7,0.218028262257576,0.428885817527771,-0.1298987716436386,-0.6857753992080688,393,353
0,8,0.046720340847969055,0.40393200516700745,0.28811314702033997,-0.6857753992080688,393,353
0,9,0.24734297394752502,0.43950846791267395,-0.15519064664840698,-0.6857753992080688,357,370
0,10,0.049468595534563065,0.42826175689697266,0.30426159501075745,-0.6857753992080688,357,370
0,11,0.03481123596429825,0.44990766048431396,0.32649311423301697,-0.6857753992080688,295,402
0,12,-0.15665055811405182,0.06886886060237885,-0.5300416350364685,-0.6857753992080688,295,402
0,13,0.03664340451359749,0.48921912908554077,0.32103443145751953,-0.6857753992080688,258,447
 , , , , , , , 
0,0,-0.11909106373786926,0.34248584508895874,0.11726643145084381,-0.7837433218955994,272,342
0,1,-0.12825192511081696,0.37184372544288635,0.11711914092302322,-0.7837433218955994,338,343
0,2,-0.13741277158260345,0.40102678537368774,0.11683184653520584,-0.7837433218955994,363,349
0,3,-0.13191625475883484,0.4342770278453827,0.11830452084541321,-0.7837433218955994,347,362
0,4,-0.14016102254390717,0.4618679881095886,0.12403996288776398,-0.7837433218955994,294,381
0,5,-0.2088674157857895,0.12386041134595871,-0.5012578964233398,-0.5878074765205383,263,446
0,6,-0.21986043453216553,0.2301396131515503,-0.492380291223526,-0.5878074765205383,258,429
0,7,-0.23085346817970276,0.3749937117099762,-0.43018731474876404,-0.5878074765205383,226,418
0,8,-1.4813097715377808,1.6915209293365479,-0.19895422458648682,-0.5878074765205383,231,504
0,9,0.10993021726608276,0.33173513412475586,-0.04017440974712372,-0.4898395836353302,239,337
0,10,0.13100017607212067,0.3565613329410553,-0.030555717647075653,-0.4898395836353302,366,340
0,11,0.14107711613178253,0.384153813123703,-0.030924351885914803,-0.4898395836353302,430,347
0,12,0.1511540412902832,0.4114625155925751,-0.034720055758953094,-0.4898395836353302,450,359
0,13,0.16123098134994507,0.43851378560066223,-0.04128703847527504,-0.4898395836353302,432,376
0,14,0.17130792140960693,0.46528300642967224,-0.05018328130245209,-0.4898395836353302,367,407
0,15,0.23085343837738037,0.4734533131122589,-0.03128930926322937,-0.4898395836353302,259,454
0,16,0.5835462212562561,1.302680253982544,-0.1606387197971344,-0.29390373826026917,231,374
 , , , , , , , 
0,0,0.0,1.5817347764968872,-0.06315606087446213,-0.7837433218955994,234,464
0,1,-0.1539023071527481,0.29006704688072205,0.12618252635002136,-0.6857753992080688,278,343
0,2,-0.16672749817371368,0.3203657269477844,0.12164871394634247,-0.6857753992080688,324,341
0,3,0.08794417232275009,0.3405963182449341,0.0026108850724995136,-0.4898395836353302,320,347
0,4,0.10718195885419846,0.3656957149505615,0.0030569436494261026,-0.4898395836353302,381,348
0,5,0.11542672663927078,0.3938090205192566,0.004933576099574566,-0.4898395836353302,405,348
0,6,0.12367149442434311,0.421857625246048,0.009794684126973152,-0.4898395836353302,390,357
0,7,-0.041223831474781036,0.20946788787841797,-0.38441935181617737,-0.4898395836353302,390,357
0,8,-0.02931472472846508,0.2581332325935364,-0.39051541686058044,-0.4898395836353302,339,381
0,9,0.13191625475883484,0.4496622085571289,0.019909385591745377,-0.4898395836353302,339,381
0,10,-0.03114689514040947,0.23204153776168823,-0.4399314224720001,-0.4898395836353302,285,423
0,11,-0.03297906368970871,0.09652867913246155,-0.5177112817764282,-0.4898395836353302,250,440
 , , , , , , , 
0,0,-0.19787438213825226,0.27917611598968506,0.08156748861074448,-0.6857753992080688,284,340
0,1,-0.2143639177083969,0.3036576509475708,0.08408816903829575,-0.6857753992080688,282,338
0,2,0.08794417232275009,0.34047919511795044,0.009304890409111977,-0.29390373826026917,338,347
0,3,0.09527285397052765,0.3687668442726135,0.012836171314120293,-0.29390373826026917,368,349
0,4,0.11542672663927078,0.3936362862586975,0.01266380213201046,-0.29390373826026917,365,352
0,5,0.12367149442434311,0.42130938172340393,0.023626353591680527,-0.29390373826026917,326,369
0,6,-0.041223831474781036,0.3721601963043213,0.23054680228233337,-0.29390373826026917,326,369
0,7,-0.07328680902719498,0.4614480435848236,0.04109932854771614,-0.29390373826026917,262,404
 , , , , , , , 
0,0,0.11359456181526184,0.8996131420135498,-0.06025620549917221,0.09796791523694992,244,363
0,1,0.11725889891386032,0.9284196496009827,-0.0653061717748642,0.09796791523694992,226,361
0,2,0.010993021540343761,0.3411185145378113,0.08523004502058029,-0.29390373826026917,364,351
0,3,0.011909106746315956,0.37214338779449463,0.0812288299202919,-0.29390373826026917,376,349
0,4,0.0,0.4061306118965149,0.059085749089717865,-0.29390373826026917,350,359
0,5,-0.11542672663927078,0.3207435607910156,-0.2285463660955429,-0.29390373826026917,350,359
0,6,-0.09618894010782242,0.37119653820991516,-0.21520982682704926,-0.29390373826026917,328,389
0,7,-0.1026015356183052,0.37369340658187866,-0.26423579454421997,-0.29390373826026917,284,431
0,8,-0.109014131128788,0.38459378480911255,-0.297584593296051,-0.29390373826026917,229,457
 , , , , , , , 
0,0,0.0302308090031147,0.31747865676879883,0.04769807308912277,-0.19593583047389984,238,553
0,1,0.03297906368970871,0.3466418981552124,0.04998619109392166,-0.19593583047389984,440,372
0,2,0.03572732210159302,0.3755298852920532,0.054143548011779785,-0.19593583047389984,421,383
0,3,0.03847557678818703,0.40368393063545227,0.06318321079015732,-0.19593583047389984,349,416
0,4,-0.09618894010782242,0.3857838809490204,-0.18781094253063202,-0.19593583047389984,244,464
0,5,0.05496510863304138,0.4276100695133209,0.08650381118059158,-0.19593583047389984,244,464
 , , , , , , , 
0,0,0.03297906368970871,0.3485373854637146,0.03436427190899849,-0.19593583047389984,398,373
0,1,0.03572732210159302,0.37805628776550293,0.032057084143161774,-0.19593583047389984,354,392
0,2,0.0513007678091526,0.40446242690086365,0.047027431428432465,-0.19593583047389984,262,426
0,3,-0.1026015356183052,0.2805761396884918,0.2813950181007385,-0.19593583047389984,262,426
 , , , , , , , 
0,0,0.03297906368970871,0.35010001063346863,0.009444505907595158,-0.09796791523694992,328,373
0,1,-0.10718195885419846,0.3507271409034729,-0.10360101610422134,-0.09796791523694992,285,396
0,2,0.03572732210159302,0.37923142313957214,-0.011736853048205376,-0.09796791523694992,285,396
0,3,-0.12825192511081696,0.3893210291862488,-0.020341796800494194,-0.09796791523694992,237,427
0,4,0.17955268919467926,0.3689940273761749,-0.006119728088378906,-0.09796791523694992,237,427
 , , , , , , , 
0,0,0.08794417232275009,0.3396100401878357,0.026032518595457077,-0.09796791523694992,281,393
0,1,-0.043972086161375046,0.28595292568206787,-0.2001105099916458,-0.09796791523694992,281,393
0,2,0.14290928840637207,0.35321202874183655,-0.006990823894739151,-0.09796791523694992,253,413
0,3,-0.07145464420318604,0.32866671681404114,-0.1791733354330063,-0.09796791523694992,253,413
 , , , , , , , 
0,0,0.03297906368970871,0.3446151912212372,-0.062446631491184235,-0.09796791523694992,278,363
0,1,-0.09893719106912613,0.23169860243797302,0.24550770223140717,-0.09796791523694992,278,363
0,2,0.14290928840637207,0.3523593842983246,0.02550428919494152,-0.09796791523694992,261,382
0,3,0.03572732210159302,0.34724679589271545,-0.15288516879081726,-0.09796791523694992,261,382
0,4,0.16672749817371368,0.37490764260292053,0.008911484852433205,-0.09796791523694992,233,413
 , , , , , , , 
0,0,0.021986043080687523,0.3508455455303192,-0.013071234337985516,-0.09796791523694992,298,354
0,1,0.023818213492631912,0.3801635503768921,0.011790924705564976,-0.09796791523694992,232,373
0,2,0.15481838583946228,0.3480494022369385,0.011114606633782387,-0.09796791523694992,232,373
 , , , , , , , 
0,0,0.07695115357637405,0.342452734708786,0.02348354645073414,-0.09796791523694992,261,354
