frame,DetObj#,x,y,z,v,snr,noise
 , , , , , , , 
0,0,0.41272202134132385,1.598059058189392,0.03604251891374588,0.12104576081037521,356,341
0,1,0.23414038121700287,1.8530542850494385,-0.14127293229103088,0.12104576081037521,117,517
0,2,1.0189075469970703,1.1654945611953735,1.973300576210022,0.12104576081037521,217,488
 , , , , , , , 
0,0,0.3680765926837921,1.6326395273208618,0.17398613691329956,0.12104576081037521,327,343
0,1,0.3393051028251648,1.7646746635437012,0.21341539919376373,0.12104576081037521,176,466
0,2,0.940530002117157,0.6047682166099548,2.2450220584869385,0.12104576081037521,242,487
 , , , , , , , 
0,0,0.31549423933029175,1.647186279296875,0.1360308974981308,0.12104576081037521,306,344
0,1,0.33335238695144653,1.7287734746932983,0.24713173508644104,0.12104576081037521,268,396
0,2,0.17560528218746185,1.8640953302383423,-0.05386356636881828,0.12104576081037521,145,492
0,3,1.0447026491165161,0.9015163779258728,2.169992208480835,0.12104576081037521,171,499
 , , , , , , , 
0,0,0.31549423933029175,1.641876220703125,0.18965639173984528,0.12104576081037521,306,334
0,1,0.27779367566108704,1.74061119556427,0.23228994011878967,0.12104576081037521,262,374
0,2,0.17560528218746185,1.8597123622894287,-0.13864624500274658,0.12104576081037521,158,470
 , , , , , , , 
0,0,0.262911856174469,1.657334327697754,0.12403233349323273,0.12104576081037521,276,335
0,1,0.23017188906669617,1.8256124258041382,0.06944300979375839,0.12104576081037521,203,447
0,2,1.3334095478057861,5.94777250289917,0.04693489894270897,0.12104576081037521,119,420
0,3,0.3611317574977875,1.6024854183197021,-0.16448619961738586,-0.12104576081037521,219,342
0,4,0.627020001411438,4.974147796630859,-0.16297049820423126,-0.12104576081037521,137,469
 , , , , , , , 
0,0,0.37502145767211914,1.6567546129226685,0.23159275949001312,0.12104576081037521,263,341
0,1,0.22223493456840515,1.6982108354568481,0.4770191013813019,0.12104576081037521,205,371
0,2,0.17560528218746185,1.8648463487625122,-0.010039244778454304,0.12104576081037521,118,463
0,3,0.6220594048500061,1.695516586303711,-0.1140904650092125,-0.12104576081037521,180,393
0,4,0.627020001411438,4.97658109664917,0.04843258485198021,-0.12104576081037521,151,436
 , , , , , , , 
0,0,0.26787248253822327,1.680648684501648,0.2068241834640503,0.12104576081037521,281,338
0,1,1.904870867729187,5.757938861846924,0.6113806962966919,0.12104576081037521,113,407
0,2,0.262911856174469,1.5749934911727905,-0.5306001305580139,-0.12104576081037521,229,343
0,3,0.6220594048500061,1.6958690881729126,-0.10872454941272736,-0.12104576081037521,171,417
 , , , , , , , 
0,0,0.33335238695144653,1.728602409362793,0.24832479655742645,0.12104576081037521,267,372
0,1,0.31549423933029175,1.581174612045288,-0.48126256465911865,-0.12104576081037521,287,330
0,2,0.5555873513221741,1.6888039112091064,0.010930068790912628,-0.12104576081037521,202,388
 , , , , , , , 
0,0,0.2579512596130371,1.6245685815811157,-0.14024809002876282,0.12104576081037521,248,336
0,1,0.39585596323013306,1.7218998670578003,0.39129242300987244,0.12104576081037521,156,417
0,2,0.3095415234565735,1.566191554069519,-0.42030900716781616,-0.12104576081037521,259,360
 , , , , , , , 
0,0,0.2579512596130371,1.628670573234558,-0.0795285776257515,0.12104576081037521,253,350
0,1,0.8839791417121887,0.3669367730617523,-2.386826276779175,0.12104576081037521,156,468
0,2,0.8433022499084473,1.0531623363494873,-2.337082624435425,0.12104576081037521,130,463
0,3,0.2579512596130371,1.6029376983642578,-0.29913774132728577,-0.12104576081037521,298,333
 , , , , , , , 
0,0,0.3095415234565735,1.6216089725494385,-0.0001119849766837433,0.12104576081037521,228,352
0,1,0.22620341181755066,1.7332491874694824,0.46843379735946655,0.12104576081037521,124,428
0,2,0.8433022499084473,1.2931365966796875,-2.2133467197418213,0.12104576081037521,138,437
0,3,-0.08433022350072861,2.6306707859039307,0.595586895942688,0.12104576081037521,138,437
0,4,0.8929082155227661,3.045879364013672,-0.06776130944490433,0.12104576081037521,132,446
0,5,0.3095415234565735,1.6097286939620972,-0.19593077898025513,-0.12104576081037521,250,347
 , , , , , , , 
0,0,0.3035888075828552,1.5893490314483643,-0.0584690161049366,0.12104576081037521,218,330
0,1,0.27779367566108704,1.7388122081756592,0.24539406597614288,0.12104576081037521,195,390
0,2,0.3035888075828552,1.5676110982894897,-0.2684113383293152,-0.12104576081037521,228,338
0,3,0.3889111280441284,1.7344090938568115,-0.03780047595500946,-0.12104576081037521,140,401
 , , , , , , , 
0,0,0.3095415234565735,1.621482491493225,0.020251136273145676,0.12104576081037521,168,348
0,1,0.5000286102294922,1.6982730627059937,0.1633874922990799,0.12104576081037521,191,374
0,2,0.3095415234565735,1.6117334365844727,-0.17869165539741516,-0.12104576081037521,172,347
0,3,0.5000286102294922,1.7045300006866455,-0.073514424264431,-0.12104576081037521,173,382
 , , , , , , , 
0,0,0.3095415234565735,1.6187337636947632,-0.09652254730463028,0.12104576081037521,173,348
0,1,0.5000286102294922,1.7010581493377686,0.13125574588775635,0.12104576081037521,214,375
0,2,0.7936961650848389,3.0736753940582275,0.04271647334098816,0.12104576081037521,127,410
0,3,0.3095415234565735,1.5858217477798462,-0.33879929780960083,-0.12104576081037521,180,335
0,4,0.5555873513221741,1.6870099306106567,-0.07858596742153168,-0.12104576081037521,190,378
 , , , , , , , 
0,0,0.5000286102294922,1.6937766075134277,0.2048116773366928,0.12104576081037521,229,382
0,1,0.7936961650848389,3.073162317276001,0.07055523246526718,0.12104576081037521,135,408
0,2,0.31549423933029175,1.6394448280334473,-0.20963652431964874,-0.12104576081037521,198,340
0,3,0.5000286102294922,1.7060458660125732,-0.015309820882976055,-0.12104576081037521,203,379
0,4,0.8016331791877747,3.0794031620025635,-0.39561766386032104,-0.12104576081037521,113,385
 , , , , , , , 
0,0,0.2579512596130371,1.6294898986816406,-0.060458146035671234,0.12104576081037521,240,338
0,1,0.5000286102294922,1.6941452026367188,0.20173944532871246,0.12104576081037521,223,396
0,2,0.2579512596130371,1.6076639890670776,-0.27259689569473267,-0.12104576081037521,228,333
0,3,0.5000286102294922,1.7060061693191528,-0.01923864521086216,-0.12104576081037521,206,381
 , , , , , , , 
0,0,0.20636101067066193,1.6377390623092651,-0.025638647377490997,0.12104576081037521,252,336
0,1,0.5000286102294922,1.6993308067321777,0.15199261903762817,0.12104576081037521,232,402
0,2,0.7936961650848389,3.0722150802612305,0.10391456633806229,0.12104576081037521,128,382
0,3,0.2579512596130371,1.6144407987594604,-0.22907093167304993,-0.12104576081037521,234,337
0,4,0.5555873513221741,1.6872721910476685,-0.07273658365011215,-0.12104576081037521,204,389
0,5,0.5655085444450378,1.7169315814971924,-0.0842440277338028,-0.12104576081037521,203,390
 , , , , , , , 
0,0,0.2579512596130371,1.6306031942367554,0.0050818114541471004,0.12104576081037521,257,344
0,1,0.5000286102294922,1.6999356746673584,0.14507165551185608,0.12104576081037521,247,391
0,2,0.3095415234565735,1.6083382368087769,-0.20703569054603577,-0.12104576081037521,253,330
0,3,0.5555873513221741,1.6872501373291016,-0.07324466854333878,-0.12104576081037521,221,382
 , , , , , , , 
0,0,0.3095415234565735,1.6186408996582031,-0.09806793183088303,0.12104576081037521,265,342
0,1,0.5555873513221741,1.6815983057022095,0.15622176229953766,0.12104576081037521,232,395
0,2,0.3611317574977875,1.5813409090042114,-0.3072073757648468,-0.12104576081037521,244,344
0,3,0.5555873513221741,1.6874834299087524,-0.06765953451395035,-0.12104576081037521,219,381
 , , , , , , , 
0,0,0.3095415234565735,1.6157721281051636,-0.13746275007724762,0.12104576081037521,250,343
0,1,0.5555873513221741,1.681142807006836,0.16104935109615326,0.12104576081037521,209,372
0,2,0.3611317574977875,1.5789854526519775,-0.31909292936325073,-0.12104576081037521,233,347
0,3,0.5555873513221741,1.6875858306884766,-0.06505592912435532,-0.12104576081037521,209,358
 , , , , , , , 
0,0,0.3095415234565735,1.6169342994689941,-0.1230410560965538,0.12104576081037521,270,334
0,1,0.5555873513221741,1.6876295804977417,0.06390821188688278,0.12104576081037521,154,382
0,2,0.3095415234565735,1.587172031402588,-0.33241593837738037,-0.12104576081037521,249,336
0,3,0.611146092414856,1.6649105548858643,-0.12421225756406784,-0.12104576081037521,154,367
 , , , , , , , 
0,0,0.3095415234565735,1.6180330514907837,-0.10763219743967056,0.12104576081037521,227,352
0,1,0.5000286102294922,1.6979186534881592,0.16702988743782043,0.12104576081037521,122,372
0,2,0.3095415234565735,1.593763828277588,-0.2992195785045624,-0.12104576081037521,223,340
0,3,0.5000286102294922,1.7055535316467285,0.043750252574682236,-0.12104576081037521,127,365
0,4,0.4524068236351013,1.7496113777160645,0.09454789012670517,-0.12104576081037521,125,367
 , , , , , , , 
0,0,0.3095415234565735,1.6201854944229126,-0.06792964786291122,0.12104576081037521,214,336
0,1,0.5555873513221741,1.6834731101989746,0.1345233917236328,0.12104576081037521,152,347
0,2,0.3611317574977875,1.5860997438430786,-0.28160741925239563,-0.12104576081037521,212,327
0,3,0.611146092414856,1.668661117553711,-0.054090600460767746,-0.12104576081037521,128,369
0,4,0.11111746728420258,1.5383538007736206,-0.8842940330505371,-0.12104576081037521,128,369
0,5,0.8433022499084473,0.7974405884742737,-2.436225414276123,-0.12104576081037521,130,384
 , , , , , , , 
0,0,0.46431228518486023,1.5737816095352173,-0.18181586265563965,0.12104576081037521,147,336
0,1,0.5555873513221741,1.6872528791427612,0.07318388670682907,0.12104576081037521,176,365
0,2,0.46431228518486023,1.5416532754898071,-0.3648984134197235,-0.12104576081037521,149,338
0,3,0.6220594048500061,1.6927160024642944,-0.15001912415027618,-0.12104576081037521,182,375
 , , , , , , , 
0,0,0.5555873513221741,1.6862598657608032,0.09330421686172485,0.12104576081037521,192,359
0,1,0.5555873513221741,1.6846200227737427,-0.11930448561906815,-0.12104576081037521,212,358
 , , , , , , , 
0,0,0.5000286102294922,1.7010669708251953,0.13114126026630402,0.12104576081037521,195,361
0,1,0.5555873513221741,1.6868906021118164,-0.08110649138689041,-0.12104576081037521,199,378
 , , , , , , , 
0,0,0.42065897583961487,1.6276506185531616,-0.07115287333726883,0.12104576081037521,189,342
0,1,0.5000286102294922,1.702189326286316,0.11566445976495743,0.12104576081037521,182,367
0,2,0.5089576840400696,1.7307205200195312,0.14254596829414368,0.12104576081037521,171,378
0,3,0.42065897583961487,1.597006916999817,-0.3223014175891876,-0.12104576081037521,200,343
0,4,0.5655085444450378,1.7168114185333252,-0.08665858954191208,-0.12104576081037521,180,388
 , , , , , , , 
0,0,0.46431228518486023,1.5760868787765503,-0.16061031818389893,0.12104576081037521,196,332
0,1,0.5089576840400696,1.7297735214233398,0.153611958026886,0.12104576081037521,175,373
0,2,0.0,2.502329111099243,0.4348267912864685,0.12104576081037521,116,365
0,3,0.46431228518486023,1.536792516708374,-0.3848559558391571,-0.12104576081037521,195,345
0,4,0.5655085444450378,1.7161734104156494,-0.09848901629447937,-0.12104576081037521,194,368
0,5,0.9524354338645935,0.7134321928024292,2.24379301071167,-0.12104576081037521,121,375
0,6,0.0,2.5398218631744385,-0.005517181009054184,-0.12104576081037521,121,375
0,7,0.9018373489379883,3.0595903396606445,-0.3277917802333832,-0.12104576081037521,126,372
 , , , , , , , 
0,0,0.42065897583961487,1.6287932395935059,0.03663407638669014,0.12104576081037521,180,347
0,1,0.5089576840400696,1.7280373573303223,0.17204567790031433,0.12104576081037521,171,365
0,2,0.0,2.5063748359680176,0.41086533665657043,0.12104576081037521,117,363
0,3,0.7936961650848389,3.0738534927368164,0.02698533609509468,0.12104576081037521,122,357
0,4,0.37502145767211914,1.6694819927215576,0.10630619525909424,-0.12104576081037521,208,337
0,5,0.5089576840400696,1.7359718084335327,-0.04598793759942055,-0.12104576081037521,176,373
0,6,0.9524354338645935,0.6923549175262451,2.2503859996795654,-0.12104576081037521,122,371
0,7,0.0,2.5379233360290527,0.09834302216768265,-0.12104576081037521,122,371
0,8,0.8433022499084473,0.649185299873352,-2.479851722717285,-0.12104576081037521,117,368
0,9,0.8929082155227661,3.0250606536865234,-0.36191415786743164,-0.12104576081037521,130,370
 , , , , , , , 
0,0,0.32144695520401,1.6620192527770996,0.2710644602775574,0.12104576081037521,200,339
0,1,0.4524068236351013,1.7392700910568237,0.21217606961727142,0.12104576081037521,176,370
0,2,0.0,2.5156638622283936,0.34951502084732056,0.12104576081037521,124,372
0,3,0.37502145767211914,1.6707165241241455,0.08471721410751343,-0.12104576081037521,221,339
0,4,0.5089576840400696,1.7365758419036865,0.004168197512626648,-0.12104576081037521,175,391
0,5,0.0,2.538163185119629,0.09193947911262512,-0.12104576081037521,123,389
 , , , , , , , 
0,0,0.31549423933029175,1.652563452720642,0.027585919946432114,0.12104576081037521,176,339
0,1,0.5089576840400696,1.7256056070327759,0.19493184983730316,0.12104576081037521,173,370
0,2,0.3680765926837921,1.6372013092041016,-0.12391560524702072,-0.12104576081037521,187,338
0,3,0.5000286102294922,1.7060306072235107,0.016925472766160965,-0.12104576081037521,190,372
0,4,0.07936961948871613,2.537278652191162,0.08150769770145416,-0.12104576081037521,126,384
 , , , , , , , 
0,0,0.3095415234565735,1.6153745651245117,-0.14205805957317352,0.12104576081037521,175,339
0,1,0.5089576840400696,1.731294870376587,0.13539212942123413,0.12104576081037521,181,356
0,2,0.3095415234565735,1.5868401527404785,-0.3339967429637909,-0.12104576081037521,193,336
0,3,0.5655085444450378,1.714901089668274,-0.11859846860170364,-0.12104576081037521,177,371
 , , , , , , , 
0,0,0.3095415234565735,1.6213793754577637,-0.027288028970360756,0.12104576081037521,165,346
0,1,0.4524068236351013,1.741552710533142,0.19254405796527863,0.12104576081037521,180,366
0,2,0.3095415234565735,1.6050506830215454,-0.23114438354969025,-0.12104576081037521,175,343
0,3,0.5089576840400696,1.7364999055862427,-0.016758199781179428,-0.12104576081037521,197,368
 , , , , , , , 
0,0,0.2579512596130371,1.6306073665618896,0.0035000296775251627,0.12104576081037521,166,337
0,1,0.4524068236351013,1.7371805906295776,0.22865381836891174,0.12104576081037521,183,370
0,2,0.3095415234565735,1.6054822206497192,-0.22812817990779877,-0.12104576081037521,184,337
0,3,0.5089576840400696,1.7365614175796509,0.008200683631002903,-0.12104576081037521,193,377
 , , , , , , , 
0,0,0.20636101067066193,1.637453317642212,0.03991372138261795,0.12104576081037521,183,345
0,1,0.4524068236351013,1.739560604095459,0.2097809910774231,0.12104576081037521,173,374
0,2,0.2579512596130371,1.6179354190826416,-0.2029225379228592,-0.12104576081037521,209,340
0,3,0.4524068236351013,1.7521641254425049,-9.861461148830131e-05,-0.12104576081037521,192,371
 , , , , , , , 
0,0,0.20636101067066193,1.6334723234176636,0.12089044600725174,0.12104576081037521,202,344
0,1,0.4444698691368103,1.7140828371047974,0.15881533920764923,0.12104576081037521,183,366
0,2,0.2579512596130371,1.6275945901870728,-0.09913885593414307,-0.12104576081037521,228,342
0,3,0.5089576840400696,1.735985517501831,-0.04546745866537094,-0.12104576081037521,186,382
 , , , , , , , 
0,0,0.2579512596130371,1.629584550857544,0.05785027891397476,0.12104576081037521,240,333
0,1,0.4444698691368103,1.7139748334884644,0.15997596085071564,0.12104576081037521,170,378
0,2,0.2579512596130371,1.622159481048584,-0.16580505669116974,-0.12104576081037521,249,344
0,3,0.4444698691368103,1.7199888229370117,-0.0702911764383316,-0.12104576081037521,163,401
 , , , , , , , 
0,0,0.2579512596130371,1.6303324699401855,-0.030142325907945633,0.12104576081037521,250,341
0,1,0.4444698691368103,1.7117265462875366,0.18246698379516602,0.12104576081037521,156,393
0,2,0.3095415234565735,1.6048333644866943,-0.23264914751052856,-0.12104576081037521,269,346
0,3,0.4444698691368103,1.720901370048523,-0.04243595898151398,-0.12104576081037521,173,393
 , , , , , , , 
0,0,0.2579512596130371,1.6281644105911255,-0.08929213136434555,0.12104576081037521,243,344
0,1,0.3889111280441284,1.7237927913665771,0.19530057907104492,0.12104576081037521,127,393
0,2,0.3095415234565735,1.595126986503601,-0.2918657958507538,-0.12104576081037521,262,346
0,3,0.4444698691368103,1.721272587776184,-0.02285955846309662,-0.12104576081037521,137,397
 , , , , , , , 
0,0,0.2579512596130371,1.6238980293273926,-0.14780950546264648,0.12104576081037521,230,337
0,1,0.4444698691368103,1.7062129974365234,0.22834093868732452,0.12104576081037521,137,386
0,2,0.3095415234565735,1.5866848230361938,-0.33473432064056396,-0.12104576081037521,226,357
0,3,0.5000286102294922,1.7059992551803589,0.019839275628328323,-0.12104576081037521,139,396
 , , , , , , , 
0,0,0.2579512596130371,1.6206104755401611,-0.18031743168830872,0.12104576081037521,227,336
0,1,0.5000286102294922,1.6879603862762451,0.24822714924812317,0.12104576081037521,135,382
0,2,0.2579512596130371,1.5811265707015991,-0.39866188168525696,-0.12104576081037521,244,340
0,3,0.5000286102294922,1.7060885429382324,0.009425808675587177,-0.12104576081037521,134,392
 , , , , , , , 
0,0,0.20636101067066193,1.6191784143447876,-0.24719947576522827,0.12104576081037521,215,332
0,1,0.5000286102294922,1.6910581588745117,0.22616177797317505,0.12104576081037521,144,371
0,2,0.2579512596130371,1.5721774101257324,-0.4326094090938568,-0.12104576081037521,224,344
0,3,0.5000286102294922,1.7060847282409668,0.010092622600495815,-0.12104576081037521,143,387
 , , , , , , , 
0,0,0.15477076172828674,1.6383557319641113,-0.13140766322612762,0.12104576081037521,192,336
0,1,0.5555873513221741,1.664605975151062,0.2850703001022339,0.12104576081037521,129,371
0,2,0.20636101067066193,1.6032304763793945,-0.3354083001613617,-0.12104576081037521,200,346
0,3,0.5555873513221741,1.6888233423233032,0.007341865450143814,-0.12104576081037521,136,374
0,4,0.5655085444450378,1.7189271450042725,-0.015507296659052372,-0.12104576081037521,137,373
 , , , , , , , 
0,0,0.15477076172828674,1.6416181325912476,-0.08104030787944794,0.12104576081037521,150,345
0,1,0.5555873513221741,1.6771655082702637,0.19822682440280914,0.12104576081037521,129,373
0,2,0.15477076172828674,1.6127644777297974,-0.3169674277305603,-0.12104576081037521,165,341
0,3,0.5555873513221741,1.688833236694336,-0.004510586149990559,-0.12104576081037521,131,384
 , , , , , , , 
0,0,0.20636101067066193,1.6302180290222168,-0.1588577777147293,0.12104576081037521,144,343
0,1,0.5555873513221741,1.6724086999893188,0.23500414192676544,0.12104576081037521,138,370
0,2,0.20636101067066193,1.6007142066955566,-0.34721848368644714,-0.12104576081037521,161,336
0,3,0.5555873513221741,1.6878241300582886,-0.058545999228954315,-0.12104576081037521,150,369
 , , , , , , , 
0,0,0.15477076172828674,1.6125831604003906,-0.3178887367248535,0.12104576081037521,140,347
0,1,0.15477076172828674,1.5674619674682617,-0.49451062083244324,-0.12104576081037521,141,340
 , , , , , , , 
0,0,0.262911856174469,1.6496645212173462,-0.2018616944551468,0.12104576081037521,235,333
0,1,0.31549423933029175,1.615300178527832,-0.350046306848526,-0.12104576081037521,204,344
 , , , , , , , 
0,0,0.20636101067066193,1.6164205074310303,-0.26463428139686584,0.12104576081037521,266,345
0,1,0.5555873513221741,1.6868196725845337,0.08256787806749344,0.12104576081037521,178,411
0,2,0.2579512596130371,1.5740867853164673,-0.4256093502044678,-0.12104576081037521,247,338
0,3,0.611146092414856,1.664872169494629,-0.12472636997699738,-0.12104576081037521,156,401
 , , , , , , , 
0,0,0.41272202134132385,1.5885041952133179,-0.17817500233650208,0.12104576081037521,334,346
0,1,0.611146092414856,1.6665756702423096,0.09940402954816818,0.12104576081037521,199,447
 , , , , , , , 
0,0,0.3611317574977875,1.5919636487960815,-0.24630680680274963,0.12104576081037521,360,342
0,1,0.5000286102294922,1.7043660879135132,-0.07722064852714539,0.12104576081037521,196,462
 , , , , , , , 
0,0,0.3680765926837921,1.6213761568069458,-0.2586941421031952,0.12104576081037521,383,348
 , , , , , , , 
0,0,0.3611317574977875,1.6028481721878052,-0.1609136462211609,0.12104576081037521,430,350
0,1,0.6220594048500061,1.698649525642395,0.04881341755390167,0.12104576081037521,120,526
0,2,0.329383909702301,2.6070029735565186,-0.1965760737657547,0.48418304324150085,179,372
0,3,0.9524354338645935,1.3143045902252197,1.9535086154937744,-0.12104576081037521,158,463
 , , , , , , , 
0,0,0.3611317574977875,1.6071910858154297,-0.1093243807554245,0.12104576081037521,333,340
0,1,-0.18552649021148682,5.89426851272583,-0.6850811243057251,0.12104576081037521,130,440
0,2,0.22223493456840515,1.7360161542892456,-0.31259384751319885,0.24209152162075043,225,427
0,3,-2.0358307361602783,1.2787445783615112,-0.20490480959415436,0.24209152162075043,122,528
0,4,0.3770056962966919,2.383075714111328,-0.024443961679935455,0.24209152162075043,122,528
0,5,0.7837749719619751,4.938241004943848,-0.4016645848751068,0.36313727498054504,154,414
 , , , , , , , 
0,0,0.32144695520401,1.6838144063949585,-0.023514796048402786,0.12104576081037521,385,353
0,1,0.940530002117157,0.4574056565761566,2.279615879058838,-0.12104576081037521,129,459
 , , , , , , , 
0,0,0.42065897583961487,1.6226468086242676,-0.14603738486766815,0.24209152162075043,358,344
0,1,0.23810885846614838,1.8899075984954834,-0.00928417220711708,0.24209152162075043,124,525
0,2,0.3770056962966919,2.3819591999053955,-0.07692687213420868,0.24209152162075043,121,532
0,3,-2.0358307361602783,1.2858847379684448,-0.1538638472557068,0.24209152162075043,121,532
0,4,0.7887356281280518,4.949025630950928,-0.6053205132484436,0.36313727498054504,155,447
 , , , , , , , 
0,0,0.37502145767211914,1.6725444793701172,-0.032650165259838104,0.24209152162075043,400,345
0,1,0.23017188906669617,1.823872685432434,0.10569722950458527,0.24209152162075043,198,489
0,2,0.3819662928581238,2.4137609004974365,-0.06207315996289253,0.24209152162075043,127,523
0,3,0.7936961650848389,5.0156168937683105,-0.12858422100543976,0.36313727498054504,138,422
 , , , , , , , 
0,0,0.42859596014022827,1.6363801956176758,-0.27870580554008484,0.24209152162075043,360,333
0,1,0.6667047739028931,3.4890809059143066,-0.15887819230556488,0.48418304324150085,125,406
 , , , , , , , 
0,0,0.4821704626083374,1.6421034336090088,0.1005968451499939,0.24209152162075043,346,345
0,1,0.22223493456840515,1.7417211532592773,-0.27906039357185364,0.24209152162075043,338,382
0,2,0.9722778797149658,4.334483623504639,0.14924675226211548,0.48418304324150085,158,401
 , , , , , , , 
0,0,0.3889111280441284,1.701871633529663,-0.3365064859390259,0.24209152162075043,363,360
0,1,0.96434086561203,5.050792217254639,0.10747786611318588,0.24209152162075043,117,461
0,2,0.9792227149009705,4.36759090423584,-0.0620051845908165,0.48418304324150085,128,425
 , , , , , , , 
0,0,0.8036173582077026,5.050065040588379,-0.5504983067512512,0.12104576081037521,142,474
0,1,0.4444698691368103,1.7185428142547607,-0.09956224262714386,0.24209152162075043,406,353
0,2,0.2976360619068146,1.8704829216003418,-0.20307467877864838,0.24209152162075043,166,511
 , , , , , , , 
0,0,0.8036173582077026,5.075674533843994,-0.2091277539730072,0.12104576081037521,119,485
0,1,0.4444698691368103,1.671525001525879,-0.41146838665008545,0.24209152162075043,346,348
0,2,0.23810885846614838,1.8835257291793823,-0.15546074509620667,0.24209152162075043,197,463
0,3,1.0576001405715942,1.2736610174179077,2.009119987487793,0.24209152162075043,130,528
0,4,1.0804189443588257,3.5133285522460938,-1.1163599491119385,0.36313727498054504,161,473
0,5,0.34525781869888306,1.764286756515503,0.39843645691871643,0.48418304324150085,316,382
 , , , , , , , 
0,0,-2.116192579269409,1.3393750190734863,-0.13516280055046082,0.24209152162075043,113,520
0,1,0.4702650010585785,2.4574036598205566,-0.17459486424922943,0.24209152162075043,113,520
0,2,0.27779367566108704,1.7520849704742432,0.11783194541931152,0.36313727498054504,347,353
0,3,0.4097456634044647,1.8190416097640991,-0.17828607559204102,0.36313727498054504,272,415
0,4,1.152843713760376,1.6752229928970337,-1.6757625341415405,0.48418304324150085,123,493
0,5,1.0893479585647583,3.479668378829956,-1.306597113609314,0.48418304324150085,132,468
 , , , , , , , 
0,0,0.39585596323013306,1.7648872137069702,-0.05676491931080818,0.48418304324150085,426,342
0,1,0.24207733571529388,1.9201480150222778,0.07015613466501236,0.48418304324150085,218,485
 , , , , , , , 
0,0,0.8829870223999023,5.518174648284912,-0.8397647142410278,0.24209152162075043,121,451
0,1,0.24604582786560059,1.9320162534713745,-0.28502893447875977,0.48418304324150085,175,478
0,2,0.2877148687839508,1.8022059202194214,-0.24481840431690216,0.6052287817001343,384,351
 , , , , , , , 
0,0,0.8829870223999023,5.5773773193359375,-0.21981483697891235,0.36313727498054504,152,428
0,1,0.46828076243400574,1.7427027225494385,-0.502285361289978,0.48418304324150085,392,355
0,2,0.3125178813934326,1.9752273559570312,0.035596348345279694,0.7262745499610901,222,463
 , , , , , , , 
0,0,-0.3611317574977875,5.766594886779785,-0.049989014863967896,0.12104576081037521,145,443
0,1,0.4107378125190735,4.36185359954834,0.021669114008545876,0.36313727498054504,119,462
0,2,0.4097456634044647,1.827245831489563,-0.043256811797618866,0.7262745499610901,390,346
0,3,0.30755728483200073,1.9217475652694702,-0.2945541441440582,0.7262745499610901,298,399
0,4,0.1309598684310913,2.0883285999298096,-0.11071809381246567,0.8473203182220459,121,480
 , , , , , , , 
0,0,-0.18056587874889374,5.766923427581787,-0.3106837868690491,0.12104576081037521,123,451
0,1,0.7103580832481384,5.637704372406006,-0.0814548209309578,0.36313727498054504,123,440
0,2,-2.1152002811431885,1.5122562646865845,-0.1276789754629135,0.48418304324150085,130,466
0,3,-0.4881231486797333,1.0074864625930786,2.3503191471099854,0.48418304324150085,130,466
0,4,1.7501001358032227,5.953381538391113,-0.4635491967201233,0.48418304324150085,128,420
0,5,0.430580198764801,1.887822151184082,-0.3538294732570648,0.7262745499610901,368,361
 , , , , , , , 
0,0,0.3690687417984009,1.9247013330459595,-0.18379393219947815,0.7262745499610901,381,361
0,1,0.3928796052932739,2.057342290878296,0.05926985293626785,0.7262745499610901,194,494
 , , , , , , , 
0,0,0.27779367566108704,4.435886859893799,0.032972853630781174,0.36313727498054504,131,463
0,1,0.37502145767211914,1.9529050588607788,-0.2144262194633484,0.6052287817001343,436,356
 , , , , , , , 
0,0,0.0,4.031973361968994,0.005423280876129866,0.36313727498054504,113,468
0,1,3.527979612350464,1.5345330238342285,1.2064013481140137,0.36313727498054504,113,468
0,2,0.39684808254241943,3.1302831172943115,-0.35085225105285645,0.48418304324150085,114,483
0,3,0.3174784779548645,1.9990639686584473,-0.17724299430847168,0.6052287817001343,434,341
0,4,2.196554183959961,2.89597487449646,-1.4273711442947388,-0.36313727498054504,221,352
 , , , , , , , 
0,0,0.2579512596130371,2.027892589569092,-0.2821336090564728,0.48418304324150085,408,344
0,1,0.26985669136047363,2.135143995285034,0.17025329172611237,0.6052287817001343,275,421
 , , , , , , , 
0,0,0.38692688941955566,2.0019137859344482,-0.31798696517944336,0.36313727498054504,377,347
0,1,0.26985669136047363,2.131995916366577,-0.20595955848693848,0.48418304324150085,292,416
0,2,0.48018619418144226,3.8092072010040283,-0.12808048725128174,0.48418304324150085,126,446
 , , , , , , , 
0,0,0.14088107645511627,4.501326560974121,-0.20500999689102173,0.24209152162075043,149,450
0,1,0.32739967107772827,2.0549051761627197,-0.2463710755109787,0.36313727498054504,345,351
0,2,0.5000286102294922,2.2293267250061035,0.0718456506729126,0.48418304324150085,146,533
0,3,0.3601396381855011,3.8225746154785156,0.1235513910651207,0.48418304324150085,115,458
 , , , , , , , 
0,0,0.26985669136047363,2.109402656555176,-0.3718150556087494,0.36313727498054504,401,350
0,1,0.4881231486797333,5.175903797149658,-0.28447532653808594,0.48418304324150085,136,430
 , , , , , , , 
0,0,0.33732086420059204,2.1014416217803955,-0.3616717457771301,0.36313727498054504,382,352
0,1,0.32739967107772827,5.2279887199401855,0.041506148874759674,0.48418304324150085,116,421
 , , , , , , , 
0,0,0.3422814905643463,2.138862133026123,-0.32687607407569885,0.36313727498054504,381,354
0,1,0.14286531507968903,2.2558696269989014,0.34018978476524353,0.48418304324150085,203,459
0,2,0.47224920988082886,2.016589403152466,-0.6090942025184631,0.7262745499610901,292,337
 , , , , , , , 
0,0,0.3422814905643463,2.142453193664551,-0.3024444282054901,0.36313727498054504,387,346
0,1,0.5069734454154968,2.260983467102051,-0.04656769335269928,0.36313727498054504,210,477
0,2,0.47919410467147827,2.0736615657806396,-0.5186859369277954,0.7262745499610901,283,367
 , , , , , , , 
0,0,0.3472420871257782,2.1668457984924316,-0.3507700264453888,0.36313727498054504,365,354
0,1,0.5952721238136292,2.303957939147949,-0.0837310329079628,0.36313727498054504,195,514
0,2,0.35319480299949646,5.636683940887451,-0.19536477327346802,0.48418304324150085,114,404
 , , , , , , , 
0,0,0.3522026836872101,2.1850969791412354,-0.42691758275032043,0.36313727498054504,343,345
0,1,0.2202506959438324,2.3365166187286377,0.10761506110429764,0.48418304324150085,284,420
0,2,0.37502145767211914,3.9351792335510254,-0.6128255724906921,0.48418304324150085,125,430
0,3,0.47919410467147827,2.1105544567108154,-0.33862605690956116,0.6052287817001343,263,338
 , , , , , , , 
0,0,0.28176215291023254,2.1259026527404785,-0.6943355798721313,0.24209152162075043,281,352
0,1,0.42859596014022827,2.240100860595703,-0.15278030931949615,0.48418304324150085,314,354
0,2,0.14683379232883453,2.330207347869873,0.26072075963020325,0.48418304324150085,280,385
0,3,0.5039970874786377,3.979335308074951,-0.4095284044742584,0.6052287817001343,116,412
 , , , , , , , 
0,0,0.28573063015937805,2.2513983249664307,-0.2732234597206116,0.48418304324150085,311,345
0,1,0.5347528457641602,2.383291006088257,0.09977912157773972,0.6052287817001343,251,457
0,2,0.42859596014022827,2.1673460006713867,-0.586519181728363,0.7262745499610901,294,340
0,3,0.34525781869888306,3.660735607147217,0.2060621827840805,0.8473203182220459,113,416
 , , , , , , , 
0,0,1.5556445121765137,6.925492763519287,-0.4372757375240326,0.48418304324150085,135,421
0,1,0.35716328024864197,2.2359869480133057,-0.31286439299583435,0.6052287817001343,385,346
0,2,0.5347528457641602,2.3784751892089844,-0.18135040998458862,0.6052287817001343,203,491
0,3,0.4524068236351013,3.589031457901001,-0.11482308059930801,0.8473203182220459,147,396
 , , , , , , , 
0,0,0.36708447337150574,2.304919481277466,-0.2683230936527252,0.7262745499610901,379,349
0,1,0.38692688941955566,4.106268882751465,-0.15097305178642273,0.8473203182220459,165,429
0,2,0.5119340419769287,5.429871082305908,-0.2700008749961853,0.8473203182220459,174,377
 , , , , , , , 
0,0,0.14683379232883453,4.6798176765441895,0.39414626359939575,0.48418304324150085,113,457
0,1,0.5486425161361694,2.4357171058654785,-0.23819932341575623,0.7262745499610901,188,448
0,2,0.2976360619068146,2.3418359756469727,-0.311125785112381,0.8473203182220459,356,345
0,3,0.3393051028251648,3.600977897644043,-0.129751518368721,0.8473203182220459,163,388
0,4,0.5198709964752197,4.111027717590332,-0.3552424907684326,0.8473203182220459,145,422
0,5,0.517886757850647,5.497527599334717,-0.15794089436531067,0.8473203182220459,158,376
 , , , , , , , 
0,0,0.5307843089103699,1.5666537284851074,-2.9670872688293457,0.24209152162075043,126,461
0,1,-2.5279223918914795,1.8061262369155884,-0.1662401258945465,0.6052287817001343,122,514
0,2,0.38692688941955566,2.441309928894043,-0.15004709362983704,0.7262745499610901,402,355
0,3,0.3512105643749237,3.729743719100952,-0.004706363193690777,0.7262745499610901,123,432
0,4,1.3294410705566406,2.054682970046997,3.4798245429992676,-0.9683660864830017,126,415
0,5,-0.2658882141113281,4.211463928222656,-0.5396209955215454,-0.9683660864830017,126,415
 , , , , , , , 
0,0,0.313510000705719,2.4505176544189453,-0.43259742856025696,0.48418304324150085,357,339
0,1,-2.5279223918914795,1.8093411922454834,-0.12653809785842896,0.48418304324150085,119,535
0,2,0.24703793227672577,2.6234302520751953,0.013689137995243073,0.6052287817001343,233,425
0,3,0.47621771693229675,3.7769768238067627,-0.14763353765010834,0.7262745499610901,171,402
 , , , , , , , 
0,0,3.9446702003479004,1.7973510026931763,-1.2381125688552856,0.24209152162075043,115,439
0,1,0.4018086791038513,2.521362781524658,-0.3070511221885681,0.48418304324150085,379,344
 , , , , , , , 
0,0,0.4018086791038513,2.5229921340942383,-0.2933630049228668,0.48418304324150085,339,356
 , , , , , , , 
0,0,0.1517944037914276,4.826489448547363,-0.5258278846740723,0.36313727498054504,116,447
0,1,0.4117298722267151,2.589061975479126,-0.266153484582901,0.48418304324150085,355,355
 , , , , , , , 
0,0,0.4117298722267151,2.5769846439361572,-0.36500638723373413,0.36313727498054504,387,353
0,1,0.305573046207428,4.854426860809326,0.4951096475124359,0.36313727498054504,114,465
0,2,0.8631446361541748,4.51185941696167,-0.29957863688468933,0.7262745499610901,113,405
 , , , , , , , 
0,0,0.329383909702301,2.6076834201812744,-0.18733350932598114,0.36313727498054504,378,349
0,1,0.24703793227672577,2.5845935344696045,-0.4499436616897583,0.7262745499610901,292,346
 , , , , , , , 
0,0,2.8930225372314453,4.5921220779418945,8.737897872924805,0.12104576081037521,119,372
0,1,0.416690468788147,2.605424404144287,-0.38737261295318604,0.36313727498054504,416,350
 , , , , , , , 
0,0,0.33335238695144653,2.632129669189453,-0.26961755752563477,0.48418304324150085,366,352
0,1,0.44645410776138306,2.819387674331665,-0.12621746957302094,0.48418304324150085,143,511
 , , , , , , , 
0,0,0.15477076172828674,4.933287143707275,0.4094032347202301,0.36313727498054504,123,434
0,1,0.42165112495422363,2.6591899394989014,-0.18216459453105927,0.48418304324150085,406,346
0,2,0.7143265604972839,2.765540599822998,-0.07563982158899307,0.48418304324150085,150,498
 , , , , , , , 
0,0,0.15477076172828674,4.911416530609131,0.6188031435012817,0.36313727498054504,150,425
0,1,0.4266117215156555,2.679952621459961,-0.30079349875450134,0.48418304324150085,392,341
0,2,0.35319480299949646,2.8033392429351807,-0.017968228086829185,0.48418304324150085,241,421
0,3,2.7541258335113525,2.6941232681274414,-10.320844650268555,0.48418304324150085,114,353
0,4,-1.3770629167556763,10.921971321105957,0.4214160442352295,0.48418304324150085,114,353
0,5,1.6369984149932861,8.555861473083496,-0.5846951603889465,0.6052287817001343,153,369
0,6,1.0714898109436035,5.474493503570557,-1.2404143810272217,0.7262745499610901,160,367
 , , , , , , , 
0,0,0.54169762134552,2.836162567138672,-0.09684111922979355,0.48418304324150085,164,480
0,1,0.34525784850120544,2.7249138355255127,-0.29091545939445496,0.6052287817001343,408,352
 , , , , , , , 
0,0,0.34922632575035095,2.7628026008605957,-0.22436469793319702,0.6052287817001343,383,347
0,1,1.6548566818237305,8.65941047668457,-0.41547101736068726,0.7262745499610901,181,356
 , , , , , , , 
0,0,2.579512596130371,3.742504596710205,9.262933731079102,0.12104576081037521,121,369
0,1,0.3303760290145874,1.9529011249542236,2.9147355556488037,0.24209152162075043,117,421
0,2,0.35319480299949646,2.7885892391204834,-0.2877558171749115,0.7262745499610901,347,353
0,3,1.6489038467407227,8.637115478515625,-0.1360200047492981,0.8473203182220459,147,360
0,4,-0.3035888075828552,4.844399929046631,-0.18481853604316711,-0.7262745499610901,116,399
0,5,1.517944097518921,0.5002612471580505,4.58695125579834,-0.7262745499610901,116,399
 , , , , , , , 
0,0,0.5595558285713196,2.9301154613494873,-0.08575485646724701,0.6052287817001343,229,442
0,1,0.3611317574977875,2.8405115604400635,-0.3843318521976471,0.7262745499610901,332,361
0,2,1.1270486116409302,0.5473334193229675,4.330589294433594,-0.7262745499610901,141,367
0,3,-0.5635243058204651,4.471887111663818,0.09210983663797379,-0.7262745499610901,141,367
 , , , , , , , 
0,0,0.36510026454925537,2.8816068172454834,-0.30680617690086365,0.7262745499610901,373,357
0,1,0.46034377813339233,3.6453676223754883,-0.24905498325824738,0.7262745499610901,113,459
 , , , , , , , 
0,0,0.3690687417984009,2.9219138622283936,-0.20918779075145721,0.7262745499610901,383,343
0,1,-0.4732413589954376,5.02284574508667,-0.1686311811208725,-0.48418304324150085,143,389
0,2,1.4197241067886353,0.8119763135910034,4.775609970092773,-0.48418304324150085,143,389
 , , , , , , , 
0,0,0.3730372190475464,2.9430062770843506,-0.3249489367008209,0.7262745499610901,346,352
0,1,-0.482170432806015,5.11481237411499,-0.24127332866191864,-0.48418304324150085,147,371
 , , , , , , , 
0,0,0.2827542722225189,2.978931427001953,-0.37755584716796875,0.7262745499610901,351,355
0,1,0.3006124496459961,3.192223310470581,-0.03455489128828049,0.7262745499610901,149,457
 , , , , , , , 
0,0,0.28573063015937805,3.0343425273895264,-0.01296159252524376,0.48418304324150085,337,354
0,1,0.2916833460330963,3.08398175239563,-0.2899942100048065,0.6052287817001343,246,424
0,2,1.1349855661392212,8.993249893188477,-0.5268436074256897,0.7262745499610901,121,371
 , , , , , , , 
0,0,0.3809741735458374,2.959782123565674,-0.6193483471870422,0.48418304324150085,328,347
0,1,0.3006124496459961,3.1414663791656494,-0.5680426359176636,0.48418304324150085,130,488
 , , , , , , , 
0,0,0.31549423933029175,3.189058303833008,-1.0273380279541016,0.12104576081037521,122,409
0,1,-3.333523988723755,1.8439267873764038,-0.04104122519493103,0.36313727498054504,122,465
0,2,0.35716328024864197,3.7511372566223145,-0.5617267489433289,0.36313727498054504,122,465
0,3,0.28573063015937805,3.0207369327545166,-0.2873172163963318,0.48418304324150085,327,338
0,4,0.3928796052932739,3.1151511669158936,-0.14198468625545502,0.48418304324150085,287,366
0,5,1.4236925840377808,8.705116271972656,-2.2838335037231445,0.48418304324150085,116,390
 , , , , , , , 
0,0,0.10218838602304459,3.2653911113739014,-0.14094102382659912,0.36313727498054504,115,501
0,1,0.3928796052932739,3.1172661781311035,-0.08353110402822495,0.48418304324150085,320,362
 , , , , , , , 
0,0,0.3889111280441284,3.043009042739868,-0.5186170935630798,0.36313727498054504,300,345
0,1,0.20040829479694366,3.1992666721343994,0.07988584786653519,0.48418304324150085,300,378
 , , , , , , , 
0,0,0.29465970396995544,3.122727632522583,-0.2010653167963028,0.36313727498054504,389,352
0,1,0.10218838602304459,3.2669360637664795,0.09884931892156601,0.36313727498054504,167,455
 , , , , , , , 
0,0,0.2976360619068146,3.1576638221740723,-0.14081896841526031,0.36313727498054504,397,345
 , , , , , , , 
0,0,-0.16369983553886414,5.229389667510986,-0.2597348690032959,0.24209152162075043,119,454
0,1,1.1548279523849487,9.144464492797852,-0.6303293704986572,0.24209152162075043,132,386
0,2,0.41272202134132385,3.26961612701416,-0.20247617363929749,0.36313727498054504,254,417
0,3,0.39684808254241943,3.0592780113220215,-0.7500585913658142,0.6052287817001343,341,348
 , , , , , , , 
0,0,0.20239253342151642,3.1785287857055664,-0.5851948857307434,0.24209152162075043,358,353
0,1,-0.1646919548511505,5.257948875427246,-0.31820768117904663,0.24209152162075043,149,465
0,2,1.1548279523849487,9.097990036010742,-1.1158480644226074,0.24209152162075043,137,412
0,3,0.40081658959388733,3.100099563598633,-0.7145488858222961,0.6052287817001343,296,360
 , , , , , , , 
0,0,0.40081658959388733,3.0336568355560303,-0.9581878185272217,0.0,263,326
0,1,-5.136206150054932,1.2575510740280151,-0.38469797372817993,0.24209152162075043,145,446
0,2,1.4435349702835083,9.029304504394531,-1.3191039562225342,0.24209152162075043,166,388
0,3,0.3006124496459961,3.1919126510620117,-0.05636265128850937,0.36313727498054504,368,351
0,4,-0.4563753008842468,3.404372215270996,-1.2376550436019897,-0.8473203182220459,179,343
0,5,0.7986567616462708,2.8012266159057617,2.201157808303833,-0.8473203182220459,179,343
 , , , , , , , 
0,0,-0.1656840741634369,5.249680519104004,-0.7234938740730286,0.24209152162075043,151,435
0,1,0.30656516551971436,3.243299722671509,-0.28303807973861694,0.36313727498054504,373,352
 , , , , , , , 
0,0,1.4484955072402954,9.117121696472168,-0.8483780026435852,0.24209152162075043,130,394
0,1,0.30656516551971436,3.240187168121338,-0.31668731570243835,0.36313727498054504,348,351
0,2,0.5357449650764465,3.3864786624908447,-0.0344572514295578,0.48418304324150085,135,493
 , , , , , , , 
0,0,1.4584167003631592,9.18102741241455,-0.8383458256721497,0.36313727498054504,128,376
0,1,0.3095415234565735,3.242347002029419,-0.5413832068443298,0.48418304324150085,309,355
0,2,0.21429798007011414,3.42106556892395,-0.08267423510551453,0.48418304324150085,197,416
 , , , , , , , 
0,0,0.42065897583961487,3.311414957046509,-0.4273536801338196,0.48418304324150085,343,348
0,1,0.31549423933029175,3.332791805267334,-0.34353530406951904,0.6052287817001343,344,347
0,2,0.5655085444450378,5.998608589172363,0.2881225645542145,0.6052287817001343,121,391
 , , , , , , , 
0,0,0.3184705972671509,3.378053665161133,-0.16453556716442108,0.48418304324150085,353,364
0,1,-0.16866044700145721,5.365246295928955,-0.5610204339027405,0.48418304324150085,120,450
0,2,0.3770056962966919,6.010902404785156,-0.3362206220626831,0.7262745499610901,196,356
 , , , , , , , 
0,0,0.32144695520401,3.2286388874053955,-1.1086076498031616,0.12104576081037521,249,344
0,1,-0.3393051326274872,5.371285915374756,-0.7119831442832947,0.36313727498054504,136,429
0,2,0.20834524929523468,6.663092613220215,-0.09654340147972107,0.36313727498054504,139,410
0,3,0.3303760290145874,3.5079503059387207,-0.06158120185136795,0.48418304324150085,220,424
0,4,0.21429798007011414,3.09490966796875,-1.4601569175720215,0.6052287817001343,255,367
 , , , , , , , 
0,0,1.0238680839538574,3.1615424156188965,4.3329925537109375,0.12104576081037521,141,416
0,1,0.32442331314086914,3.393846035003662,-0.5930644273757935,0.24209152162075043,364,352
 , , , , , , , 
0,0,0.4524068236351013,3.515040159225464,-0.7340461611747742,0.0,134,424
0,1,0.32442331314086914,3.4128828048706055,-0.4713252782821655,0.24209152162075043,365,351
 , , , , , , , 
0,0,0.3303760290145874,3.500927686691284,-0.23024386167526245,0.12104576081037521,324,352
 , , , , , , , 
0,0,0.2202506959438324,3.5114874839782715,-0.198994979262352,0.12104576081037521,277,345
0,1,0.22620341181755066,3.5986852645874023,-0.311929315328598,0.12104576081037521,153,397
0,2,1.4832197427749634,9.327110290527344,-0.9563695788383484,0.12104576081037521,114,390
 , , , , , , , 
0,0,0.2202506959438324,3.511168956756592,-0.20453894138336182,0.12104576081037521,309,343
0,1,0.3393051028251648,3.5878045558929443,-0.33396846055984497,0.12104576081037521,217,395
 , , , , , , , 
0,0,0.3303760290145874,3.506446361541748,-0.11974947154521942,0.12104576081037521,336,352
0,1,1.4881802797317505,9.288076400756836,-1.4934072494506836,0.12104576081037521,114,369
 , , , , , , , 
0,0,0.22223493456840515,3.548232316970825,0.06389070302248001,0.12104576081037521,323,348
 , , , , , , , 
0,0,0.3303760290145874,3.503232479095459,0.19201165437698364,0.12104576081037521,241,341
0,1,0.22620341181755066,3.6113975048065186,-0.0751269981265068,0.12104576081037521,196,377
 , , , , , , , 
0,0,0.4444698691368103,3.527829885482788,-0.01689602993428707,0.12104576081037521,197,351
0,1,0.4405013918876648,3.440990447998047,-0.6198362112045288,-0.12104576081037521,167,343
 , , , , , , , 
0,0,0.3303760290145874,3.5077385902404785,0.07264219224452972,0.12104576081037521,238,328
0,1,0.33335238695144653,3.5061569213867188,-0.48904192447662354,-0.12104576081037521,201,335
 , , , , , , , 
0,0,0.4405013918876648,3.4915823936462402,0.18293467164039612,0.12104576081037521,184,335
 , , , , , , , 
0,0,0.33335238695144653,3.5400612354278564,-0.016269154846668243,0.12104576081037521,174,350
0,1,0.4444698691368103,3.485177516937256,-0.5471798181533813,-0.12104576081037521,141,354
 , , , , , , , 
0,0,0.3303760290145874,3.505561590194702,-0.14333663880825043,0.12104576081037521,158,348
0,1,0.4405013918876648,3.4151804447174072,-0.749103307723999,-0.12104576081037521,150,344
 , , , , , , , 
0,0,0.3303760290145874,3.5077927112579346,-0.06996995955705643,0.12104576081037521,174,339
0,1,0.4405013918876648,3.461522340774536,-0.4924187660217285,-0.12104576081037521,157,342
 , , , , , , , 
0,0,0.3303760290145874,3.498357057571411,-0.26646628975868225,0.12104576081037521,185,343
0,1,0.3303760290145874,3.438385486602783,-0.6978623867034912,-0.12104576081037521,162,342
 , , , , , , , 
0,0,0.3303760290145874,3.505436420440674,-0.1463598757982254,0.12104576081037521,231,344
0,1,0.3303760290145874,3.4687821865081787,-0.5263614058494568,-0.12104576081037521,213,335
 , , , , , , , 
0,0,0.3303760290145874,3.5068187713623047,-0.10830315947532654,0.12104576081037521,236,346
0,1,0.3303760290145874,3.4585394859313965,-0.5899242758750916,-0.12104576081037521,210,347
 , , , , , , , 
0,0,0.2202506959438324,3.5142276287078857,-0.14264434576034546,0.12104576081037521,232,345
0,1,0.3303760290145874,3.462435722351074,-0.566609263420105,-0.12104576081037521,215,337
 , , , , , , , 
0,0,0.3303760290145874,3.504676342010498,-0.16355709731578827,0.12104576081037521,241,353
0,1,0.3303760290145874,3.4475879669189453,-0.6508791446685791,-0.12104576081037521,218,349
 , , , , , , , 
0,0,0.3303760290145874,3.504912853240967,-0.1584080010652542,0.12104576081037521,241,352
0,1,0.3303760290145874,3.458706855773926,-0.5889421105384827,-0.12104576081037521,228,342
 , , , , , , , 
0,0,0.3303760290145874,3.5047664642333984,-0.161611407995224,0.12104576081037521,247,346
0,1,0.3303760290145874,3.4591169357299805,-0.5865285396575928,-0.12104576081037521,223,347
 , , , , , , , 
0,0,0.33335238695144653,3.540027379989624,-0.022470196709036827,0.12104576081037521,214,336
0,1,0.33335238695144653,3.5048446655273438,-0.49835851788520813,-0.12104576081037521,182,348
 , , , , , , , 
0,0,0.33335238695144653,3.5386719703674316,-0.10049544274806976,0.12104576081037521,213,340
0,1,0.33335238695144653,3.4967472553253174,-0.5523204207420349,-0.12104576081037521,188,347
 , , , , , , , 
0,0,0.33335238695144653,3.539069414138794,-0.08535610139369965,0.12104576081037521,217,337
0,1,0.33335238695144653,3.5120849609375,-0.44447463750839233,-0.12104576081037521,195,333
 , , , , , , , 
0,0,0.33335238695144653,3.5359184741973877,0.17198476195335388,0.12104576081037521,192,344
0,1,0.33632874488830566,3.5628440380096436,-0.2514556646347046,-0.12104576081037521,168,344
 , , , , , , , 
0,0,0.33632874488830566,3.5629544258117676,0.24988766014575958,0.12104576081037521,186,348
0,1,0.33632874488830566,3.56420636177063,-0.23134437203407288,-0.12104576081037521,179,335
 , , , , , , , 
0,0,0.33335238695144653,3.5355589389801025,0.17922621965408325,0.12104576081037521,168,341
0,1,0.33335238695144653,3.5319623947143555,-0.23987415432929993,-0.12104576081037521,153,342
 , , , , , , , 
0,0,0.2202506959438324,3.4841766357421875,-0.48026835918426514,0.12104576081037521,129,347
0,1,0.3303760290145874,3.3725638389587402,-0.9671193957328796,-0.12104576081037521,133,350
 , , , , , , , 
0,0,0.3303760290145874,3.452432155609131,-0.624674916267395,0.12104576081037521,121,354
0,1,0.3303760290145874,3.3242883682250977,-1.1218793392181396,-0.12104576081037521,145,341
 , , , , , , , 
0,0,0.2202506959438324,3.467927932739258,-0.5861901640892029,0.12104576081037521,151,331
0,1,0.3303760290145874,3.3414769172668457,-1.0695977210998535,-0.12104576081037521,153,343
 , , , , , , , 
0,0,0.2202506959438324,3.415184259414673,-0.8406310081481934,0.12104576081037521,135,341
0,1,0.3303760290145874,3.3014488220214844,-1.1874098777770996,-0.12104576081037521,170,333
 , , , , , , , 
0,0,0.22620341181755066,3.612171173095703,0.007393648847937584,0.12104576081037521,139,343
0,1,0.3303760290145874,3.3254992961883545,-1.1182845830917358,-0.12104576081037521,143,348
0,2,0.3393051028251648,3.5615925788879395,-0.5467491745948792,-0.12104576081037521,145,359
 , , , , , , , 
0,0,0.22223493456840515,3.423006534576416,-0.9365153312683105,-0.12104576081037521,121,346
 , , , , , , , 
0,0,0.22223493456840515,3.5457265377044678,-0.14784443378448486,0.12104576081037521,115,349
0,1,0.33335238695144653,3.492460250854492,-0.5788086652755737,-0.12104576081037521,129,345
 , , , , , , , 
0,0,0.33335238695144653,3.539708137512207,0.05257708579301834,0.12104576081037521,137,339
0,1,0.4405013918876648,3.4643845558166504,-0.47186169028282166,-0.12104576081037521,133,355
 , , , , , , , 
0,0,0.3303760290145874,3.5066921710968018,-0.11232660710811615,0.12104576081037521,144,343
0,1,0.3303760290145874,3.478661298751831,-0.45653194189071655,-0.12104576081037521,153,341
 , , , , , , , 
0,0,0.3303760290145874,3.5062148571014404,-0.12634912133216858,0.12104576081037521,243,336
0,1,0.3303760290145874,3.464266777038574,-0.5553033351898193,-0.12104576081037521,283,348
 , , , , , , , 
0,0,0.3303760290145874,3.4731571674346924,-0.4966745376586914,-0.12104576081037521,306,341
 , , , , , , , 
0,0,0.2202506959438324,3.4346370697021484,-0.7572404146194458,-0.12104576081037521,303,338
0,1,0.4563753008842468,3.616931676864624,0.19835598766803741,-0.12104576081037521,170,420
0,2,1.4832197427749634,9.3399019241333,-0.8221121430397034,-0.12104576081037521,121,371
 , , , , , , , 
0,0,0.2202506959438324,3.510067939758301,-0.22263407707214355,0.0,257,323
0,1,0.6964684128761292,3.6470439434051514,-0.1072351485490799,0.12104576081037521,141,416
0,2,0.2202506959438324,3.449740171432495,-0.685154378414154,-0.24209152162075043,320,351
0,3,0.3393051028251648,3.564690589904785,-0.5261722207069397,-0.12104576081037521,217,397
 , , , , , , , 
0,0,0.560547947883606,3.5326757431030273,-0.27603062987327576,0.12104576081037521,205,347
0,1,0.5803903341293335,3.6644556522369385,-0.1800278276205063,0.12104576081037521,181,418
0,2,0.32739967107772827,3.388984203338623,-0.7768514156341553,-0.36313727498054504,242,352
0,3,0.2242191731929779,3.5800321102142334,-0.057452913373708725,-0.12104576081037521,199,363
 , , , , , , , 
0,0,0.6964684128761292,3.6414172649383545,-0.2291487455368042,0.12104576081037521,149,431
0,1,0.32442331314086914,3.320317268371582,-0.9194613695144653,-0.48418304324150085,235,352
0,2,0.33335238695144653,3.525394916534424,-0.32231777906417847,-0.12104576081037521,340,346
 , , , , , , , 
0,0,0.5803903341293335,3.6646084785461426,-0.1768874228000641,0.12104576081037521,182,389
0,1,0.4405013918876648,3.485787868499756,-0.2718365788459778,-0.12104576081037521,329,343
 , , , , , , , 
0,0,0.4325644373893738,3.4087023735046387,-0.4108574688434601,-0.12104576081037521,277,341
0,1,0.560547947883606,3.4299674034118652,-0.8895581364631653,-0.12104576081037521,170,427
 , , , , , , , 
0,0,0.3303760290145874,3.5058586597442627,-0.13587665557861328,-0.36313727498054504,271,382
 , , , , , , , 
0,0,0.42859596014022827,3.324517250061035,-0.721344530582428,0.0,296,310
0,1,0.33632874488830566,3.5702390670776367,0.10237652063369751,-0.36313727498054504,140,419
0,2,-3.740293264389038,1.7171968221664429,-0.308849960565567,-0.36313727498054504,162,442
0,3,-0.5159025192260742,1.4949060678482056,-3.812223434448242,-0.36313727498054504,162,442
0,4,0.4325644373893738,3.4316797256469727,-0.10784101486206055,-0.24209152162075043,275,347
0,5,0.5555873513221741,3.4486610889434814,-0.6644400358200073,-0.12104576081037521,170,415
 , , , , , , , 
0,0,-3.6113176345825195,1.9869294166564941,-0.2108153998851776,-0.36313727498054504,123,446
0,1,0.4325644373893738,3.4237523078918457,-0.2568569779396057,-0.24209152162075043,336,353
 , , , , , , , 
0,0,0.32442331314086914,3.4376893043518066,-0.22849169373512268,-0.36313727498054504,280,360
0,1,0.5307843089103699,3.2266311645507812,-0.9202511310577393,-0.24209152162075043,278,342
0,2,-5.178867816925049,1.8682935237884521,-0.452516108751297,-0.12104576081037521,120,427
 , , , , , , , 
0,0,0.5357449650764465,3.3484647274017334,-0.5071578025817871,0.0,267,320
0,1,0.42859596014022827,3.382979154586792,-0.35805651545524597,-0.36313727498054504,370,357
0,2,-3.455554723739624,2.158341407775879,-0.4166504144668579,-0.24209152162075043,117,471
0,3,-0.17262892425060272,5.519917964935303,-0.12910549342632294,-0.12104576081037521,152,433
 , , , , , , , 
0,0,0.5357449650764465,3.3853938579559326,-0.09237904101610184,-0.36313727498054504,303,355
0,1,0.4444698691368103,3.5278255939483643,0.01775190234184265,-0.36313727498054504,119,471
0,2,0.64289391040802,3.2399024963378906,-0.9198732376098633,-0.12104576081037521,278,358
0,3,-0.17064468562602997,5.457575798034668,0.06502295285463333,-0.12104576081037521,143,426
 , , , , , , , 
0,0,0.0,4.289359092712402,-2.8949923515319824,0.12104576081037521,203,369
0,1,0.41669049859046936,3.3072803020477295,0.025439660996198654,-0.36313727498054504,350,356
0,2,-2.97636079788208,2.624279022216797,0.05725117400288582,-0.24209152162075043,119,465
0,3,0.74409019947052,3.896080732345581,-0.1254098266363144,-0.24209152162075043,119,465
0,4,2.603323459625244,5.3096184730529785,-8.571310043334961,-0.12104576081037521,136,359
 , , , , , , , 
0,0,0.3254154324531555,4.834070682525635,-1.906577467918396,0.12104576081037521,176,390
0,1,0.6250357627868652,6.602410316467285,-0.6834015846252441,0.6052287817001343,162,360
0,2,0.41669049859046936,3.2992308139801025,-0.2320079505443573,-0.48418304324150085,282,386
 , , , , , , , 
0,0,-0.3254154324531555,3.504216194152832,-3.837153434753418,0.12104576081037521,202,373
0,1,0.6280121207237244,6.6558661460876465,-0.4229746162891388,0.48418304324150085,196,365
0,2,0.6369411945343018,6.759943008422852,-0.23759160935878754,0.48418304324150085,148,380
0,3,0.5159025192260742,3.254903793334961,-0.20290787518024445,-0.48418304324150085,327,391
0,4,3.2144694328308105,6.037283897399902,-7.682864665985107,-0.12104576081037521,134,363
 , , , , , , , 
0,0,-0.3254154324531555,3.205677032470703,-4.089854717254639,0.12104576081037521,173,393
0,1,0.6280121207237244,6.644540309906006,-0.5740628242492676,0.24209152162075043,133,386
0,2,0.8532233834266663,6.747630596160889,-0.576940655708313,0.24209152162075043,138,388
0,3,0.5109419226646423,3.2290055751800537,0.0744827464222908,-0.48418304324150085,308,360
0,4,0.7430980205535889,3.3105263710021973,0.1672244817018509,-0.36313727498054504,141,488
0,5,0.6944841146469116,3.046229362487793,-0.5634150505065918,-0.24209152162075043,275,347
0,6,0.722263514995575,3.221369504928589,-0.05329028144478798,-0.24209152162075043,260,391
 , , , , , , , 
0,0,-0.4881231486797333,3.1312105655670166,4.131153583526611,0.12104576081037521,152,387
0,1,0.6071776151657104,3.179041624069214,-0.10718937963247299,-0.48418304324150085,362,344
0,2,0.8413179516792297,3.2346742153167725,-0.3925835192203522,-0.36313727498054504,171,446
0,3,0.7083738446235657,3.1366922855377197,-0.38187435269355774,-0.24209152162075043,342,345
 , , , , , , , 
0,0,2.500143051147461,8.491253852844238,-0.8181006908416748,-0.6052287817001343,124,360
0,1,0.7153186798095703,3.1887106895446777,-0.11631400138139725,-0.24209152162075043,332,380
0,2,3.2045483589172363,5.399849891662598,-8.107304573059082,-0.12104576081037521,120,384
0,3,1.9405871629714966,1.5242736339569092,10.05132007598877,-0.12104576081037521,144,371
 , , , , , , , 
0,0,0.9881517291069031,4.989422798156738,-1.379716396331787,0.12104576081037521,116,438
0,1,0.6667047739028931,3.229597568511963,-1.3298975229263306,-0.7262745499610901,168,357
0,2,2.4912140369415283,8.499909400939941,0.05794144049286842,-0.6052287817001343,120,351
0,3,0.6012248992919922,3.1492626667022705,-0.05025568976998329,-0.36313727498054504,317,350
0,4,0.9286245703697205,3.1674177646636963,0.0827406644821167,-0.12104576081037521,200,428
0,5,1.051647424697876,3.1138548851013184,-0.7231866121292114,-0.12104576081037521,191,447
 , , , , , , , 
0,0,0.9018373489379883,3.060076951980591,0.3232182264328003,0.12104576081037521,219,349
0,1,0.6458703279495239,6.835524559020996,-0.566285252571106,0.36313727498054504,145,397
0,2,1.3334095478057861,2.9551568031311035,-1.4603047370910645,0.48418304324150085,193,350
0,3,2.5894339084625244,3.325779438018799,1.8508552312850952,-0.8473203182220459,166,344
0,4,0.9018373489379883,3.077019453048706,-0.022182844579219818,-0.12104576081037521,261,356
0,5,2.236238956451416,1.6771328449249268,9.833221435546875,-0.12104576081037521,123,384
 , , , , , , , 
0,0,0.8750500679016113,2.9571075439453125,-0.4122154116630554,0.12104576081037521,169,334
0,1,0.9018373489379883,3.0750644207000732,0.11189106106758118,0.12104576081037521,181,341
0,2,2.7283308506011963,8.291891098022461,-0.15857861936092377,-0.6052287817001343,127,363
0,3,1.1240721940994263,3.0280966758728027,-0.5100758075714111,-0.12104576081037521,139,364
0,4,1.9346344470977783,2.5584728717803955,9.806812286376953,-0.12104576081037521,154,356
 , , , , , , , 
0,0,1.1677254438400269,3.176523447036743,-0.29301679134368896,0.12104576081037521,145,456
0,1,0.9921202063560486,3.009631395339966,-0.19254563748836517,0.24209152162075043,373,353
0,2,-0.16270771622657776,4.260493755340576,2.988460063934326,0.24209152162075043,158,428
0,3,1.230229139328003,3.733858823776245,-0.2066478729248047,0.36313727498054504,120,477
0,4,0.8730658292770386,6.926504611968994,-0.21189698576927185,0.36313727498054504,129,416
0,5,5.159025192260742,8.935474395751953,-0.06263812631368637,-0.12104576081037521,126,353
 , , , , , , , 
0,0,1.28578782081604,3.140684127807617,-0.48918306827545166,0.12104576081037521,171,455
0,1,1.091332197189331,2.970062494277954,-0.25880560278892517,0.24209152162075043,346,352
0,2,1.214355230331421,3.000831127166748,-0.08255200833082199,0.24209152162075043,330,374
0,3,0.658767819404602,5.227254867553711,-0.1274092048406601,0.24209152162075043,116,438
0,4,1.1072062253952026,3.7570559978485107,-0.39559388160705566,0.36313727498054504,135,454
 , , , , , , , 
0,0,1.1905442476272583,2.9018468856811523,-0.4910670220851898,0.12104576081037521,301,347
0,1,1.2262606620788574,3.027747869491577,-0.14870236814022064,0.12104576081037521,302,387
0,2,1.261976957321167,3.1066157817840576,0.2853182554244995,0.12104576081037521,137,449
0,3,0.16369983553886414,4.31412410736084,2.966869354248047,0.12104576081037521,121,424
0,4,0.9375536441802979,1.228503942489624,2.9536678791046143,-0.24209152162075043,179,362
 , , , , , , , 
0,0,1.091332197189331,2.9646975994110107,-0.31435585021972656,0.12104576081037521,366,341
0,1,0.0,4.068695545196533,3.299468994140625,0.12104576081037521,165,420
 , , , , , , , 
0,0,1.2024497985839844,2.959226369857788,-0.2809722125530243,0.12104576081037521,375,348
0,1,1.2738823890686035,3.051321029663086,0.7787211537361145,0.12104576081037521,131,451
0,2,0.16369983553886414,4.525622844696045,2.633005142211914,0.12104576081037521,196,413
 , , , , , , , 
0,0,1.2897562980651855,2.8486151695251465,-0.5487977862358093,0.12104576081037521,263,335
0,1,1.2262606620788574,3.0168943405151367,-0.29617419838905334,0.12104576081037521,274,365
0,2,1.3671417236328125,3.037780284881592,0.47735536098480225,0.12104576081037521,113,458
0,3,0.0,3.7352352142333984,3.7178516387939453,0.12104576081037521,153,427
0,4,1.3671417236328125,3.050218343734741,-0.3900585472583771,-0.12104576081037521,129,397
 , , , , , , , 
0,0,1.214355230331421,2.9963409900665283,-0.1836899220943451,0.12104576081037521,314,337
0,1,1.2500715255737305,3.0894320011138916,0.07151275128126144,0.12104576081037521,151,396
0,2,-0.1646919548511505,3.332202434539795,4.079669952392578,0.12104576081037521,149,428
0,3,1.1111747026443481,6.996499538421631,-0.6228765249252319,0.36313727498054504,136,398
 , , , , , , , 
0,0,0.833380937576294,5.263937473297119,0.2100830078125,0.12104576081037521,140,438
0,1,0.9008451700210571,7.113996982574463,-0.7189778685569763,0.48418304324150085,126,384
0,2,1.4306373596191406,2.940239667892456,-0.036785319447517395,-0.12104576081037521,364,364
 , , , , , , , 
0,0,1.1667333841323853,5.2011260986328125,0.18632256984710693,0.24209152162075043,179,409
0,1,0.9048136472702026,7.178895473480225,-0.20197118818759918,0.6052287817001343,133,363
0,2,1.3671417236328125,3.0502376556396484,0.38990724086761475,-0.24209152162075043,122,475
0,3,1.4167476892471313,2.906229019165039,-0.1819864958524704,-0.12104576081037521,373,354
 , , , , , , , 
0,0,0.0,3.5726187229156494,3.917452812194824,0.24209152162075043,137,423
0,1,1.1597884893417358,5.135935306549072,0.6221717000007629,0.24209152162075043,137,423
0,2,1.5328258275985718,2.8880116939544678,-0.054032329469919205,-0.12104576081037521,371,367
 , , , , , , , 
0,0,-0.16667619347572327,2.7631819248199463,4.559028625488281,0.12104576081037521,151,438
0,1,1.500085711479187,5.113528728485107,0.22195425629615784,0.12104576081037521,151,438
0,2,1.1458988189697266,7.195899486541748,-0.8305861353874207,0.48418304324150085,121,388
0,3,1.4167476892471313,2.9107909202575684,-0.081130750477314,-0.12104576081037521,336,351
 , , , , , , , 
0,0,1.3334095478057861,5.163228511810303,0.10385852307081223,0.12104576081037521,144,433
0,1,1.5328258275985718,2.8883631229400635,-0.029812518507242203,-0.12104576081037521,314,377
0,2,-3.7204508781433105,7.003309726715088,0.3275221288204193,-0.12104576081037521,123,384
0,3,3.7204508781433105,7.003349781036377,0.3266565799713135,-0.12104576081037521,123,384
 , , , , , , , 
0,0,0.0,3.4864203929901123,4.036405563354492,0.12104576081037521,167,418
0,1,1.500085711479187,5.116860389709473,-0.12320040166378021,0.12104576081037521,167,418
0,2,1.5030622482299805,2.8214919567108154,-0.24867327511310577,-0.12104576081037521,331,351
 , , , , , , , 
0,0,1.5179439783096313,2.8602442741394043,-0.03619060665369034,0.12104576081037521,209,358
0,1,0.16667619347572327,3.632605791091919,3.901806116104126,0.12104576081037521,172,431
0,2,1.500085711479187,5.115902423858643,0.15805234014987946,0.12104576081037521,172,431
0,3,1.4881802797317505,2.7942702770233154,-0.2379731386899948,-0.12104576081037521,212,337
0,4,1.7540686130523682,2.7761282920837402,-0.34362906217575073,-0.12104576081037521,203,372
 , , , , , , , 
0,0,1.6191402673721313,2.8029427528381348,-0.09141959249973297,0.12104576081037521,382,345
0,1,0.0,2.2651686668395996,4.9337382316589355,0.12104576081037521,153,457
0,2,1.6965256929397583,5.156831741333008,0.04062623530626297,0.12104576081037521,153,457
0,3,2.8890540599823,2.3789985179901123,-4.402302265167236,0.24209152162075043,113,436
0,4,1.8929654359817505,2.761756181716919,-0.3382875919342041,-0.24209152162075043,221,374
 , , , , , , , 
0,0,1.7203365564346313,2.724886655807495,-0.3192119598388672,0.12104576081037521,308,343
0,1,0.0,1.7998738288879395,-5.121837139129639,0.12104576081037521,157,430
0,2,1.6965256929397583,5.138246059417725,0.4393070936203003,0.12104576081037521,157,430
0,3,-1.6528723239898682,3.3923985958099365,-0.1813359558582306,0.24209152162075043,151,414
0,4,2.007059335708618,3.0426371097564697,-0.9936354160308838,0.24209152162075043,151,414
0,5,1.8929654359817505,2.7293808460235596,-0.5405699610710144,-0.12104576081037521,271,392
 , , , , , , , 
0,0,1.866178274154663,5.0908427238464355,0.2710391879081726,0.12104576081037521,137,424
0,1,0.1696525663137436,1.5679397583007812,-5.194761276245117,0.12104576081037521,137,424
0,2,1.6350141763687134,2.827674627304077,-0.15514864027500153,0.24209152162075043,291,351
0,3,-1.5348100662231445,3.416900157928467,-0.49233105778694153,0.24209152162075043,160,417
0,4,2.007059335708618,3.018789052963257,-1.0638911724090576,0.24209152162075043,160,417
0,5,3.06961989402771,1.4427930116653442,-4.677853584289551,0.48418304324150085,131,416
0,6,2.092381715774536,2.818848133087158,-0.3077152967453003,-0.24209152162075043,132,395
0,7,1.8751072883605957,2.7200865745544434,-0.4443911612033844,-0.12104576081037521,301,372
 , , , , , , , 
0,0,1.7203365564346313,2.7294490337371826,-0.27750957012176514,0.12104576081037521,314,338
0,1,-1.7709347009658813,3.329942226409912,-0.22025662660598755,0.24209152162075043,123,435
0,2,1.888996958732605,3.2590279579162598,-0.2892504930496216,0.24209152162075043,123,435
0,3,1.8155800104141235,3.3546032905578613,-0.6725125312805176,0.24209152162075043,128,433
0,4,1.6965256929397583,5.1525797843933105,0.2132766842842102,0.24209152162075043,140,451
0,5,1.6389826536178589,7.301794052124023,-0.36739614605903625,0.8473203182220459,188,363
0,6,4.769122123718262,6.430915355682373,-0.6443041563034058,-0.6052287817001343,177,343
0,7,2.07353138923645,2.7915287017822266,0.3220842480659485,-0.24209152162075043,113,387
0,8,1.8751072883605957,2.7015013694763184,-0.5461182594299316,-0.12104576081037521,280,346
 , , , , , , , 
0,0,1.9415793418884277,2.6223373413085938,-0.2161056101322174,0.12104576081037521,288,349
0,1,1.8751072883605957,2.7495555877685547,-0.19052204489707947,0.12104576081037521,259,360
0,2,0.17262892425060272,1.9044170379638672,-5.182601451873779,0.24209152162075043,172,429
0,3,1.7302577495574951,2.9906463623046875,-0.193415105342865,0.48418304324150085,153,385
0,4,2.270963191986084,2.592653512954712,-0.30990612506866455,-0.24209152162075043,171,371
 , , , , , , , 
0,0,1.857249140739441,2.711022138595581,-0.3204852342605591,0.24209152162075043,347,361
0,1,1.7262892723083496,5.241155624389648,-0.257246196269989,0.24209152162075043,182,428
0,2,1.8552649021148682,2.9552175998687744,-0.14347007870674133,0.48418304324150085,181,385
 , , , , , , , 
0,0,1.9981300830841064,2.7073395252227783,-0.053315311670303345,0.12104576081037521,293,363
0,1,0.17163680493831635,2.3777971267700195,4.9480133056640625,0.24209152162075043,174,437
 , , , , , , , 
0,0,1.97927987575531,2.6356279850006104,-0.4982947111129761,0.12104576081037521,328,346
0,1,1.0298207998275757,5.0119404792785645,-1.9965304136276245,0.24209152162075043,208,450
 , , , , , , , 
0,0,1.9981300830841064,2.656367063522339,-0.5255894064903259,0.12104576081037521,353,356
0,1,1.8880048990249634,5.14088249206543,-0.4159110188484192,0.12104576081037521,224,433
 , , , , , , , 
0,0,1.9981300830841064,2.686563014984131,-0.3389832377433777,0.12104576081037521,321,354
0,1,0.3472420871257782,1.6524326801300049,-5.293072700500488,0.12104576081037521,184,432
 , , , , , , , 
0,0,1.9981300830841064,2.690585136413574,-0.30542120337486267,0.12104576081037521,377,347
0,1,0.8631446361541748,3.9039487838745117,-3.811840534210205,0.12104576081037521,163,463
0,2,0.34922632575035095,0.7450576424598694,5.526702404022217,0.12104576081037521,143,478
 , , , , , , , 
0,0,2.0169804096221924,2.733405590057373,-0.005063168704509735,0.12104576081037521,311,346
0,1,2.2025070190429688,2.7476048469543457,-0.13522139191627502,0.12104576081037521,152,421
0,2,0.3472420871257782,1.9990441799163818,-5.1721343994140625,0.12104576081037521,188,412
 , , , , , , , 
0,0,1.97927987575531,2.675060749053955,-0.1971886157989502,0.12104576081037521,197,348
0,1,2.0546810626983643,2.7818315029144287,0.12193018943071365,0.12104576081037521,199,384
0,2,0.3472420871257782,1.8808391094207764,-5.216281890869141,0.12104576081037521,177,401
0,3,2.0834524631500244,2.5505640506744385,-0.5159752368927002,-0.12104576081037521,143,355
0,4,2.0546810626983643,2.769953489303589,-0.28427138924598694,-0.12104576081037521,156,372
 , , , , , , , 
0,0,2.103294849395752,2.6246001720428467,-0.11260367184877396,0.12104576081037521,242,341
0,1,0.34922632575035095,1.8716981410980225,-5.253217697143555,0.12104576081037521,175,385
0,2,2.103294849395752,2.563551187515259,-0.5739426612854004,-0.12104576081037521,221,333
0,3,0.5238394737243652,1.4830071926116943,5.361696720123291,-0.12104576081037521,144,354
 , , , , , , , 
0,0,2.0169804096221924,2.7240657806396484,-0.2258267104625702,0.12104576081037521,217,339
0,1,0.34525784850120544,1.2637382745742798,-5.366537570953369,0.12104576081037521,137,376
0,2,2.0169804096221924,2.672750473022461,-0.5726580023765564,-0.12104576081037521,171,340
 , , , , , , , 
0,0,1.9981300830841064,2.6678991317749023,-0.46351292729377747,0.12104576081037521,208,335
0,1,0.5238394737243652,1.1154712438583374,-5.4500298500061035,0.12104576081037521,137,364
 , , , , , , , 
0,0,2.103294849395752,2.6054325103759766,-0.33604586124420166,0.12104576081037521,168,351
0,1,0.5238394737243652,2.1078929901123047,-5.148192882537842,0.12104576081037521,137,360
0,2,2.103294849395752,2.5267691612243652,-0.7187784910202026,-0.12104576081037521,197,345
0,3,2.0546810626983643,2.783055067062378,-0.08976433426141739,-0.12104576081037521,149,365
0,4,0.5208631157875061,1.6728017330169678,5.272396564483643,-0.12104576081037521,121,351
 , , , , , , , 
0,0,1.9981300830841064,2.6856887340545654,-0.3458404541015625,0.12104576081037521,190,341
0,1,1.9465399980545044,2.8481671810150146,0.27219924330711365,0.12104576081037521,128,356
0,2,2.103294849395752,2.5066471099853516,-0.7860826253890991,-0.12104576081037521,213,345
0,3,1.9465399980545044,2.860491991043091,-0.061121854931116104,-0.12104576081037521,165,360
 , , , , , , , 
0,0,2.0834524631500244,2.5973026752471924,-0.16008497774600983,0.12104576081037521,175,348
0,1,1.9286818504333496,2.834059715270996,-0.06884505599737167,0.12104576081037521,154,356
0,2,2.0834524631500244,2.5238027572631836,-0.634056806564331,-0.12104576081037521,209,346
0,3,2.0358307361602783,2.723769426345825,-0.4392281174659729,-0.12104576081037521,188,354
 , , , , , , , 
0,0,2.103294849395752,2.6262006759643555,-0.06538736820220947,0.12104576081037521,200,335
0,1,1.9465399980545044,2.850447416305542,0.24718204140663147,0.12104576081037521,145,361
0,2,2.0834524631500244,2.5490429401397705,-0.5234382152557373,-0.12104576081037521,226,339
0,3,2.0546810626983643,2.774667739868164,-0.23381949961185455,-0.12104576081037521,165,374
 , , , , , , , 
0,0,2.103294849395752,2.6265017986297607,-0.051898375153541565,0.12104576081037521,200,347
0,1,1.9465399980545044,2.796222686767578,0.6060429215431213,0.12104576081037521,127,367
0,2,2.103294849395752,2.5774242877960205,-0.5080241560935974,-0.12104576081037521,227,350
0,3,2.0546810626983643,2.7826926708221436,0.1003674790263176,-0.12104576081037521,150,379
 , , , , , , , 
0,0,2.103294849395752,2.62530255317688,-0.09482534974813461,0.12104576081037521,198,340
0,1,2.103294849395752,2.5672104358673096,-0.5573474168777466,-0.12104576081037521,222,342
0,2,1.9465399980545044,2.8336431980133057,0.39574816823005676,-0.12104576081037521,137,368
 , , , , , , , 
0,0,2.103294849395752,2.6200475692749023,-0.191196009516716,0.12104576081037521,157,349
0,1,2.103294849395752,2.570181369781494,-0.5434820652008057,-0.12104576081037521,176,345
0,2,2.0546810626983643,2.7729580402374268,0.25329235196113586,-0.12104576081037521,123,367
 , , , , , , , 
0,0,2.0834524631500244,2.520643711090088,-0.6465005874633789,-0.12104576081037521,118,348
0,1,2.0546810626983643,2.7828094959259033,-0.09707923233509064,-0.12104576081037521,138,349
 , , , , , , , 
0,0,2.0546810626983643,2.7747554779052734,-0.23277540504932404,-0.12104576081037521,130,342
 , , , , , , , 
0,0,2.0169804096221924,2.7313225269317627,0.10681694000959396,0.12104576081037521,140,340
 , , , , , , , 
0,0,1.9465399980545044,2.841671943664551,0.3332422971725464,0.12104576081037521,166,363
0,1,2.103294849395752,2.6007015705108643,-0.3708864152431488,-0.12104576081037521,233,347
0,2,0.6944841742515564,2.0073370933532715,-5.1338114738464355,-0.12104576081037521,183,393
 , , , , , , , 
0,0,1.888996958732605,3.0073256492614746,-0.1763656586408615,0.12104576081037521,164,400
0,1,2.2292940616607666,2.5555851459503174,-0.19742226600646973,-0.12104576081037521,292,343
0,2,2.270963191986084,2.60446834564209,-0.18611256778240204,-0.12104576081037521,263,375
0,3,0.5208631157875061,2.165353775024414,-5.089958190917969,-0.12104576081037521,194,413
 , , , , , , , 
0,0,1.888996958732605,2.8644826412200928,-0.9326578378677368,0.12104576081037521,135,390
0,1,1.9981300830841064,2.692136764526367,-0.29142674803733826,-0.12104576081037521,320,346
0,2,0.34525784850120544,1.337616205215454,5.348601818084717,-0.12104576081037521,155,459
0,3,2.071547031402588,5.119746685028076,-0.11335393041372299,-0.12104576081037521,155,459
 , , , , , , , 
0,0,2.1231372356414795,2.6506006717681885,-0.07966867089271545,-0.12104576081037521,311,371
0,1,0.34525784850120544,2.4695491790771484,4.929308891296387,-0.12104576081037521,166,454
 , , , , , , , 
0,0,1.787800669670105,2.798722743988037,-0.5440357327461243,0.12104576081037521,293,340
0,1,1.9604295492172241,2.6443443298339844,-0.2566807270050049,-0.12104576081037521,337,340
0,2,2.250128746032715,2.544520854949951,0.46774107217788696,-0.12104576081037521,210,407
0,3,1.7163680791854858,5.213649272918701,-0.19533146917819977,-0.12104576081037521,135,444
0,4,0.5238394737243652,1.7656164169311523,-5.275386333465576,-0.12104576081037521,115,454
 , , , , , , , 
0,0,0.9871596097946167,6.239941120147705,0.05929643660783768,-0.24209152162075043,114,427
0,1,0.9921202063560486,6.269237518310547,0.17144624888896942,-0.24209152162075043,117,424
0,2,1.97927987575531,2.6699819564819336,-0.25696197152137756,-0.12104576081037521,347,343
0,3,0.17163680493831635,1.8580322265625,5.165701389312744,-0.12104576081037521,203,446
 , , , , , , , 
0,0,1.4316295385360718,0.6124261617660522,3.161332845687866,0.12104576081037521,113,401
0,1,1.7937533855438232,2.7193074226379395,-1.502671480178833,0.24209152162075043,128,374
0,2,-5.250300407409668,3.3079185485839844,-0.4609759449958801,-0.48418304324150085,123,418
0,3,0.972277820110321,6.110320091247559,-0.6626758575439453,-0.48418304324150085,123,418
0,4,1.3810312747955322,7.156266212463379,-1.0635825395584106,-0.48418304324150085,139,400
0,5,-1.694541335105896,3.4643189907073975,-0.3591535985469818,-0.36313727498054504,131,378
0,6,0.17064468562602997,2.210291624069214,4.990387916564941,-0.36313727498054504,236,426
0,7,2.103294849395752,2.625182628631592,0.0980856716632843,-0.24209152162075043,301,351
0,8,1.7540686130523682,2.786998748779297,-0.24001440405845642,-0.12104576081037521,308,346
 , , , , , , , 
0,0,6.55989933013916,8.88977336883545,0.05920422077178955,0.36313727498054504,122,367
0,1,1.5268731117248535,5.208555698394775,0.11121241003274918,-0.36313727498054504,245,426
0,2,1.857249140739441,2.718538761138916,-0.2487933188676834,-0.12104576081037521,363,345
 , , , , , , , 
0,0,1.714383840560913,2.9524450302124023,-0.31686702370643616,0.12104576081037521,186,354
0,1,0.33732089400291443,3.976799249649048,3.6332273483276367,-0.36313727498054504,162,416
0,2,1.8552649021148682,4.982238292694092,-0.9297044277191162,-0.36313727498054504,162,416
0,3,1.857249140739441,2.729104518890381,-0.06588353216648102,-0.12104576081037521,303,347
 , , , , , , , 
0,0,1.7302577495574951,2.991244316101074,0.1839369237422943,0.12104576081037521,136,410
0,1,1.7937533855438232,2.9924871921539307,-0.8352686762809753,0.12104576081037521,139,417
0,2,-7.135329246520996,3.2961902618408203,-0.46225762367248535,-0.6052287817001343,135,371
0,3,1.6965256929397583,5.1205644607543945,0.61186683177948,-0.24209152162075043,173,433
0,4,0.0,0.9695382118225098,-5.341606140136719,-0.24209152162075043,173,433
0,5,1.7540686130523682,2.790025472640991,-0.2018086016178131,-0.12104576081037521,334,344
 , , , , , , , 
0,0,0.3353366553783417,3.951286792755127,3.6141738891601562,-0.24209152162075043,161,436
0,1,1.8751072883605957,2.7545809745788574,0.09294246882200241,-0.12104576081037521,321,350
0,2,2.393986225128174,1.368274211883545,2.9416816234588623,-0.12104576081037521,128,438
 , , , , , , , 
0,0,1.5000858306884766,3.0017220973968506,-0.7041699290275574,0.12104576081037521,170,414
0,1,1.6191402673721313,2.736855983734131,-0.6119354367256165,-0.48418304324150085,278,346
0,2,1.6866044998168945,5.126824855804443,0.009427821263670921,-0.24209152162075043,140,445
0,3,-0.16866044700145721,1.6728569269180298,5.128563404083252,-0.24209152162075043,140,445
0,4,1.6350141763687134,2.8233277797698975,-0.2205323725938797,-0.12104576081037521,300,345
0,5,1.7540686130523682,2.792638063430786,-0.1616867482662201,-0.12104576081037521,293,352
 , , , , , , , 
0,0,-1.873123049736023,3.2070095539093018,-0.490774929523468,-0.24209152162075043,139,412
0,1,0.33335238695144653,2.6176531314849854,4.635133743286133,-0.24209152162075043,137,444
0,2,1.6191402673721313,2.7889208793640137,-0.2945594787597656,-0.12104576081037521,279,343
0,3,1.857249140739441,2.7290403842926025,0.06848130375146866,-0.12104576081037521,267,366
 , , , , , , , 
0,0,-0.24306945502758026,7.771411895751953,-0.21637926995754242,-0.36313727498054504,125,387
0,1,-0.3353366553783417,2.5075414180755615,4.731506824493408,-0.24209152162075043,184,439
0,2,1.3413466215133667,5.190952777862549,-0.20535382628440857,-0.24209152162075043,184,439
0,3,1.5328258275985718,2.8791518211364746,-0.23241324722766876,-0.12104576081037521,394,343
 , , , , , , , 
0,0,1.402858018875122,2.792037010192871,-0.7199788093566895,-0.24209152162075043,331,342
0,1,1.0159311294555664,3.9336283206939697,-0.09115628898143768,-0.24209152162075043,144,475
0,2,1.5328258275985718,2.8864967823028564,-0.10801349580287933,-0.12104576081037521,362,350
0,3,0.16667619347572327,3.4805479049682617,4.038032054901123,-0.12104576081037521,188,445
 , , , , , , , 
0,0,1.4167476892471313,2.8989932537078857,-0.27408963441848755,-0.24209152162075043,361,359
0,1,1.3800392150878906,3.101564884185791,0.12461771070957184,-0.12104576081037521,130,452
0,2,-0.1656840741634369,2.3806943893432617,4.73443603515625,-0.12104576081037521,174,430
 , , , , , , , 
0,0,-0.5982485413551331,6.080246448516846,-1.8422577381134033,-0.6052287817001343,141,370
0,1,1.315551519393921,2.9509127140045166,-0.2188597470521927,-0.24209152162075043,358,352
0,2,0.0,3.5126888751983643,3.9287936687469482,-0.24209152162075043,201,429
 , , , , , , , 
0,0,-2.1866328716278076,2.948601484298706,-0.29501572251319885,-0.48418304324150085,145,438
0,1,1.0893479585647583,3.699286699295044,-0.36134007573127747,-0.48418304324150085,132,490
0,2,1.251063585281372,2.7833139896392822,-0.41421833634376526,-0.36313727498054504,282,353
0,3,1.1905442476272583,2.94307541847229,-0.012988677248358727,-0.24209152162075043,397,366
0,4,0.0,3.2819478511810303,4.082841873168945,-0.24209152162075043,203,429
0,5,0.0,4.255135536193848,3.268209457397461,-0.24209152162075043,144,445
 , , , , , , , 
0,0,1.5437390804290771,12.249954223632812,-0.27535104751586914,-0.48418304324150085,115,350
0,1,1.0804189443588257,3.6700172424316406,-0.34743398427963257,-0.36313727498054504,115,490
0,2,1.0585923194885254,2.8624727725982666,-0.4113466143608093,-0.24209152162075043,323,356
0,3,1.091332197189331,2.9789743423461914,-0.11817295104265213,-0.24209152162075043,345,402
0,4,0.8184992074966431,5.171177387237549,-0.17251916229724884,-0.24209152162075043,190,414
 , , , , , , , 
0,0,1.0714898109436035,3.6367828845977783,-0.3739677965641022,-0.36313727498054504,146,486
0,1,-2.7382519245147705,2.633305788040161,-0.2860223948955536,-0.36313727498054504,146,486
0,2,1.0585923194885254,2.874593496322632,-0.3157038986682892,-0.24209152162075043,348,351
0,3,1.011962652206421,3.0706634521484375,0.18280868232250214,-0.12104576081037521,164,458
0,4,-0.5000286102294922,1.6022900342941284,5.062641143798828,-0.12104576081037521,123,431
0,5,0.8730658292770386,6.922488212585449,-0.3170550465583801,-0.12104576081037521,115,401
 , , , , , , , 
0,0,1.418731927871704,2.909613847732544,-1.310438871383667,-0.48418304324150085,130,412
0,1,1.102245569229126,3.0059244632720947,0.1769867241382599,-0.24209152162075043,186,443
0,2,0.972277820110321,2.9153120517730713,-0.4855424165725708,-0.12104576081037521,356,347
0,3,-0.32739967107772827,2.147325277328491,-4.766820907592773,-0.12104576081037521,164,415
 , , , , , , , 
0,0,0.6518230438232422,6.835795879364014,-1.0900235176086426,-0.48418304324150085,137,415
0,1,0.6607520580291748,6.936016082763672,-1.0628762245178223,-0.36313727498054504,135,414
0,2,2.587449550628662,10.008362770080566,-0.5060696601867676,-0.36313727498054504,131,367
0,3,0.9821990132331848,2.985417366027832,-0.03533148393034935,-0.12104576081037521,349,375
 , , , , , , , 
0,0,1.2004655599594116,2.990324020385742,-1.3463830947875977,0.12104576081037521,133,441
0,1,2.579512596130371,9.941405296325684,-0.9883025884628296,-0.36313727498054504,134,369
0,2,0.9425142407417297,2.854311466217041,-0.24719204008579254,-0.12104576081037521,315,345
0,3,0.9821990132331848,2.984790086746216,-0.07066725194454193,-0.12104576081037521,348,408
0,4,-0.4881231486797333,1.7994053363800049,-4.861383438110352,-0.12104576081037521,117,437
 , , , , , , , 
0,0,2.250128746032715,9.991162300109863,-0.9600088000297546,-0.36313727498054504,141,365
0,1,0.9444984793663025,3.6285266876220703,-0.4636323153972626,-0.24209152162075043,121,500
0,2,-2.8334953784942627,2.4802520275115967,-0.30478113889694214,-0.24209152162075043,121,500
0,3,0.9425142407417297,2.844966411590576,-0.3381769061088562,-0.12104576081037521,287,347
0,4,0.8750500679016113,2.981069803237915,-0.16622349619865417,-0.12104576081037521,370,369
0,5,1.011962652206421,3.0741689205169678,0.10898984968662262,-0.12104576081037521,118,502
0,6,0.650830864906311,5.158023357391357,-0.2835277020931244,-0.12104576081037521,125,454
 , , , , , , , 
0,0,0.8750500679016113,2.985300064086914,0.048900991678237915,0.12104576081037521,269,359
0,1,2.57157564163208,8.718873977661133,-0.98470538854599,0.12104576081037521,122,379
0,2,0.8750500679016113,2.970038652420044,-0.30541297793388367,-0.12104576081037521,298,359
 , , , , , , , 
0,0,0.9425142407417297,2.863682508468628,-0.08671683818101883,0.12104576081037521,228,338
0,1,0.8750500679016113,2.9836783409118652,0.10986527055501938,0.12104576081037521,262,357
0,2,0.9425142407417297,2.821085214614868,-0.4996751546859741,-0.12104576081037521,184,341
0,3,0.8750500679016113,2.96878981590271,-0.31732305884361267,-0.12104576081037521,235,355
 , , , , , , , 
0,0,0.7778222560882568,3.0124213695526123,-0.02071664296090603,0.12104576081037521,309,378
0,1,0.8095701336860657,3.125575065612793,0.2486703097820282,0.12104576081037521,148,468
0,2,0.6786102056503296,7.023451805114746,-1.614506483078003,-0.12104576081037521,113,399
 , , , , , , , 
0,0,0.8482627868652344,2.882172107696533,-0.2646973133087158,0.12104576081037521,310,350
0,1,0.7857592105865479,3.04199481010437,-0.08678337186574936,0.12104576081037521,314,411
0,2,0.4018086791038513,1.2934075593948364,4.066336631774902,-0.12104576081037521,129,440
0,3,-3.080533266067505,2.9797675609588623,0.02732279896736145,-0.12104576081037521,129,440
0,4,0.669681191444397,7.041157245635986,-0.9999406337738037,-0.12104576081037521,113,401
 , , , , , , , 
0,0,0.7619483470916748,2.922025442123413,-0.4126088619232178,0.12104576081037521,343,348
0,1,0.7857592105865479,3.0373306274414062,-0.18943530321121216,0.12104576081037521,323,410
0,2,1.2550320625305176,1.0881999731063843,-3.2512357234954834,0.36313727498054504,115,418
0,3,0.6786102056503296,6.903317928314209,-2.0687451362609863,-0.24209152162075043,128,388
0,4,0.4018086791038513,2.3386242389678955,3.56915020942688,-0.12104576081037521,127,452
0,5,-3.2144694328308105,2.825498342514038,0.23063410818576813,-0.12104576081037521,127,452
 , , , , , , , 
0,0,0.6875393390655518,3.0599422454833984,-0.20669648051261902,0.12104576081037521,367,377
0,1,0.7619483470916748,2.929323673248291,-0.3571295738220215,0.24209152162075043,312,348
 , , , , , , , 
0,0,0.4910995066165924,3.086791753768921,-0.33048292994499207,0.12104576081037521,354,355
0,1,0.5159025192260742,3.258075714111328,0.1432238221168518,0.12104576081037521,167,453
0,2,0.0,3.8688101768493652,0.18513594567775726,0.36313727498054504,113,423
 , , , , , , , 
0,0,0.4861389100551605,3.0574541091918945,-0.3094562590122223,0.12104576081037521,347,346
0,1,0.4960601031780243,3.1260862350463867,-0.2465105652809143,0.12104576081037521,325,375
 , , , , , , , 
0,0,0.4861389100551605,3.056473970413208,-0.31899142265319824,0.12104576081037521,342,345
0,1,0.5010207295417786,3.164052963256836,-0.1400001049041748,0.12104576081037521,319,400
 , , , , , , , 
0,0,0.6012248992919922,3.1491599082946777,-0.05632595717906952,0.12104576081037521,313,362
0,1,-4.6074066162109375,2.91326642036438,-0.32119038701057434,-0.12104576081037521,115,447
 , , , , , , , 
0,0,0.39684808254241943,3.1263184547424316,-0.3845798671245575,0.12104576081037521,293,341
 , , , , , , , 
0,0,1.5873923301696777,9.975049018859863,-1.090964436531067,-0.36313727498054504,120,362
0,1,0.3849426507949829,3.0313243865966797,-0.38270843029022217,-0.12104576081037521,253,354
0,2,0.2976360619068146,3.152754306793213,-0.22541239857673645,-0.12104576081037521,357,368
0,3,-0.7143265604972839,11.032041549682617,2.9001660346984863,-0.12104576081037521,149,352
 , , , , , , , 
0,0,1.5824317932128906,10.003077507019043,0.043550100177526474,-0.36313727498054504,130,361
0,1,0.2976360619068146,3.1585938930511475,-0.1181354969739914,-0.12104576081037521,399,375
0,2,0.10318050533533096,3.2579996585845947,0.5258503556251526,-0.12104576081037521,116,484
 , , , , , , , 
0,0,1.5824317932128906,9.999019622802734,-0.2882123291492462,-0.36313727498054504,123,360
0,1,0.2916833460330963,3.0743653774261475,-0.3785737156867981,-0.12104576081037521,375,345
 , , , , , , , 
0,0,-0.16270771622657776,5.190371990203857,-0.37780553102493286,-0.36313727498054504,116,441
0,1,0.19247132539749146,3.0371036529541016,-0.47173142433166504,-0.24209152162075043,330,344
0,2,0.19643980264663696,3.136620044708252,-0.04131381958723068,-0.12104576081037521,330,366
0,3,0.20437677204608917,3.261340379714966,0.12237061560153961,-0.12104576081037521,124,503
 , , , , , , , 
0,0,0.0,5.168418884277344,-0.25889626145362854,-0.36313727498054504,126,445
0,1,5.01318359375,1.2557722330093384,-0.2657211720943451,-0.36313727498054504,126,445
0,2,0.19247132539749146,3.049410581588745,-0.384218692779541,-0.24209152162075043,363,341
0,3,0.2976360619068146,3.1561224460601807,-0.1719367504119873,-0.24209152162075043,309,413
0,4,-0.16866044700145721,2.468057155609131,4.796801567077637,-0.12104576081037521,125,423
 , , , , , , , 
0,0,0.28573063015937805,3.0077431201934814,-0.40110254287719727,-0.36313727498054504,306,348
0,1,0.0,5.172959327697754,-0.14167417585849762,-0.36313727498054504,139,431
0,2,0.19643980264663696,3.1329305171966553,-0.1576000601053238,-0.24209152162075043,327,395
 , , , , , , , 
0,0,0.0,5.143123626708984,-0.016837891191244125,-0.36313727498054504,130,431
0,1,4.982427597045898,1.1616743803024292,-0.5271936655044556,-0.36313727498054504,130,431
0,2,0.1944555640220642,3.083071231842041,-0.37010613083839417,-0.24209152162075043,368,372
 , , , , , , , 
0,0,-3.512105703353882,1.2362700700759888,-0.4136542081832886,-0.36313727498054504,116,466
0,1,-0.46828076243400574,1.4086740016937256,3.439579963684082,-0.36313727498054504,116,466
0,2,0.19643980264663696,3.1315996646881104,-0.1821388304233551,-0.24209152162075043,300,416
 , , , , , , , 
0,0,-3.48234224319458,1.2856876850128174,-0.13340848684310913,-0.24209152162075043,144,475
0,1,-0.46431228518486023,1.8324671983718872,3.197495222091675,-0.24209152162075043,144,475
0,2,0.09425142407417297,3.001955986022949,-0.2755138576030731,-0.12104576081037521,352,352
0,3,0.1944555640220642,3.1044533252716064,-0.06837925314903259,-0.12104576081037521,316,396
 , , , , , , , 
0,0,0.32442331314086914,3.1991467475891113,-1.2788184881210327,0.12104576081037521,154,394
0,1,-0.3482342064380646,1.0794886350631714,3.5370800495147705,-0.24209152162075043,115,470
0,2,0.18850284814834595,2.990105390548706,-0.34679722785949707,-0.12104576081037521,339,348
0,3,0.0972277820110321,3.1058714389801025,-0.15565814077854156,-0.12104576081037521,306,397
 , , , , , , , 
0,0,0.21826645731925964,3.2526121139526367,-1.2525081634521484,0.36313727498054504,207,360
0,1,6.577757358551025,2.417410373687744,-0.34255388379096985,-0.36313727498054504,113,372
0,2,-3.48234224319458,1.280133843421936,-0.17901982367038727,-0.24209152162075043,139,461
0,3,-1.9733271598815918,0.6037613153457642,3.0885190963745117,-0.24209152162075043,139,461
0,4,0.09623566269874573,3.0749380588531494,-0.138090580701828,-0.12104576081037521,361,358
0,5,0.0972277820110321,3.1079494953155518,-0.10638447105884552,-0.12104576081037521,344,375
 , , , , , , , 
0,0,0.09623566269874573,3.061513662338257,-0.3185054361820221,-0.12104576081037521,327,358
 , , , , , , , 
0,0,0.0932593047618866,2.9792089462280273,-0.14713841676712036,0.12104576081037521,276,338
0,1,0.0,3.071955442428589,-0.21601775288581848,-0.12104576081037521,379,353
0,2,-0.4563753008842468,1.8139203786849976,3.135479688644409,-0.12104576081037521,131,475
0,3,-3.5369086265563965,0.9055752754211426,0.005428230855613947,-0.12104576081037521,131,475
0,4,-0.31549423933029175,5.026652812957764,-0.3385252058506012,-0.12104576081037521,122,457
 , , , , , , , 
0,0,-0.36311599612236023,3.8459410667419434,-0.2808053195476532,0.12104576081037521,115,451
0,1,0.09821990132331848,3.1380090713500977,-0.1480930596590042,0.24209152162075043,288,367
0,2,0.0,5.5844316482543945,-0.18877039849758148,0.36313727498054504,139,397
0,3,-0.19842404127120972,3.1052000522613525,-0.6305698156356812,-0.36313727498054504,266,352
0,4,-0.09623566269874573,3.047844648361206,-0.4300643503665924,-0.12104576081037521,306,345
 , , , , , , , 
0,0,-0.09623566269874573,3.077430009841919,-0.061131466180086136,0.12104576081037521,281,345
0,1,-0.10020414739847183,3.203158140182495,0.10765329003334045,0.12104576081037521,124,451
0,2,0.09821990132331848,3.1414847373962402,0.010284673422574997,0.36313727498054504,305,352
0,3,-0.09623566269874573,3.0535521507263184,-0.38746896386146545,-0.12104576081037521,299,350
 , , , , , , , 
0,0,-0.09524354338645935,3.0337307453155518,-0.2764962315559387,0.12104576081037521,274,338
0,1,0.0,3.1731302738189697,-0.10247902572154999,0.36313727498054504,364,357
0,2,4.672886371612549,1.641827940940857,-0.5593729615211487,-0.36313727498054504,134,449
0,3,-0.46728864312171936,4.947009086608887,-0.3912913501262665,-0.36313727498054504,134,449
0,4,-0.09524354338645935,2.9982292652130127,-0.5390677452087402,-0.12104576081037521,286,342
 , , , , , , , 
0,0,-0.1944555640220642,3.1039979457855225,0.08661600947380066,0.12104576081037521,280,362
0,1,3.631160020828247,1.2896947860717773,-0.3915763199329376,0.12104576081037521,119,432
0,2,-0.24207733571529388,3.77238392829895,-0.8440889716148376,0.12104576081037521,119,432
0,3,0.0,3.1742665767669678,-0.05735498666763306,0.36313727498054504,272,373
0,4,-2.9664394855499268,2.8623387813568115,-0.20297680795192719,-0.36313727498054504,134,430
0,5,-0.7917119264602661,1.3391029834747314,3.267873764038086,-0.24209152162075043,136,489
0,6,4.672886371612549,1.679405927658081,-0.43369680643081665,-0.24209152162075043,118,426
0,7,-0.46728864312171936,4.962050437927246,-0.06372125446796417,-0.24209152162075043,118,426
0,8,-0.19643980264663696,3.0773584842681885,-0.6082409024238586,-0.12104576081037521,272,367
 , , , , , , , 
0,0,-0.09623566269874573,3.066049575805664,-0.2713887393474579,0.12104576081037521,310,352
0,1,0.0,3.1683738231658936,-0.20165598392486572,0.24209152162075043,266,426
0,2,-0.6726574897766113,2.129472494125366,2.807682991027832,-0.12104576081037521,150,494
 , , , , , , , 
0,0,-0.09524354338645935,3.0138909816741943,-0.44320857524871826,0.12104576081037521,338,346
0,1,0.0,3.199410915374756,-0.2135937362909317,0.24209152162075043,220,461
0,2,-0.2916833460330963,3.050910234451294,-0.5357115864753723,-0.12104576081037521,318,351
0,3,-0.6726574897766113,1.7989585399627686,3.0300965309143066,-0.12104576081037521,133,503
 , , , , , , , 
0,0,0.0,3.0221176147460938,-0.3947772681713104,0.24209152162075043,266,350
0,1,0.0,3.1986143589019775,-0.22520743310451508,0.24209152162075043,215,448
0,2,-0.1904870867729187,2.9384398460388184,-0.7863398194313049,-0.12104576081037521,243,334
0,3,-0.8175070881843567,3.1591970920562744,-0.21033650636672974,-0.12104576081037521,145,473
0,4,-0.7847670912742615,1.824427604675293,2.987609386444092,-0.12104576081037521,158,467
 , , , , , , , 
0,0,-0.19247132539749146,3.045238733291626,-0.4159916937351227,0.12104576081037521,309,352
0,1,-0.4910995066165924,3.104356050491333,0.021790245547890663,-0.12104576081037521,292,364
0,2,-0.8175070881843567,3.159285068511963,-0.20901228487491608,-0.12104576081037521,143,474
 , , , , , , , 
0,0,-0.19247132539749146,3.056428909301758,-0.32368266582489014,0.12104576081037521,300,347
0,1,-0.10318050533533096,3.298264741897583,-0.11194102466106415,0.12104576081037521,139,448
0,2,-0.19247132539749146,3.0190858840942383,-0.5758897066116333,-0.12104576081037521,254,342
0,3,-0.6012248992919922,3.143350839614868,-0.19931435585021973,-0.12104576081037521,239,389
 , , , , , , , 
0,0,-0.19247132539749146,3.06557035446167,-0.22092129290103912,0.12104576081037521,261,351
0,1,-0.3849426507949829,3.0051186084747314,-0.5519559383392334,-0.12104576081037521,267,346
 , , , , , , , 
0,0,-0.2887069880962372,3.0638978481292725,-0.11292485892772675,0.12104576081037521,259,340
0,1,-0.2887069880962372,3.03918719291687,-0.40442922711372375,-0.12104576081037521,259,348
 , , , , , , , 
0,0,-0.19247132539749146,3.0556159019470215,-0.3312707543373108,0.12104576081037521,230,353
 , , , , , , , 
0,0,-0.19247132539749146,3.067279815673828,-0.19576436281204224,0.12104576081037521,222,347
0,1,-0.2976360619068146,3.061824083328247,-0.7847951054573059,0.12104576081037521,179,364
0,2,-0.19247132539749146,3.0667951107025146,-0.20321473479270935,-0.12104576081037521,183,350
0,3,-0.3006124496459961,3.1650304794311523,-0.4172114133834839,-0.12104576081037521,126,395
 , , , , , , , 
0,0,-0.2916833460330963,3.068169593811035,-0.4258815348148346,0.12104576081037521,154,342
0,1,4.459580421447754,2.0772345066070557,0.1125146895647049,0.12104576081037521,122,373
0,2,-0.3889111280441284,3.013915538787842,-0.6672188639640808,-0.12104576081037521,148,354
0,3,-0.3006124496459961,3.186253070831299,-0.19817836582660675,-0.12104576081037521,129,366
 , , , , , , , 
0,0,4.459580421447754,2.0714714527130127,-0.191228985786438,0.12104576081037521,136,382
0,1,-0.6151145696640015,4.879970073699951,-0.1514856517314911,0.12104576081037521,136,382
0,2,-0.1944555640220642,3.0730443000793457,-0.44576403498649597,-0.12104576081037521,122,352
0,3,-0.10020414739847183,3.1916463375091553,0.2918969988822937,-0.12104576081037521,115,360
 , , , , , , , 
0,0,-0.09623566269874573,3.078033208847046,0.005005044862627983,0.12104576081037521,171,346
0,1,-0.09623566269874573,3.046112537384033,-0.44216686487197876,-0.12104576081037521,200,350
 , , , , , , , 
0,0,-0.1944555640220642,3.1050660610198975,-0.02952260710299015,0.12104576081037521,121,356
0,1,-0.0972277820110321,3.0371170043945312,-0.6682717204093933,-0.12104576081037521,171,338
 , , , , , , , 
0,0,-0.2916833460330963,3.089190721511841,-0.2279064804315567,0.12104576081037521,132,351
0,1,4.459580421447754,2.0760860443115234,-0.1320197731256485,0.12104576081037521,139,373
0,2,-0.1944555640220642,3.025287628173828,-0.6999573111534119,-0.12104576081037521,165,331
 , , , , , , , 
0,0,-0.2887069880962372,3.050062656402588,-0.3119935095310211,0.12104576081037521,168,338
0,1,4.488352298736572,2.083939552307129,-0.20192748308181763,0.12104576081037521,141,376
0,2,-0.619083046913147,4.913458347320557,0.05954946205019951,0.12104576081037521,141,376
0,3,-0.1944555640220642,3.0016205310821533,-0.7953487634658813,-0.12104576081037521,165,356
 , , , , , , , 
0,0,-0.2887069880962372,3.0584876537323,-0.21418511867523193,0.12104576081037521,185,332
0,1,4.488352298736572,2.0870778560638428,-0.166388139128685,0.12104576081037521,129,367
0,2,-0.19247132539749146,3.020179033279419,-0.5701283812522888,-0.12104576081037521,184,340
 , , , , , , , 
0,0,-0.2887069880962372,3.065864324569702,-0.026409955695271492,0.12104576081037521,161,341
0,1,4.333581447601318,2.377885341644287,-0.30760085582733154,0.12104576081037521,124,355
0,2,-0.46431228518486023,4.922656059265137,0.284175843000412,0.12104576081037521,124,355
0,3,-0.19247132539749146,3.0390126705169678,-0.4592714011669159,-0.12104576081037521,165,339
 , , , , , , , 
0,0,-0.2887069880962372,3.0481116771698,-0.33051007986068726,0.12104576081037521,177,333
0,1,-0.2887069880962372,2.969815731048584,-0.7618501782417297,-0.12104576081037521,147,351
 , , , , , , , 
0,0,-0.2887069880962372,3.0165786743164062,-0.5481559634208679,0.12104576081037521,134,354
0,1,-0.19247132539749146,2.893359661102295,-1.0368212461471558,-0.12104576081037521,131,349
 , , , , , , , 
0,0,-0.2916833460330963,3.0974721908569336,-0.026581386104226112,0.12104576081037521,130,347
0,1,-0.1944555640220642,3.0656492710113525,-0.49406543374061584,-0.12104576081037521,129,345
 , , , , , , , 
0,0,-0.1944555640220642,3.0784389972686768,-0.4068407416343689,0.12104576081037521,127,338
0,1,-0.1944555640220642,2.9288880825042725,-1.0314655303955078,-0.12104576081037521,141,338
 , , , , , , , 
0,0,-0.2887069880962372,3.0556557178497314,-0.2513774335384369,0.12104576081037521,160,348
0,1,-0.19247132539749146,3.0140864849090576,-0.601507306098938,-0.12104576081037521,186,335
 , , , , , , , 
0,0,-0.2887069880962372,3.057912588119507,-0.22224563360214233,0.12104576081037521,201,337
0,1,-0.19247132539749146,3.0133914947509766,-0.6049793362617493,-0.12104576081037521,207,348
 , , , , , , , 
0,0,-0.2887069880962372,3.061755418777466,-0.1608610600233078,0.12104576081037521,220,333
0,1,-0.19247132539749146,3.0277695655822754,-0.5283365845680237,-0.12104576081037521,243,331
 , , , , , , , 
0,0,-0.2887069880962372,3.064497470855713,-0.09527508169412613,0.12104576081037521,215,342
0,1,-0.19247132539749146,3.031151533126831,-0.5085756182670593,-0.12104576081037521,227,351
 , , , , , , , 
0,0,-0.2887069880962372,3.065910577774048,-0.020362604409456253,0.12104576081037521,218,343
0,1,-0.19247132539749146,3.0431504249572754,-0.43100273609161377,-0.12104576081037521,231,352
 , , , , , , , 
0,0,-0.2887069880962372,3.065692186355591,0.041865114122629166,0.12104576081037521,208,347
0,1,-0.19247132539749146,3.046698808670044,-0.4051608145236969,-0.12104576081037521,231,346
 , , , , , , , 
0,0,-0.2887069880962372,3.0654115676879883,0.05893858149647713,0.12104576081037521,223,341
0,1,-0.19247132539749146,3.0512545108795166,-0.3692897856235504,-0.12104576081037521,250,336
 , , , , , , , 
0,0,-0.2887069880962372,3.065976142883301,0.003441115841269493,0.12104576081037521,231,338
0,1,-0.19247132539749146,3.0522382259368896,-0.361068457365036,-0.12104576081037521,255,337
 , , , , , , , 
0,0,-0.2887069880962372,3.065971851348877,-0.006204862613230944,0.12104576081037521,229,344
0,1,-0.19247132539749146,3.0485339164733887,-0.39111340045928955,-0.12104576081037521,260,339
 , , , , , , , 
0,0,-0.2887069880962372,3.0657870769500732,-0.034233029931783676,0.12104576081037521,228,349
0,1,-0.19247132539749146,3.0455029010772705,-0.4140546917915344,-0.12104576081037521,261,347
 , , , , , , , 
0,0,-0.2887069880962372,3.0658528804779053,-0.02772299014031887,0.12104576081037521,241,343
0,1,-0.19247132539749146,3.04518723487854,-0.4163699150085449,-0.12104576081037521,279,340
 , , , , , , , 
0,0,-0.2887069880962372,3.0563340187072754,-0.24299177527427673,0.12104576081037521,266,329
0,1,-0.19247132539749146,3.0152652263641357,-0.5955702662467957,-0.12104576081037521,298,348
 , , , , , , , 
0,0,-0.19247132539749146,3.0630242824554443,-0.25379323959350586,0.12104576081037521,254,331
0,1,-0.19247132539749146,3.0099380016326904,-0.6219336986541748,-0.12104576081037521,293,348
 , , , , , , , 
0,0,-0.19247132539749146,3.0589406490325928,-0.2990169823169708,0.12104576081037521,239,338
0,1,-0.19247132539749146,2.9909260272979736,-0.7077357769012451,-0.12104576081037521,292,348
 , , , , , , , 
0,0,-0.19247132539749146,3.0021235942840576,-0.6586215496063232,-0.12104576081037521,308,347
 , , , , , , , 
0,0,-0.19247132539749146,3.034736394882202,-0.486726850271225,-0.12104576081037521,317,347
 , , , , , , , 
0,0,-0.1904870867729187,3.0050017833709717,-0.4719359278678894,-0.12104576081037521,338,337
 , , , , , , , 
0,0,-0.28573063015937805,3.0326151847839355,0.10318955034017563,0.12104576081037521,251,347
0,1,-2.920802116394043,2.816922187805176,-0.21845345199108124,0.12104576081037521,121,415
0,2,-0.1904870867729187,3.031895399093628,-0.2457023411989212,-0.12104576081037521,317,338
 , , , , , , , 
0,0,-0.28573063015937805,3.021472930908203,-0.27947133779525757,-0.12104576081037521,304,345
 , , , , , , , 
0,0,-0.28573063015937805,3.018540859222412,-0.30953705310821533,-0.12104576081037521,314,343
 , , , , , , , 
0,0,-0.28573063015937805,3.0177388191223145,0.3172614574432373,0.12104576081037521,223,345
0,1,-0.2916833460330963,3.0973713397979736,0.0364825464785099,-0.12104576081037521,252,360
 , , , , , , , 
0,0,-0.1904870867729187,2.8839006423950195,-0.9674068689346313,-0.12104576081037521,293,335
 , , , , , , , 
0,0,-0.2827542722225189,2.971116781234741,-0.4347943961620331,-0.12104576081037521,336,340
0,1,-0.29465970396995544,3.1210379600524902,-0.225783109664917,-0.12104576081037521,182,408
 , , , , , , , 
0,0,6.214641571044922,2.8214266300201416,-0.6660131216049194,0.12104576081037521,115,382
0,1,-0.1865186095237732,2.928401231765747,-0.5437930226325989,-0.36313727498054504,324,345
0,2,0.0,7.286665439605713,-0.4730539917945862,-0.24209152162075043,125,385
0,3,-1.8255012035369873,5.22161865234375,4.766709327697754,-0.24209152162075043,125,385
0,4,-0.19643980264663696,3.1368913650512695,0.0022116799373179674,-0.12104576081037521,166,408
 , , , , , , , 
0,0,-0.1775895208120346,5.576827526092529,-1.0781490802764893,-0.48418304324150085,130,371
0,1,-0.09524354338645935,3.0361859798431396,-0.24808771908283234,-0.12104576081037521,324,349
0,2,-0.09921202063560486,3.173219919204712,-0.009513851255178452,-0.12104576081037521,149,475
 , , , , , , , 
0,0,0.0,3.1089742183685303,0.11999540030956268,-0.24209152162075043,178,474
0,1,-0.18453437089920044,2.9261419773101807,-0.3481261730194092,-0.12104576081037521,379,334
0,2,4.643122673034668,1.6812471151351929,-0.37908458709716797,-0.12104576081037521,138,470
 , , , , , , , 
0,0,-0.09226718544960022,2.915194034576416,-0.45900025963783264,-0.24209152162075043,364,346
0,1,-0.3095415234565735,4.910260200500488,-0.5678175091743469,-0.12104576081037521,141,466
0,2,4.643122673034668,1.6107103824615479,-0.613114058971405,-0.12104576081037521,141,466
0,3,5.803903579711914,2.127230405807495,-0.34054920077323914,-0.12104576081037521,136,449
 , , , , , , , 
0,0,-0.18453437089920044,2.9461400508880615,-0.06129716336727142,0.0,310,325
0,1,-0.09226718544960022,2.9180216789245605,-0.44066697359085083,-0.36313727498054504,357,360
0,2,-0.30755728483200073,4.903118133544922,-0.28330543637275696,-0.24209152162075043,165,476
0,3,4.613359451293945,1.5764700174331665,-0.668638288974762,-0.24209152162075043,165,476
 , , , , , , , 
0,0,-0.28573063015937805,2.974987030029297,-0.597372829914093,-0.36313727498054504,219,435
0,1,-0.09127506613731384,2.8858916759490967,-0.4408886730670929,-0.24209152162075043,377,349
0,2,-0.4613359272480011,4.89774227142334,-0.12128632515668869,-0.24209152162075043,139,484
0,3,4.459580421447754,2.0032541751861572,-0.5608341097831726,-0.24209152162075043,139,484
 , , , , , , , 
0,0,-0.24406157433986664,3.8806517124176025,-0.360397070646286,-0.6052287817001343,117,425
0,1,-0.09127506613731384,2.8818352222442627,-0.4666694700717926,-0.36313727498054504,382,347
 , , , , , , , 
0,0,-0.09127506613731384,2.9011011123657227,-0.32613861560821533,-0.48418304324150085,364,346
 , , , , , , , 
0,0,-0.658767819404602,5.225590229034424,-0.1833934634923935,-0.6052287817001343,128,432
0,1,-0.09028293937444687,2.8573787212371826,-0.41697537899017334,-0.48418304324150085,374,350
0,2,-0.9107664227485657,9.0630464553833,3.3778462409973145,-0.36313727498054504,131,392
0,3,3.3394768238067627,1.6035263538360596,8.980798721313477,-0.36313727498054504,131,392
0,4,-1.8175642490386963,2.9990251064300537,6.368590354919434,-0.24209152162075043,115,421
 , , , , , , , 
0,0,-0.26390397548675537,4.190902233123779,-0.44259846210479736,-0.6052287817001343,127,432
0,1,-0.5208631157875061,5.526183605194092,-0.2402588576078415,-0.6052287817001343,151,409
0,2,-0.09028293937444687,2.88066029548645,-0.20069323480129242,-0.48418304324150085,376,350
0,3,-2.72337007522583,3.5833323001861572,8.573522567749023,-0.36313727498054504,173,402
0,4,0.30259668827056885,9.659445762634277,0.6048596501350403,-0.36313727498054504,173,402
 , , , , , , , 
0,0,-0.21032948791980743,3.2662389278411865,-0.7826235294342041,-0.8473203182220459,250,380
0,1,-0.3512105643749237,3.723773956298828,-0.21099154651165009,-0.8473203182220459,124,409
0,2,-0.08929082006216049,2.8188629150390625,-0.45851731300354004,-0.6052287817001343,356,355
0,3,-0.517886757850647,5.49433708190918,-0.2449783980846405,-0.6052287817001343,156,414
0,4,-0.6032091379165649,4.771962642669678,-0.38939857482910156,-0.48418304324150085,123,455
0,5,4.373266220092773,2.0385565757751465,0.07713959366083145,-0.48418304324150085,123,455
0,6,5.7146124839782715,2.113987445831299,-0.17446807026863098,-0.36313727498054504,123,423
0,7,0.0,9.620452880859375,0.7716061472892761,-0.36313727498054504,168,408
0,8,-2.7144410610198975,4.509512901306152,8.08978271484375,-0.36313727498054504,168,408
0,9,-0.18056587874889374,2.7739503383636475,-0.7869104743003845,-0.24209152162075043,258,344
 , , , , , , , 
0,0,-0.08631446212530136,2.7567903995513916,-0.1471293866634369,-0.48418304324150085,308,397
0,1,-0.1646919548511505,2.5802268981933594,-0.5088287591934204,-0.36313727498054504,279,354
 , , , , , , , 
0,0,-0.4524068534374237,3.1124625205993652,3.659921646118164,0.8473203182220459,156,360
0,1,-0.2589433789253235,2.718381404876709,-0.415139377117157,-0.48418304324150085,237,400
0,2,-0.08333809673786163,2.6652369499206543,-0.038614533841609955,-0.36313727498054504,317,348
 , , , , , , , 
0,0,-0.600232720375061,3.7942025661468506,0.028114356100559235,-0.8473203182220459,152,378
0,1,-0.8184992074966431,5.167548656463623,-0.25937995314598083,-0.48418304324150085,113,425
0,2,-0.1646919548511505,2.6127004623413086,-0.30045464634895325,-0.36313727498054504,329,347
0,3,-0.08532234281301498,2.658742666244507,-0.6151648759841919,-0.36313727498054504,262,405
0,4,4.200636863708496,1.951568841934204,-0.1760016232728958,-0.36313727498054504,119,465
 , , , , , , , 
0,0,-0.6468623876571655,5.108547687530518,-0.5137007236480713,-0.36313727498054504,144,439
0,1,-0.160723477602005,2.537655830383301,-0.3840210735797882,-0.24209152162075043,384,351
0,2,3.740293264389038,1.6446497440338135,-0.5824779272079468,-0.24209152162075043,140,464
0,3,-0.38692688941955566,4.075194835662842,-0.526330292224884,-0.24209152162075043,140,464
 , , , , , , , 
0,0,-0.4137141704559326,4.384206771850586,-0.28584757447242737,-0.48418304324150085,153,430
0,1,-0.2500143051147461,2.6464736461639404,-0.21352964639663696,-0.36313727498054504,240,404
0,2,0.0,9.141438484191895,-0.18841996788978577,-0.36313727498054504,125,365
0,3,-0.160723477602005,2.545912265777588,-0.3248078525066376,-0.24209152162075043,361,348
 , , , , , , , 
0,0,-0.1567550003528595,2.4938721656799316,-0.21562816202640533,-0.36313727498054504,412,348
0,1,4.285959243774414,1.525648832321167,-0.45088866353034973,-0.24209152162075043,137,462
 , , , , , , , 
0,0,0.08433022350072861,2.689924716949463,-0.19864080846309662,-0.6052287817001343,145,447
0,1,-0.15477076172828674,2.4688429832458496,0.11437711119651794,-0.48418304324150085,311,344
0,2,-0.3254154324531555,2.5279288291931152,-0.5300698280334473,-0.36313727498054504,188,421
0,3,4.4288249015808105,1.109248399734497,-0.235431507229805,-0.24209152162075043,124,460
0,4,-0.28573063015937805,4.562284469604492,-0.06535349041223526,-0.24209152162075043,124,460
 , , , , , , , 
0,0,0.08135385811328888,2.599336862564087,-0.11883754283189774,-0.6052287817001343,126,461
0,1,-0.305573046207428,2.424865245819092,0.051437173038721085,-0.48418304324150085,304,353
0,2,2.0169804096221924,1.6404093503952026,2.1864559650421143,-0.24209152162075043,118,495
0,3,4.398068904876709,1.0863639116287231,-0.29644519090652466,-0.24209152162075043,153,459
 , , , , , , , 
0,0,-0.076393261551857,2.4266130924224854,-0.2858421504497528,-0.48418304324150085,360,348
0,1,-0.2500143051147461,3.9887397289276123,-0.17111095786094666,-0.36313727498054504,126,463
0,2,3.6252074241638184,1.5019489526748657,-0.7770787477493286,-0.36313727498054504,126,463
0,3,4.398068904876709,1.0146851539611816,-0.4883445203304291,-0.24209152162075043,137,454
0,4,2.0169804096221924,1.408551573753357,2.3425445556640625,-0.12104576081037521,154,472
0,5,-2.023925304412842,3.2888903617858887,7.115286350250244,-0.12104576081037521,138,380
0,6,0.5059813261032104,8.077744483947754,-0.18547271192073822,-0.12104576081037521,138,380
 , , , , , , , 
0,0,0.160723477602005,2.552546739578247,-0.26772013306617737,-0.7262745499610901,141,454
0,1,-0.07540114223957062,2.4057233333587646,-0.1690872311592102,-0.48418304324150085,354,355
0,2,1.9981300830841064,1.2440309524536133,2.4051854610443115,-0.24209152162075043,136,479
0,3,4.367313385009766,1.0915101766586304,-0.24289172887802124,-0.24209152162075043,147,474
0,4,-1.7778794765472412,3.5678648948669434,7.082719326019287,-0.24209152162075043,113,398
0,5,3.047793388366699,0.1250610202550888,7.533308982849121,-0.24209152162075043,113,398
 , , , , , , , 
0,0,0.23612461984157562,7.526611328125,-0.6223524808883667,-0.8473203182220459,161,360
0,1,-0.07341689616441727,2.334829092025757,-0.25017011165618896,-0.6052287817001343,405,345
0,2,-0.25199854373931885,4.018063545227051,0.22022147476673126,-0.36313727498054504,147,442
0,3,4.2264323234558105,1.5632727146148682,-0.1313951015472412,-0.24209152162075043,147,462
0,4,-2.2640182971954346,10.079154968261719,0.6349588632583618,-0.12104576081037521,186,367
 , , , , , , , 
0,0,0.23414038121700287,7.452944755554199,-0.7322801351547241,-0.8473203182220459,175,358
0,1,-0.07143265753984451,2.2844653129577637,-0.03469337895512581,-0.6052287817001343,334,340
0,2,0.0,2.3065876960754395,-0.5909613370895386,-0.6052287817001343,328,372
0,3,-0.44645410776138306,1.482721209526062,-2.401336193084717,-0.24209152162075043,119,465
0,4,-0.2500143051147461,3.9921188354492188,0.04805876314640045,-0.24209152162075043,167,466
0,5,3.7502145767211914,1.3784037828445435,-0.19422736763954163,-0.24209152162075043,167,466
0,6,4.367313385009766,1.1076014041900635,-0.15365605056285858,-0.24209152162075043,139,470
0,7,-0.28176215291023254,4.498008728027344,0.11110740154981613,-0.24209152162075043,139,470
0,8,-1.7778794765472412,4.167097568511963,6.74758243560791,-0.24209152162075043,123,403
0,9,0.29465970396995544,9.390195846557617,0.8034446239471436,-0.12104576081037521,146,369
0,10,-2.651937246322632,3.377929449081421,8.394340515136719,-0.12104576081037521,146,369
 , , , , , , , 
0,0,0.6905156373977661,7.324309349060059,-0.35816287994384766,-0.7262745499610901,149,364
0,1,-0.10020414739847183,3.204033613204956,0.07732149958610535,-0.48418304324150085,141,489
0,2,0.07044053822755814,2.252941370010376,-0.015737758949398994,-0.36313727498054504,360,348
0,3,-0.19643980264663696,3.0889837741851807,-0.5461413860321045,-0.24209152162075043,133,495
0,4,-0.13889683783054352,4.440683841705322,0.12798236310482025,-0.12104576081037521,125,454
0,5,4.305801868438721,1.1024577617645264,-0.0021596660371869802,-0.12104576081037521,125,454
0,6,-1.2550320625305176,6.475612163543701,4.583412170410156,-0.12104576081037521,117,396
 , , , , , , , 
0,0,-0.06944841891527176,2.1502039432525635,-0.5573483109474182,-0.6052287817001343,333,341
0,1,0.4583595395088196,7.295095443725586,-0.5961660742759705,-0.48418304324150085,140,407
0,2,-0.06845629960298538,2.1822474002838135,0.1784532517194748,-0.36313727498054504,344,349
0,3,0.14286531507968903,2.23286771774292,-0.46795210242271423,-0.36313727498054504,267,405
0,4,-0.19842404127120972,3.165895700454712,0.13034449517726898,-0.36313727498054504,127,500
0,5,-0.27779367566108704,4.433541774749756,-0.14793699979782104,-0.12104576081037521,131,447
0,6,1.9584453105926514,4.585988998413086,9.177803993225098,-0.12104576081037521,132,383
 , , , , , , , 
0,0,0.0,2.1834959983825684,-0.1762954741716385,-0.36313727498054504,396,361
0,1,1.9584453105926514,4.967982769012451,8.976777076721191,-0.12104576081037521,119,394
 , , , , , , , 
0,0,0.6815866231918335,7.237389087677002,0.11079177260398865,-0.48418304324150085,144,390
0,1,0.06746417284011841,2.14668869972229,-0.21868795156478882,-0.36313727498054504,361,348
0,2,0.07044053822755814,2.2496163845062256,0.1233636811375618,-0.36313727498054504,276,413
 , , , , , , , 
0,0,0.0,2.1444602012634277,0.24887606501579285,0.0,271,328
0,1,0.0,2.155397415161133,-0.12210895866155624,-0.36313727498054504,356,355
0,2,1.952492594718933,6.263202667236328,8.08682632446289,-0.12104576081037521,126,394
 , , , , , , , 
0,0,0.06746417284011841,2.150886058807373,0.1725863516330719,0.0,289,329
0,1,0.6786102056503296,7.203856945037842,-0.1998761147260666,-0.48418304324150085,113,382
0,2,0.06746417284011841,2.153005361557007,-0.14375339448451996,-0.36313727498054504,390,355
0,3,-0.19247132539749146,3.073220729827881,-0.04293016344308853,-0.36313727498054504,144,481
0,4,-0.31152576208114624,4.974538803100586,-0.03581123426556587,-0.24209152162075043,128,439
0,5,-0.2758094370365143,4.385280609130859,0.40911900997161865,-0.12104576081037521,114,455
0,6,4.275046348571777,1.027008056640625,-0.37864089012145996,-0.12104576081037521,114,455
 , , , , , , , 
0,0,0.0,2.121363878250122,0.15618620812892914,0.0,312,319
0,1,-0.19247132539749146,3.0734143257141113,-0.025538835674524307,-0.48418304324150085,200,417
0,2,0.06647205352783203,2.1260569095611572,0.006505951751023531,-0.36313727498054504,371,347
0,3,0.0,4.396526336669922,-0.38038304448127747,-0.12104576081037521,120,454
0,4,-1.6250929832458496,2.859931230545044,6.661070346832275,-0.12104576081037521,151,415
 , , , , , , , 
0,0,-0.09524354338645935,3.035874366760254,0.2518710196018219,-0.48418304324150085,158,437
0,1,0.13294410705566406,2.108623743057251,-0.24619178473949432,-0.36313727498054504,354,359
0,2,0.06944841891527176,2.2188351154327393,-0.10384998470544815,-0.36313727498054504,197,450
0,3,-0.15477076172828674,4.941750526428223,-0.28987839818000793,-0.36313727498054504,153,439
0,4,-1.1558201313018799,6.14885139465332,3.946516990661621,-0.24209152162075043,139,435
0,5,-0.12103866785764694,3.8680875301361084,-0.15879681706428528,-0.12104576081037521,120,467
0,6,-0.924656093120575,6.079721927642822,4.111116886138916,-0.12104576081037521,153,421
 , , , , , , , 
0,0,0.06647205352783203,2.1260478496551514,-0.009005049243569374,-0.36313727498054504,321,377
0,1,-0.15477076172828674,4.940669059753418,-0.30776700377464294,-0.36313727498054504,118,435
0,2,-0.13691259920597076,4.378941059112549,-0.03272334113717079,-0.24209152162075043,134,466
0,3,0.8968766927719116,7.118570804595947,-0.04881997033953667,-0.24209152162075043,136,432
0,4,-0.924656093120575,6.12777042388916,4.039149284362793,-0.24209152162075043,178,422
 , , , , , , , 
0,0,-0.13294410705566406,2.1226561069488525,-0.035152629017829895,-0.48418304324150085,275,381
0,1,0.0,1.9529218673706055,-0.6667703986167908,-0.36313727498054504,296,352
0,2,-0.152786523103714,4.881701469421387,-0.22275316715240479,-0.36313727498054504,130,440
0,3,0.26985669136047363,2.082465648651123,-0.5011617541313171,-0.24209152162075043,226,419
0,4,1.011962652206421,6.382900714874268,-0.4246790409088135,-0.24209152162075043,114,444
0,5,1.121095895767212,7.086581707000732,0.06578448414802551,-0.24209152162075043,127,437
0,6,0.23116402328014374,7.319052219390869,1.0475316047668457,-0.24209152162075043,132,426
0,7,2.77396821975708,2.3401999473571777,6.4457621574401855,-0.24209152162075043,132,426
 , , , , , , , 
0,0,0.0,2.9195947647094727,-0.08397559076547623,-0.6052287817001343,184,416
0,1,0.0,1.8926701545715332,-0.6467282772064209,-0.36313727498054504,364,344
0,2,0.1994161605834961,2.0725696086883545,-0.43504855036735535,-0.36313727498054504,268,430
0,3,-0.1865186095237732,2.896146535873413,0.6953990459442139,-0.24209152162075043,124,502
 , , , , , , , 
0,0,0.0,3.6386005878448486,-0.30067381262779236,-0.8473203182220459,212,400
0,1,-0.17659740149974823,2.8072688579559326,-0.2680209279060364,-0.7262745499610901,165,448
0,2,0.061511456966400146,1.9338957071304321,-0.36156681180000305,-0.48418304324150085,377,348
0,3,0.1309598684310913,2.082563877105713,0.19053278863430023,-0.48418304324150085,243,460
0,4,4.152022838592529,1.0607963800430298,0.06973324716091156,-0.48418304324150085,135,470
0,5,0.9970808625221252,6.275411128997803,-0.5884351134300232,-0.24209152162075043,124,430
 , , , , , , , 
0,0,0.0,3.57529354095459,-0.29577285051345825,-0.9683660864830017,149,406
0,1,-0.14981015026569366,4.787049770355225,-0.20838651061058044,-0.8473203182220459,150,374
0,2,-0.08829870074987411,2.82415771484375,-0.010779287666082382,-0.7262745499610901,178,437
0,3,0.0,1.9932160377502441,0.16597414016723633,-0.6052287817001343,337,371
0,4,-0.10814110934734344,3.457507848739624,0.09545675665140152,-0.6052287817001343,117,460
0,5,-0.2678724527359009,4.254258632659912,0.4460636377334595,-0.48418304324150085,137,457
0,6,0.9970808625221252,6.30144739151001,-0.13713018596172333,-0.24209152162075043,132,428
 , , , , , , , 
0,0,0.0,4.66314172744751,-0.18808946013450623,-0.7262745499610901,207,387
0,1,0.05754297226667404,1.8183486461639404,-0.28453293442726135,-0.6052287817001343,377,355
0,2,-2.3681910037994385,0.5905519127845764,-0.13752208650112152,-0.48418304324150085,118,552
0,3,0.9871596097946167,6.238490104675293,-0.14705678820610046,-0.24209152162075043,158,428
 , , , , , , , 
0,0,-0.1438574343919754,4.600418567657471,-0.08424906432628632,-0.7262745499610901,220,407
0,1,0.0,1.9205683469772339,0.2488156259059906,-0.6052287817001343,192,483
0,2,0.056550852954387665,1.8072798252105713,-0.07274995744228363,-0.48418304324150085,365,355
0,3,4.029000282287598,1.030140995979309,0.05459216609597206,-0.36313727498054504,120,470
0,4,-0.25993549823760986,4.138238430023193,0.32315948605537415,-0.36313727498054504,120,470
0,5,0.9871596097946167,6.234317779541016,-0.27141574025154114,-0.24209152162075043,174,427
 , , , , , , , 
0,0,-0.1488180309534073,2.3414113521575928,-0.4064828157424927,-0.7262745499610901,176,425
0,1,-0.5635243058204651,4.472827434539795,-0.008366118185222149,-0.7262745499610901,128,404
0,2,-0.05853509530425072,1.8270130157470703,0.40888512134552,-0.6052287817001343,291,403
0,3,0.10913322865962982,1.740401268005371,-0.08982835710048676,-0.48418304324150085,324,352
0,4,-0.17064468562602997,2.7206084728240967,-0.1542404294013977,-0.36313727498054504,127,535
0,5,0.9871596097946167,6.230655670166016,-0.34541669487953186,-0.24209152162075043,148,429
0,6,3.3374924659729004,1.5229871273040771,-0.32295966148376465,-0.12104576081037521,127,438
 , , , , , , , 
0,0,-0.10318050533533096,3.2991132736206055,-0.0832541435956955,-0.7262745499610901,135,455
0,1,-0.28176215291023254,4.4978437423706055,-0.11759492009878159,-0.6052287817001343,128,419
0,2,-0.05555873364210129,1.7739955186843872,-0.1034836620092392,-0.48418304324150085,353,347
0,3,-0.17064468562602997,2.6715004444122314,-0.5372012853622437,-0.24209152162075043,124,538
0,4,0.9772384166717529,6.174736499786377,-0.18501435220241547,-0.12104576081037521,127,433
 , , , , , , , 
0,0,-0.05159025266766548,1.6495407819747925,-0.04224907606840134,0.0,305,317
0,1,0.15774711966514587,1.6402103900909424,-0.3407185673713684,-0.36313727498054504,366,345
0,2,-0.08234597742557526,2.6263508796691895,-0.19774042069911957,-0.24209152162075043,153,565
0,3,1.1726861000061035,6.11944055557251,-0.5420793890953064,-0.24209152162075043,114,461
0,4,-0.11111746728420258,3.5537967681884766,-0.04004989191889763,-0.12104576081037521,113,512
0,5,0.8016331791877747,6.320718288421631,0.730280339717865,-0.12104576081037521,123,460
 , , , , , , , 
0,0,0.0,1.6495290994644165,-0.06697142124176025,-0.24209152162075043,397,349
0,1,-2.2144124507904053,0.5619970560073853,-0.07499578595161438,-0.24209152162075043,113,578
0,2,0.0,2.6251063346862793,-0.228947713971138,-0.24209152162075043,121,567
0,3,-0.1101253479719162,3.521069288253784,-0.09271985292434692,-0.12104576081037521,123,529
0,4,0.9970808625221252,6.259232044219971,0.7409834861755371,-0.12104576081037521,120,465
 , , , , , , , 
0,0,0.9127506613731384,5.535989284515381,-1.6260526180267334,-0.6052287817001343,121,386
0,1,0.0,1.6406360864639282,-0.18369776010513306,-0.24209152162075043,395,347
0,2,0.0,1.6686091423034668,0.5145087838172913,-0.24209152162075043,205,454
0,3,0.972277820110321,6.146103382110596,-0.02383148856461048,-0.24209152162075043,127,448
0,4,-0.1646919548511505,2.6298160552978516,0.023336337879300117,-0.12104576081037521,132,558
0,5,-0.21826645731925964,3.4853992462158203,-0.015984544530510902,-0.12104576081037521,134,531
 , , , , , , , 
0,0,-0.05258237197995186,1.6809730529785156,-0.053180016577243805,-0.24209152162075043,343,367
0,1,-2.142979621887207,0.7945290207862854,0.03807640075683594,-0.24209152162075043,150,547
0,2,0.7976647019386292,6.304406642913818,0.5825819969177246,-0.24209152162075043,120,453
0,3,3.251178026199341,1.510172963142395,-0.13936804234981537,-0.12104576081037521,125,519
 , , , , , , , 
0,0,0.1517944037914276,1.6111934185028076,-0.05127623677253723,0.0,237,333
0,1,0.20239253342151642,1.5806165933609009,-0.2868857979774475,-0.36313727498054504,377,346
0,2,0.0,1.681000828742981,0.3366720974445343,-0.36313727498054504,216,439
0,3,-2.1132161617279053,0.7714671492576599,-0.14180973172187805,-0.24209152162075043,135,555
0,4,0.07044053822755814,2.2527542114257812,0.03301648050546646,-0.24209152162075043,135,555
0,5,0.0,2.603081464767456,0.0354907400906086,-0.24209152162075043,140,539
0,6,3.251178026199341,1.5067638158798218,-0.1723623275756836,-0.24209152162075043,157,508
0,7,0.7936961650848389,6.29936408996582,0.07133825868368149,-0.24209152162075043,136,457
 , , , , , , , 
0,0,0.09623566269874573,3.0418813228607178,-0.47039419412612915,-0.7262745499610901,122,443
0,1,0.32144695520401,1.6839592456817627,0.008045892231166363,-0.6052287817001343,181,441
0,2,0.6647205352783203,1.2060635089874268,1.621152639389038,-0.6052287817001343,143,444
0,3,0.09524354338645935,1.5158754587173462,-0.12373863160610199,-0.48418304324150085,425,339
0,4,-0.0932593047618866,2.958160400390625,-0.38291358947753906,-0.36313727498054504,128,503
0,5,3.1936349868774414,1.4594533443450928,-0.298907995223999,-0.36313727498054504,161,503
0,6,-2.0834524631500244,0.7398490309715271,0.22513644397258759,-0.24209152162075043,117,535
0,7,0.0,2.222349166870117,-0.0008869004086591303,-0.24209152162075043,117,535
0,8,-1.0456948280334473,0.42856353521347046,1.6116211414337158,-0.12104576081037521,147,427
 , , , , , , , 
0,0,0.1904870867729187,3.032583475112915,-0.23705758154392242,-0.7262745499610901,129,445
0,1,0.31549423933029175,1.6503936052322388,-0.08903875201940536,-0.6052287817001343,176,470
0,2,0.0932593047618866,1.4850527048110962,-0.11148890107870102,-0.48418304324150085,405,356
0,3,-1.9852327108383179,0.8977090120315552,-0.22738666832447052,-0.36313727498054504,145,525
0,4,-0.09226718544960022,2.9455463886260986,-0.18109263479709625,-0.36313727498054504,148,518
0,5,0.061511456966400146,0.2925872206687927,1.945527195930481,-0.12104576081037521,179,413
 , , , , , , , 
0,0,0.18850284814834595,3.008798599243164,-0.09016088396310806,-0.7262745499610901,130,450
0,1,0.09127506613731384,1.4513870477676392,-0.13384948670864105,-0.48418304324150085,424,356
0,2,0.0,2.981630802154541,-0.126138836145401,-0.48418304324150085,148,483
0,3,-1.956460952758789,0.9032682180404663,-0.13044315576553345,-0.36313727498054504,156,514
0,4,0.0,2.113215446472168,-0.4415528178215027,-0.36313727498054504,156,514
0,5,-2.1132161617279053,0.7843532562255859,-0.007843087427318096,-0.24209152162075043,123,529
0,6,-0.07044053822755814,2.210655927658081,-0.4347322881221771,-0.24209152162075043,123,529
0,7,0.18155799806118011,0.9092795848846436,1.700217366218567,-0.12104576081037521,150,412
0,8,-0.48415467143058777,1.846452236175537,-0.32665011286735535,-0.12104576081037521,150,412
0,9,-1.2500715255737305,0.7377765774726868,-1.3760322332382202,-0.12104576081037521,165,390
 , , , , , , , 
0,0,0.13393622636795044,1.4200940132141113,-0.08027225732803345,-0.48418304324150085,407,346
0,1,0.09524354338645935,1.4992715120315552,-0.2556850016117096,-0.48418304324150085,304,431
0,2,-1.994161605834961,0.7272811532020569,-0.1376960277557373,-0.36313727498054504,130,520
0,3,0.0,2.3458480834960938,-0.12805697321891785,-0.36313727498054504,124,534
0,4,-0.27382519841194153,1.2446703910827637,-1.7817268371582031,-0.24209152162075043,122,529
0,5,0.06051933392882347,0.6690021753311157,1.8163880109786987,-0.12104576081037521,120,438
 , , , , , , , 
0,0,1.2847957611083984,5.341018199920654,-2.078242063522339,-0.8473203182220459,155,397
0,1,0.17064468562602997,1.3509601354599,-0.09717067331075668,-0.48418304324150085,441,370
0,2,0.3889111280441284,1.5055588483810425,0.04550543799996376,-0.48418304324150085,161,519
0,3,-0.14088107645511627,2.2477469444274902,0.09348955750465393,-0.36313727498054504,118,547
0,4,-0.12500715255737305,1.4049255847930908,1.4181026220321655,-0.12104576081037521,189,397
0,5,0.11607807129621506,3.7089691162109375,0.1660451889038086,-0.12104576081037521,113,513
0,6,-3.5984201431274414,0.8563823699951172,-0.3398227393627167,-0.12104576081037521,113,513
 , , , , , , , 
0,0,0.8393337726593018,2.8591959476470947,0.16294503211975098,-0.9683660864830017,129,449
0,1,0.16667619347572327,1.3180603981018066,-0.1136525571346283,-0.48418304324150085,424,372
0,2,0.42859596014022827,1.4611561298370361,0.05991175398230553,-0.48418304324150085,181,492
0,3,-1.8096274137496948,9.248722076416016,2.0820353031158447,-0.48418304324150085,126,371
0,4,2.111232042312622,4.421417713165283,-8.315181732177734,-0.48418304324150085,126,371
0,5,0.07540114223957062,2.4034173488616943,0.1991998255252838,-0.36313727498054504,147,507
0,6,0.0,2.24984073638916,-0.13845916092395782,-0.24209152162075043,124,551
0,7,0.11508594453334808,3.6803762912750244,0.06508172303438187,-0.12104576081037521,159,500
 , , , , , , , 
0,0,0.16270771622657776,1.291433572769165,-0.0069993631914258,-0.36313727498054504,418,360
0,1,0.0,1.3966288566589355,-0.027791494503617287,-0.36313727498054504,267,447
0,2,0.47621771693229675,1.4461783170700073,0.06361060589551926,-0.36313727498054504,154,524
0,3,0.1488180309534073,2.3613152503967285,-0.2676296830177307,-0.24209152162075043,127,550
0,4,0.0,2.856668472290039,-0.06036422774195671,-0.24209152162075043,122,510
0,5,0.33236026763916016,2.0902020931243896,-0.2125328779220581,-0.12104576081037521,133,515
0,6,-0.3988323211669922,0.4960019588470459,2.029653549194336,-0.12104576081037521,133,515
0,7,-0.11508594453334808,3.6152584552764893,0.6923219561576843,-0.12104576081037521,130,492
 , , , , , , , 
0,0,0.2033846378326416,1.2797359228134155,-0.12342676520347595,-0.36313727498054504,445,353
0,1,0.07440901547670364,2.373103141784668,-0.1800777167081833,-0.36313727498054504,143,540
0,2,0.17858164012432098,2.847261428833008,-0.15940512716770172,-0.24209152162075043,193,495
0,3,-1.9991222620010376,0.4898746907711029,0.14839056134223938,-0.12104576081037521,128,490
0,4,0.26985669136047363,2.1402206420898438,-0.08533063530921936,-0.12104576081037521,126,502
0,5,-2.023925304412842,0.7364866733551025,0.14819681644439697,-0.12104576081037521,126,502
0,6,-3.567664384841919,0.9065976738929749,-0.11180296540260315,-0.12104576081037521,153,511
0,7,0.23017188906669617,3.6611440181732178,0.32510656118392944,-0.12104576081037521,153,511
 , , , , , , , 
0,0,0.19842404127120972,1.2485250234603882,0.12039389461278915,0.0,321,324
0,1,0.23810885846614838,1.24295973777771,-0.10505466163158417,-0.36313727498054504,438,348
0,2,0.04266117140650749,1.3537346124649048,0.17098981142044067,-0.36313727498054504,278,439
0,3,-2.9862818717956543,1.0901132822036743,-9.011817932128906,-0.36313727498054504,117,366
0,4,0.22322705388069153,2.3595244884490967,-0.22890187799930573,-0.24209152162075043,116,550
0,5,0.19346344470977783,2.0544278621673584,0.01963081955909729,-0.12104576081037521,126,530
0,6,-1.9991222620010376,0.5114128589630127,-0.02130422182381153,-0.12104576081037521,126,530
0,7,-3.567664384841919,0.9002771973609924,-0.15466167032718658,-0.12104576081037521,163,488
0,8,0.23017188906669617,3.6705482006073,0.19169290363788605,-0.12104576081037521,163,488
 , , , , , , , 
0,0,0.19346344470977783,1.218326210975647,0.10634157061576843,0.0,327,325
0,1,1.366149663925171,4.2615838050842285,-1.8886698484420776,-0.48418304324150085,129,413
0,2,0.19842404127120972,1.2446469068527222,-0.1554456502199173,-0.36313727498054504,421,366
0,3,-1.9346344470977783,0.7048500776290894,0.13734140992164612,-0.12104576081037521,134,523
0,4,0.0,2.825244665145874,0.04210788011550903,-0.12104576081037521,129,499
0,5,0.23017188906669617,3.6737799644470215,-0.11406026780605316,-0.12104576081037521,129,522
0,6,-3.567664384841919,0.8367398381233215,-0.36645010113716125,-0.12104576081037521,129,522
 , , , , , , , 
0,0,0.9385457634925842,2.5631189346313477,0.06459881365299225,-0.6052287817001343,143,450
0,1,0.19346344470977783,1.2171398401260376,-0.1191539466381073,-0.36313727498054504,427,351
0,2,0.0,1.3955880403518677,-0.060648806393146515,-0.24209152162075043,143,518
0,3,0.1140938252210617,3.644869804382324,0.17811399698257446,-0.12104576081037521,116,524
 , , , , , , , 
0,0,0.04067692905664444,1.3009892702102661,-0.009777623228728771,-0.48418304324150085,258,431
0,1,0.2202506959438324,1.1412097215652466,-0.17023611068725586,-0.36313727498054504,409,355
0,2,-1.7739109992980957,7.387993812561035,-5.637254238128662,-0.36313727498054504,118,375
0,3,1.7739109992980957,3.938837766647339,8.417044639587402,-0.36313727498054504,118,375
 , , , , , , , 
0,0,0.15477076172828674,2.4710090160369873,0.04880440980195999,-0.48418304324150085,128,522
0,1,0.21429798007011414,1.1226475238800049,0.003272808389738202,-0.36313727498054504,391,351
 , , , , , , , 
0,0,0.32144695520401,2.5473177433013916,-0.14437778294086456,-0.7262745499610901,174,449
0,1,0.21429798007011414,1.1197049617767334,-0.08129668235778809,-0.48418304324150085,410,359
0,2,0.22917978465557098,2.3940629959106445,-0.43810009956359863,-0.48418304324150085,116,520
 , , , , , , , 
0,0,0.14683379232883453,2.3439948558807373,0.05940459668636322,-0.8473203182220459,281,407
0,1,0.16866043210029602,1.057105541229248,-0.13872173428535461,-0.6052287817001343,401,348
0,2,0.39684808254241943,1.20537531375885,0.04757549241185188,-0.48418304324150085,149,503
0,3,0.17560528218746185,1.8458603620529175,-0.26561686396598816,-0.48418304324150085,119,509
0,4,-1.756052851676941,0.645501971244812,0.09052928537130356,-0.48418304324150085,119,509
0,5,-0.1101253479719162,3.521914482116699,0.051435403525829315,-0.48418304324150085,150,493
0,6,1.309598684310913,0.4075760841369629,1.0806519985198975,-0.36313727498054504,160,455
0,7,0.7936961650848389,2.4074201583862305,-0.1584322154521942,-0.36313727498054504,134,509
0,8,0.23810885846614838,1.8817204236984253,0.17597004771232605,-0.24209152162075043,116,481
0,9,-0.41669049859046936,1.855634093284607,-0.10735245048999786,-0.24209152162075043,116,481
0,10,2.3572776317596436,7.893679618835449,1.5431984663009644,-0.12104576081037521,116,388
 , , , , , , , 
0,0,3.1985957622528076,0.7665656805038452,0.2882491946220398,0.12104576081037521,130,438
0,1,0.14286531507968903,2.2804553508758545,0.06481384485960007,-0.8473203182220459,246,395
0,2,0.06746417284011841,1.0588710308074951,0.1985015720129013,-0.6052287817001343,367,362
0,3,0.35716328024864197,1.025214672088623,-0.3572690784931183,-0.6052287817001343,304,411
0,4,2.6162209510803223,4.472339153289795,-7.7254767417907715,-0.6052287817001343,128,370
0,5,-0.8720736503601074,9.233526229858398,-0.714767336845398,-0.6052287817001343,128,370
0,6,-1.814587950706482,0.4540632665157318,-0.09842338413000107,-0.48418304324150085,138,492
0,7,1.309598684310913,0.7684726119041443,0.8621930480003357,-0.36313727498054504,158,419
0,8,0.06845629960298538,2.187605619430542,0.0918210968375206,-0.24209152162075043,161,562
0,9,2.881117105484009,7.6949992179870605,-1.6536473035812378,-0.12104576081037521,121,393
 , , , , , , , 
0,0,-0.21727433800697327,0.6412458419799805,2.2164909839630127,0.8473203182220459,138,451
0,1,0.0,1.053868055343628,0.23350410163402557,-0.48418304324150085,377,385
0,2,-1.7838321924209595,0.4561116695404053,-0.02381102181971073,-0.48418304324150085,117,503
0,3,-0.9950966238975525,0.9345642924308777,1.2825608253479004,-0.24209152162075043,115,490
0,4,0.06845629960298538,2.1895148754119873,-0.008578217588365078,-0.24209152162075043,135,548
0,5,2.619197368621826,7.961264610290527,-0.08044581115245819,-0.12104576081037521,165,382
 , , , , , , , 
0,0,3.167840003967285,0.8011134266853333,-0.12685565650463104,0.12104576081037521,193,437
0,1,0.07440901547670364,1.3072447776794434,-1.988757610321045,0.8473203182220459,113,442
0,2,-0.14088107645511627,2.249070644378662,-0.05280086398124695,-0.9683660864830017,183,436
0,3,0.42561960220336914,1.1583783626556396,-0.10031303763389587,-0.6052287817001343,175,445
0,4,0.0,0.9962543845176697,0.3242042362689972,-0.48418304324150085,385,379
0,5,0.11310170590877533,1.7964051961898804,-0.18678127229213715,-0.48418304324150085,185,471
0,6,0.21826645731925964,3.4839999675750732,-0.10003948211669922,-0.48418304324150085,143,484
0,7,0.6309884786605835,0.6935869455337524,1.3971593379974365,-0.24209152162075043,236,360
0,8,-0.5268158316612244,1.7966665029525757,-0.05517818033695221,-0.12104576081037521,173,480
0,9,0.7421059012413025,0.77121901512146,-1.8748729228973389,-0.12104576081037521,122,517
0,10,0.3095415234565735,4.940279960632324,0.16340430080890656,-0.12104576081037521,120,452
 , , , , , , , 
0,0,0.0,0.33789345622062683,2.2928290367126465,0.8473203182220459,137,438
0,1,0.47621771693229675,3.0100526809692383,0.04294055327773094,-0.9683660864830017,116,432
0,2,0.06944841891527176,2.208998680114746,0.2331058233976364,-0.7262745499610901,162,467
0,3,0.09226718544960022,0.9769282341003418,0.07559660822153091,-0.48418304324150085,402,352
0,4,0.3770056962966919,1.1451998949050903,0.042768415063619614,-0.48418304324150085,151,509
0,5,-1.6667619943618774,0.581483781337738,-0.21127383410930634,-0.48418304324150085,113,512
0,6,0.722263514995575,0.8921486139297485,1.1865233182907104,-0.24209152162075043,268,363
 , , , , , , , 
0,0,0.0,2.0912046432495117,0.13186253607273102,-0.48418304324150085,125,493
0,1,0.05555873364210129,0.8692381978034973,-0.1776289939880371,-0.36313727498054504,389,347
0,2,0.3472420871257782,1.0552797317504883,-0.022734111174941063,-0.36313727498054504,137,491
0,3,-0.5784060955047607,0.16078250110149384,-1.5718965530395508,-0.24209152162075043,170,497
0,4,0.05258237197995186,1.6805161237716675,-0.06606083363294601,-0.24209152162075043,170,497
0,5,0.5952721238136292,2.304659128189087,-0.06147539243102074,-0.24209152162075043,125,519
0,6,-3.2601070404052734,0.8261591196060181,-0.11923704296350479,-0.24209152162075043,144,501
0,7,0.0,3.3640453815460205,-0.09084367007017136,-0.24209152162075043,144,501
0,8,0.0,0.2872874438762665,-1.786677598953247,-0.12104576081037521,127,491
 , , , , , , , 
0,0,0.10714899003505707,0.8487549424171448,-0.05396382883191109,0.0,270,330
0,1,0.0,2.0943515300750732,0.0649343878030777,-0.48418304324150085,187,464
0,2,0.13393624126911163,0.8298982381820679,-0.1676543653011322,-0.36313727498054504,383,350
0,3,0.3819662928581238,1.043442964553833,0.006145574152469635,-0.36313727498054504,162,467
0,4,-0.11905442923307419,0.9238870739936829,0.19847404956817627,-0.24209152162075043,259,441
0,5,1.4723063707351685,0.806675910949707,-0.11336449533700943,-0.24209152162075043,170,491
0,6,-1.0744662284851074,0.9677874445915222,1.0879616737365723,-0.12104576081037521,130,501
 , , , , , , , 
0,0,1.3750786781311035,3.2476725578308105,-1.8877532482147217,-0.7262745499610901,237,389
0,1,0.0,2.0950205326080322,-0.03759155794978142,-0.48418304324150085,148,478
0,2,0.33732086420059204,1.025199294090271,0.01852487400174141,-0.36313727498054504,196,450
0,3,0.05159025266766548,0.8072347044944763,-0.16452494263648987,-0.24209152162075043,354,337
0,4,-0.11905442923307419,0.9446476697921753,-0.024496428668498993,-0.24209152162075043,243,447
0,5,1.577471137046814,0.5441383123397827,0.21624475717544556,-0.24209152162075043,164,493
0,6,-0.525823712348938,0.9755686521530151,-1.2661116123199463,-0.24209152162075043,164,493
0,7,1.4236925840377808,2.5668342113494873,8.625908851623535,-0.24209152162075043,116,401
0,8,-3.9863390922546387,2.89621639251709,-7.6643900871276855,-0.24209152162075043,116,401
 , , , , , , , 
0,0,0.32739967107772827,0.9949595332145691,-0.022274788469076157,-0.36313727498054504,212,459
0,1,0.12897562980651855,0.7913825511932373,-0.19605301320552826,-0.24209152162075043,361,361
0,2,-0.08929082006216049,0.9480336904525757,0.019813042134046555,-0.24209152162075043,193,470
0,3,-3.9863390922546387,1.6469603776931763,-8.026111602783203,-0.24209152162075043,114,395
0,4,1.4236925840377808,2.7078230381011963,8.582694053649902,-0.24209152162075043,114,395
0,5,1.496117353439331,0.6824564337730408,-0.14600522816181183,-0.12104576081037521,181,478
0,6,-0.619083046913147,0.5752626657485962,-1.418182134628296,-0.12104576081037521,181,478
 , , , , , , , 
0,0,0.28573063015937805,0.9748874306678772,0.008279790170490742,-0.36313727498054504,215,433
0,1,0.6786102652549744,2.2967562675476074,0.29356253147125244,-0.36313727498054504,115,509
0,2,0.053574495017528534,0.8366433382034302,-0.17870552837848663,-0.24209152162075043,315,381
0,3,1.3929368257522583,0.8304991126060486,0.3089168667793274,-0.12104576081037521,176,502
0,4,-0.5674927830696106,0.33314022421836853,-1.5140676498413086,-0.12104576081037521,176,502
0,5,-0.10417262464761734,3.3183696269989014,0.29992300271987915,-0.12104576081037521,166,509
0,6,-3.229351282119751,0.5511465668678284,0.6163679361343384,-0.12104576081037521,166,509
0,7,2.8930227756500244,1.8395966291427612,-0.05244718864560127,-0.12104576081037521,116,497
 , , , , , , , 
0,0,0.30755728483200073,0.9320122599601746,0.07333824038505554,-0.36313727498054504,163,454
0,1,0.6696811318397522,2.2703747749328613,0.2578905522823334,-0.36313727498054504,127,517
0,2,0.12401502579450607,0.7786346673965454,-0.09111519157886505,-0.24209152162075043,388,345
0,3,1.3929368257522583,0.6597970128059387,0.591461181640625,-0.12104576081037521,163,490
 , , , , , , , 
0,0,0.15873923897743225,1.2373937368392944,-0.23736035823822021,-0.6052287817001343,151,401
0,1,0.6607520580291748,2.2291390895843506,0.33726391196250916,-0.36313727498054504,126,489
0,2,0.07440901547670364,0.7798432111740112,-0.1275206208229065,-0.24209152162075043,408,351
0,3,-1.4673458337783813,0.6758025288581848,0.1086382120847702,-0.12104576081037521,188,477
0,4,3.1985957622528076,0.8186808824539185,0.02172921411693096,-0.12104576081037521,129,512
 , , , , , , , 
0,0,0.06845629960298538,0.7253097891807556,0.04931799694895744,0.0,340,312
0,1,0.17858164012432098,1.4035931825637817,-0.19769777357578278,-0.6052287817001343,137,413
0,2,0.06845629960298538,0.7207732200622559,-0.09482914954423904,-0.36313727498054504,409,353
0,3,0.30755728483200073,0.9323648810386658,0.06870986521244049,-0.36313727498054504,234,424
0,4,1.1310170888900757,3.372910499572754,-8.319437980651855,-0.36313727498054504,118,374
0,5,-1.6965255737304688,8.884997367858887,0.21770605444908142,-0.36313727498054504,118,374
0,6,-1.5179439783096313,0.4146180748939514,-0.38151422142982483,-0.12104576081037521,117,478
0,7,0.0,3.2677078247070312,0.47308769822120667,-0.12104576081037521,117,513
0,8,3.0954151153564453,1.1483204364776611,0.03861869126558304,-0.12104576081037521,117,513
 , , , , , , , 
0,0,0.06845629960298538,0.7262318730354309,0.03307275101542473,0.0,333,315
0,1,0.3303760290145874,1.0027709007263184,-0.5149297118186951,-0.7262745499610901,203,400
0,2,0.21330586075782776,1.3382716178894043,-0.1648770272731781,-0.7262745499610901,115,414
0,3,0.32739967107772827,0.8931445479393005,0.04728205129504204,-0.48418304324150085,278,436
0,4,0.09127506613731384,0.7170286178588867,-0.10359377413988113,-0.36313727498054504,453,357
0,5,-0.06051933392882347,1.9330811500549316,-0.10013338923454285,-0.36313727498054504,215,497
0,6,0.64289391040802,2.1931488513946533,-0.043276991695165634,-0.36313727498054504,143,524
0,7,1.277850866317749,4.9474406242370605,0.12795384228229523,-0.24209152162075043,116,476
0,8,1.28578782081604,4.979330539703369,0.07087218016386032,-0.24209152162075043,116,476
0,9,-0.1944555640220642,0.8672232627868652,-0.018020890653133392,-0.12104576081037521,181,437
 , , , , , , , 
0,0,0.3472420871257782,0.8501549959182739,-0.6255946159362793,-0.8473203182220459,201,380
0,1,-0.03472420945763588,0.9774017930030823,0.5274364352226257,-0.8473203182220459,201,380
0,2,0.16667619347572327,1.3151475191116333,-0.14348171651363373,-0.7262745499610901,138,444
0,3,0.2877148687839508,0.8048841953277588,0.3421216309070587,-0.48418304324150085,205,424
0,4,-0.05754297226667404,0.5675048232078552,-0.7226981520652771,-0.48418304324150085,205,424
0,5,0.08730658143758774,0.6898398995399475,-0.06583733856678009,-0.36313727498054504,434,347
0,6,0.059527214616537094,1.8969855308532715,-0.16259129345417023,-0.36313727498054504,170,505
0,7,0.6339648365974426,2.140685558319092,-0.3106573820114136,-0.36313727498054504,129,518
0,8,0.1101253479719162,3.5201358795166016,-0.12316445261240005,-0.36313727498054504,125,488
0,9,1.43758225440979,4.8745245933532715,-0.5466361045837402,-0.36313727498054504,158,493
0,10,1.4038501977920532,3.115220308303833,8.30953598022461,-0.36313727498054504,130,384
0,11,-0.050598133355379105,1.6180734634399414,-0.02988562360405922,-0.12104576081037521,155,479
 , , , , , , , 
0,0,0.12203078716993332,1.2927073240280151,-0.09132124483585358,-0.8473203182220459,137,426
0,1,0.10913322865962982,0.6844421625137329,-0.0864003449678421,-0.48418304324150085,410,340
0,2,0.27779367566108704,0.819263756275177,0.20457632839679718,-0.48418304324150085,260,424
0,3,0.6250357627868652,2.1312906742095947,-0.07594218850135803,-0.48418304324150085,176,516
0,4,1.5873923301696777,4.799826622009277,-0.49472740292549133,-0.36313727498054504,194,475
0,5,0.5565794706344604,0.6089122891426086,1.3932193517684937,-0.12104576081037521,122,489
0,6,2.348348617553711,2.329576253890991,7.6665215492248535,-0.12104576081037521,119,397
 , , , , , , , 
0,0,0.0634956955909729,0.8662681579589844,-0.5269381403923035,-0.9683660864830017,156,381
0,1,0.7421059012413025,2.025608777999878,0.08267978578805923,-0.6052287817001343,151,509
0,2,0.11310171335935593,0.588559627532959,-0.06831419467926025,-0.48418304324150085,413,348
0,3,0.3720450699329376,0.6999000906944275,0.04093768820166588,-0.48418304324150085,355,405
0,4,-0.4732413589954376,0.41375434398651123,1.5608054399490356,-0.12104576081037521,126,488
0,5,0.15774711966514587,1.6751915216445923,-0.010611288249492645,-0.12104576081037521,126,488
 , , , , , , , 
0,0,0.061511456966400146,0.8769856095314026,-0.4424130916595459,-0.9683660864830017,152,382
0,1,0.8641366958618164,1.9391744136810303,-0.13209526240825653,-0.6052287817001343,236,495
0,2,1.9167762994766235,4.71830940246582,-0.4358530342578888,-0.6052287817001343,132,433
0,3,0.12500715255737305,0.5543992519378662,-0.059854988008737564,-0.48418304324150085,412,345
0,4,0.35716328024864197,0.6678144931793213,0.08380625396966934,-0.36313727498054504,358,427
0,5,0.12203078716993332,1.2959266901016235,0.0024531730450689793,-0.24209152162075043,133,412
0,6,-1.0576001405715942,0.7465084791183472,0.1361258178949356,-0.24209152162075043,133,412
0,7,1.5377863645553589,0.2329104244709015,0.31745922565460205,-0.24209152162075043,133,510
 , , , , , , , 
0,0,0.2539827823638916,0.9731742739677429,-0.14331990480422974,-0.8473203182220459,172,399
0,1,0.9673172235488892,1.8228294849395752,-0.008761880919337273,-0.48418304324150085,146,533
0,2,0.19346344470977783,0.6463233828544617,1.950211524963379,-0.48418304324150085,146,533
0,3,0.11806230247020721,0.5262823104858398,-0.019461847841739655,-0.36313727498054504,419,342
0,4,0.36510026454925537,0.6252517700195312,0.09462970495223999,-0.36313727498054504,350,426
0,5,0.3809741735458374,0.6545879244804382,0.08329833298921585,-0.36313727498054504,363,413
0,6,-0.10119626671075821,3.1881232261657715,0.5586503744125366,-0.12104576081037521,122,499
0,7,-1.5179439783096313,2.7194204330444336,0.8871635794639587,-0.12104576081037521,122,499
0,8,-0.10516474395990372,3.353001594543457,0.2671598792076111,-0.12104576081037521,119,473
0,9,3.0497775077819824,1.115811824798584,0.8825391530990601,-0.12104576081037521,119,473
 , , , , , , , 
0,0,0.36510026454925537,0.5943021178245544,0.21610084176063538,0.0,247,358
0,1,0.24604582786560059,0.941214919090271,-0.148972287774086,-0.7262745499610901,189,405
0,2,0.8770342469215393,1.9611681699752808,-0.2127881646156311,-0.6052287817001343,119,517
0,3,0.9673172235488892,1.8228498697280884,-0.0015896987169981003,-0.48418304324150085,156,548
0,4,0.14286531507968903,0.4864617586135864,-0.031200716271996498,-0.36313727498054504,417,343
0,5,0.15179438889026642,0.5167030096054077,-0.0355948843061924,-0.36313727498054504,412,348
0,6,0.38791903853416443,0.6131695508956909,0.08206530660390854,-0.36313727498054504,325,414
0,7,0.04365329071879387,1.3940101861953735,0.0785776823759079,-0.12104576081037521,113,430
 , , , , , , , 
0,0,0.1269913911819458,0.4865295886993408,0.07204960286617279,0.0,311,313
0,1,0.2589433789253235,0.8764498233795166,-0.11157753318548203,-0.6052287817001343,175,443
0,2,0.14286531507968903,0.48616302013397217,-0.035553451627492905,-0.36313727498054504,400,334
0,3,0.9524354338645935,1.794636845588684,-0.024685507640242577,-0.36313727498054504,154,570
0,4,0.37105298042297363,0.5698188543319702,0.1595688909292221,-0.24209152162075043,305,418
0,5,1.0893479585647583,0.5479820966720581,1.5045026540756226,-0.24209152162075043,144,604
0,6,0.14088107645511627,0.41100290417671204,-2.2118279933929443,-0.24209152162075043,114,514
0,7,1.409802794456482,0.3451884984970093,0.5597596168518066,-0.12104576081037521,153,501
0,8,0.0,1.5554548501968384,-0.024290522560477257,-0.12104576081037521,153,501
 , , , , , , , 
0,0,0.2500143051147461,0.8462024927139282,-0.10792648792266846,-0.48418304324150085,136,481
0,1,1.277850866317749,2.6218349933624268,0.15544690191745758,-0.48418304324150085,114,517
0,2,0.14286531507968903,0.48743975162506104,-0.004582596011459827,-0.24209152162075043,425,338
0,3,0.3928796052932739,0.5701557397842407,0.09167445451021194,-0.24209152162075043,348,420
0,4,0.7351611256599426,0.6456422209739685,0.758774995803833,-0.12104576081037521,123,408
0,5,0.0,1.5550895929336548,-0.041546039283275604,-0.12104576081037521,139,513
0,6,-1.0397419929504395,8.249032020568848,-0.24590136110782623,-0.12104576081037521,115,405
0,7,7.5381293296813965,3.420017719268799,-0.8173990845680237,-0.12104576081037521,115,405
 , , , , , , , 
0,0,0.2500143051147461,0.8440780639648438,-0.1234460175037384,-0.48418304324150085,148,464
0,1,1.0318050384521484,1.7847236394882202,-0.09287860244512558,-0.36313727498054504,138,561
0,2,0.1488180309534073,0.45161890983581543,-0.026017000898718834,-0.24209152162075043,440,330
0,3,0.4147062599658966,0.5463261604309082,0.13184280693531036,-0.24209152162075043,306,427
0,4,0.6577757596969604,0.5708410739898682,0.8800720572471619,-0.12104576081037521,131,422
 , , , , , , , 
0,0,0.2410852313041687,0.8166375160217285,-0.09878755360841751,-0.48418304324150085,134,464
0,1,0.883979082107544,2.9930973052978516,-0.37233084440231323,-0.48418304324150085,118,467
0,2,0.1488180309534073,0.4520582854747772,-0.016727590933442116,-0.24209152162075043,412,343
0,3,0.416690468788147,0.5141459107398987,0.08073584735393524,-0.24209152162075043,309,436
0,4,0.2500143051147461,1.29412841796875,0.20175595581531525,-0.24209152162075043,117,428
0,5,0.9276324510574341,1.4789236783981323,-0.03547775000333786,-0.24209152162075043,122,552
0,6,1.0794267654418945,1.7214196920394897,-0.004040903877466917,-0.24209152162075043,130,578
0,7,0.6964684128761292,0.670991063117981,0.7731481194496155,-0.12104576081037521,116,427
 , , , , , , , 
0,0,2.9376680850982666,3.337792158126831,0.5175172090530396,-0.48418304324150085,119,418
0,1,0.16369983553886414,0.4471755027770996,-0.004444565623998642,-0.24209152162075043,402,341
0,2,0.4375250041484833,0.4907570481300354,0.11056514829397202,-0.24209152162075043,291,447
0,3,1.1250643730163574,1.6491005420684814,-0.12310589104890823,-0.24209152162075043,139,570
 , , , , , , , 
0,0,1.0585923194885254,2.8902182579040527,0.09794846922159195,-0.36313727498054504,123,469
0,1,0.13889683783054352,0.42166659235954285,-0.02141069807112217,-0.12104576081037521,404,346
0,2,0.4365329146385193,0.4420454800128937,0.1311684548854828,-0.12104576081037521,249,442
0,3,1.051647424697876,1.305129051208496,-0.14811939001083374,-0.12104576081037521,136,540
 , , , , , , , 
0,0,0.14187319576740265,0.38709408044815063,-0.019225476309657097,-0.24209152162075043,397,339
0,1,-0.053574495017528534,0.5666533708572388,-0.05100696161389351,-0.24209152162075043,147,490
0,2,0.4563753008842468,0.4234974980354309,0.1246667429804802,-0.12104576081037521,185,460
0,3,1.168717622756958,1.5709097385406494,-0.2020120918750763,-0.12104576081037521,115,575
 , , , , , , , 
0,0,0.12897562980651855,0.3890383541584015,-0.04851711913943291,-0.24209152162075043,399,348
0,1,0.4365329146385193,0.45714735984802246,0.060213446617126465,-0.12104576081037521,253,427
0,2,-1.027836561203003,0.5157941579818726,-0.23949691653251648,-0.12104576081037521,122,427
 , , , , , , , 
0,0,0.1309598684310913,0.35717570781707764,-0.02040449157357216,-0.24209152162075043,398,348
0,1,0.47621771693229675,0.4179375469684601,0.04141544923186302,-0.12104576081037521,200,435
0,2,-1.027836561203003,0.5128493905067444,-0.24573951959609985,-0.12104576081037521,131,435
 , , , , , , , 
0,0,0.10714899003505707,0.3653889298439026,-0.012301773764193058,-0.24209152162075043,401,343
0,1,0.39684808254241943,0.48525023460388184,0.10106513649225235,-0.12104576081037521,250,432
0,2,-1.0645450353622437,0.43457990884780884,-0.24028025567531586,-0.12104576081037521,177,432
0,3,1.0893479585647583,1.5890358686447144,-0.19692008197307587,-0.12104576081037521,149,570
 , , , , , , , 
0,0,-1.5596129894256592,8.168610572814941,0.1716240793466568,0.12104576081037521,113,361
0,1,0.04960601031780243,1.585639476776123,-0.05568991228938103,-0.36313727498054504,153,526
0,2,0.10714899003505707,0.364486426115036,-0.028461415320634842,-0.24209152162075043,370,362
0,3,-0.03174784779548645,0.5051676034927368,-0.04274052381515503,-0.24209152162075043,170,478
0,4,-0.1904870867729187,0.09265562891960144,-0.4616910517215729,-0.24209152162075043,170,478
0,5,0.39585599303245544,0.4425086975097656,0.10651449859142303,-0.12104576081037521,287,427
0,6,-1.1379618644714355,0.10227368772029877,-0.2728247046470642,-0.12104576081037521,152,435
0,7,-0.3303760290145874,0.4673745632171631,1.0257987976074219,-0.12104576081037521,152,435
0,8,1.0893479585647583,1.5925894975662231,-0.16574527323246002,-0.12104576081037521,142,550
0,9,2.9029438495635986,3.9133057594299316,-0.40364018082618713,-0.12104576081037521,113,493
 , , , , , , , 
0,0,0.722263514995575,2.765770673751831,-0.41890472173690796,-0.36313727498054504,114,488
0,1,0.0,1.5751203298568726,0.19700324535369873,-0.24209152162075043,117,555
0,2,0.09821990132331848,0.3343539834022522,-0.022788064554333687,-0.12104576081037521,121,629
0,3,0.3770056962966919,0.4643021821975708,0.07843120396137238,-0.12104576081037521,257,438
0,4,-0.15080228447914124,0.575451135635376,0.0998796746134758,-0.12104576081037521,257,438
0,5,-1.1012533903121948,0.36075031757354736,-0.19222532212734222,-0.12104576081037521,117,443
0,6,-0.3303760290145874,0.552669882774353,0.9824755191802979,-0.12104576081037521,117,443
 , , , , , , , 
0,0,1.0714898109436035,1.5699491500854492,0.1253095269203186,0.12104576081037521,123,442
0,1,0.07936961948871613,0.3053167164325714,-0.03570358455181122,-0.12104576081037521,160,587
0,2,-0.07936961948871613,0.4350264072418213,0.24996301531791687,-0.12104576081037521,143,493
0,3,-0.1944555640220642,1.4375159740447998,0.5619295239448547,-0.12104576081037521,114,575
 , , , , , , , 
0,0,1.0893479585647583,1.5985355377197266,0.09217849373817444,0.12104576081037521,115,443
0,1,0.07936961948871613,0.3050658702850342,-0.037787146866321564,-0.12104576081037521,143,589
0,2,-0.09524354338645935,0.48369842767715454,0.12244797497987747,-0.12104576081037521,161,495
 , , , , , , , 
0,0,0.07936961948871613,0.30478814244270325,-0.03996526449918747,-0.12104576081037521,120,584
0,1,-0.11111746728420258,0.4797711670398712,0.12450522929430008,-0.12104576081037521,141,501
0,2,0.33236026763916016,2.0660898685455322,-0.3812970221042633,-0.12104576081037521,122,502
 , , , , , , , 
0,0,0.06944841891527176,0.30978724360466003,0.0011708533857017756,0.12104576081037521,148,485
0,1,-0.14286531507968903,0.4619620740413666,0.15559419989585876,0.12104576081037521,188,378
0,2,0.07936961948871613,0.30478671193122864,-0.03997630625963211,-0.12104576081037521,120,572
0,3,-0.14286531507968903,0.47676724195480347,0.10154572129249573,-0.12104576081037521,152,475
0,4,0.33236026763916016,2.096451759338379,-0.13785940408706665,-0.12104576081037521,130,487
 , , , , , , , 
0,0,0.06944841891527176,0.3097638189792633,0.003984348848462105,0.12104576081037521,140,489
0,1,-0.14286531507968903,0.47057774662971497,0.12718141078948975,0.12104576081037521,180,382
0,2,0.07936961948871613,0.30518874526023865,-0.03678159415721893,-0.12104576081037521,126,549
0,3,-0.14286531507968903,0.48290392756462097,0.0665004700422287,-0.12104576081037521,156,446
0,4,-0.15080228447914124,0.14419464766979218,0.5659751296043396,-0.12104576081037521,120,428
0,5,0.05655085667967796,0.5961357951164246,-0.07270082831382751,-0.12104576081037521,120,428
0,6,0.2658882141113281,2.088000774383545,-0.30681493878364563,-0.12104576081037521,116,464
 , , , , , , , 
0,0,0.06944841891527176,0.30974480509757996,0.005259343422949314,0.12104576081037521,138,470
0,1,-0.14286531507968903,0.47121211886405945,0.12481053918600082,0.12104576081037521,157,370
0,2,0.07936961948871613,0.3051731586456299,-0.03691042959690094,-0.12104576081037521,133,501
0,3,-0.14286531507968903,0.4811958074569702,0.07790447771549225,-0.12104576081037521,129,416
0,4,-0.7460744380950928,0.7766123414039612,1.0328381061553955,-0.12104576081037521,118,474
0,5,-0.1865186095237732,1.362138032913208,-0.5799131393432617,-0.12104576081037521,118,474
 , , , , , , , 
0,0,0.06944841891527176,0.3097890317440033,0.0005181289161555469,0.12104576081037521,155,407
0,1,0.07936961948871613,0.3057381212711334,-0.03189419209957123,-0.12104576081037521,148,425
0,2,0.35716328024864197,0.4427405893802643,0.054618146270513535,-0.12104576081037521,114,356
 , , , , , , , 
0,0,-0.17461316287517548,0.4364914894104004,0.19239133596420288,0.12104576081037521,126,349
 , , , , , , , 
0,0,-0.13393622636795044,0.4496729373931885,0.08147787302732468,0.12104576081037521,130,376
0,1,-0.14286531507968903,0.4828522503376007,0.06687455624341965,-0.12104576081037521,137,354
 , , , , , , , 
0,0,-0.15873923897743225,0.465248167514801,0.12796488404273987,0.12104576081037521,148,374
0,1,-0.14286531507968903,0.4836574196815491,0.06077849492430687,-0.12104576081037521,136,358
 , , , , , , , 
0,0,-0.15873923897743225,0.45993223786354065,0.14592193067073822,0.12104576081037521,131,385
 , , , , , , , 
0,0,-0.21925856173038483,0.4389406144618988,0.2248273491859436,0.12104576081037521,127,367
0,1,0.07936961948871613,0.30292418599128723,-0.052249208092689514,-0.12104576081037521,116,425
0,2,-0.21925856173038483,0.45852988958358765,0.18156693875789642,-0.12104576081037521,129,343
 , , , , , , , 
0,0,0.06944841891527176,0.30958837270736694,-0.011159632354974747,0.12104576081037521,127,446
0,1,0.07936961948871613,0.3029453754425049,-0.05212615057826042,-0.12104576081037521,135,427
 , , , , , , , 
0,0,0.06944841891527176,0.3096259832382202,-0.010062826797366142,0.12104576081037521,123,456
0,1,0.07936961948871613,0.30371779203414917,-0.0474187508225441,-0.12104576081037521,130,438
 , , , , , , , 
0,0,0.06944841891527176,0.30978941917419434,0.00012830558989662677,0.12104576081037521,115,455
0,1,0.07936961948871613,0.3050677478313446,-0.03777196630835533,-0.12104576081037521,127,432
0,2,-0.14286531507968903,0.4674549400806427,0.13821865618228912,-0.12104576081037521,116,360
 , , , , , , , 
0,0,0.07936961948871613,0.30529096722602844,-0.0359230563044548,-0.12104576081037521,127,431
0,1,-0.1269913911819458,0.48058652877807617,0.10458871722221375,-0.12104576081037521,124,352
 , , , , , , , 
0,0,0.06944841891527176,0.30976584553718567,0.003824829123914242,0.12104576081037521,113,455
0,1,0.06944841891527176,0.30745765566825867,-0.03793814033269882,-0.12104576081037521,118,438
0,2,-0.13492834568023682,0.5153425335884094,0.0866425409913063,-0.12104576081037521,115,361
 , , , , , , , 
0,0,0.06944841891527176,0.30978482961654663,0.0016918904148042202,0.12104576081037521,125,461
0,1,-0.15179438889026642,0.4999220669269562,0.13537690043449402,0.12104576081037521,123,374
0,2,0.07936961948871613,0.3050013780593872,-0.03830398991703987,-0.12104576081037521,127,446
0,3,-0.13492834568023682,0.5142197012901306,0.09307516366243362,-0.12104576081037521,123,361
 , , , , , , , 
0,0,0.06944841891527176,0.30968329310417175,-0.00810944102704525,0.12104576081037521,117,467
0,1,0.07936961948871613,0.3037569522857666,-0.047167446464300156,-0.12104576081037521,133,438
0,2,-0.1269913911819458,0.4807870388031006,0.10366302728652954,-0.12104576081037521,126,362
 , , , , , , , 
0,0,0.06944841891527176,0.30935776233673096,-0.016348576173186302,0.12104576081037521,142,458
0,1,-0.16866043210029602,0.4884880483150482,0.15563933551311493,0.12104576081037521,115,382
0,2,0.07936961948871613,0.30128782987594604,-0.06098106876015663,-0.12104576081037521,152,432
0,3,-0.16866043210029602,0.5022263526916504,0.10301882028579712,-0.12104576081037521,121,360
 , , , , , , , 
0,0,0.07936961948871613,0.3070264458656311,-0.015093228779733181,0.12104576081037521,136,464
0,1,-0.16866043210029602,0.48259785771369934,0.1730419099330902,0.12104576081037521,132,371
0,2,0.07936961948871613,0.301598459482193,-0.0594257190823555,-0.12104576081037521,142,442
0,3,-0.16866043210029602,0.5002607703208923,0.11217541992664337,-0.12104576081037521,121,362
 , , , , , , , 
0,0,0.07936961948871613,0.3068796992301941,-0.017829639837145805,0.12104576081037521,140,454
0,1,-0.18552647531032562,0.47868359088897705,0.16653068363666534,0.12104576081037521,117,379
0,2,0.07936961948871613,0.3021582365036011,-0.056510619819164276,-0.12104576081037521,142,437
0,3,-0.16866043210029602,0.5050133466720581,0.08834993839263916,-0.12104576081037521,124,354
 , , , , , , , 
0,0,0.06944841891527176,0.3093731701374054,-0.016054697334766388,0.12104576081037521,142,439
0,1,0.07936961948871613,0.30289486050605774,-0.05241892486810684,-0.12104576081037521,140,427
 , , , , , , , 
0,0,0.06944841891527176,0.3094784915447235,-0.0138767184689641,0.12104576081037521,136,429
0,1,0.07936961948871613,0.3032020926475525,-0.05061161890625954,-0.12104576081037521,143,412
 , , , , , , , 
0,0,0.07936961948871613,0.3070986866950989,-0.013544421643018723,0.12104576081037521,120,418
0,1,0.07936961948871613,0.3038979768753052,-0.046249959617853165,-0.12104576081037521,135,396
 , , , , , , , 
0,0,0.07936961948871613,0.3030029833316803,-0.0517902597784996,-0.12104576081037521,119,393
 , , , , , , , 
0,0,0.07936961948871613,0.3073486387729645,-0.005465240217745304,0.12104576081037521,133,371
0,1,0.07936961948871613,0.30419737100601196,-0.044238071888685226,-0.12104576081037521,142,354
 , , , , , , , 
0,0,0.07936961948871613,0.3071749806404114,-0.011686825193464756,0.12104576081037521,139,384
0,1,0.07936961948871613,0.30486905574798584,-0.03934337943792343,-0.12104576081037521,139,374
 , , , , , , , 
0,0,0.06944841891527176,0.309771329164505,0.003349495120346546,0.12104576081037521,141,367
0,1,0.07936961948871613,0.3045210540294647,-0.041952088475227356,-0.12104576081037521,152,350
 , , , , , , , 
0,0,0.06944841891527176,0.309720516204834,-0.00653534010052681,0.12104576081037521,163,374
0,1,0.07936961948871613,0.3043244779109955,-0.04335504770278931,-0.12104576081037521,153,378
 , , , , , , , 
0,0,0.06944841891527176,0.309701532125473,-0.00738022243604064,0.12104576081037521,143,390
0,1,0.07936961948871613,0.3048640787601471,-0.03938191384077072,-0.12104576081037521,144,380
 , , , , , , , 
0,0,0.06944841891527176,0.30970585346221924,-0.007196274120360613,0.12104576081037521,147,390
0,1,-0.047621771693229675,1.5218654870986938,-0.06259950995445251,0.12104576081037521,114,379
0,2,0.07936961948871613,0.3037896454334259,-0.04695634916424751,-0.12104576081037521,152,378
0,3,0.0,1.4854063987731934,-0.3403365910053253,-0.12104576081037521,117,370
 , , , , , , , 
0,0,0.07936961948871613,0.3072797358036041,-0.00849782396107912,0.12104576081037521,145,376
0,1,0.07936961948871613,0.3035852611064911,-0.0482601560652256,-0.12104576081037521,145,370
 , , , , , , , 
0,0,0.06944841891527176,0.30965980887413025,-0.008961129933595657,0.12104576081037521,156,381
0,1,0.076393261551857,0.34059542417526245,-0.010855520144104958,0.12104576081037521,161,376
0,2,0.07936961948871613,0.3042961061000824,-0.043553657829761505,-0.12104576081037521,165,366
 , , , , , , , 
0,0,0.06944841891527176,0.30962809920310974,-0.009997528046369553,0.12104576081037521,137,351
0,1,0.07936961948871613,0.30388519167900085,-0.046334028244018555,-0.12104576081037521,144,340
 , , , , , , , 
0,0,0.076393261551857,0.340311735868454,-0.017635516822338104,0.12104576081037521,117,353
0,1,0.07936961948871613,0.30304667353630066,-0.05153406411409378,-0.12104576081037521,116,346
 , , , , , , , 
0,0,0.08730658143758774,0.3379319906234741,-0.011770662851631641,0.12104576081037521,116,383
0,1,0.08730658143758774,0.33388638496398926,-0.05344599485397339,-0.12104576081037521,135,366
 , , , , , , , 
0,0,0.08730658143758774,0.33705103397369385,-0.027077659964561462,0.12104576081037521,143,436
0,1,0.08730658143758774,0.3312564194202423,-0.0678657665848732,-0.12104576081037521,168,400
 , , , , , , , 
0,0,0.08730658143758774,0.3372267186641693,-0.024793734773993492,0.12104576081037521,174,486
0,1,0.08730658143758774,0.33095523715019226,-0.06931964308023453,-0.12104576081037521,179,444
0,2,-0.18552647531032562,0.5065482258796692,0.01671457663178444,-0.12104576081037521,134,366
0,3,0.35815542936325073,0.4831428825855255,0.046464014798402786,-0.12104576081037521,116,371
0,4,0.13195200264453888,0.4889070987701416,-0.3277495801448822,-0.12104576081037521,116,371
 , , , , , , , 
0,0,0.08730658143758774,0.337018221616745,-0.027482792735099792,0.12104576081037521,179,524
0,1,-0.08929082006216049,0.46701836585998535,-0.026538878679275513,-0.12104576081037521,122,371
0,2,-0.16866043210029602,0.506065845489502,0.08210679888725281,-0.12104576081037521,161,347
0,3,1.0893479585647583,1.467812180519104,-0.6397969126701355,-0.12104576081037521,121,428
 , , , , , , , 
0,0,0.08730658143758774,0.33623674511909485,-0.03579718619585037,0.12104576081037521,167,599
0,1,-0.20239251852035522,0.46933189034461975,-0.17336487770080566,0.12104576081037521,186,461
0,2,0.35418689250946045,0.40722399950027466,0.003282696707174182,0.12104576081037521,186,461
0,3,0.35815542936325073,0.47357913851737976,0.10634263604879379,0.12104576081037521,197,460
 , , , , , , , 
0,0,0.08730658143758774,0.3364746570587158,-0.033487334847450256,0.12104576081037521,133,619
0,1,-0.17858164012432098,0.5088596343994141,0.1890462189912796,0.12104576081037521,234,427
0,2,-0.09921202063560486,1.5723086595535278,0.19446583092212677,0.24209152162075043,127,536
0,3,-0.6448781490325928,0.954007625579834,-1.0926189422607422,0.24209152162075043,127,536
0,4,-1.035773515701294,0.9310126304626465,1.204595685005188,-0.12104576081037521,115,453
0,5,-0.4028007984161377,1.611710548400879,-0.7942309379577637,-0.12104576081037521,115,453
 , , , , , , , 
0,0,-0.10119625926017761,0.524431586265564,0.07759746164083481,0.12104576081037521,230,439
0,1,0.3393051326274872,0.47715312242507935,0.14511434733867645,0.12104576081037521,241,421
0,2,-0.1696525663137436,0.574333131313324,0.0722549632191658,0.12104576081037521,241,421
0,3,0.10714899003505707,0.36555206775665283,-0.005663515534251928,0.24209152162075043,399,356
0,4,0.0,1.584650993347168,0.09325000643730164,0.36313727498054504,114,544
0,5,0.41669052839279175,2.181739568710327,-0.07223453372716904,0.48418304324150085,146,461
0,6,0.6458703279495239,2.874007225036621,0.20120714604854584,0.48418304324150085,114,460
 , , , , , , , 
0,0,0.10714899003505707,0.36515095829963684,-0.01803315430879593,0.24209152162075043,412,341
0,1,-0.0634956955909729,0.501120924949646,-0.05361983925104141,0.24209152162075043,199,456
0,2,0.3770056962966919,0.495158314704895,0.12591776251792908,0.24209152162075043,248,441
0,3,-0.6905156373977661,1.705928921699524,-0.06047024950385094,-0.12104576081037521,135,453
 , , , , , , , 
0,0,0.11607807129621506,0.3924875557422638,-0.05309288576245308,0.24209152162075043,401,342
0,1,-0.033732086420059204,0.5342545509338379,-0.06873693317174911,0.24209152162075043,169,463
0,2,-0.26390400528907776,0.12142591178417206,-0.5286508202552795,0.24209152162075043,210,430
0,3,0.30160456895828247,0.3070426285266876,0.4226354956626892,0.24209152162075043,210,430
0,4,-0.3303760290145874,0.4738348722457886,1.0228307247161865,0.24209152162075043,118,429
0,5,0.1101253479719162,1.1616729497909546,-0.13505110144615173,0.24209152162075043,118,429
0,6,0.050598133355379105,1.6179903745651245,-0.034091491252183914,0.36313727498054504,166,525
0,7,0.10714899003505707,1.7085074186325073,0.09291629493236542,0.48418304324150085,127,504
0,8,0.7460744380950928,2.8852696418762207,-0.15692347288131714,0.6052287817001343,141,437
 , , , , , , , 
0,0,0.8939003348350525,1.410106897354126,-0.2092948704957962,0.12104576081037521,122,544
0,1,0.12897562980651855,0.39139795303344727,-0.022636212408542633,0.24209152162075043,379,347
0,2,0.416690468788147,0.5201972126960754,-0.016098227351903915,0.24209152162075043,199,447
0,3,-0.053574495017528534,0.5675604343414307,-0.03965971618890762,0.36313727498054504,238,453
0,4,0.11607807129621506,1.2222073078155518,0.16059406101703644,0.48418304324150085,127,468
0,5,0.1517944037914276,1.6075811386108398,0.11940077692270279,0.48418304324150085,137,545
0,6,-0.05555873364210129,1.7736927270889282,0.10854944586753845,0.48418304324150085,158,494
 , , , , , , , 
0,0,0.13889683783054352,0.4157046973705292,-0.07382900267839432,0.0,289,318
0,1,0.9107664227485657,1.427472710609436,-0.26821255683898926,0.12104576081037521,132,568
0,2,1.187567949295044,1.6089807748794556,-0.0363420769572258,0.12104576081037521,119,537
0,3,0.13889683783054352,0.4220825731754303,-0.01036458183079958,0.24209152162075043,374,343
0,4,-2.182664632797241,5.042914390563965,-6.784496307373047,0.24209152162075043,124,395
0,5,-0.018850285559892654,0.6021839380264282,0.02967219613492489,0.36313727498054504,216,455
0,6,0.12203078716993332,1.2927006483078003,0.09141622483730316,0.36313727498054504,123,450
0,7,0.16667619347572327,1.7394696474075317,-0.32759732007980347,0.48418304324150085,126,517
 , , , , , , , 
0,0,1.5070306062698364,0.18896423280239105,0.33642399311065674,0.24209152162075043,153,480
0,1,0.0,1.555574655532837,0.014744646847248077,0.24209152162075043,153,480
0,2,0.3809741735458374,0.6451778411865234,0.13845396041870117,0.36313727498054504,343,408
0,3,0.17461316287517548,1.3813714981079102,0.11254912614822388,0.36313727498054504,151,417
0,4,0.17858164012432098,1.413151741027832,0.11027494072914124,0.36313727498054504,140,428
0,5,0.9821990132331848,1.8504834175109863,0.03899930790066719,0.36313727498054504,140,552
0,6,0.13492834568023682,0.5214418172836304,-0.03439956530928612,0.48418304324150085,390,339
0,7,0.2152900993824005,0.930697500705719,-0.23678912222385406,0.8473203182220459,114,388
0,8,0.44645410776138306,1.3378212451934814,-0.2279536873102188,0.8473203182220459,128,441
 , , , , , , , 
0,0,0.04960601031780243,1.5854771137237549,-0.06013425812125206,0.24209152162075043,149,491
0,1,1.0456948280334473,0.9430131912231445,1.375396490097046,0.24209152162075043,120,557
0,2,3.167840003967285,0.7246779203414917,0.3643034100532532,0.24209152162075043,126,505
0,3,0.39684808254241943,0.6851692199707031,0.05484829097986221,0.36313727498054504,323,432
0,4,0.12500715255737305,0.5572331547737122,-0.020794562995433807,0.48418304324150085,384,348
0,5,0.13691259920597076,1.4535489082336426,0.03495470806956291,0.48418304324150085,163,413
0,6,0.9167190790176392,1.884156346321106,-0.010283293202519417,0.48418304324150085,203,535
 , , , , , , , 
0,0,-0.2579512596130371,0.7151415348052979,1.4654232263565063,0.12104576081037521,183,427
0,1,3.2601070404052734,0.8088512420654297,0.206194207072258,0.24209152162075043,113,493
0,2,1.4881802797317505,0.5483624339103699,0.06657859683036804,0.36313727498054504,145,490
0,3,0.0,1.5867713689804077,0.04439876601099968,0.36313727498054504,145,490
0,4,0.12302291393280029,1.9584159851074219,0.15472452342510223,0.36313727498054504,146,547
0,5,0.42165109515190125,0.6648385524749756,0.10076553374528885,0.48418304324150085,295,431
0,6,-0.17560528218746185,1.8449714183807373,0.27172207832336426,0.48418304324150085,140,550
0,7,-1.1905442476272583,2.229644775390625,0.24902738630771637,0.48418304324150085,117,497
0,8,0.13195200264453888,0.5827510952949524,-0.08277129381895065,0.6052287817001343,381,356
0,9,0.8641366958618164,1.9436602592468262,0.005589202046394348,0.6052287817001343,170,538
0,10,1.904870867729187,4.70718240737915,-0.12962551414966583,0.7262745499610901,161,435
0,11,-0.07143265753984451,1.1044374704360962,-0.2852845788002014,-0.7262745499610901,142,380
0,12,0.3928796052932739,0.6523703336715698,0.8522502779960632,-0.7262745499610901,142,380
0,13,0.0,1.510692834854126,-0.20017081499099731,-0.7262745499610901,159,398
0,14,0.5714612603187561,0.6148994565010071,1.271845817565918,-0.7262745499610901,159,398
