frame,DetObj#,x,y,z,v,snr,noise
 , , , , , , , 
0,0,0.23360171914100647,0.37211331725120544,0.017786646261811256,0.09796791523694992,232,326
0,1,0.2638325095176697,0.3872227072715759,0.021104512736201286,0.09796791523694992,316,326
0,2,0.28032204508781433,0.41150858998298645,0.020815134048461914,0.09796791523694992,357,326
0,3,0.296811580657959,0.43587934970855713,0.018505306914448738,0.09796791523694992,361,329
0,4,0.31330111622810364,0.46034353971481323,0.012357574887573719,0.09796791523694992,327,338
0,5,0.3481123447418213,0.4716927111148834,0.008061873726546764,0.09796791523694992,242,366
0,6,0.278489887714386,0.3691454529762268,-0.07854563742876053,-0.19593583047389984,296,340
0,7,0.295895516872406,0.39074036478996277,-0.09011586010456085,-0.19593583047389984,336,334
0,8,0.31330111622810364,0.4129660725593567,-0.09864985197782516,-0.19593583047389984,338,332
0,9,0.33070674538612366,0.4363047480583191,-0.10245812684297562,-0.19593583047389984,299,340
 , , , , , , , 
0,0,0.2638325095176697,0.3846536874771118,0.0492783822119236,0.09796791523694992,293,332
0,1,0.28032204508781433,0.4099593758583069,0.04130269214510918,0.09796791523694992,345,330
0,2,0.296811580657959,0.43483224511146545,0.03541414812207222,0.09796791523694992,360,330
0,3,0.31330111622810364,0.45957309007644653,0.029350467026233673,0.09796791523694992,337,335
0,4,0.3297906517982483,0.48429787158966064,0.020853880792856216,0.09796791523694992,266,359
 , , , , , , , 
0,0,0.2638325095176697,0.3877502381801605,0.00604725768789649,0.09796791523694992,236,328
0,1,0.28032204508781433,0.412021279335022,0.0033260155469179153,0.09796791523694992,283,327
0,2,0.296811580657959,0.43626630306243896,-0.0022225994616746902,0.09796791523694992,296,326
0,3,0.31330111622810364,0.46037235856056213,-0.011233271099627018,0.09796791523694992,272,328
 , , , , , , , 
0,0,0.28032204508781433,0.4444909989833832,0.047725167125463486,0.09796791523694992,367,319
0,1,0.295895516872406,0.47029051184654236,0.03871883824467659,0.09796791523694992,338,330
0,2,0.3114689290523529,0.49599188566207886,0.026839548721909523,0.09796791523694992,259,357
 , , , , , , , 
0,0,0.24917516112327576,0.39253583550453186,0.061820272356271744,0.09796791523694992,263,324
0,1,0.26474860310554504,0.4162263572216034,0.07082969695329666,0.09796791523694992,314,328
0,2,0.28032204508781433,0.44154566526412964,0.06990958750247955,0.09796791523694992,332,331
0,3,0.295895516872406,0.46794188022613525,0.0608498677611351,0.09796791523694992,311,340
0,4,0.3114689290523529,0.4946924149990082,0.04480774700641632,0.09796791523694992,250,359
0,5,0.28032204508781433,0.41099312901496887,0.02927851304411888,-0.09796791523694992,278,324
0,6,0.28032204508781433,0.44647762179374695,0.02253132313489914,-0.09796791523694992,296,325
0,7,0.31330111622810364,0.45992714166641235,0.023149637505412102,-0.09796791523694992,276,331
 , , , , , , , 
0,0,0.3114689588546753,0.38138920068740845,-0.07669684290885925,-0.09796791523694992,235,327
0,1,0.31330111622810364,0.41373762488365173,-0.09536224603652954,-0.09796791523694992,271,327
0,2,0.33070674538612366,0.4328196346759796,-0.11630425602197647,-0.09796791523694992,266,334
 , , , , , , , 
0,0,0.2638325095176697,0.38675323128700256,-0.028438562527298927,-0.09796791523694992,229,337
0,1,0.28032204508781433,0.4108996093273163,-0.030563093721866608,-0.09796791523694992,266,335
0,2,0.296811580657959,0.4345453083515167,-0.03877647966146469,-0.09796791523694992,270,334
0,3,0.31330111622810364,0.45595070719718933,-0.0646362453699112,-0.09796791523694992,239,337
 , , , , , , , 
0,0,0.23451779782772064,0.39841458201408386,0.07913035899400711,-0.09796791523694992,282,320
0,1,0.24917516112327576,0.4246450960636139,0.07707998156547546,-0.09796791523694992,321,319
0,2,0.2638325095176697,0.44941747188568115,0.08274497836828232,-0.09796791523694992,322,322
0,3,0.278489887714386,0.47019004821777344,0.10766230523586273,-0.09796791523694992,288,329
 , , , , , , , 
0,0,0.26108425855636597,0.346279501914978,-0.0726633220911026,-0.7837433218955994,255,341
0,1,0.278489887714386,0.36859363317489624,-0.08109573274850845,-0.7837433218955994,296,341
0,2,0.295895516872406,0.3904639780521393,-0.09130585938692093,-0.7837433218955994,300,343
0,3,0.31330111622810364,0.41098812222480774,-0.10659060627222061,-0.7837433218955994,271,347
0,4,0.1539023071527481,0.5943869352340698,0.0446426197886467,-0.29390373826026917,228,402
0,5,0.16123098134994507,0.6236043572425842,0.032388877123594284,-0.29390373826026917,244,433
0,6,0.14748971164226532,0.6575760245323181,0.020936517044901848,-0.29390373826026917,231,463
 , , , , , , , 
0,0,0.13191625475883484,0.11883553117513657,0.30368250608444214,0.4898395836353302,245,338
0,1,0.14290928840637207,0.1504264920949936,0.31965523958206177,0.4898395836353302,307,335
0,2,0.1539023071527481,0.18089164793491364,0.33470210433006287,0.4898395836353302,334,333
0,3,0.16489532589912415,0.2093205600976944,0.3497840464115143,0.4898395836353302,322,338
 , , , , , , , 
0,0,0.5688889026641846,0.33973485231399536,0.12467335164546967,0.09796791523694992,230,401
0,1,0.0,4.019950866699219,2.4164915084838867,-0.09796791523694992,233,408
0,2,0.0,3.9900050163269043,2.5209426879882812,-0.09796791523694992,251,402
0,3,0.1484057903289795,4.1966423988342285,2.217888593673706,-0.09796791523694992,239,395
 , , , , , , , 
0,0,0.021986043080687523,0.17445026338100433,0.004520123358815908,-0.4898395836353302,243,376
0,1,0.0256503839045763,0.2035629153251648,0.003535189898684621,-0.4898395836353302,250,377
 , , , , , , , 
0,0,-0.03664340451359749,0.07329320907592773,0.12152855843305588,-0.29390373826026917,228,431
0,1,0.018321702256798744,0.140779510140419,-0.03645916283130646,-0.29390373826026917,228,431
0,2,-0.043972086161375046,0.08794175088405609,0.1458403766155243,-0.29390373826026917,242,430
0,3,0.021986043080687523,0.16849322617053986,-0.04542418196797371,-0.29390373826026917,242,430
 , , , , , , , 
0,0,-0.4049096405506134,0.2905116677284241,0.0020501697435975075,0.09796791523694992,245,453
0,1,-0.4287278354167938,0.3074812591075897,-0.00883705634623766,0.09796791523694992,233,455
 , , , , , , , 
0,0,-0.37376272678375244,0.32962578535079956,0.0011428908910602331,0.09796791523694992,237,397
 , , , , , , , 
0,0,-0.35177668929100037,0.30697494745254517,0.04487687721848488,0.09796791523694992,234,371
0,1,-0.37376272678375244,0.32549870014190674,0.05201032757759094,0.09796791523694992,241,385
0,2,-0.33711934089660645,0.3259102404117584,-0.011290033347904682,-0.09796791523694992,228,427
0,3,-0.35818928480148315,0.3462049961090088,-0.013985353522002697,-0.09796791523694992,243,433
0,4,-0.37925922870635986,0.3662872910499573,-0.020650411024689674,-0.09796791523694992,232,436
 , , , , , , , 
0,0,-0.35177668929100037,0.3071712255477905,0.04351320490241051,-0.09796791523694992,268,474
0,1,-0.37376272678375244,0.32580965757369995,0.05002526938915253,-0.09796791523694992,273,487
0,2,-0.3957487642765045,0.34340032935142517,0.06236588582396507,-0.09796791523694992,249,498
 , , , , , , , 
0,0,0.3114689588546753,0.3858843445777893,-0.04932960122823715,0.09796791523694992,249,374
0,1,0.3297906517982483,0.40848931670188904,-0.05296195298433304,0.09796791523694992,242,390
0,2,-0.2748255431652069,0.21816852688789368,0.024904973804950714,-0.19593583047389984,281,362
0,3,-0.28581857681274414,0.250789612531662,0.025357097387313843,-0.19593583047389984,324,361
0,4,-0.3078046143054962,0.2705520987510681,0.022160178050398827,-0.19593583047389984,331,367
0,5,-0.3297906517982483,0.2899836599826813,0.02240636944770813,-0.19593583047389984,314,386
0,6,-0.3664340674877167,0.2905682325363159,0.035924527794122696,-0.19593583047389984,283,417
0,7,-0.3893361985683441,0.30642053484916687,0.05363602563738823,-0.19593583047389984,240,454
0,8,-0.6522526144981384,10.226349830627441,1.9766894578933716,-0.19593583047389984,233,415
 , , , , , , , 
0,0,-0.28581854701042175,0.1550833284854889,0.13417810201644897,-0.19593583047389984,253,346
0,1,-0.30963677167892456,0.18525783717632294,0.1226184070110321,-0.19593583047389984,287,341
0,2,-0.33345499634742737,0.21614818274974823,0.10257159173488617,-0.19593583047389984,296,345
0,3,-0.3572732210159302,0.2392750233411789,0.09196607768535614,-0.19593583047389984,295,357
0,4,-0.3810914158821106,0.25873270630836487,0.08843711018562317,-0.19593583047389984,268,384
 , , , , , , , 
0,0,0.0,1.3483916521072388,-2.1301679611206055,-0.6857753992080688,239,349
0,1,0.0,1.3668463230133057,-2.1531777381896973,-0.6857753992080688,263,345
0,2,0.0,1.5151206254959106,-2.087879180908203,-0.6857753992080688,250,343
0,3,0.8244765996932983,2.4933078289031982,-0.25380024313926697,-0.5878074765205383,231,368
0,4,-0.16489532589912415,0.7238057851791382,-2.531733512878418,-0.5878074765205383,231,368
0,5,-0.29772767424583435,0.1716233342885971,0.16472500562667847,-0.09796791523694992,227,348
0,6,-0.4104061424732208,0.1256847083568573,0.18911516666412354,-0.09796791523694992,251,383
 , , , , , , , 
0,0,0.46720343828201294,0.6198903322219849,2.3677592277526855,0.6857753992080688,227,367
0,1,-0.15756665170192719,0.5153909921646118,-2.46278715133667,-0.7837433218955994,246,352
0,2,-0.07969940453767776,0.2857350707054138,-2.5330705642700195,-0.7837433218955994,242,352
 , , , , , , , 
0,0,0.2088674157857895,0.5118237137794495,0.06809845566749573,0.29390373826026917,254,402
0,1,0.21986043453216553,0.5360281467437744,0.08986873179674149,0.29390373826026917,242,432
0,2,0.2500912547111511,0.2517260015010834,0.13899299502372742,-0.09796791523694992,241,352
0,3,0.2693290412425995,0.26795101165771484,0.15523314476013184,-0.09796791523694992,240,350
 , , , , , , , 
0,0,0.19146180152893066,0.5216830968856812,-0.037624433636665344,0.3918716609477997,235,393
0,1,0.20153872668743134,0.5467059016227722,-0.06508434563875198,0.3918716609477997,260,411
0,2,0.23085346817970276,0.5642248392105103,-0.08562576025724411,0.3918716609477997,251,429
 , , , , , , , 
0,0,-0.010993021540343761,0.3225831091403961,0.13987897336483002,0.09796791523694992,233,385
0,1,0.10076936334371567,0.6277645230293274,-0.10809316486120224,0.29390373826026917,231,515
0,2,0.10534979403018951,0.6547624468803406,-0.12159500271081924,0.29390373826026917,239,504
0,3,0.09893719106912613,0.2989445924758911,0.15681330859661102,-0.09796791523694992,251,340
0,4,0.10718195885419846,0.3318503797054291,0.15368151664733887,-0.09796791523694992,251,337
 , , , , , , , 
0,0,0.043972086161375046,0.3334645926952362,0.10302746295928955,0.09796791523694992,320,388
0,1,0.05954553186893463,0.3609716296195984,0.10669806599617004,0.09796791523694992,315,393
0,2,0.06412596255540848,0.39084377884864807,0.10752775520086288,0.09796791523694992,270,405
0,3,-0.08977634459733963,0.299008846282959,-0.26639658212661743,0.09796791523694992,270,405
0,4,0.46995168924331665,0.2984650731086731,0.01704322174191475,-0.3918716609477997,293,360
0,5,0.49468594789505005,0.3145856261253357,0.007931175641715527,-0.3918716609477997,322,370
0,6,0.5194202661514282,0.33041903376579285,-0.0007606493891216815,-0.3918716609477997,305,392
 , , , , , , , 
0,0,0.0,0.3479563593864441,0.05170310661196709,0.19593583047389984,373,351
0,1,0.0,0.377433180809021,0.05267694592475891,0.19593583047389984,385,353
0,2,0.0,0.4072430431842804,0.05085577815771103,0.19593583047389984,351,367
0,3,0.0,0.43751105666160583,0.04402859881520271,0.19593583047389984,271,394
0,4,0.41223829984664917,0.3259526193141937,-0.047379978001117706,-0.29390373826026917,262,382
0,5,0.435140460729599,0.3439808189868927,-0.05056130886077881,-0.29390373826026917,293,398
0,6,0.45804256200790405,0.3623371422290802,-0.051478415727615356,-0.29390373826026917,299,410
0,7,0.4809447228908539,0.38038039207458496,-0.054568100720644,-0.29390373826026917,261,433
0,8,0.37376272678375244,0.3278239071369171,0.034437622874975204,-0.19593583047389984,250,354
 , , , , , , , 
0,0,-0.043972086161375046,0.34895870089530945,-0.006412082817405462,0.09796791523694992,328,348
0,1,-0.047636426985263824,0.3780030906200409,-0.008666155859827995,0.09796791523694992,371,341
0,2,-0.0513007678091526,0.4071641266345978,-0.004339005798101425,0.09796791523694992,366,346
0,3,-0.041223831474781036,0.4362131357192993,0.03705587983131409,0.09796791523694992,319,362
0,4,0.17588834464550018,0.42902323603630066,0.0706876814365387,0.09796791523694992,254,397
0,5,-0.01465736236423254,0.3584359288215637,0.3021642565727234,0.09796791523694992,254,397
0,6,0.03297906368970871,0.33160504698753357,0.11268234997987747,0.29390373826026917,326,340
0,7,-0.5194202661514282,0.27445748448371887,0.18398483097553253,0.6857753992080688,248,359
0,8,2.6383252143859863,0.7861042618751526,-0.5840187072753906,-0.4898395836353302,230,353
0,9,2.6658077239990234,0.7898744940757751,-0.5960041284561157,-0.4898395836353302,244,354
0,10,2.6932902336120605,0.7846614122390747,-0.6194524765014648,-0.4898395836353302,225,357
0,11,0.41223829984664917,0.3198675513267517,-0.07857927680015564,-0.29390373826026917,265,372
0,12,0.417734831571579,0.3533967137336731,-0.10409050434827805,-0.29390373826026917,286,393
0,13,0.43972086906433105,0.3790518045425415,-0.08189328014850616,-0.19593583047389984,257,430
0,14,0.3114689588546753,0.3890182077884674,-0.0022279182448983192,-0.09796791523694992,242,392
 , , , , , , , 
0,0,-0.010993021540343761,0.3443985879421234,0.07082099467515945,0.09796791523694992,322,373
0,1,-0.011909106746315956,0.3750595450401306,0.06647688895463943,0.09796791523694992,368,372
0,2,-0.01282519195228815,0.40533187985420227,0.06304583698511124,0.09796791523694992,377,372
0,3,-0.013741277158260345,0.4353626072406769,0.06020805239677429,0.09796791523694992,342,384
0,4,-0.01465736236423254,0.464640736579895,0.06235804036259651,0.09796791523694992,256,416
0,5,-0.435140460729599,0.5636849999427795,0.17322732508182526,0.4898395836353302,283,374
0,6,-0.45254606008529663,0.5941710472106934,0.15193906426429749,0.4898395836353302,279,392
0,7,-0.46995168924331665,0.6261959075927734,0.1161571592092514,0.4898395836353302,247,411
0,8,-0.3847557604312897,0.6863389611244202,0.23374056816101074,0.4898395836353302,231,438
0,9,-0.3719305694103241,0.7158752679824829,0.26815328001976013,0.4898395836353302,242,470
0,10,-0.4836929440498352,0.4250091016292572,0.036541424691677094,0.5878074765205383,228,359
0,11,-0.5056790113449097,0.4373569190502167,0.08720928430557251,0.5878074765205383,255,374
0,12,-0.5496510863304138,0.4390629231929779,-0.009737653657793999,0.5878074765205383,241,391
0,13,0.41223829984664917,0.3274443447589874,-0.035639215260744095,-0.29390373826026917,350,367
0,14,0.435140460729599,0.34548234939575195,-0.03900235891342163,-0.29390373826026917,352,379
0,15,0.45804256200790405,0.36349359154701233,-0.04255163297057152,-0.29390373826026917,321,392
0,16,0.5001825094223022,0.3569222092628479,-0.03739958629012108,-0.29390373826026917,241,422
0,17,0.278489887714386,0.375311017036438,0.03974190354347229,-0.09796791523694992,307,354
0,18,0.295895516872406,0.3980944752693176,0.04816300794482231,-0.09796791523694992,323,375
 , , , , , , , 
0,0,0.295895516872406,0.3982713520526886,0.04667780548334122,0.09796791523694992,251,408
0,1,0.31330111622810364,0.4236845076084137,0.027644673362374306,0.09796791523694992,231,454
0,2,-0.06595812737941742,0.3454606831073761,0.0072994595393538475,0.19593583047389984,294,354
0,3,-0.07145464420318604,0.37432923913002014,0.001593578141182661,0.19593583047389984,353,352
0,4,-0.07695115357637405,0.40305519104003906,-0.0076309796422719955,0.19593583047389984,377,349
0,5,-0.08244766294956207,0.4313286244869232,-0.02263747900724411,0.19593583047389984,366,354
0,6,-0.08794417232275009,0.45899489521980286,-0.039798200130462646,0.19593583047389984,310,378
 , , , , , , , 
0,0,-0.10718195885419846,0.3653351068496704,-0.01652085781097412,0.09796791523694992,267,339
0,1,-0.11542672663927078,0.3916306793689728,-0.04165683686733246,0.09796791523694992,303,339
0,2,-0.12367149442434311,0.28575730323791504,-0.31048762798309326,0.19593583047389984,310,345
0,3,0.09618894010782242,0.42693018913269043,0.042810648679733276,0.19593583047389984,310,345
0,4,0.13191625475883484,0.44246840476989746,0.08254823833703995,0.19593583047389984,314,360
0,5,0.14016102254390717,0.46295687556266785,0.11991194635629654,0.19593583047389984,301,384
0,6,0.1484057903289795,0.48770105838775635,0.1362122744321823,0.19593583047389984,265,414
0,7,-0.593623161315918,0.3707495629787445,0.07171925157308578,0.4898395836353302,233,391
0,8,-0.5954553484916687,0.3911775052547455,0.1717812567949295,0.4898395836353302,245,414
0,9,-0.5954553484916687,0.4287744164466858,0.20617486536502838,0.4898395836353302,235,443
 , , , , , , , 
0,0,-0.10718195885419846,0.36210620403289795,-0.051203325390815735,0.19593583047389984,297,339
0,1,-0.11542672663927078,0.3893797993659973,-0.05910370498895645,0.19593583047389984,340,340
0,2,-0.12367149442434311,0.4162564277648926,-0.06921257823705673,0.19593583047389984,346,347
0,3,-0.13191625475883484,0.4406936466693878,-0.09155099838972092,0.19593583047389984,314,361
0,4,0.218028262257576,0.44806942343711853,0.007106601260602474,0.19593583047389984,284,386
0,5,0.23085343837738037,0.47361132502555847,-0.028798729181289673,0.19593583047389984,289,424
0,6,0.26108425855636597,0.49032533168792725,-0.04052836447954178,0.19593583047389984,256,466
 , , , , , , , 
0,0,-0.06870638579130173,0.43361374735832214,-0.02475895546376705,0.09796791523694992,252,340
0,1,0.05496510863304138,0.4359937906265259,-0.015578129328787327,0.09796791523694992,252,340
0,2,-0.08794417232275009,0.46067118644714355,-0.0065018669702112675,0.09796791523694992,279,341
0,3,0.043972086161375046,0.4597755968570709,0.08165328949689865,0.09796791523694992,279,341
0,4,0.17130792140960693,0.46150296926498413,-0.07759936898946762,0.09796791523694992,277,352
0,5,0.16489532589912415,0.4981527626514435,0.05553141236305237,0.09796791523694992,288,372
0,6,0.139244943857193,0.5342968702316284,0.07324051111936569,0.09796791523694992,296,398
0,7,0.12825191020965576,0.5692869424819946,0.05661267787218094,0.09796791523694992,269,427
0,8,0.06870638579130173,0.3519701063632965,-0.25446203351020813,-0.09796791523694992,239,334
 , , , , , , , 
0,0,0.06870638579130173,0.4343130588531494,-0.002460407093167305,0.09796791523694992,248,332
0,1,-0.19237788021564484,0.3666273355484009,0.14808644354343414,0.09796791523694992,248,332
0,2,0.07328680902719498,0.4630376398563385,0.014817722141742706,0.09796791523694992,311,333
0,3,0.109014131128788,0.4857752025127411,0.02216821350157261,0.09796791523694992,356,341
0,4,0.1484057903289795,0.505524218082428,0.029177984222769737,0.09796791523694992,388,357
0,5,0.17405617237091064,0.5284618735313416,0.025670044124126434,0.09796791523694992,387,378
0,6,0.18321701884269714,0.5563599467277527,0.02522597461938858,0.09796791523694992,345,409
0,7,0.23085346817970276,0.5673549175262451,0.061561211943626404,0.09796791523694992,277,447
0,8,0.03847557678818703,0.5622243881225586,-0.24778646230697632,0.09796791523694992,277,447
 , , , , , , , 
0,0,0.02748255431652069,0.38129955530166626,-0.2172781527042389,0.09796791523694992,251,374
0,1,0.01465736236423254,0.44930726289749146,-0.13380028307437897,0.09796791523694992,267,384
0,2,0.015573447570204735,0.45707812905311584,0.19796492159366608,0.19593583047389984,312,368
0,3,0.08244766294956207,0.5124423503875732,0.09505565464496613,0.19593583047389984,332,384
0,4,0.10443370789289474,0.5409868359565735,0.08156775683164597,0.19593583047389984,338,407
0,5,0.10993021726608276,0.5667004585266113,0.10250452160835266,0.19593583047389984,308,437
0,6,0.1539023071527481,0.5835766792297363,0.12135517597198486,0.19593583047389984,237,474
 , , , , , , , 
0,0,0.05496510863304138,0.34030407667160034,-0.272995263338089,0.09796791523694992,240,353
0,1,-0.10993021726608276,0.4208593964576721,-0.06439842283725739,0.09796791523694992,240,353
0,2,-0.1026015356183052,0.45108217000961304,-0.0774093046784401,0.09796791523694992,254,360
0,3,0.07328680902719498,0.3008892834186554,-0.35226279497146606,0.09796791523694992,254,360
0,4,0.16489532589912415,0.49810591340065,-0.05595007911324501,0.09796791523694992,281,388
0,5,-0.06595812737941742,0.5227896571159363,0.027764158323407173,0.09796791523694992,281,388
0,6,0.17405617237091064,0.5289053916931152,0.013784357346594334,0.09796791523694992,268,408
0,7,0.05221685394644737,0.4935159385204315,-0.25286728143692017,0.09796791523694992,268,408
0,8,0.05496510863304138,0.5786676406860352,-0.07657552510499954,0.09796791523694992,262,437
0,9,-0.07786723971366882,0.4921585023403168,-0.008350545540452003,0.19593583047389984,297,348
 , , , , , , , 
0,0,-0.015573447570204735,0.49147453904151917,0.08101421594619751,0.09796791523694992,266,339
0,1,-0.016489531844854355,0.525834321975708,0.04070260748267174,0.09796791523694992,308,339
0,2,-0.017405617982149124,0.5565581321716309,-0.012906281277537346,0.09796791523694992,306,353
0,3,-0.018321702256798744,0.5783821940422058,-0.09423141181468964,0.09796791523694992,268,374
 , , , , , , , 
0,0,0.11542671918869019,0.5108585357666016,-0.06426966190338135,0.09796791523694992,234,380
0,1,0.12183932960033417,0.5413892269134521,-0.047742001712322235,0.09796791523694992,275,384
0,2,0.12825191020965576,0.5706610679626465,-0.04047936946153641,0.09796791523694992,275,394
0,3,0.13466452062129974,0.5992047786712646,-0.042354144155979156,0.09796791523694992,242,411
 , , , , , , , 
0,0,-0.1786366105079651,0.3815051019191742,-0.1260843724012375,-0.09796791523694992,228,327
 , , , , , , , 
0,0,0.02748255431652069,0.4126335084438324,-0.14944139122962952,0.09796791523694992,278,322
0,1,0.02931472472846508,0.45074769854545593,-0.12633906304836273,0.09796791523694992,314,328
0,2,0.015573447570204735,0.4817337691783905,-0.12666136026382446,0.09796791523694992,320,340
0,3,0.11542671918869019,0.5130998492240906,0.04284381493926048,0.09796791523694992,328,362
0,4,-0.049468595534563065,0.4812766909599304,-0.21060863137245178,0.09796791523694992,328,362
0,5,0.12183932960033417,0.5386243462562561,0.07256338745355606,0.09796791523694992,334,389
0,6,0.12825191020965576,0.5664436221122742,0.08021403849124908,0.09796791523694992,311,423
0,7,0.11542673408985138,0.5995460748672485,0.07871408760547638,0.09796791523694992,255,462
 , , , , , , , 
0,0,0.05496510863304138,0.3073842227458954,-0.3095936179161072,0.09796791523694992,263,325
0,1,-0.10993021726608276,0.4170592725276947,0.08562332391738892,0.09796791523694992,263,325
0,2,0.043972086161375046,0.36886605620384216,-0.28635409474372864,0.09796791523694992,300,323
0,3,-0.11725889891386032,0.44092032313346863,0.10878428816795349,0.09796791523694992,300,323
0,4,0.03114689514040947,0.4452637732028961,-0.22163733839988708,0.09796791523694992,291,326
0,5,0.16489532589912415,0.4969145655632019,0.0656948983669281,0.09796791523694992,333,339
0,6,-0.016489531844854355,0.4884878098964691,-0.19884197413921356,0.09796791523694992,333,339
0,7,0.15665055811405182,0.5328935384750366,0.041370540857315063,0.09796791523694992,366,361
0,8,-0.017405617982149124,0.48664963245391846,-0.2703620493412018,0.09796791523694992,366,361
0,9,0.16489532589912415,0.5611612796783447,0.040604349225759506,0.09796791523694992,353,396
0,10,-0.018321702256798744,0.5166906714439392,-0.2764711380004883,0.09796791523694992,353,396
0,11,0.17314009368419647,0.5898565649986267,0.03265692666172981,0.09796791523694992,303,435
0,12,0.0,0.5455824136734009,-0.2851570248603821,0.09796791523694992,303,435
0,13,0.04030774533748627,0.5663465857505798,-0.30586549639701843,0.09796791523694992,229,472
0,14,0.20153872668743134,0.6119179725646973,0.029418369755148888,0.09796791523694992,229,472
 , , , , , , , 
0,0,-0.08244766294956207,0.13329458236694336,-0.41083985567092896,0.09796791523694992,247,326
0,1,0.05496510863304138,0.4151518940925598,-0.1340976059436798,0.09796791523694992,247,326
0,2,-0.08794417232275009,0.21251897513866425,-0.40877366065979004,0.09796791523694992,302,324
0,3,0.05862944945693016,0.45195215940475464,-0.11088830977678299,0.09796791523694992,302,324
0,4,0.06229379028081894,0.4845810830593109,-0.09825331717729568,0.09796791523694992,326,327
0,5,-0.109014131128788,0.16506366431713104,-0.45740896463394165,0.09796791523694992,326,327
0,6,0.08244766294956207,0.5179643034934998,-0.05784263461828232,0.09796791523694992,348,337
0,7,-0.11542671918869019,0.2148130238056183,0.46793419122695923,0.09796791523694992,348,337
0,8,0.10443370789289474,0.547096848487854,-0.0022603655233979225,0.09796791523694992,386,357
0,9,0.10993021726608276,0.575780987739563,0.011523538269102573,0.09796791523694992,386,390
0,10,0.11542673408985138,0.6043030619621277,0.02166147716343403,0.09796791523694992,351,429
0,11,0.1209232360124588,0.6324059963226318,0.036974597722291946,0.09796791523694992,283,473
 , , , , , , , 
0,0,0.016489531844854355,0.5215186476707458,-0.07859231531620026,0.09796791523694992,229,344
0,1,-0.16489532589912415,0.32541167736053467,0.3812441825866699,0.09796791523694992,229,344
0,2,0.12183932960033417,0.5363584160804749,0.08775687962770462,0.09796791523694992,269,350
0,3,0.10993021726608276,0.5715285539627075,0.0707930326461792,0.09796791523694992,315,363
0,4,0.11542673408985138,0.6011760830879211,0.06510519981384277,0.09796791523694992,311,385
0,5,0.1209232360124588,0.6310527324676514,0.05546971410512924,0.09796791523694992,269,412
0,6,0.12183932960033417,0.5434898734092712,-0.0006330090691335499,-0.09796791523694992,230,337
0,7,0.12825191020965576,0.5717570185661316,-0.019662151113152504,-0.09796791523694992,280,346
0,8,0.11542673408985138,0.6042543649673462,-0.022980624809861183,-0.09796791523694992,280,363
0,9,0.1209232360124588,0.6328821182250977,-0.027652759104967117,-0.09796791523694992,243,384
 , , , , , , , 
0,0,0.09160850942134857,0.5770177841186523,0.04898526147007942,0.09796791523694992,255,371
0,1,0.09618894010782242,0.6072392463684082,0.03135210648179054,0.09796791523694992,258,391
0,2,0.03114689514040947,0.46586576104164124,-0.1742183119058609,-0.09796791523694992,234,355
0,3,0.016489531844854355,0.5031545758247375,-0.15809467434883118,-0.09796791523694992,226,367
0,4,0.09160850942134857,0.5789982676506042,0.010490970686078072,-0.09796791523694992,243,400
0,5,0.09618894010782242,0.6079450249671936,-0.011192661710083485,-0.09796791523694992,240,427
 , , , , , , , 
0,0,0.10443370789289474,0.5441790223121643,0.05647367984056473,0.09796791523694992,253,336
0,1,0.09160850942134857,0.5762491226196289,0.057323914021253586,0.09796791523694992,297,351
0,2,0.09618894010782242,0.6061650514602661,0.04781578481197357,0.09796791523694992,301,368
0,3,0.10076936334371567,0.6366055607795715,0.02249004691839218,0.09796791523694992,271,383
0,4,0.10993021726608276,0.5758008360862732,-0.010485795326530933,-0.09796791523694992,262,347
0,5,0.09618894010782242,0.607495129108429,-0.025924257934093475,-0.09796791523694992,270,360
0,6,0.10076936334371567,0.634412407875061,-0.05738740414381027,-0.09796791523694992,246,370
 , , , , , , , 
0,0,0.09160850942134857,0.5766587853431702,0.05304444953799248,0.09796791523694992,267,345
0,1,0.09618894010782242,0.6069507598876953,0.03651338070631027,0.09796791523694992,279,357
0,2,0.08061549067497253,0.6398224234580994,-0.007437529508024454,0.09796791523694992,251,375
0,3,0.09160850942134857,0.5786458253860474,-0.022761423140764236,-0.09796791523694992,252,333
0,4,0.09618894010782242,0.6067809462547302,-0.03923388198018074,-0.09796791523694992,266,344
0,5,0.10076936334371567,0.6322148442268372,-0.07795370370149612,-0.09796791523694992,241,358
 , , , , , , , 
0,0,0.07328680902719498,0.5795004963874817,0.05049215257167816,0.09796791523694992,260,353
0,1,0.07695115357637405,0.6093710660934448,0.04147441312670708,0.09796791523694992,264,368
0,2,0.10076936334371567,0.6364403367042542,0.026761222630739212,0.09796791523694992,234,384
0,3,0.09160850942134857,0.5768235325813293,-0.051222044974565506,-0.09796791523694992,234,347
0,4,0.09618894010782242,0.6048762202262878,-0.06202562153339386,-0.09796791523694992,242,359
 , , , , , , , 
0,0,0.10993021726608276,0.5736703276634216,-0.05058566853404045,-0.09796791523694992,232,350
0,1,0.11542673408985138,0.6030830144882202,-0.04407176375389099,-0.09796791523694992,236,361
 , , , , , , , 
0,0,0.16489532589912415,0.5611205697059631,-0.0411638505756855,-0.09796791523694992,247,341
0,1,0.17314009368419647,0.5880056023597717,-0.056979622691869736,-0.09796791523694992,243,360
 , , , , , , , 
0,0,0.139244943857193,0.5390602350234985,0.015854496508836746,0.09796791523694992,264,342
0,1,0.14657361805438995,0.5676760077476501,0.001141018234193325,0.09796791523694992,308,351
0,2,0.17314009368419647,0.590754508972168,-0.0025219826493412256,0.09796791523694992,310,366
0,3,0.1813848614692688,0.6188907027244568,-0.0008291979320347309,0.09796791523694992,280,383
0,4,0.15665055811405182,0.5343283414840698,-0.01342747826129198,-0.09796791523694992,235,356
0,5,0.16489532589912415,0.5612022280693054,-0.04003476724028587,-0.09796791523694992,266,373
0,6,0.17314009368419647,0.5879924297332764,-0.05711504817008972,-0.09796791523694992,263,389
0,7,0.1813848614692688,0.614494800567627,-0.07363785803318024,-0.09796791523694992,228,408
 , , , , , , , 
0,0,0.06229379028081894,0.49114227294921875,0.05702465400099754,-0.09796791523694992,272,344
0,1,0.06595812737941742,0.5230827927589417,0.02154717780649662,-0.09796791523694992,315,355
0,2,0.05221685394644737,0.5545204877853394,0.00261967652477324,-0.09796791523694992,329,367
0,3,0.03664340451359749,0.5717563629150391,-0.12447132915258408,-0.09796791523694992,309,387
0,4,0.03847557678818703,0.42853596806526184,-0.44028547406196594,-0.09796791523694992,290,415
0,5,0.23085346817970276,0.5702840685844421,0.021388215944170952,-0.09796791523694992,290,415
0,6,0.2418464720249176,0.5974981784820557,0.020810311660170555,-0.09796791523694992,258,450
0,7,0.020153872668743134,0.41312968730926514,-0.49481770396232605,-0.09796791523694992,258,450
 , , , , , , , 
0,0,0.16489532589912415,0.5621646046638489,-0.022841347381472588,0.09796791523694992,228,334
0,1,0.1539023071527481,0.595072865486145,-0.03430913761258125,0.09796791523694992,241,352
 , , , , , , , 
0,0,-0.06229379028081894,0.4940834045410156,-0.01881784200668335,0.09796791523694992,228,351
0,1,-0.08244766294956207,0.521030068397522,0.012666994705796242,0.09796791523694992,227,368
0,2,0.08702808618545532,0.5477527379989624,-0.05118150636553764,0.09796791523694992,255,385
0,3,-0.10443370789289474,0.45331087708473206,0.30631574988365173,0.09796791523694992,255,385
0,4,0.12825191020965576,0.572018563747406,-0.009348250925540924,0.09796791523694992,276,402
0,5,0.1539023071527481,0.5960338711738586,0.005698108114302158,0.09796791523694992,268,425
0,6,0.19237788021564484,0.5818360447883606,-0.0585857592523098,-0.09796791523694992,265,377
0,7,0.20153872668743134,0.6095537543296814,-0.06126397103071213,-0.09796791523694992,231,397
 , , , , , , , 
0,0,-0.05862944945693016,0.43619468808174133,-0.16214554011821747,0.09796791523694992,242,328
0,1,-0.06229379028081894,0.48411285877227783,-0.10053487122058868,0.09796791523694992,273,333
0,2,-0.06595812737941742,0.5093643665313721,-0.12094544619321823,0.09796791523694992,275,345
0,3,0.08702808618545532,0.5473582744598389,0.05524051561951637,0.09796791523694992,314,363
0,4,0.10993021726608276,0.5734637975692749,0.05287567526102066,0.09796791523694992,329,387
0,5,0.13466452062129974,0.5986955165863037,0.04902946949005127,0.09796791523694992,310,417
0,6,0.14107710123062134,0.6274279356002808,0.04856278747320175,0.09796791523694992,254,454
0,7,0.10443370789289474,0.5470375418663025,0.008365435525774956,-0.09796791523694992,271,346
0,8,0.12825191020965576,0.5720784068107605,0.004354872740805149,-0.09796791523694992,296,360
0,9,0.13466452062129974,0.6006758213043213,0.005359091330319643,-0.09796791523694992,287,378
0,10,0.14107710123062134,0.6292687058448792,0.006709761451929808,-0.09796791523694992,244,401
 , , , , , , , 
0,0,0.06229379028081894,0.49346062541007996,0.031131386756896973,0.09796791523694992,253,321
0,1,0.049468595534563065,0.5230708718299866,0.048786621540784836,0.09796791523694992,291,329
0,2,0.08702808618545532,0.549572229385376,0.024959180504083633,0.09796791523694992,334,341
0,3,0.10993021726608276,0.5758728981018066,0.005193707533180714,0.09796791523694992,364,361
0,4,0.13466452062129974,0.6006926894187927,0.0029129660688340664,0.09796791523694992,353,391
0,5,0.14107710123062134,0.6292828917503357,0.005212499760091305,0.09796791523694992,312,421
0,6,0.16855967044830322,0.652783989906311,-0.007646765094250441,0.09796791523694992,233,457
 , , , , , , , 
0,0,0.07328680902719498,0.44639483094215393,-0.1239156574010849,-0.09796791523694992,273,326
0,1,-0.1026015356183052,0.4099140465259552,0.20356276631355286,-0.09796791523694992,273,326
0,2,0.06229379028081894,0.4911343455314636,-0.05709283426403999,-0.09796791523694992,318,329
0,3,0.08244766294956207,0.5211210250854492,-0.008100606501102448,-0.09796791523694992,330,340
0,4,0.12183932960033417,0.5434874296188354,0.0017480774549767375,-0.09796791523694992,370,357
0,5,0.12825191020965576,0.5720744729042053,-0.004840787500143051,-0.09796791523694992,392,382
0,6,0.1539023071527481,0.5960582494735718,-0.0018399942200630903,-0.09796791523694992,373,419
0,7,0.16123098134994507,0.6243919134140015,-0.00813460722565651,-0.09796791523694992,319,459
0,8,0.18962962925434113,0.6463720202445984,-0.029011381790041924,-0.09796791523694992,233,502
 , , , , , , , 
0,0,0.10993021726608276,0.574840247631073,0.03486042842268944,0.09796791523694992,241,333
0,1,0.11542673408985138,0.6023455858230591,0.05320890620350838,0.09796791523694992,244,341
0,2,0.0696224719285965,0.5440460443496704,-0.0969180166721344,-0.09796791523694992,230,345
0,3,0.10993021726608276,0.5738544464111328,-0.04845194146037102,-0.09796791523694992,254,347
0,4,0.13466452062129974,0.6003894209861755,-0.019306903705000877,-0.09796791523694992,246,364
 , , , , , , , 
0,0,0.12825191020965576,0.5709985494613647,0.03540213033556938,0.09796791523694992,246,341
0,1,0.13466452062129974,0.5981073379516602,0.055747952312231064,0.09796791523694992,254,346
0,2,0.14107710123062134,0.6234695315361023,0.08549810945987701,0.09796791523694992,226,359
0,3,0.12183932960033417,0.5359784364700317,-0.09004873037338257,-0.09796791523694992,251,326
0,4,0.12825191020965576,0.5690237879753113,-0.05919947102665901,-0.09796791523694992,282,332
0,5,0.13466452062129974,0.5994639992713928,-0.03851160407066345,-0.09796791523694992,278,349
0,6,0.16123098134994507,0.6244354844093323,-0.003430625656619668,-0.09796791523694992,240,372
 , , , , , , , 
0,0,0.12183932960033417,0.5410083532333374,0.05188070610165596,0.09796791523694992,243,332
0,1,0.12825191020965576,0.5694960355758667,0.05446929112076759,0.09796791523694992,284,337
0,2,0.13466452062129974,0.5964223742485046,0.07155821472406387,0.09796791523694992,287,347
0,3,0.14107710123062134,0.6209189295768738,0.10239063948392868,0.09796791523694992,261,359
0,4,0.139244943857193,0.5392904281616211,-0.0017772025894373655,-0.09796791523694992,261,342
0,5,0.14657361805438995,0.5675815343856812,-0.01042136549949646,-0.09796791523694992,304,347
0,6,0.13466452062129974,0.600590169429779,-0.01147420983761549,-0.09796791523694992,311,356
0,7,0.14107710123062134,0.6292479634284973,0.008435504510998726,-0.09796791523694992,284,368
 , , , , , , , 
0,0,0.139244943857193,0.5384851694107056,0.029513176530599594,0.09796791523694992,244,334
0,1,0.12825191020965576,0.5710854530334473,0.033971190452575684,0.09796791523694992,276,344
0,2,0.13466452062129974,0.5988919138908386,0.04656892642378807,0.09796791523694992,278,355
0,3,0.14107710123062134,0.6260849237442017,0.06357520073652267,0.09796791523694992,248,370
0,4,0.139244943857193,0.5372263193130493,-0.04717208072543144,-0.09796791523694992,277,332
0,5,0.14657361805438995,0.5664597153663635,-0.037158846855163574,-0.09796791523694992,309,342
0,6,0.1539023071527481,0.5955144166946411,-0.025521546602249146,-0.09796791523694992,310,354
0,7,0.14107710123062134,0.6286515593528748,-0.028659923002123833,-0.09796791523694992,280,368
 , , , , , , , 
0,0,0.12825191020965576,0.5703893899917603,0.044143229722976685,0.09796791523694992,233,361
0,1,0.13466452062129974,0.5984398722648621,0.05205736681818962,0.09796791523694992,236,374
0,2,0.14657361805438995,0.566949725151062,-0.028729626908898354,-0.09796791523694992,262,349
0,3,0.1539023071527481,0.5955346822738647,-0.025045661255717278,-0.09796791523694992,266,361
0,4,0.16123098134994507,0.6241916418075562,-0.01778322458267212,-0.09796791523694992,240,374
 , , , , , , , 
0,0,0.12825191020965576,0.568709671497345,0.062144357711076736,0.09796791523694992,257,359
0,1,0.13466452062129974,0.5975490808486938,0.06144363433122635,0.09796791523694992,259,374
0,2,0.14107710123062134,0.6263670325279236,0.060732562094926834,0.09796791523694992,230,391
0,3,0.46720343828201294,0.8398181200027466,0.26427000761032104,-0.5878074765205383,234,339
0,4,0.139244943857193,0.5392903089523315,-0.001806773361749947,-0.09796791523694992,246,342
0,5,0.14657361805438995,0.5676620006561279,-0.004147143103182316,-0.09796791523694992,287,352
0,6,0.1539023071527481,0.5960060954093933,-0.00809440203011036,-0.09796791523694992,292,364
0,7,0.16123098134994507,0.6242784261703491,-0.014418363571166992,-0.09796791523694992,266,378
 , , , , , , , 
0,0,0.10443370789289474,0.5416758060455322,0.0768597200512886,0.09796791523694992,243,357
0,1,0.12825191020965576,0.5647509098052979,0.09137323498725891,0.09796791523694992,286,362
0,2,0.13466452062129974,0.5925447940826416,0.09864510595798492,0.09796791523694992,292,370
0,3,0.14107710123062134,0.620094358921051,0.10727141052484512,0.09796791523694992,264,382
0,4,0.7374485731124878,0.6939266920089722,0.16535703837871552,0.29390373826026917,230,366
0,5,0.7255393862724304,0.7515559792518616,0.14992551505565643,0.29390373826026917,283,354
0,6,0.7456933259963989,0.7750804424285889,0.14016427099704742,0.29390373826026917,295,350
0,7,0.7658472061157227,0.7992684245109558,0.12471538782119751,0.29390373826026917,268,354
0,8,0.09893719106912613,0.5175408124923706,-0.02816532924771309,-0.09796791523694992,226,322
0,9,0.12183932960033417,0.5433977842330933,0.01002458855509758,-0.09796791523694992,313,325
0,10,0.12825191020965576,0.5719078779220581,0.014628631994128227,-0.09796791523694992,350,334
0,11,0.13466452062129974,0.6004807353019714,0.016220124438405037,-0.09796791523694992,352,347
0,12,0.14107710123062134,0.6290731430053711,0.017061907798051834,-0.09796791523694992,319,364
0,13,0.16855967044830322,0.6518906354904175,0.0349862165749073,-0.09796791523694992,247,395
0,14,-0.08427983522415161,0.26825156807899475,-0.6128097772598267,-0.09796791523694992,247,395
 , , , , , , , 
0,0,0.10443370789289474,0.5418028235435486,0.07595903426408768,0.09796791523694992,248,357
0,1,0.10993021726608276,0.5694973468780518,0.08561123162508011,0.09796791523694992,287,365
0,2,0.11542673408985138,0.598556637763977,0.08591468632221222,0.09796791523694992,285,378
0,3,0.1209232360124588,0.6290377378463745,0.07493959367275238,0.09796791523694992,252,390
0,4,0.8134835958480835,0.712562084197998,0.08339083194732666,0.29390373826026917,237,343
0,5,0.8006584048271179,0.7738724946975708,0.03119816817343235,0.29390373826026917,233,343
0,6,0.11542671918869019,0.5134580731391907,-0.038312338292598724,-0.09796791523694992,226,318
0,7,0.12183932960033417,0.5434353947639465,0.007719904650002718,-0.09796791523694992,325,326
0,8,0.12825191020965576,0.571953296661377,0.012731482274830341,-0.09796791523694992,356,341
0,9,0.13466452062129974,0.6005941033363342,0.011267784051597118,-0.09796791523694992,347,361
0,10,0.14107710123062134,0.6293016672134399,0.0018800762481987476,-0.09796791523694992,305,383
 , , , , , , , 
0,0,0.10443370789289474,0.5408371686935425,0.082554392516613,0.09796791523694992,249,357
0,1,0.10993021726608276,0.5678414702415466,0.09598229080438614,0.09796791523694992,278,372
0,2,0.11542673408985138,0.5956911444664001,0.10393958538770676,0.09796791523694992,270,387
0,3,0.1209232360124588,0.624081552028656,0.10875040292739868,0.09796791523694992,228,402
0,4,0.12183932960033417,0.5433515906333923,0.0122766625136137,-0.09796791523694992,309,344
0,5,0.12825191020965576,0.5716676712036133,0.02210744470357895,-0.09796791523694992,339,358
0,6,0.13466452062129974,0.600058376789093,0.027752066031098366,-0.09796791523694992,328,377
0,7,0.14107710123062134,0.6284877061843872,0.03205180913209915,-0.09796791523694992,282,396
 , , , , , , , 
0,0,0.10443370789289474,0.5291672945022583,0.13893181085586548,0.09796791523694992,249,343
0,1,0.10993021726608276,0.5567061305046082,0.1474272608757019,0.09796791523694992,283,359
0,2,0.09618894010782242,0.5844292044639587,0.16782410442829132,0.09796791523694992,272,378
0,3,0.10076936334371567,0.6035026907920837,0.20385509729385376,0.09796791523694992,226,401
0,4,0.10443370789289474,0.5429495573043823,0.06727463006973267,-0.09796791523694992,322,330
0,5,0.10993021726608276,0.5714879035949707,0.07112069427967072,-0.09796791523694992,350,349
0,6,0.11542673408985138,0.5989218354225159,0.08333110809326172,-0.09796791523694992,330,378
0,7,0.1209232360124588,0.6239557266235352,0.10947012901306152,-0.09796791523694992,278,408
 , , , , , , , 
0,0,0.08702808618545532,0.5348082184791565,0.12896820902824402,0.09796791523694992,241,351
0,1,0.09160850942134857,0.5644576549530029,0.12937013804912567,0.09796791523694992,269,361
0,2,0.09618894010782242,0.5957735180854797,0.12155803292989731,0.09796791523694992,258,378
0,3,0.11542671918869019,0.5135461091995239,0.037113625556230545,-0.09796791523694992,244,336
0,4,0.10443370789289474,0.5439597964286804,0.05854775384068489,-0.09796791523694992,308,346
0,5,0.10993021726608276,0.573577344417572,0.05162908881902695,-0.09796791523694992,325,367
0,6,0.11542673408985138,0.603339433670044,0.04040955379605293,-0.09796791523694992,305,392
0,7,0.1209232360124588,0.6330310106277466,0.0240048598498106,-0.09796791523694992,256,418
 , , , , , , , 
0,0,0.06229379028081894,0.4917847216129303,-0.05118899047374725,-0.09796791523694992,257,333
0,1,0.08244766294956207,0.5201345682144165,-0.03305717930197716,-0.09796791523694992,284,334
0,2,0.10443370789289474,0.5470946431159973,0.002741860691457987,-0.09796791523694992,303,343
0,3,0.12825191020965576,0.5720914006233215,0.002015842357650399,-0.09796791523694992,308,361
0,4,0.13466452062129974,0.6006771326065063,-0.005214950069785118,-0.09796791523694992,287,388
0,5,0.16123098134994507,0.6237800121307373,-0.02880905568599701,-0.09796791523694992,231,424
 , , , , , , , 
0,0,0.12825191020965576,0.5595957636833191,0.11893373727798462,0.09796791523694992,245,394
0,1,0.13466452062129974,0.5919567942619324,0.10211455821990967,0.09796791523694992,238,404
0,2,0.11542671918869019,0.5031673312187195,0.10922307521104813,-0.09796791523694992,237,333
0,3,0.12183932960033417,0.5410293936729431,0.051660872995853424,-0.09796791523694992,318,339
0,4,0.12825191020965576,0.5704069137573242,0.04391592741012573,-0.09796791523694992,343,354
0,5,0.13466452062129974,0.5989331603050232,0.04603557661175728,-0.09796791523694992,327,373
0,6,0.14107710123062134,0.62685227394104,0.055501002818346024,-0.09796791523694992,271,396
 , , , , , , , 
0,0,0.12825191020965576,0.5426260232925415,0.18124471604824066,0.09796791523694992,256,367
0,1,0.13466452062129974,0.5749577879905701,0.17396476864814758,0.09796791523694992,246,377
0,2,-0.14657361805438995,0.4315461814403534,-0.11080827564001083,0.3918716609477997,286,337
0,3,-0.15573447942733765,0.45807749032974243,-0.11943545192480087,0.3918716609477997,315,342
0,4,-0.16489532589912415,0.48441019654273987,-0.12878918647766113,0.3918716609477997,311,347
0,5,-0.17405617237091064,0.5100558400154114,-0.14061982929706573,0.3918716609477997,270,357
0,6,0.12183932960033417,0.5369827747344971,0.08385191857814789,-0.09796791523694992,289,327
0,7,0.12825191020965576,0.5692946910858154,0.05653535574674606,-0.09796791523694992,316,339
0,8,0.13466452062129974,0.5997799634933472,0.033229004591703415,-0.09796791523694992,299,360
0,9,0.16123098134994507,0.6244403123855591,-0.0023976180236786604,-0.09796791523694992,248,382
 , , , , , , , 
0,0,-0.09344068169593811,0.48814335465431213,0.03657800331711769,0.09796791523694992,265,383
0,1,-0.09893719106912613,0.5172675848007202,0.03280358016490936,0.09796791523694992,315,377
0,2,-0.10443370789289474,0.546387791633606,0.02793673239648342,0.09796791523694992,335,369
0,3,-0.09160850942134857,0.578866183757782,0.016218440607190132,0.09796791523694992,318,370
0,4,-0.09618894010782242,0.6069389581680298,-0.036708585917949677,0.09796791523694992,257,388
0,5,-0.14657361805438995,0.4337640702724457,-0.10178066790103912,0.3918716609477997,250,340
0,6,-0.15573447942733765,0.4604299068450928,-0.11001864820718765,0.3918716609477997,312,340
0,7,-0.16489532589912415,0.48673996329307556,-0.11968332529067993,0.3918716609477997,338,340
0,8,-0.17405617237091064,0.512516438961029,-0.1313689798116684,0.3918716609477997,329,344
0,9,-0.18321701884269714,0.537444531917572,-0.14603455364704132,0.3918716609477997,276,360
0,10,0.13466452062129974,0.5977949500083923,0.05900350213050842,-0.09796791523694992,271,350
 , , , , , , , 
0,0,-0.109014131128788,0.48590657114982605,0.019072864204645157,0.09796791523694992,324,355
0,1,-0.11542671918869019,0.514751672744751,0.011736368760466576,0.09796791523694992,374,364
0,2,-0.12183932960033417,0.5434141755104065,0.00909239612519741,0.09796791523694992,385,374
0,3,-0.10993021726608276,0.5752376317977905,0.02753571979701519,0.09796791523694992,358,389
0,4,-0.09618894010782242,0.602007269859314,0.0854964405298233,0.09796791523694992,287,414
0,5,0.11542673408985138,0.6045604944229126,0.012571518309414387,-0.09796791523694992,302,357
0,6,0.1209232360124588,0.6326143145561218,0.03322070837020874,-0.09796791523694992,239,381
 , , , , , , , 
0,0,-0.2088674157857895,0.46420949697494507,-0.2260761559009552,0.09796791523694992,246,447
0,1,0.10443370789289474,0.5352511405944824,0.11325304210186005,0.09796791523694992,246,447
0,2,0.12825191020965576,0.5698335766792297,0.050816964358091354,0.09796791523694992,238,472
0,3,-0.21986043453216553,0.4998222887516022,-0.2134953737258911,0.09796791523694992,238,472
0,4,-0.09893719106912613,0.3372027575969696,-0.01589249260723591,-0.6857753992080688,303,337
0,5,0.021986043080687523,0.19788235425949097,0.29001039266586304,-0.6857753992080688,303,337
 , , , , , , , 
0,0,0.12183932960033417,0.5379734635353088,0.07724135369062424,0.09796791523694992,225,456
0,1,0.12825191020965576,0.5705530643463135,0.041974861174821854,0.09796791523694992,241,477
0,2,-0.010993021540343761,0.3504702150821686,0.028224561363458633,0.29390373826026917,329,324
0,3,-0.011909106746315956,0.3806646168231964,0.013538140803575516,0.29390373826026917,337,324
0,4,-0.01282519195228815,0.4094462990760803,-0.024949025362730026,0.29390373826026917,308,329
0,5,0.09618894010782242,0.42408496141433716,0.06522338837385178,0.3918716609477997,285,340
0,6,0.1026015356183052,0.45310789346694946,0.06450238823890686,0.3918716609477997,231,371
0,7,-0.12458758056163788,0.47914278507232666,-0.057036783546209335,-0.09796791523694992,231,358
0,8,-0.13191625475883484,0.5084417462348938,-0.05015432834625244,-0.09796791523694992,270,378
0,9,-0.139244943857193,0.5368501543998718,-0.05127627030014992,-0.09796791523694992,270,400
 , , , , , , , 
0,0,0.0,0.4917941689491272,-0.08057022839784622,0.09796791523694992,251,322
0,1,0.17130792140960693,0.4039854109287262,0.23622539639472961,0.09796791523694992,251,322
0,2,0.16489532589912415,0.4990392029285431,0.04690174385905266,0.09796791523694992,307,330
0,3,-0.016489531844854355,0.4863882064819336,-0.20392392575740814,0.09796791523694992,307,330
0,4,0.15665055811405182,0.5344157218933105,0.009321854449808598,0.09796791523694992,362,339
0,5,-0.05221685394644737,0.2662222385406494,0.4864417612552643,0.09796791523694992,362,339
0,6,0.14657361805438995,0.5676674842834473,0.003314188215881586,0.09796791523694992,372,358
0,7,0.1539023071527481,0.5960497856140137,-0.003667433513328433,0.09796791523694992,345,384
0,8,0.16123098134994507,0.6241605877876282,-0.018842337653040886,0.09796791523694992,283,416
0,9,-0.13741277158260345,0.6904451251029968,-0.20371292531490326,0.4898395836353302,251,339
0,10,-0.14290928840637207,0.6940521001815796,-0.28069794178009033,0.4898395836353302,249,346
0,11,-0.021986043080687523,0.35064730048179626,-0.017605094239115715,-0.3918716609477997,280,343
0,12,-0.03572732210159302,0.37007391452789307,-0.08366318792104721,-0.3918716609477997,272,340
0,13,0.07695115357637405,0.3716561198234558,0.15615198016166687,-0.3918716609477997,274,343
0,14,-0.06412596255540848,0.36765873432159424,-0.1707281917333603,-0.3918716609477997,274,343
0,15,0.06870638579130173,0.4099826216697693,0.14334622025489807,-0.3918716609477997,234,367
0,16,-0.13191625475883484,0.510561466217041,-0.018853887915611267,-0.09796791523694992,280,350
 , , , , , , , 
0,0,-0.03297906368970871,0.5004170536994934,-0.164090096950531,0.09796791523694992,239,348
0,1,0.12183932960033417,0.5354611277580261,0.09307534247636795,0.09796791523694992,245,361
0,2,-0.05221685394644737,0.37434929609298706,-0.4090995788574219,0.09796791523694992,245,361
0,3,0.12825191020965576,0.5714671611785889,0.02679484523832798,0.09796791523694992,280,382
0,4,0.13466452062129974,0.6006327271461487,0.00897564459592104,0.09796791523694992,267,408
0,5,0.05496510863304138,0.1569441854953766,-0.30999064445495605,0.4898395836353302,251,350
0,6,0.05954553186893463,0.17923937737941742,-0.3309958279132843,0.4898395836353302,257,345
0,7,-0.009160851128399372,0.2892070710659027,0.04701748490333557,-0.7837433218955994,233,406
0,8,-0.010076936334371567,0.31721505522727966,0.057050708681344986,-0.7837433218955994,253,402
0,9,-0.010993021540343761,0.34405896067619324,0.07245289534330368,-0.7837433218955994,285,353
0,10,-0.2565038502216339,0.24746756255626678,0.7393905520439148,-0.29390373826026917,229,491
0,11,-0.2656646966934204,0.29499754309654236,0.7517411112785339,-0.29390373826026917,230,487
0,12,0.7438611388206482,0.39880120754241943,-0.10170625150203705,-0.29390373826026917,230,487
0,13,-0.12458758056163788,0.48232194781303406,0.014018689282238483,-0.19593583047389984,231,327
0,14,-0.11542671918869019,0.5146743655204773,-0.014742877334356308,-0.19593583047389984,270,330
0,15,-0.10443370789289474,0.547091007232666,0.0033937750849872828,-0.09796791523694992,266,348
 , , , , , , , 
0,0,-0.03297906368970871,0.23933719098567963,0.10600791871547699,-0.7837433218955994,256,414
0,1,0.049468595534563065,0.2591245174407959,-0.0038652955554425716,-0.7837433218955994,256,414
0,2,-0.045804254710674286,0.2098657339811325,0.19948343932628632,-0.7837433218955994,264,412
0,3,0.05496510863304138,0.2875222861766815,0.015654820948839188,-0.7837433218955994,264,412
0,4,0.0604616180062294,0.3151046633720398,0.03217398747801781,-0.7837433218955994,243,424
0,5,-0.050384681671857834,0.12400905042886734,0.2933681309223175,-0.7837433218955994,243,424
0,6,0.06595812737941742,0.34163832664489746,0.0517650842666626,-0.7837433218955994,231,393
 , , , , , , , 
0,0,0.021986043080687523,0.11971466988325119,0.33004826307296753,0.3918716609477997,266,349
0,1,0.023818213492631912,0.13315258920192719,0.3562776446342468,0.3918716609477997,300,348
0,2,0.0256503839045763,0.14676177501678467,0.38240846991539,0.3918716609477997,303,347
0,3,0.02748255431652069,0.16096404194831848,0.4082765281200409,0.3918716609477997,267,355
0,4,0.008244765922427177,0.22724008560180664,-0.13379670679569244,-0.6857753992080688,234,425
0,5,0.09893719106912613,0.24406427145004272,0.01586376689374447,-0.6857753992080688,234,425
 , , , , , , , 
0,0,0.044888172298669815,0.20016098022460938,0.00537949288263917,0.29390373826026917,250,471
0,1,-0.0256503839045763,0.17525874078273773,-0.10360855609178543,0.29390373826026917,250,471
0,2,0.0513007678091526,0.22870206832885742,0.007886386476457119,0.29390373826026917,251,474
0,3,-0.02931472472846508,0.17524901032447815,-0.15305890142917633,0.29390373826026917,251,474
0,4,0.09893719106912613,0.3247140645980835,-0.09229876101016998,0.5878074765205383,231,384
 , , , , , , , 
0,0,-0.023818213492631912,0.3802482783794403,0.008637395687401295,0.29390373826026917,229,352
0,1,-0.0256503839045763,0.4095980226993561,0.002171843545511365,0.29390373826026917,283,347
0,2,-0.02748255431652069,0.43884363770484924,-0.003925601486116648,0.29390373826026917,300,346
0,3,0.13741277158260345,0.042568422853946686,0.415523886680603,0.29390373826026917,300,346
0,4,-0.02931472472846508,0.4680286943912506,-0.009174694307148457,0.29390373826026917,281,348
0,5,-0.01465736236423254,0.23327907919883728,-0.01909542642533779,-0.6857753992080688,244,437
0,6,0.07328680902719498,0.11841383576393127,0.1886950135231018,-0.6857753992080688,244,437
0,7,-0.016489531844854355,0.2622961401939392,-0.023160964250564575,-0.6857753992080688,263,437
0,8,0.08244766294956207,0.13238121569156647,0.2128031700849533,-0.6857753992080688,263,437
0,9,-0.018321702256798744,0.29134926199913025,-0.02674354426562786,-0.6857753992080688,236,450
 , , , , , , , 
0,0,-0.08702808618545532,0.5494888424873352,0.026732373982667923,0.09796791523694992,236,408
0,1,-0.09160850942134857,0.5775818228721619,0.041813042014837265,0.09796791523694992,234,409
0,2,0.6925603747367859,0.3611576557159424,-0.12803791463375092,0.3918716609477997,261,446
0,3,0.718210756778717,0.383951336145401,-0.10240848362445831,0.3918716609477997,298,436
0,4,0.7438611388206482,0.4034225642681122,-0.08146652579307556,0.3918716609477997,304,430
0,5,0.7695115208625793,0.4208739399909973,-0.06430310010910034,0.3918716609477997,269,439
0,6,-0.09160850942134857,0.2737444043159485,0.05106059089303017,-0.4898395836353302,256,406
0,7,0.009160851128399372,0.1946130394935608,-0.21903684735298157,-0.4898395836353302,256,406
0,8,-0.020153872668743134,0.321777880191803,0.005877151153981686,-0.3918716609477997,265,403
0,9,-0.021986043080687523,0.350403368473053,0.02193007990717888,-0.3918716609477997,325,347
0,10,-0.03572732210159302,0.3783101737499237,0.02890724129974842,-0.3918716609477997,275,366
 , , , , , , , 
0,0,-0.09893719106912613,0.517890214920044,0.02077282965183258,0.09796791523694992,274,343
0,1,-0.10443370789289474,0.5468189120292664,0.017582887783646584,0.09796791523694992,307,353
0,2,-0.09160850942134857,0.5786698460578918,0.022142192348837852,0.09796791523694992,309,360
0,3,-0.09618894010782242,0.6076640486717224,0.021606460213661194,0.09796791523694992,279,368
0,4,-0.07695115357637405,0.3367743492126465,0.06639579683542252,-0.7837433218955994,306,352
0,5,0.05496510863304138,0.17806801199913025,-0.29835793375968933,-0.7837433218955994,306,352
0,6,-0.07145464420318604,0.3674444258213043,0.07148071378469467,-0.7837433218955994,328,348
0,7,0.07145464420318604,0.15672793984413147,-0.3399430215358734,-0.7837433218955994,328,348
0,8,-0.07695115357637405,0.39631739258766174,0.07378513365983963,-0.7837433218955994,319,347
0,9,-0.02748255431652069,0.4176819920539856,0.13468819856643677,-0.6857753992080688,295,350
0,10,0.1511540412902832,0.21529033780097961,-0.3523591458797455,-0.6857753992080688,295,350
0,11,0.0,0.4481877088546753,0.13828298449516296,-0.6857753992080688,235,380
0,12,0.17588834464550018,0.20119942724704742,-0.3854561746120453,-0.6857753992080688,235,380
 , , , , , , , 
0,0,-0.011909106746315956,0.3784787654876709,-0.042926304042339325,0.09796791523694992,261,335
0,1,-0.03847557678818703,0.3990037143230438,-0.08802768588066101,0.09796791523694992,261,331
0,2,0.06870638579130173,0.3486711382865906,0.2589639127254486,0.09796791523694992,250,332
0,3,-0.06870638579130173,0.4166492521762848,-0.12262660264968872,0.09796791523694992,250,332
 , , , , , , , 
0,0,0.0,0.34764885902404785,0.05373191833496094,-0.3918716609477997,280,338
0,1,0.0,0.37706655263900757,0.055240269750356674,-0.3918716609477997,308,335
0,2,0.01282519195228815,0.40525734424591064,0.06352321058511734,-0.3918716609477997,303,334
0,3,0.013741277158260345,0.43195682764053345,0.08111049234867096,-0.3918716609477997,253,345
0,4,-0.17130792140960693,0.4433709681034088,-0.14976263046264648,-0.09796791523694992,241,330
0,5,-0.16489532589912415,0.45377275347709656,-0.21290890872478485,-0.09796791523694992,264,336
0,6,-0.139244943857193,0.44022315740585327,-0.31151387095451355,-0.09796791523694992,250,350
0,7,0.0696224719285965,0.5278528928756714,-0.1635558009147644,-0.09796791523694992,250,350
 , , , , , , , 
0,0,0.0,0.32030975818634033,0.037193749099969864,-0.6857753992080688,251,411
0,1,0.010993021540343761,0.3495630919933319,0.037837013602256775,-0.6857753992080688,349,337
0,2,0.023818213492631912,0.3781804144382477,0.040533263236284256,-0.6857753992080688,344,339
0,3,0.03847557678818703,0.4060421884059906,0.04563533887267113,-0.6857753992080688,295,358
0,4,-0.18688136339187622,0.4577413499355316,-0.06246020644903183,-0.19593583047389984,242,325
0,5,-0.19787438213825226,0.48576033115386963,-0.05755851790308952,-0.19593583047389984,254,326
0,6,-0.2088674157857895,0.5118894577026367,-0.06760206818580627,-0.19593583047389984,235,332
 , , , , , , , 
0,0,0.043972086161375046,0.329985111951828,0.11367995291948318,-0.5878074765205383,284,338
0,1,0.020153872668743134,0.3218002915382385,0.0044847531244158745,-0.29390373826026917,254,454
0,2,0.03297906368970871,0.3502023220062256,0.004189394414424896,-0.29390373826026917,382,338
0,3,0.03572732210159302,0.3794091045856476,-0.001719186664558947,-0.29390373826026917,346,356
0,4,0.03847557678818703,0.4085307717323303,-0.0074461461044847965,-0.29390373826026917,264,384
 , , , , , , , 
0,0,0.021986043080687523,0.34715723991394043,-0.05239575728774071,-0.09796791523694992,369,348
0,1,0.023818213492631912,0.37571480870246887,-0.059175554662942886,-0.09796791523694992,335,357
0,2,0.03847557678818703,0.40436312556266785,-0.058679573237895966,-0.09796791523694992,250,384
 , , , , , , , 
0,0,0.0,0.3295958638191223,-0.12293658405542374,0.29390373826026917,249,360
0,1,-0.049468595534563065,0.5251463651657104,-0.014302200637757778,-0.19593583047389984,275,389
0,2,-0.05221685394644737,0.5530065894126892,0.04103148356080055,-0.19593583047389984,307,398
0,3,0.16489532589912415,0.5615054368972778,-0.03552999347448349,-0.09796791523694992,274,468
0,4,0.17314009368419647,0.5901814103126526,-0.026136627420783043,-0.09796791523694992,276,489
0,5,0.1813848614692688,0.618398904800415,-0.024683121591806412,-0.09796791523694992,247,507
 , , , , , , , 
0,0,-0.109014131128788,0.48614510893821716,-0.011484894901514053,-0.19593583047389984,253,333
0,1,0.15573447942733765,0.45954400300979614,0.11366230249404907,-0.19593583047389984,253,333
0,2,-0.11542671918869019,0.514277994632721,0.02500397153198719,-0.19593583047389984,302,335
0,3,0.1813848465681076,0.49318838119506836,-0.04790757596492767,-0.19593583047389984,302,335
0,4,0.17405617237091064,0.5281609892845154,-0.031255822628736496,-0.09796791523694992,355,333
0,5,0.18321701884269714,0.5559477210044861,-0.0330883264541626,-0.09796791523694992,387,342
0,6,0.19237788021564484,0.5834522843360901,-0.03935619816184044,-0.09796791523694992,380,359
0,7,0.20153872668743134,0.6101368069648743,-0.055155061185359955,-0.09796791523694992,334,386
0,8,0.18962962925434113,0.6389474272727966,-0.1019049733877182,-0.09796791523694992,254,421
 , , , , , , , 
0,0,0.13191625475883484,0.4247756898403168,0.1488560289144516,-0.19593583047389984,225,342
0,1,-0.05862944945693016,0.4370698928833008,0.1597714126110077,-0.19593583047389984,225,342
0,2,-0.046720340847969055,0.49133285880088806,0.06900917738676071,-0.19593583047389984,313,341
0,3,-0.016489531844854355,0.5264869332313538,0.031144315376877785,-0.19593583047389984,365,342
0,4,-0.017405617982149124,0.556707501411438,-0.0005107904435135424,-0.19593583047389984,375,358
0,5,0.16489532589912415,0.5624706149101257,0.01332359854131937,-0.09796791523694992,365,371
0,6,0.17314009368419647,0.5905126333236694,0.017089547589421272,-0.09796791523694992,336,402
0,7,0.1813848614692688,0.6186282634735107,0.018041538074612617,-0.09796791523694992,270,438
 , , , , , , , 
0,0,0.3114689290523529,0.496244877576828,0.021664205938577652,0.09796791523694992,340,364
0,1,0.3270424008369446,0.5209031105041504,0.02603791281580925,0.09796791523694992,348,386
0,2,0.34261584281921387,0.5456432104110718,0.02854296565055847,0.09796791523694992,324,408
0,3,0.35818928480148315,0.5706701874732971,0.025174254551529884,0.09796791523694992,269,429
0,4,0.3270424008369446,0.5154078602790833,-0.07982958853244781,0.3918716609477997,317,347
0,5,0.3627697229385376,0.523773193359375,-0.0999332070350647,0.3918716609477997,290,362
0,6,-0.07786723971366882,0.4921284317970276,-0.009966770187020302,-0.29390373826026917,281,343
0,7,0.016489531844854355,0.523338258266449,0.06538721919059753,-0.29390373826026917,308,344
0,8,0.017405617982149124,0.5560187697410583,0.0276874378323555,-0.29390373826026917,328,346
0,9,0.08244766294956207,0.41218769550323486,-0.12906639277935028,-0.09796791523694992,245,338
0,10,0.08794417232275009,0.4349287152290344,-0.15197768807411194,-0.09796791523694992,280,341
0,11,0.09344068169593811,0.47775790095329285,-0.10662682354450226,-0.09796791523694992,291,342
0,12,0.09893719106912613,0.5182947516441345,-0.0035151492338627577,-0.09796791523694992,315,346
0,13,0.12183932960033417,0.5422469973564148,0.036739666014909744,-0.09796791523694992,344,364
0,14,0.14657361805438995,0.5667406916618347,0.03259363770484924,-0.09796791523694992,340,395
0,15,0.1539023071527481,0.5959917306900024,0.009090007282793522,-0.09796791523694992,305,430
0,16,0.1813848614692688,0.618890106678009,-0.0012037326814606786,-0.09796791523694992,240,466
 , , , , , , , 
0,0,0.17588834464550018,0.4188721776008606,-0.11663521081209183,0.09796791523694992,241,333
0,1,0.2024548202753067,0.43717217445373535,-0.1274581104516983,0.09796791523694992,250,334
0,2,0.015573447570204735,0.4966912269592285,-0.037527795881032944,0.09796791523694992,250,334
0,3,0.08702808618545532,0.533645510673523,0.1336977332830429,0.19593583047389984,288,340
0,4,0.14657361805438995,0.5390193462371826,0.17808859050273895,0.19593583047389984,302,358
0,5,0.28856682777404785,0.5333160161972046,0.10619758814573288,0.19593583047389984,292,383
0,6,0.32246196269989014,0.5551590323448181,0.061184946447610855,0.19593583047389984,265,411
0,7,0.06229379028081894,0.4944303631782532,-0.0033406263682991266,-0.19593583047389984,244,336
0,8,0.13191625475883484,0.38044992089271545,-0.24052099883556366,-0.09796791523694992,236,326
0,9,0.06595812737941742,0.5228534936904907,0.026535099372267723,-0.09796791523694992,311,331
0,10,0.0696224719285965,0.5525145530700684,0.010337426327168941,-0.09796791523694992,309,351
0,11,0.07328680902719498,0.5816906690597534,-0.0025024639908224344,-0.09796791523694992,263,380
 , , , , , , , 
0,0,0.02931472472846508,0.4613032937049866,0.079588383436203,0.19593583047389984,271,331
0,1,0.046720340847969055,0.48913487792015076,0.08317035436630249,0.19593583047389984,362,331
0,2,0.049468595534563065,0.5179397463798523,0.08787273615598679,0.19593583047389984,409,332
0,3,0.05221685394644737,0.5455541610717773,0.09935060143470764,0.19593583047389984,412,342
0,4,0.03664340451359749,0.57244473695755,0.12126614898443222,0.19593583047389984,375,359
0,5,0.3655179738998413,0.49414458870887756,0.03453223407268524,0.29390373826026917,308,398
0,6,0.3627697229385376,0.5312288999557495,0.046052902936935425,0.29390373826026917,302,438
0,7,0.37925925850868225,0.5555669665336609,0.04588654264807701,0.29390373826026917,255,484
 , , , , , , , 
0,0,0.06229379028081894,0.48962855339050293,0.06882166117429733,0.09796791523694992,325,336
0,1,0.08244766294956207,0.517398476600647,0.06270228326320648,0.09796791523694992,392,339
0,2,0.08702808618545532,0.5481653809547424,0.04655441269278526,0.09796791523694992,420,344
0,3,0.14657361805438995,0.5642781257629395,0.062028732150793076,0.09796791523694992,415,352
0,4,0.19237788021564484,0.5807422995567322,0.0685848742723465,0.09796791523694992,387,377
0,5,0.2418464720249176,0.5956432819366455,0.05144188925623894,0.09796791523694992,324,417
0,6,0.37925925850868225,0.543058454990387,0.12588760256767273,0.19593583047389984,271,449
 , , , , , , , 
0,0,0.08244766294956207,0.5145472288131714,0.0829090029001236,0.09796791523694992,343,332
0,1,0.08702808618545532,0.5450094938278198,0.07494812458753586,0.09796791523694992,376,335
0,2,0.09160850942134857,0.5764481425285339,0.05528690665960312,0.09796791523694992,367,349
0,3,0.09618894010782242,0.6080210208892822,0.005732879042625427,0.09796791523694992,328,369
 , , , , , , , 
0,0,0.08702808618545532,0.5062560439109802,0.21530772745609283,0.09796791523694992,266,367
0,1,-0.08977634459733963,0.3204338848590851,0.24019895493984222,0.29390373826026917,243,331
0,2,-0.09618894010782242,0.3465856909751892,0.25294363498687744,0.29390373826026917,232,329
 , , , , , , , 
0,0,0.10993021726608276,0.542644739151001,0.1928553730249405,0.09796791523694992,272,382
0,1,0.11542673408985138,0.5587452054023743,0.23120373487472534,0.09796791523694992,239,412
0,2,0.0,0.32460424304008484,-0.13556890189647675,-0.7837433218955994,234,341
 , , , , , , , 
0,0,0.09893719106912613,0.3350631594657898,-0.04112113639712334,0.09796791523694992,296,340
0,1,0.11909106373786926,0.3601101338863373,-0.03699547424912453,0.09796791523694992,236,354
0,2,0.03297906368970871,0.3341268301010132,-0.10496897250413895,-0.09796791523694992,309,343
0,3,0.03572732210159302,0.35955148935317993,-0.12114845216274261,-0.09796791523694992,257,357
 , , , , , , , 
0,0,0.043972086161375046,0.3461347222328186,-0.04476660490036011,0.29390373826026917,326,360
0,1,0.047636426985263824,0.3737533688545227,-0.057182714343070984,0.29390373826026917,269,376
0,2,-0.019237788394093513,0.5772411227226257,-0.21306656301021576,-0.4898395836353302,290,327
0,3,-0.020153872668743134,0.6015976071357727,-0.2315189689397812,-0.4898395836353302,324,326
0,4,-0.021069958806037903,0.6275367140769958,-0.2456655353307724,-0.4898395836353302,321,331
0,5,-0.021986043080687523,0.6573635935783386,-0.24975405633449554,-0.4898395836353302,279,344
 , , , , , , , 
0,0,0.1905457079410553,0.42022109031677246,-0.084267258644104,0.09796791523694992,273,357
0,1,0.23360171914100647,0.4386936128139496,-0.036485474556684494,0.19593583047389984,279,391
0,2,0.24734297394752502,0.4649217426776886,-0.03316034749150276,0.19593583047389984,269,414
0,3,0.26108425855636597,0.4905118942260742,-0.03820439800620079,0.19593583047389984,228,438
0,4,0.043972086161375046,0.348938524723053,-0.007429567165672779,0.4898395836353302,374,339
0,5,0.047636426985263824,0.37788429856300354,-0.012841115705668926,0.4898395836353302,351,345
0,6,0.0513007678091526,0.40686824917793274,-0.016114195808768272,0.4898395836353302,280,370
 , , , , , , , 
0,0,0.12367149442434311,0.41570496559143066,-0.07245130836963654,0.19593583047389984,239,336
0,1,0.14657361805438995,0.43454551696777344,-0.0983908399939537,0.19593583047389984,293,344
0,2,0.15573447942733765,0.4565679430961609,-0.1250821053981781,0.19593583047389984,309,360
0,3,0.16489532589912415,0.47562840580940247,-0.15816926956176758,0.19593583047389984,292,378
0,4,0.17405617237091064,0.485690712928772,-0.20984624326229095,0.19593583047389984,241,399
0,5,0.0,0.351776123046875,-0.0006381770363077521,0.4898395836353302,275,339
0,6,0.011909106746315956,0.38088855147361755,-0.0035711857490241528,0.4898395836353302,286,338
0,7,0.01282519195228815,0.4100501239299774,-0.011296693235635757,0.4898395836353302,261,340
 , , , , , , , 
0,0,0.13191625475883484,0.44501450657844543,-0.06748754531145096,0.19593583047389984,293,333
0,1,0.14016102254390717,0.4721390902996063,-0.0761093720793724,0.19593583047389984,346,335
0,2,0.1484057903289795,0.49900171160697937,-0.08604294061660767,0.19593583047389984,362,339
0,3,0.15665055811405182,0.5253471732139587,-0.09847558289766312,0.19593583047389984,343,348
0,4,0.16489532589912415,0.5492266416549683,-0.1220688745379448,0.19593583047389984,276,372
0,5,-0.03572732210159302,0.37897053360939026,0.01831802912056446,0.4898395836353302,260,351
0,6,-0.03847557678818703,0.4083419740200043,0.014480290934443474,0.4898395836353302,274,348
0,7,-0.02748255431652069,0.4385455846786499,0.01664051041007042,0.4898395836353302,254,347
0,8,-0.05954553186893463,0.3763985335826874,-0.003021345240995288,0.6857753992080688,268,337
0,9,-0.06412596255540848,0.4052931070327759,-0.007652893662452698,0.6857753992080688,296,332
0,10,-0.06870638579130173,0.4341106712818146,-0.013483264483511448,0.6857753992080688,289,330
0,11,-0.07328680902719498,0.4624933898448944,-0.02689414657652378,0.6857753992080688,235,343
 , , , , , , , 
0,0,0.13191625475883484,0.4495454728603363,-0.022390756756067276,0.19593583047389984,272,335
0,1,0.14016102254390717,0.47708526253700256,-0.03312979266047478,0.19593583047389984,324,335
0,2,0.1484057903289795,0.5046827793121338,-0.04124806821346283,0.19593583047389984,339,337
0,3,0.15665055811405182,0.5313293933868408,-0.05810472369194031,0.19593583047389984,323,341
0,4,-0.13466452062129974,0.5288078188896179,0.28496047854423523,0.19593583047389984,227,394
0,5,-0.12183932960033417,0.5052511692047119,-0.2002570778131485,0.3918716609477997,315,347
0,6,-0.12825191020965576,0.5287904143333435,-0.21834228932857513,0.3918716609477997,302,355
0,7,-0.11542673408985138,0.5499531626701355,-0.2514018416404724,0.3918716609477997,245,374
0,8,-0.11542672663927078,0.39382559061050415,0.003357904264703393,0.5878074765205383,253,336
0,9,-0.12367149442434311,0.42195284366607666,-0.003949467558413744,0.5878074765205383,284,336
0,10,-0.13191625475883484,0.4498766362667084,-0.014265328645706177,0.5878074765205383,281,336
 , , , , , , , 
0,0,0.109014131128788,0.48622119426727295,-0.007610616274178028,0.19593583047389984,297,325
0,1,0.11542671918869019,0.5147572159767151,-0.011491055600345135,0.19593583047389984,329,327
0,2,0.11725889891386032,0.45354950428009033,0.023186082020401955,0.29390373826026917,226,331
0,3,-0.11542671918869019,0.5113439559936523,-0.06028590351343155,0.3918716609477997,302,336
0,4,-0.10443370789289474,0.5395590662956238,-0.09053238481283188,0.3918716609477997,331,345
0,5,-0.12825191020965576,0.5565943121910095,-0.1322701871395111,0.3918716609477997,327,363
0,6,-0.13466452062129974,0.5667890906333923,-0.1989731639623642,0.3918716609477997,285,390
0,7,-0.06320987641811371,0.6594730615615845,0.12529011070728302,-0.09796791523694992,229,381
 , , , , , , , 
0,0,-0.11542671918869019,0.4971696436405182,-0.13390059769153595,0.09796791523694992,255,326
0,1,-0.12183932960033417,0.5253767967224121,-0.13914337754249573,0.09796791523694992,323,330
0,2,-0.12825191020965576,0.5523154735565186,-0.14913178980350494,0.09796791523694992,355,334
0,3,-0.13466452062129974,0.5787339806556702,-0.1609569787979126,0.09796791523694992,351,341
0,4,-0.16123098134994507,0.5992467403411865,-0.17559829354286194,0.09796791523694992,311,358
0,5,-0.043972086161375046,0.6964627504348755,0.08940599858760834,0.09796791523694992,255,431
0,6,-0.06320987641811371,0.667131781578064,0.07441417872905731,0.19593583047389984,289,388
0,7,0.11542671918869019,0.5002359747886658,-0.12194667011499405,0.3918716609477997,255,334
0,8,0.12183932960033417,0.5341473817825317,-0.10034062713384628,0.3918716609477997,288,340
0,9,0.10993021726608276,0.5685924291610718,-0.09142861515283585,0.3918716609477997,281,356
 , , , , , , , 
0,0,-0.139244943857193,0.5246590971946716,-0.12478049099445343,0.19593583047389984,303,340
0,1,-0.14657361805438995,0.554404079914093,-0.12203893810510635,0.19593583047389984,350,342
0,2,-0.1539023071527481,0.585387110710144,-0.11229757964611053,0.19593583047389984,354,354
0,3,-0.14107710123062134,0.6253028512001038,-0.07085540145635605,0.19593583047389984,323,374
0,4,-0.12641975283622742,0.6453145146369934,0.14894649386405945,0.29390373826026917,250,426
0,5,-0.06595812737941742,0.6933944821357727,0.09920183569192886,0.29390373826026917,226,468
0,6,-0.2052030712366104,0.42153266072273254,-0.014011594466865063,0.3918716609477997,225,318
0,7,-0.218028262257576,0.44805678725242615,-0.007863492704927921,0.3918716609477997,267,318
0,8,-0.23085343837738037,0.47446778416633606,-0.004167799372226,0.3918716609477997,268,321
 , , , , , , , 
0,0,-0.10443370789289474,0.5371465086936951,-0.10389285534620285,0.19593583047389984,287,330
0,1,-0.295895516872406,0.3951514661312103,0.2579295337200165,0.19593583047389984,287,330
0,2,-0.12825191020965576,0.5655303001403809,-0.08641831576824188,0.19593583047389984,361,329
0,3,-0.13466452062129974,0.5954717993736267,-0.07907935976982117,0.19593583047389984,378,343
0,4,-0.14107710123062134,0.6256651282310486,-0.06758159399032593,0.19593583047389984,353,368
0,5,-0.12641975283622742,0.661500096321106,-0.03214733302593231,0.19593583047389984,300,400
0,6,-0.06595812737941742,0.6980937719345093,0.05746295675635338,0.19593583047389984,229,437
0,7,-0.23360171914100647,0.44010108709335327,-0.009711232967674732,0.29390373826026917,228,330
0,8,-0.2638325095176697,0.4569701850414276,0.0010122281964868307,0.29390373826026917,267,331
0,9,0.6788191199302673,0.9105398058891296,-0.13114073872566223,0.3918716609477997,252,496
0,10,0.6962246894836426,0.9316380620002747,-0.14928695559501648,0.3918716609477997,258,483
0,11,0.08702808618545532,0.5497103333473206,-0.021706292405724525,0.4898395836353302,262,331
0,12,0.09160850942134857,0.5775572657585144,-0.042150720953941345,0.4898395836353302,329,334
0,13,0.09618894010782242,0.6058318018913269,-0.05186745896935463,0.4898395836353302,360,333
0,14,0.10076936334371567,0.634538471698761,-0.05597604066133499,0.4898395836353302,352,339
0,15,0.10534979403018951,0.664165735244751,-0.048817265778779984,0.4898395836353302,297,358
 , , , , , , , 
0,0,-0.12183932960033417,0.5368980169296265,-0.08439278602600098,0.19593583047389984,277,338
0,1,-0.14657361805438995,0.5614708065986633,-0.08371341973543167,0.19593583047389984,365,338
0,2,-0.1539023071527481,0.5898995399475098,-0.08548302948474884,0.19593583047389984,403,343
0,3,-0.16123098134994507,0.6179630756378174,-0.08973897248506546,0.19593583047389984,392,361
0,4,-0.16855967044830322,0.6460705995559692,-0.09369191527366638,0.19593583047389984,342,385
0,5,-0.19787438213825226,0.6638376712799072,-0.1230960488319397,0.19593583047389984,243,420
0,6,0.05771336704492569,0.6125281453132629,-0.021288396790623665,0.4898395836353302,316,335
0,7,0.0604616180062294,0.6415525078773499,-0.026107871904969215,0.4898395836353302,347,337
0,8,0.06320987641811371,0.6703195571899414,-0.03569371625781059,0.4898395836353302,344,341
0,9,0.08794417232275009,0.6955016851425171,-0.059418901801109314,0.4898395836353302,297,358
 , , , , , , , 
0,0,-0.24734297394752502,0.46598029136657715,-0.01068689115345478,0.09796791523694992,293,322
0,1,-0.24367865920066833,0.5004047751426697,-0.021029934287071228,0.09796791523694992,338,322
0,2,-0.20153872668743134,0.5490999817848206,-0.040156926959753036,0.09796791523694992,358,325
0,3,-0.17314009368419647,0.5863742828369141,-0.0718502327799797,0.09796791523694992,383,333
0,4,-0.16123098134994507,0.6172729730606079,-0.09436909109354019,0.09796791523694992,362,360
0,5,-0.16855967044830322,0.6430848240852356,-0.11237139999866486,0.09796791523694992,302,398
0,6,0.07695115357637405,0.6090969443321228,-0.045322686433792114,0.3918716609477997,308,339
0,7,0.08061549067497253,0.637414813041687,-0.05594981461763382,0.3918716609477997,378,341
0,8,0.08427983522415161,0.6658604741096497,-0.06422271579504013,0.3918716609477997,408,344
0,9,0.08794417232275009,0.694430947303772,-0.07084378600120544,0.3918716609477997,400,352
0,10,0.09160851687192917,0.7234724164009094,-0.07274121791124344,0.3918716609477997,346,375
 , , , , , , , 
0,0,-0.23085343837738037,0.47399985790252686,-0.02147495187819004,0.09796791523694992,232,324
0,1,-0.26108425855636597,0.4902113378047943,-0.04188474267721176,0.09796791523694992,259,328
0,2,-0.2748255431652069,0.48812317848205566,-0.17305457592010498,0.09796791523694992,244,333
0,3,-0.13466452062129974,0.5986812114715576,0.049203839153051376,0.09796791523694992,284,338
0,4,-0.16123098134994507,0.6199079155921936,0.0751374140381813,0.09796791523694992,290,357
0,5,0.08061549067497253,0.6397821307182312,-0.010336552746593952,0.29390373826026917,309,332
0,6,0.06320987641811371,0.6709423065185547,-0.020947134122252464,0.29390373826026917,367,338
0,7,0.06595812737941742,0.6998229026794434,-0.029746059328317642,0.29390373826026917,387,346
0,8,0.06870638579130173,0.7282916307449341,-0.04434506967663765,0.29390373826026917,371,361
0,9,0.07145464420318604,0.755470335483551,-0.07128393650054932,0.29390373826026917,328,385
0,10,-0.23818212747573853,0.020372215658426285,0.7237243056297302,0.29390373826026917,328,385
0,11,-0.02931472472846508,0.8952385783195496,0.2786862850189209,-0.7837433218955994,228,345
0,12,0.32246196269989014,0.5668026208877563,-0.6743372082710266,-0.7837433218955994,228,345
 , , , , , , , 
0,0,-0.12825191020965576,0.567089319229126,-0.07551389932632446,0.09796791523694992,257,328
0,1,-0.13466452062129974,0.5972508788108826,-0.06427710503339767,0.09796791523694992,334,330
0,2,-0.14107710123062134,0.6261488795280457,-0.06294185668230057,0.09796791523694992,360,339
0,3,-0.14748971164226532,0.6531394124031067,-0.07907892018556595,0.09796791523694992,341,358
0,4,0.045804258435964584,0.7307398319244385,0.031891003251075745,0.19593583047389984,313,394
0,5,0.0,0.7602120637893677,0.054774388670921326,0.19593583047389984,273,433
0,6,-0.04946859925985336,0.7883769273757935,0.04983093589544296,0.19593583047389984,226,474
0,7,0.043972086161375046,0.6958787441253662,0.09384364634752274,0.29390373826026917,352,345
 , , , , , , , 
0,0,-0.23085343837738037,0.47441375255584717,0.008285689167678356,0.19593583047389984,236,327
0,1,-0.24367865920066833,0.5007656216621399,0.008997894823551178,0.19593583047389984,295,327
0,2,-0.23818212747573853,0.535680890083313,0.007517016958445311,0.19593583047389984,318,329
0,3,-0.13466452062129974,0.5994004011154175,-0.03948891907930374,0.19593583047389984,354,334
0,4,-0.14107710123062134,0.6269087791442871,-0.0548592172563076,0.19593583047389984,386,350
0,5,-0.12641975283622742,0.657500684261322,-0.07942746579647064,0.19593583047389984,376,380
0,6,-0.1539023071527481,0.6700680255889893,-0.14936625957489014,0.19593583047389984,324,416
0,7,0.06870638579130173,0.7290955781936646,0.028191734105348587,0.29390373826026917,324,421
0,8,0.07145464420318604,0.7588241696357727,0.001661339309066534,0.29390373826026917,287,462
0,9,0.8079870939254761,0.9265044927597046,-0.06815639138221741,0.5878074765205383,227,422
0,10,0.8272249102592468,0.9489669799804688,-0.06406675279140472,0.5878074765205383,266,411
0,11,0.8061549067497253,1.0036760568618774,-0.08035117387771606,0.5878074765205383,265,408
 , , , , , , , 
0,0,-0.1209232360124588,0.6275699138641357,0.08637396991252899,0.19593583047389984,328,343
0,1,-0.12641975283622742,0.6546478867530823,0.10025963187217712,0.19593583047389984,338,362
0,2,-0.13191625475883484,0.6802110075950623,0.12205933779478073,0.19593583047389984,307,390
0,3,-0.22627303004264832,0.5085788369178772,-0.019352521747350693,0.29390373826026917,267,329
0,4,-0.23818212747573853,0.5355049967765808,-0.01564869098365307,0.29390373826026917,299,327
0,5,-0.2116156667470932,0.576491117477417,0.043029628694057465,0.29390373826026917,298,330
0,6,0.09160851687192917,0.7270066738128662,0.012841719202697277,0.3918716609477997,283,408
0,7,0.11909106373786926,0.7528185844421387,0.0020257378928363323,0.3918716609477997,281,439
0,8,0.1236715018749237,0.7804316878318787,-0.045828431844711304,0.3918716609477997,248,468
0,9,-0.17314009368419647,0.16979274153709412,-0.7534330487251282,0.3918716609477997,248,468
0,10,0.8272249102592468,0.9469084143638611,-0.08948385715484619,0.6857753992080688,225,427
0,11,0.8464626669883728,0.9692623019218445,-0.08797161281108856,0.6857753992080688,265,429
0,12,0.8657004833221436,0.9911777973175049,-0.09120999276638031,0.6857753992080688,269,434
0,13,0.8427983522415161,1.0467174053192139,-0.11164592951536179,0.6857753992080688,234,443
 , , , , , , , 
0,0,-0.10993021726608276,0.6787270903587341,-0.1491047441959381,0.0,302,327
0,1,-0.11451064795255661,0.696585476398468,-0.1968546360731125,0.0,280,339
0,2,-0.10534979403018951,0.663079559803009,-0.06184409186244011,0.19593583047389984,348,363
0,3,-0.10993021726608276,0.6914997100830078,-0.06878093630075455,0.19593583047389984,345,387
0,4,-0.11451064795255661,0.7164337635040283,-0.10346831381320953,0.19593583047389984,299,421
0,5,-0.22627303004264832,0.508814811706543,-0.011595360934734344,0.29390373826026917,245,347
0,6,-0.23818212747573853,0.5356737971305847,-0.008003410883247852,0.29390373826026917,303,351
0,7,-0.2500912547111511,0.5623428821563721,0.014128458686172962,0.29390373826026917,326,353
0,8,-0.26200035214424133,0.5759326219558716,0.1248370110988617,0.29390373826026917,317,356
0,9,0.09527285397052765,0.7531955242156982,0.06739586591720581,0.3918716609477997,284,456
0,10,0.1236715018749237,0.7795056700706482,0.05953727290034294,0.3918716609477997,272,495
0,11,0.12825192511081696,0.8087812662124634,0.05618788301944733,0.3918716609477997,236,527
0,12,0.8657004833221436,0.9915542006492615,-0.0870230421423912,0.5878074765205383,277,421
0,13,0.8849382400512695,1.0142241716384888,-0.08139194548130035,0.5878074765205383,304,419
0,14,0.9041760563850403,1.0366063117980957,-0.07889439910650253,0.5878074765205383,293,425
0,15,0.9234138131141663,1.0593804121017456,-0.07049449533224106,0.5878074765205383,243,439
 , , , , , , , 
0,0,-0.18321703374385834,0.6925825476646423,-0.1544560045003891,0.09796791523694992,321,333
0,1,-0.16672749817371368,0.7302519679069519,-0.14091356098651886,0.09796791523694992,301,347
0,2,-0.1484057903289795,0.758182942867279,-0.17205451428890228,0.09796791523694992,236,368
0,3,-0.28581854701042175,0.6080422401428223,-0.20875763893127441,0.19593583047389984,287,352
0,4,-0.21986043453216553,0.5431001782417297,-0.021089527755975723,0.29390373826026917,242,335
0,5,-0.2116156667470932,0.577897310256958,-0.015107778832316399,0.29390373826026917,292,335
0,6,-0.2418464720249176,0.5973213911056519,-0.025383401662111282,0.29390373826026917,304,337
0,7,-0.27390944957733154,0.6125590801239014,-0.06589958071708679,0.29390373826026917,285,341
0,8,0.11909106373786926,0.749199628829956,0.07375587522983551,0.4898395836353302,263,389
0,9,0.1236715018749237,0.7796183824539185,0.05804266035556793,0.4898395836353302,302,413
0,10,0.1539023071527481,0.8057751655578613,0.027807530015707016,0.4898395836353302,299,438
0,11,0.15939882397651672,0.8340537548065186,-0.040771499276161194,0.4898395836353302,268,457
0,12,-0.1328323483467102,0.023078715428709984,0.8393681645393372,0.4898395836353302,268,457
 , , , , , , , 
0,0,-0.08061549067497253,0.6365964412689209,-0.06459854543209076,0.19593583047389984,260,344
0,1,-0.08427983522415161,0.6664549708366394,-0.057727765291929245,0.19593583047389984,366,343
0,2,-0.08794417232275009,0.6956804990768433,-0.05728697404265404,0.19593583047389984,419,346
0,3,-0.09160851687192917,0.7246123552322388,-0.06033734604716301,0.19593583047389984,436,350
0,4,-0.09527285397052765,0.7532635927200317,-0.06663121283054352,0.19593583047389984,412,363
0,5,-0.09893719851970673,0.7814569473266602,-0.07749112695455551,0.19593583047389984,333,397
0,6,-0.1813848614692688,0.61867755651474,0.016264181584119797,0.3918716609477997,265,335
0,7,0.1026015356183052,0.7849052548408508,0.21709312498569489,0.4898395836353302,233,435
 , , , , , , , 
0,0,-0.08794417232275009,0.6976627707481384,-0.02279943972826004,0.3918716609477997,295,352
0,1,-0.06870638579130173,0.7295858263969421,-0.0089274812489748,0.3918716609477997,325,354
0,2,-0.07145464420318604,0.7588210701942444,0.0027272161096334457,0.3918716609477997,311,369
0,3,-0.07420289516448975,0.7880109548568726,0.0010419389000162482,0.3918716609477997,263,391
0,4,-0.1813848614692688,0.6187538504600525,-0.01304178312420845,0.4898395836353302,245,341
0,5,-0.16855967044830322,0.6528229117393494,-0.002766422461718321,0.4898395836353302,283,344
 , , , , , , , 
0,0,0.0,0.8455698490142822,0.08790699392557144,0.5878074765205383,233,391
0,1,-0.06870638579130173,0.7265241742134094,-0.06736301630735397,0.6857753992080688,321,344
0,2,-0.047636426985263824,0.7596655488014221,-0.039518117904663086,0.6857753992080688,349,347
0,3,-0.04946859925985336,0.7899391055107117,-0.004181555472314358,0.6857753992080688,343,355
0,4,-0.0513007678091526,0.8181458115577698,0.041694361716508865,0.6857753992080688,297,376
0,5,-0.3297906517982483,0.6207345128059387,0.030235642567276955,-0.7837433218955994,279,342
0,6,-0.043972086161375046,0.15464068949222565,-0.6849380135536194,-0.7837433218955994,279,342
 , , , , , , , 
0,0,0.22718912363052368,0.8791743516921997,-0.035721197724342346,0.4898395836353302,347,336
0,1,0.23451779782772064,0.9076848030090332,-0.03297434747219086,0.4898395836353302,393,339
0,2,0.2418464720249176,0.9361265301704407,-0.03182544559240341,0.4898395836353302,393,352
0,3,0.28032204508781433,0.9561439156532288,-0.024910734966397285,0.4898395836353302,353,372
0,4,0.28856682777404785,0.9836641550064087,0.04291388764977455,0.5878074765205383,235,444
0,5,-0.23085345327854156,0.7876770496368408,-0.002084112726151943,-0.7837433218955994,362,347
0,6,0.07695115357637405,0.0781402587890625,0.8134527802467346,-0.7837433218955994,362,347
0,7,-0.23909823596477509,0.8155825734138489,-0.01931479014456272,-0.7837433218955994,368,352
0,8,0.07969941198825836,0.2193240374326706,0.8174722790718079,-0.7837433218955994,368,352
0,9,0.047636426985263824,0.37370115518569946,-0.6625714302062988,-0.6857753992080688,235,331
0,10,-0.2143639177083969,0.7244644165039062,0.10060841590166092,-0.6857753992080688,235,331
0,11,-0.22260870039463043,0.7557360529899597,0.07600545138120651,-0.6857753992080688,332,329
0,12,0.07420289516448975,0.3123137950897217,-0.7234793901443481,-0.6857753992080688,332,329
0,13,-0.24734298884868622,0.8419700264930725,0.057668354362249374,-0.6857753992080688,347,348
0,14,0.08244766294956207,0.20641537010669708,-0.8508894443511963,-0.6857753992080688,347,348
0,15,-0.25558775663375854,0.8694481253623962,0.06762595474720001,-0.6857753992080688,263,378
0,16,0.08519592136144638,0.09787755459547043,-0.8994442820549011,-0.6857753992080688,263,378
0,17,-0.34628018736839294,0.7107154726982117,0.03797381743788719,-0.4898395836353302,265,337
0,18,-0.04946859925985336,0.18895506858825684,-0.7670184373855591,-0.4898395836353302,265,337
 , , , , , , , 
0,0,0.2418464720249176,0.9366455674171448,0.0063906400464475155,0.3918716609477997,281,403
0,1,0.24917516112327576,0.9644106030464172,-0.03515828028321266,0.3918716609477997,242,447
0,2,0.0,0.8198941349983215,-0.038812749087810516,0.5878074765205383,340,332
0,3,0.0,0.8495025634765625,-0.03257766738533974,0.5878074765205383,407,331
0,4,0.0,0.8788884878158569,-0.03118887171149254,0.5878074765205383,429,336
0,5,0.0,0.9082026481628418,-0.03172305226325989,0.5878074765205383,412,346
0,6,0.0,0.9371618032455444,-0.04129545018076897,0.5878074765205383,346,372
 , , , , , , , 
0,0,0.02748255431652069,0.8748869895935059,-0.08505984395742416,0.29390373826026917,300,330
0,1,0.02839864045381546,0.9055406451225281,-0.0709088146686554,0.29390373826026917,325,329
0,2,0.02931472472846508,0.9361810684204102,-0.051799263805150986,0.29390373826026917,311,332
0,3,0.0,0.8409704566001892,-0.12443723529577255,0.3918716609477997,242,335
0,4,0.0,0.8794322609901428,-0.00408030953258276,0.4898395836353302,290,342
0,5,0.0,0.9086936712265015,0.010686509311199188,0.4898395836353302,308,346
0,6,0.0,0.938052773475647,-0.0058865416795015335,0.4898395836353302,296,349
0,7,0.12458758056163788,0.958497166633606,0.24325570464134216,0.4898395836353302,235,398
 , , , , , , , 
0,0,0.02748255431652069,0.8772842288017273,-0.05508952960371971,0.3918716609477997,292,341
0,1,0.02839864045381546,0.9066991209983826,-0.054116182029247284,0.3918716609477997,344,337
0,2,0.02931472472846508,0.9365984201431274,-0.04360727220773697,0.3918716609477997,362,335
0,3,0.0302308090031147,0.96663498878479,-0.023203907534480095,0.3918716609477997,342,341
0,4,0.13191625475883484,1.0459996461868286,0.04695011302828789,0.3918716609477997,228,446
0,5,-0.03114689514040947,0.9879804849624634,0.12781471014022827,0.4898395836353302,260,375
 , , , , , , , 
0,0,0.296811580657959,1.0123095512390137,-0.02921712026000023,0.29390373826026917,333,346
0,1,0.0,0.9609062671661377,0.11177945882081985,0.3918716609477997,321,330
0,2,0.0,0.9923128485679626,0.09342031180858612,0.3918716609477997,347,331
0,3,0.1694757491350174,1.0673115253448486,0.09261889010667801,0.3918716609477997,321,395
0,4,0.17405617237091064,1.0975584983825684,0.07730318605899811,0.3918716609477997,308,436
0,5,0.1786366105079651,1.1264632940292358,0.07902909815311432,0.3918716609477997,252,480
0,6,-0.03206298127770424,1.0046011209487915,0.20604871213436127,0.4898395836353302,333,338
0,7,0.02839864045381546,0.9040367603302002,-0.08803090453147888,0.6857753992080688,295,335
0,8,0.02931472472846508,0.9313169717788696,-0.10847511142492294,0.6857753992080688,345,337
0,9,0.0302308090031147,0.9584312438964844,-0.1277933418750763,0.6857753992080688,360,339
0,10,0.06229379028081894,0.9844508171081543,-0.14278769493103027,0.6857753992080688,338,345
0,11,0.06412596255540848,1.0123423337936401,-0.15413761138916016,0.6857753992080688,269,369
 , , , , , , , 
0,0,0.0,0.9578761458396912,0.13530981540679932,0.29390373826026917,268,340
0,1,0.0,0.9951195120811462,0.056119631975889206,0.29390373826026917,301,343
0,2,0.2565038502216339,0.9854149222373962,0.12597914040088654,0.29390373826026917,336,346
0,3,0.2638325095176697,1.019240140914917,0.07254916429519653,0.29390373826026917,388,353
0,4,0.27116119861602783,1.0489401817321777,0.051482904702425,0.29390373826026917,391,377
0,5,0.24367865920066833,1.0856767892837524,0.05322186276316643,0.29390373826026917,364,411
0,6,0.2143639326095581,1.1217461824417114,0.05300771817564964,0.29390373826026917,318,450
0,7,0.18321701884269714,1.1576602458953857,0.03491602838039398,0.29390373826026917,247,493
0,8,-0.14657361805438995,0.9265217781066895,-0.007150753401219845,-0.6857753992080688,230,339
0,9,0.17588834464550018,0.11808837205171585,0.913835883140564,-0.6857753992080688,230,339
0,10,-0.1813848614692688,0.949437141418457,-0.03878416493535042,-0.6857753992080688,319,341
0,11,0.1813848614692688,0.2526308298110962,0.9160309433937073,-0.6857753992080688,319,341
0,12,-0.18688136339187622,0.9777503609657288,-0.0499177910387516,-0.6857753992080688,365,342
0,13,0.18688136339187622,0.28991860151290894,0.9351121783256531,-0.6857753992080688,365,342
0,14,-0.19237789511680603,1.0063332319259644,-0.054696548730134964,-0.6857753992080688,374,344
0,15,0.19237789511680603,0.3129487633705139,0.9579986333847046,-0.6857753992080688,374,344
0,16,-0.19787438213825226,1.0354673862457275,-0.048729028552770615,-0.6857753992080688,344,353
0,17,0.19787438213825226,0.32413747906684875,0.9846329689025879,-0.6857753992080688,344,353
 , , , , , , , 
0,0,0.0,1.019217848777771,0.11790850758552551,0.09796791523694992,348,341
0,1,0.0,1.0492820739746094,0.1128208115696907,0.09796791523694992,340,346
0,2,0.0,0.9557594060897827,0.14953061938285828,0.19593583047389984,289,328
0,3,0.0,0.9849362373352051,0.1526852399110794,0.19593583047389984,336,333
0,4,0.27116119861602783,1.0498685836791992,0.02649366855621338,0.3918716609477997,408,335
0,5,0.278489887714386,1.078444480895996,0.01751234382390976,0.3918716609477997,411,341
0,6,0.32154589891433716,1.097015619277954,0.015526720322668552,0.3918716609477997,374,355
0,7,0.15023796260356903,1.192367672920227,0.01613345369696617,0.4898395836353302,246,424
0,8,0.18321701884269714,1.156970500946045,0.053062088787555695,0.5878074765205383,327,364
0,9,-0.15573447942733765,0.9842987656593323,0.017745206132531166,-0.6857753992080688,249,345
0,10,0.18688136339187622,0.37531307339668274,0.9042276740074158,-0.6857753992080688,249,345
0,11,-0.19237789511680603,1.0077900886535645,-0.007571544963866472,-0.6857753992080688,348,347
0,12,0.19237789511680603,0.2634274959564209,0.9727817177772522,-0.6857753992080688,348,347
0,13,-0.19787438213825226,1.0365833044052124,-0.007890957407653332,-0.6857753992080688,397,348
0,14,0.19787438213825226,0.21540731191635132,1.0139856338500977,-0.6857753992080688,397,348
0,15,-0.20337089896202087,1.0653786659240723,-0.007940125651657581,-0.6857753992080688,402,356
0,16,0.20337089896202087,0.20712566375732422,1.0450806617736816,-0.6857753992080688,402,356
0,17,-0.2088674157857895,1.0941835641860962,-0.006522207986563444,-0.6857753992080688,372,368
0,18,0.2088674157857895,0.23949013650417328,1.067672610282898,-0.6857753992080688,372,368
 , , , , , , , 
0,0,0.03206298127770424,1.006809115409851,0.19497448205947876,0.09796791523694992,234,343
0,1,0.278489887714386,1.0781279802322388,-0.03145609423518181,0.4898395836353302,367,339
0,2,0.32154589891433716,1.09671950340271,-0.02984321489930153,0.4898395836353302,372,344
0,3,0.3664340376853943,1.11359441280365,-0.024462351575493813,0.4898395836353302,341,359
0,4,0.1877974569797516,1.1855344772338867,-0.061746276915073395,0.6857753992080688,334,367
0,5,0.19237788021564484,1.2154040336608887,-0.04101931303739548,0.6857753992080688,302,398
0,6,0.23634997010231018,1.237738013267517,-0.03297477215528488,0.6857753992080688,227,436
0,7,0.20337089896202087,0.2992255985736847,-1.022525668144226,-0.6857753992080688,344,339
0,8,-0.20337089896202087,1.0613960027694702,0.09237564355134964,-0.6857753992080688,344,339
0,9,0.2088674157857895,0.3193195164203644,-1.0465731620788574,-0.6857753992080688,392,340
0,10,-0.2088674157857895,1.0907021760940552,0.08745843172073364,-0.6857753992080688,392,340
0,11,0.2143639326095581,0.3064732253551483,-1.0803695917129517,-0.6857753992080688,399,346
0,12,-0.2143639326095581,1.11989164352417,0.08346792310476303,-0.6857753992080688,399,346
0,13,-0.21986043453216553,1.1491332054138184,0.07822419703006744,-0.6857753992080688,361,360
0,14,0.21986043453216553,0.1897803544998169,-1.1360499858856201,-0.6857753992080688,361,360
0,15,0.03114689514040947,0.9948500394821167,0.05210994929075241,-0.09796791523694992,227,333
0,16,0.0,1.0237722396850586,0.0678081139922142,-0.09796791523694992,244,334
 , , , , , , , 
0,0,0.0,0.9833250045776367,0.16273954510688782,0.09796791523694992,260,335
0,1,0.0,1.0137336254119873,0.15827690064907074,0.09796791523694992,282,340
0,2,0.0,1.0439757108688354,0.154389426112175,0.09796791523694992,275,346
0,3,0.0,1.0744009017944336,0.14871746301651,0.09796791523694992,227,360
0,4,0.23726604878902435,1.058316707611084,-0.011179606430232525,0.5878074765205383,228,351
0,5,0.278489887714386,1.0780296325683594,-0.03466341271996498,0.5878074765205383,327,351
0,6,0.28581857681274414,1.1059373617172241,-0.04781514033675194,0.5878074765205383,380,351
0,7,0.2931472361087799,1.1335492134094238,-0.063998743891716,0.5878074765205383,393,353
0,8,0.30047592520713806,1.1600068807601929,-0.09311694651842117,0.5878074765205383,359,367
0,9,0.2693290412425995,0.4289929270744324,-1.122196912765503,-0.7837433218955994,358,361
0,10,-0.19237788021564484,1.205837607383728,0.15762467682361603,-0.7837433218955994,358,361
0,11,0.31513330340385437,0.5615252256393433,-1.083662509918213,-0.7837433218955994,285,386
0,12,-0.15756665170192719,1.222865343093872,0.26213952898979187,-0.7837433218955994,285,386
0,13,0.2143639326095581,0.5231034755706787,-0.9937238097190857,-0.6857753992080688,343,334
0,14,-0.2143639326095581,1.110235333442688,0.16882480680942535,-0.6857753992080688,343,334
0,15,0.21986043453216553,0.5203744173049927,-1.0275391340255737,-0.6857753992080688,391,334
0,16,-0.21986043453216553,1.1404544115066528,0.1612141877412796,-0.6857753992080688,391,334
0,17,0.22535693645477295,0.5095428228378296,-1.064966082572937,-0.6857753992080688,396,341
0,18,-0.22535693645477295,1.1703013181686401,0.15550416707992554,-0.6857753992080688,396,341
 , , , , , , , 
0,0,0.0302308090031147,0.9626587629318237,0.09060709178447723,0.29390373826026917,246,330
0,1,0.03114689514040947,0.9930181503295898,0.07973134517669678,0.29390373826026917,306,333
0,2,0.03206298127770424,1.0229555368423462,0.07239723205566406,0.29390373826026917,330,335
0,3,0.03297906368970871,1.0527056455612183,0.06666862964630127,0.29390373826026917,326,335
0,4,0.03389514982700348,1.0824307203292847,0.060407958924770355,0.29390373826026917,274,352
0,5,0.16123098134994507,1.2749650478363037,-0.11034552752971649,0.5878074765205383,231,426
0,6,0.2500912547111511,1.1147600412368774,-0.04290014132857323,0.6857753992080688,268,352
0,7,0.2565038204193115,1.143195390701294,-0.04769657552242279,0.6857753992080688,351,357
0,8,0.2629164457321167,1.1719200611114502,-0.045287225395441055,0.6857753992080688,390,364
0,9,0.2693290412425995,1.200263261795044,-0.052239321172237396,0.6857753992080688,392,373
0,10,0.2757416367530823,1.2261929512023926,-0.09675351530313492,0.6857753992080688,345,389
0,11,0.04030774533748627,1.2891719341278076,-0.010881388559937477,-0.7837433218955994,252,407
0,12,0.4836929440498352,0.18558767437934875,1.1812306642532349,-0.7837433218955994,252,407
 , , , , , , , 
0,0,0.2629164457321167,1.1697216033935547,-0.08484556525945663,0.19593583047389984,235,359
0,1,0.30047592520713806,1.162929654121399,-0.04337310045957565,0.3918716609477997,267,352
0,2,0.3078046143054962,1.1913214921951294,-0.043684594333171844,0.3918716609477997,314,357
0,3,0.31513330340385437,1.2198927402496338,-0.03868595510721207,0.3918716609477997,329,361
0,4,0.2821542024612427,1.2575633525848389,0.051293112337589264,0.4898395836353302,248,440
0,5,0.24734298884868622,1.2956243753433228,0.019209563732147217,0.4898395836353302,258,458
0,6,0.21069958806037903,1.3318148851394653,-0.016309265047311783,0.4898395836353302,235,489
0,7,0.06412596255540848,1.0167723894119263,0.121529221534729,0.6857753992080688,288,332
0,8,0.06595812737941742,1.0466371774673462,0.11799000948667526,0.6857753992080688,317,332
0,9,0.06779029965400696,1.0760786533355713,0.11795506626367569,0.6857753992080688,316,334
0,10,0.0696224719285965,1.1053733825683594,0.11919818818569183,0.6857753992080688,276,346
 , , , , , , , 
0,0,0.3078046143054962,1.1892260313034058,-0.08304598182439804,0.19593583047389984,234,371
0,1,0.31513330340385437,1.2166521549224854,-0.09691543132066727,0.19593583047389984,244,381
0,2,0.25283950567245483,1.320412278175354,0.10476158559322357,0.4898395836353302,338,366
0,3,0.25833600759506226,1.3502838611602783,0.09114260226488113,0.4898395836353302,329,391
0,4,0.2638325095176697,1.3797833919525146,0.08086857199668884,0.4898395836353302,273,425
0,5,0.07878332585096359,1.252789855003357,0.11512841284275055,0.5878074765205383,288,356
0,6,0.08061549067497253,1.2851430177688599,0.0749402791261673,0.5878074765205383,335,359
0,7,0.041223831474781036,1.3167937994003296,-0.06741397827863693,0.5878074765205383,342,359
0,8,0.20337089896202087,0.40593552589416504,-0.9850436449050903,-0.7837433218955994,255,348
0,9,-0.23726604878902435,1.0518368482589722,0.11746709048748016,-0.7837433218955994,255,348
0,10,-0.2088674157857895,1.0852211713790894,0.13991160690784454,-0.7837433218955994,270,351
0,11,0.2088674157857895,0.4154404103755951,-1.0122694969177246,-0.7837433218955994,270,351
0,12,-0.2143639326095581,1.110729455947876,0.1655428111553192,-0.7837433218955994,253,354
0,13,0.2143639326095581,0.44104665517807007,-1.0327643156051636,-0.7837433218955994,253,354
 , , , , , , , 
0,0,0.31513330340385437,1.2178369760513306,-0.08067277818918228,0.4898395836353302,320,341
0,1,0.2821542024612427,1.2581182718276978,-0.03514089807868004,0.4898395836353302,351,342
0,2,0.16489532589912415,1.308053970336914,0.04465924948453903,0.4898395836353302,376,347
0,3,0.12641975283622742,1.3364694118499756,0.12750965356826782,0.4898395836353302,382,364
0,4,0.08611200749874115,1.3618913888931274,0.1901254504919052,0.4898395836353302,345,399
0,5,0.13191625475883484,1.3840656280517578,0.2165868729352951,0.4898395836353302,279,439
0,6,0.17405617237091064,0.48142024874687195,-0.9893659353256226,-0.6857753992080688,226,341
0,7,-0.24367865920066833,1.0803958177566528,0.11946329474449158,-0.6857753992080688,226,341
0,8,0.1786366105079651,0.4468935430049896,-1.0370396375656128,-0.6857753992080688,287,341
0,9,-0.2500912547111511,1.1111980676651,0.0988399088382721,-0.6857753992080688,287,341
0,10,0.18321701884269714,0.41488105058670044,-1.0813279151916504,-0.6857753992080688,313,342
0,11,-0.2565038204193115,1.141038179397583,0.08486710488796234,-0.6857753992080688,313,342
0,12,0.1877974569797516,0.3829309642314911,-1.1236852407455444,-0.6857753992080688,309,345
0,13,-0.2629164457321167,1.1701403856277466,0.07885988056659698,-0.6857753992080688,309,345
0,14,-0.2693290412425995,1.1983853578567505,0.08504901826381683,-0.6857753992080688,263,362
0,15,0.19237788021564484,0.3692868947982788,-1.1586703062057495,-0.6857753992080688,263,362
 , , , , , , , 
0,0,0.12916800379753113,1.3579646348953247,0.19380120933055878,0.4898395836353302,368,349
0,1,0.17588834464550018,1.383988618850708,0.18327149748802185,0.4898395836353302,381,354
0,2,0.22444085776805878,1.4158810377120972,0.09063167124986649,0.5878074765205383,344,390
0,3,0.22902129590511322,1.4464807510375977,0.06021406874060631,0.5878074765205383,315,411
0,4,0.23360170423984528,1.4757080078125,0.053790781646966934,0.5878074765205383,253,438
0,5,0.1877974569797516,0.41963106393814087,-1.1105018854141235,-0.6857753992080688,285,341
0,6,-0.2629164457321167,1.1693648099899292,0.08962839841842651,-0.6857753992080688,285,341
0,7,0.19237788021564484,0.4086284041404724,-1.1453875303268433,-0.6857753992080688,313,341
0,8,-0.2693290412425995,1.1991493701934814,0.07349550724029541,-0.6857753992080688,313,341
0,9,0.15756665170192719,0.7260709404945374,-1.0183013677597046,-0.6857753992080688,310,340
0,10,-0.2757416367530823,1.2276990413665771,0.07526925206184387,-0.6857753992080688,310,340
0,11,0.08061549067497253,1.2159053087234497,-0.42282724380493164,-0.6857753992080688,290,355
0,12,0.041223831474781036,1.3140226602554321,-0.10878895968198776,-0.6857753992080688,308,384
0,13,0.042139917612075806,1.3451642990112305,-0.08454974740743637,-0.6857753992080688,280,421
 , , , , , , , 
0,0,0.12916800379753113,1.3712081909179688,-0.03761284053325653,0.29390373826026917,332,341
0,1,0.13191625475883484,1.4004096984863281,-0.037421513348817825,0.29390373826026917,357,343
0,2,0.13466452062129974,1.4294840097427368,-0.04180586338043213,0.29390373826026917,347,350
0,3,0.0,1.2595220804214478,0.05047978088259697,0.6857753992080688,246,350
0,4,0.0,1.2886157035827637,0.05636584386229515,0.6857753992080688,281,352
0,5,0.041223831474781036,1.317335844039917,0.05582788214087486,0.6857753992080688,286,356
0,6,0.042139917612075806,1.3468971252441406,0.04983415827155113,-0.6857753992080688,265,379
0,7,0.043056003749370575,1.3769795894622803,-0.019606927409768105,-0.6857753992080688,291,390
0,8,0.043972086161375046,1.405794382095337,-0.04193134605884552,-0.6857753992080688,275,410
 , , , , , , , 
0,0,0.1722240149974823,1.3660814762115479,-0.04971339553594589,0.29390373826026917,295,357
0,1,0.17588834464550018,1.3950321674346924,-0.053832393139600754,0.29390373826026917,349,357
0,2,0.17955268919467926,1.4238346815109253,-0.06133929640054703,0.29390373826026917,368,357
0,3,0.18321703374385834,1.4524602890014648,-0.07192762941122055,0.29390373826026917,350,359
0,4,0.0,1.2884650230407715,0.0597112700343132,0.5878074765205383,261,349
0,5,0.0,1.318347454071045,0.04636719822883606,0.5878074765205383,293,352
0,6,0.042139917612075806,1.347257375717163,0.03889964520931244,0.5878074765205383,293,354
0,7,0.043972086161375046,1.4054006338119507,0.053524624556303024,-0.5878074765205383,325,349
0,8,0.044888172298669815,1.434719204902649,0.05359819531440735,-0.5878074765205383,371,348
0,9,0.0,1.4651209115982056,0.04247032850980759,-0.5878074765205383,380,351
0,10,0.0,1.4946415424346924,0.03498627245426178,-0.5878074765205383,352,361
 , , , , , , , 
0,0,0.21528002619743347,1.3605870008468628,-0.02772676944732666,0.3918716609477997,226,346
0,1,0.17588834464550018,1.3945847749710083,-0.06438932567834854,0.3918716609477997,316,350
0,2,0.17955268919467926,1.4226582050323486,-0.08432753384113312,0.3918716609477997,359,355
0,3,0.18321703374385834,1.4502547979354858,-0.10759091377258301,0.3918716609477997,365,361
0,4,0.18688136339187622,1.4761837720870972,-0.14537550508975983,0.3918716609477997,339,368
0,5,0.0,1.3478672504425049,0.04056132957339287,0.5878074765205383,243,345
0,6,0.043056003749370575,1.3766273260116577,0.03680283948779106,0.5878074765205383,268,347
0,7,-0.04946859925985336,1.5810853242874146,0.059963345527648926,-0.7837433218955994,254,404
0,8,0.4946860074996948,0.1954558789730072,-1.4909582138061523,-0.7837433218955994,254,404
 , , , , , , , 
0,0,0.17588834464550018,1.3960157632827759,-0.012358051724731922,0.5878074765205383,230,352
0,1,0.22444085776805878,1.4177334308624268,-0.054450977593660355,0.5878074765205383,324,352
0,2,0.22902129590511322,1.445393443107605,-0.08227923512458801,0.5878074765205383,372,353
0,3,0.23360170423984528,1.4728834629058838,-0.10593312233686447,0.5878074765205383,378,362
0,4,0.23818212747573853,1.4995828866958618,-0.1349487006664276,0.5878074765205383,345,375
0,5,0.24276256561279297,1.5345604419708252,0.010637023486196995,0.6857753992080688,307,384
0,6,0.2473430037498474,1.559383749961853,0.11409508436918259,0.6857753992080688,264,425
0,7,0.04946859925985336,1.579608678817749,0.09090159833431244,-0.5878074765205383,352,339
 , , , , , , , 
0,0,-0.045804258435964584,1.4625593423843384,-0.08488166332244873,-0.7837433218955994,274,333
0,1,0.45804259181022644,0.27684664726257324,1.364527702331543,-0.7837433218955994,274,333
0,2,-0.09344068169593811,1.4906922578811646,-0.06544176489114761,-0.7837433218955994,366,333
0,3,0.4204830527305603,0.25369229912757874,1.4120947122573853,-0.7837433218955994,366,333
0,4,-0.14290928840637207,1.515959620475769,-0.07165142148733139,-0.7837433218955994,400,340
0,5,0.4287278354167938,0.28207361698150635,1.4353805780410767,-0.7837433218955994,400,340
0,6,-0.14565753936767578,1.5454823970794678,-0.06473537534475327,-0.7837433218955994,388,356
0,7,0.43697261810302734,0.29335057735443115,1.4618217945098877,-0.7837433218955994,388,356
0,8,-0.1484057903289795,1.5759894847869873,-0.010309741832315922,-0.7837433218955994,337,378
0,9,-0.050384681671857834,1.6086410284042358,0.0963231548666954,-0.7837433218955994,268,410
0,10,0.0,1.6322413682937622,0.1752699762582779,-0.7837433218955994,233,454
0,11,1.3851207494735718,0.8795554637908936,-0.052479058504104614,-0.09796791523694992,242,386
 , , , , , , , 
0,0,0.4323921799659729,1.6450145244598389,-0.3136428892612457,0.5878074765205383,243,442
0,1,0.5643084645271301,1.4301940202713013,0.5753540396690369,0.6857753992080688,254,374
0,2,0.0513007678091526,1.4709910154342651,-0.7269697785377502,0.6857753992080688,254,374
0,3,0.46995168924331665,1.5826528072357178,0.2576695680618286,0.6857753992080688,287,405
0,4,0.47819647192955017,1.6288294792175293,0.09542831778526306,0.6857753992080688,252,445
0,5,-0.14290928840637207,1.5173829793930054,-0.028570475056767464,-0.7837433218955994,272,334
0,6,-0.14565753936767578,1.5449676513671875,-0.07603763788938522,-0.7837433218955994,336,333
0,7,-0.1484057903289795,1.5718556642532349,-0.11453954130411148,-0.7837433218955994,360,337
0,8,0.44521740078926086,0.33736029267311096,1.4811627864837646,-0.7837433218955994,360,337
0,9,-0.1511540412902832,1.5898938179016113,-0.22120802104473114,-0.7837433218955994,333,354
0,10,0.4534621238708496,0.633285641670227,1.4116884469985962,-0.7837433218955994,333,354
0,11,1.3851207494735718,0.87895667552948,-0.061700884252786636,-0.09796791523694992,281,394
0,12,1.4098550081253052,0.8898420333862305,-0.11192968487739563,-0.09796791523694992,236,416
 , , , , , , , 
0,0,0.4104061424732208,1.5488662719726562,0.35708707571029663,0.4898395836353302,285,344
0,1,0.46995168924331665,1.5940473079681396,0.17377227544784546,0.4898395836353302,295,351
0,2,0.5313293933868408,1.6125112771987915,0.0914335772395134,0.4898395836353302,313,363
0,3,0.5404902100563049,1.6414393186569214,0.07039158046245575,0.4898395836353302,311,387
0,4,0.43972086906433105,1.7024192810058594,0.04566434398293495,0.5878074765205383,260,442
0,5,0.19421005249023438,1.536003828048706,0.12999017536640167,0.6857753992080688,227,340
0,6,1.4565753936767578,0.5403497219085693,0.018252383917570114,-0.09796791523694992,262,369
0,7,1.4840580224990845,0.550621509552002,0.016172252595424652,-0.09796791523694992,289,358
0,8,1.410771131515503,0.7789132595062256,-0.050614941865205765,-0.09796791523694992,300,353
0,9,1.3851207494735718,0.8799133896827698,-0.04609014093875885,-0.09796791523694992,289,367
0,10,1.4098550081253052,0.8967402577400208,-0.014280037954449654,-0.09796791523694992,233,396
 , , , , , , , 
0,0,1.335652232170105,0.84590744972229,-0.07967032492160797,0.09796791523694992,265,376
0,1,1.3603863716125488,0.8617795705795288,-0.07891692221164703,0.09796791523694992,307,369
0,2,0.594539225101471,1.6231580972671509,0.05734635517001152,0.4898395836353302,292,384
0,3,0.6046161651611328,1.635801911354065,0.2286093682050705,0.4898395836353302,270,416
0,4,0.2656646966934204,1.6228561401367188,-0.4320000410079956,0.5878074765205383,295,376
0,5,1.4565753936767578,0.5365989208221436,-0.06612534821033478,-0.09796791523694992,257,362
0,6,1.4345893859863281,0.669191837310791,0.0030230977572500706,-0.09796791523694992,262,357
 , , , , , , , 
0,0,0.3023080825805664,1.5766433477401733,-0.1494949609041214,0.29390373826026917,249,347
0,1,0.3078046143054962,1.609623908996582,-0.09642908722162247,0.3918716609477997,297,347
0,2,0.31330111622810364,1.6382251977920532,-0.10049378871917725,0.3918716609477997,316,344
0,3,0.31879764795303345,1.6681733131408691,-0.08018571138381958,0.3918716609477997,314,342
0,4,0.4864411950111389,1.659091591835022,0.04688245430588722,0.3918716609477997,306,361
0,5,0.49468597769737244,1.6852515935897827,0.09425494074821472,0.3918716609477997,311,392
0,6,0.502930760383606,1.71176278591156,0.12075433135032654,0.3918716609477997,300,429
0,7,0.5111755132675171,1.7395929098129272,0.12597577273845673,0.3918716609477997,267,469
0,8,0.1539023071527481,1.6255661249160767,0.16964755952358246,0.5878074765205383,252,338
 , , , , , , , 
0,0,0.5276650190353394,1.7975335121154785,0.10174965858459473,0.29390373826026917,260,413
0,1,0.4470495581626892,1.7046219110488892,0.3034200966358185,0.3918716609477997,272,387
0,2,0.45437824726104736,1.7364445924758911,0.28575170040130615,0.3918716609477997,283,415
0,3,0.46170690655708313,1.7682167291641235,0.2664744555950165,0.3918716609477997,259,444
0,4,0.2656646966934204,1.6712127923965454,-0.16533032059669495,0.6857753992080688,240,321
0,5,1.4611557722091675,0.6695135235786438,-0.1277434229850769,-0.09796791523694992,234,387
0,6,1.5390230417251587,0.5600835084915161,-0.11245311051607132,-0.09796791523694992,242,399
 , , , , , , , 
0,0,0.5588119626045227,1.6931668519973755,0.13626441359519958,0.29390373826026917,282,403
0,1,0.5679727792739868,1.719508409500122,0.15508489310741425,0.29390373826026917,315,405
0,2,0.5194202661514282,1.761763572692871,0.19277970492839813,0.29390373826026917,318,408
0,3,0.4690355956554413,1.7673739194869995,0.41988712549209595,0.3918716609477997,307,410
0,4,0.4168187379837036,1.7849270105361938,0.5206385850906372,0.3918716609477997,252,443
0,5,-0.10993021726608276,1.7424471378326416,-0.21322374045848846,-0.7837433218955994,299,338
0,6,0.5496510863304138,0.6408545970916748,1.5430035591125488,-0.7837433218955994,299,338
0,7,-0.10626588016748428,1.6956003904342651,-0.06716063618659973,-0.6857753992080688,262,338
0,8,-0.10809804499149323,1.7242783308029175,-0.08115993440151215,-0.6857753992080688,298,337
 , , , , , , , 
0,0,0.5111755132675171,1.7351927757263184,0.17651961743831635,0.3918716609477997,352,359
0,1,0.5194202661514282,1.7637252807617188,0.17392030358314514,0.3918716609477997,369,371
0,2,0.5276650190353394,1.792094111442566,0.17285428941249847,0.3918716609477997,368,378
0,3,0.5359098315238953,1.8202844858169556,0.17358550429344177,0.3918716609477997,326,406
0,4,0.5441545844078064,1.8493973016738892,0.16421718895435333,0.3918716609477997,251,443
0,5,-0.6229379177093506,0.17336735129356384,-1.8856141567230225,0.6857753992080688,229,458
0,6,0.4983503222465515,0.8262004256248474,-1.7443304061889648,0.6857753992080688,229,458
0,7,-0.10809804499149323,1.726047158241272,0.021998686715960503,-0.6857753992080688,242,338
0,8,-0.10993021726608276,1.755439043045044,-0.004478652495890856,-0.6857753992080688,327,335
0,9,-0.1117623895406723,1.7845455408096313,-0.02364293672144413,-0.6857753992080688,370,333
0,10,-0.11359456181526184,1.81353759765625,-0.03913283720612526,-0.6857753992080688,371,337
0,11,-0.11542672663927078,1.842468500137329,-0.05252356454730034,-0.6857753992080688,332,349
 , , , , , , , 
0,0,0.16214707493782043,1.7209312915802002,0.0592600516974926,0.29390373826026917,230,338
0,1,0.16489532589912415,1.7502399682998657,0.05604241415858269,0.29390373826026917,255,345
0,2,0.2235247790813446,1.751999855041504,0.2796177864074707,0.3918716609477997,269,335
0,3,0.5679727792739868,1.7260066270828247,0.040764220058918,0.3918716609477997,328,339
0,4,0.5771336555480957,1.752636432647705,0.07716598361730576,0.3918716609477997,363,358
0,5,0.5862944722175598,1.7801200151443481,0.08568454533815384,0.3918716609477997,353,386
0,6,0.5954553484916687,1.8077771663665771,0.09023084491491318,0.3918716609477997,304,419
0,7,0.4168187379837036,1.8581676483154297,0.065131276845932,0.5878074765205383,347,343
0,8,0.4836929440498352,1.8619296550750732,0.2063998579978943,0.5878074765205383,305,373
0,9,0.39116835594177246,1.7448867559432983,-0.0031933968421071768,0.6857753992080688,269,339
0,10,0.3407836854457855,1.7851896286010742,-0.017842913046479225,0.6857753992080688,336,340
0,11,0.34628018736839294,1.8139190673828125,-0.023664992302656174,0.6857753992080688,368,339
0,12,0.35177668929100037,1.8425966501235962,-0.031640250235795975,0.6857753992080688,360,344
0,13,-0.5523993372917175,0.9217344522476196,-1.644048810005188,0.6857753992080688,234,438
0,14,0.368266224861145,0.5029147267341614,-1.8625500202178955,0.6857753992080688,234,438
 , , , , , , , 
0,0,0.5771336555480957,1.7532211542129517,0.06248817220330238,0.3918716609477997,250,367
0,1,0.5862944722175598,1.7799127101898193,0.08988786488771439,0.3918716609477997,292,372
0,2,0.5954553484916687,1.8056561946868896,0.1257212609052658,0.3918716609477997,290,387
0,3,0.4836929440498352,1.8634384870529175,0.19230248034000397,0.4898395836353302,344,340
0,4,0.49102163314819336,1.898973822593689,0.10213738679885864,0.5878074765205383,355,345
0,5,0.4983503222465515,1.9295384883880615,0.0466594323515892,0.5878074765205383,322,370
0,6,0.5688889026641846,1.913591742515564,-0.3254413604736328,0.6857753992080688,248,404
0,7,-0.11542672663927078,1.8409888744354248,0.09060332924127579,-0.7837433218955994,251,336
0,8,-0.11725889891386032,1.8707984685897827,0.07920907437801361,-0.7837433218955994,297,340
0,9,-0.11909107118844986,1.8999801874160767,0.081605464220047,-0.7837433218955994,305,343
 , , , , , , , 
0,0,-1.4877222776412964,0.6840574741363525,-0.11695707589387894,0.19593583047389984,234,356
0,1,-1.5665056705474854,0.5665144324302673,-0.13099509477615356,0.19593583047389984,234,356
0,2,0.5276650190353394,1.7988183498382568,0.0757129117846489,0.4898395836353302,337,340
0,3,0.5359098315238953,1.8278063535690308,0.05188265070319176,0.4898395836353302,369,351
0,4,0.6046161651611328,1.8378006219863892,0.016425203531980515,0.4898395836353302,359,368
0,5,0.436056524515152,1.923741340637207,0.2876158058643341,0.5878074765205383,312,366
0,6,0.44246912002563477,1.9574143886566162,0.25323936343193054,0.5878074765205383,269,399
 , , , , , , , 
0,0,0.2235247790813446,1.7706977128982544,0.11099125444889069,0.3918716609477997,245,338
0,1,0.22718912363052368,1.799919843673706,0.10966918617486954,0.3918716609477997,271,337
0,2,0.23085345327854156,1.8300021886825562,0.0925808921456337,0.3918716609477997,263,338
0,3,0.5359098315238953,1.828540325164795,-0.0028517828322947025,0.5878074765205383,314,344
0,4,0.6046161651611328,1.8374402523040771,-0.039928704500198364,0.5878074765205383,347,358
0,5,0.6137770414352417,1.8597986698150635,-0.14853425323963165,0.5878074765205383,330,379
0,6,0.7475254535675049,1.7676275968551636,-0.5388387441635132,0.5878074765205383,270,401
0,7,0.12458758056163788,1.8430482149124146,0.7491997480392456,0.5878074765205383,270,401
0,8,0.25283950567245483,1.9521466493606567,0.4653773605823517,0.5878074765205383,238,430
 , , , , , , , 
0,0,0.5688889026641846,1.9017916917800903,-0.3885023295879364,0.4898395836353302,258,432
0,1,0.5441545844078064,1.8559420108795166,-0.052124250680208206,0.5878074765205383,249,347
0,2,0.5523993372917175,1.8839317560195923,-0.057377465069293976,0.5878074765205383,295,363
0,3,0.5606440901756287,1.9111084938049316,-0.08361240476369858,0.5878074765205383,302,381
0,4,0.3206298053264618,2.026662588119507,-0.02579333260655403,0.6857753992080688,302,360
 , , , , , , , 
0,0,0.44246912002563477,1.9700968265533447,0.11966529488563538,0.4898395836353302,312,355
0,1,0.44888174533843994,2.00004243850708,0.09573503583669662,0.4898395836353302,351,367
0,2,0.45529434084892273,2.028113603591919,0.10705934464931488,0.4898395836353302,363,380
0,3,0.46170687675476074,2.056630849838257,0.10946129262447357,0.4898395836353302,336,406
0,4,0.4681195020675659,2.0876405239105225,0.04597671702504158,0.4898395836353302,272,441
 , , , , , , , 
0,0,0.5771336555480957,1.9647483825683594,-0.1323276311159134,0.09796791523694992,228,452
0,1,0.3902522921562195,2.0442700386047363,0.025737497955560684,0.3918716609477997,332,345
0,2,0.3957487642765045,2.0718798637390137,0.07471788674592972,0.3918716609477997,360,347
0,3,0.4012452960014343,2.100416421890259,0.08213082700967789,0.3918716609477997,356,359
0,4,0.40674179792404175,2.1294379234313965,0.0766335129737854,0.3918716609477997,324,384
0,5,0.41223829984664917,2.154846668243408,0.1433759331703186,0.3918716609477997,273,417
0,6,0.417734831571579,2.0149295330047607,0.8539204001426697,0.4898395836353302,234,450
0,7,-0.48735731840133667,0.8350480198860168,-2.0071873664855957,0.4898395836353302,234,450
0,8,-0.2418464720249176,1.914002537727356,0.14644578099250793,-0.7837433218955994,242,333
0,9,-0.24551081657409668,1.945502519607544,0.11126706004142761,-0.7837433218955994,251,333
0,10,-0.3114689588546753,1.9689158201217651,-0.002528595272451639,-0.7837433218955994,236,338
0,11,0.436056524515152,0.4723580479621887,1.886897325515747,-0.7837433218955994,236,338
 , , , , , , , 
0,0,0.46170687675476074,2.0533018112182617,0.16020047664642334,0.3918716609477997,302,354
0,1,0.4681195020675659,2.072082042694092,0.25851866602897644,0.3918716609477997,328,352
0,2,0.4745320975780487,2.096076011657715,0.29512929916381836,0.3918716609477997,335,362
0,3,0.5496510863304138,2.1139743328094482,0.2507123649120331,0.3918716609477997,311,385
0,4,0.556979775428772,2.1571695804595947,0.004007373936474323,0.3918716609477997,251,417
0,5,0.49102163314819336,0.5179437398910522,-1.8298273086547852,-0.7837433218955994,244,345
0,6,-0.24551081657409668,1.9428632259368896,0.1504756659269333,-0.7837433218955994,244,345
0,7,0.4983503222465515,0.5529812574386597,-1.8491910696029663,-0.7837433218955994,279,345
0,8,-0.24917516112327576,1.9719833135604858,0.15113592147827148,-0.7837433218955994,279,345
0,9,0.5056790113449097,0.590805172920227,-1.867248773574829,-0.7837433218955994,285,345
0,10,-0.25283950567245483,1.9994289875030518,0.1724412739276886,-0.7837433218955994,285,345
0,11,0.5130077004432678,0.7232950329780579,-1.8505398035049438,-0.7837433218955994,252,352
0,12,-0.19237789511680603,2.022900342941284,0.2858240306377411,-0.7837433218955994,252,352
 , , , , , , , 
0,0,0.46170687675476074,2.0583415031433105,0.07030440121889114,0.29390373826026917,232,388
0,1,0.4681195020675659,2.0871829986572266,0.06343063712120056,0.29390373826026917,246,395
0,2,0.4745320975780487,2.1150457859039307,0.0849607065320015,0.29390373826026917,265,412
0,3,0.4809446930885315,2.1415135860443115,0.1283469796180725,0.29390373826026917,271,435
0,4,0.48735731840133667,2.161511182785034,0.23232772946357727,0.29390373826026917,244,460
0,5,0.5853784084320068,1.9941952228546143,-0.11187905073165894,0.3918716609477997,239,348
0,6,0.4232313632965088,1.6920934915542603,1.432759404182434,0.3918716609477997,228,471
0,7,-1.079148292541504,0.2683626115322113,0.06577502191066742,-0.09796791523694992,247,338
0,8,-1.1075470447540283,0.27858322858810425,0.05298095569014549,-0.09796791523694992,252,337
 , , , , , , , 
0,0,0.41223829984664917,2.158216953277588,-0.07758664339780807,0.19593583047389984,284,402
0,1,0.3481123447418213,2.195089340209961,-0.15499621629714966,0.19593583047389984,259,409
0,2,0.4012452960014343,2.0934016704559326,0.1901681125164032,0.29390373826026917,285,371
0,3,0.40674179792404175,2.1209702491760254,0.20460571348667145,0.29390373826026917,306,373
0,4,0.7145464420318604,0.119978167116642,2.1687169075012207,0.29390373826026917,245,445
0,5,-0.7145464420318604,0.30694836378097534,-2.1502349376678467,0.29390373826026917,245,445
0,6,-0.7237073183059692,0.422171026468277,-2.1589910984039307,0.29390373826026917,228,485
0,7,0.556979775428772,2.1468403339385986,0.2108880579471588,0.3918716609477997,265,405
0,8,0.5643084645271301,2.171935558319092,0.24363230168819427,0.3918716609477997,238,430
 , , , , , , , 
0,0,0.40674179792404175,2.1258468627929688,0.14544183015823364,0.29390373826026917,295,348
0,1,0.4809446930885315,2.1440985202789307,0.07344930619001389,0.29390373826026917,342,345
0,2,0.48735731840133667,2.1739253997802734,-0.012413864955306053,0.29390373826026917,352,350
0,3,0.49376991391181946,2.197340965270996,-0.1516202837228775,0.29390373826026917,338,355
0,4,0.4287278652191162,2.1862053871154785,-0.514784574508667,0.29390373826026917,280,381
0,5,0.7237073183059692,1.3126169443130493,-1.765363335609436,0.29390373826026917,244,419
0,6,-0.0723707303404808,2.3019378185272217,0.24303941428661346,0.29390373826026917,244,419
0,7,0.260168194770813,2.0634844303131104,0.07964885979890823,0.4898395836353302,242,335
0,8,0.5853784084320068,1.9973007440567017,-0.011002575978636742,0.6857753992080688,235,337
0,9,0.593623161315918,2.0251717567443848,-0.03430528566241264,0.6857753992080688,306,342
0,10,0.6018679141998291,2.0528786182403564,-0.054191332310438156,0.6857753992080688,338,346
0,11,0.6101126670837402,2.080333709716797,-0.07610311359167099,0.6857753992080688,337,348
0,12,0.6870638728141785,2.085932970046997,-0.10338233411312103,0.6857753992080688,294,359
 , , , , , , , 
0,0,0.4681195020675659,2.087005615234375,0.06901957839727402,0.29390373826026917,246,349
0,1,0.40674179792404175,2.130319833755493,0.04600033536553383,0.29390373826026917,326,349
0,2,0.41223829984664917,2.159201145172119,0.04208178445696831,0.29390373826026917,356,352
0,3,0.417734831571579,2.187668800354004,0.05680479109287262,0.29390373826026917,352,353
0,4,0.556979775428772,2.1415297985076904,0.25932076573371887,0.4898395836353302,318,367
0,5,0.5643084645271301,2.17516827583313,0.21284683048725128,0.4898395836353302,327,393
0,6,0.5001825094223022,2.223627805709839,0.18330663442611694,0.4898395836353302,308,421
0,7,0.5065951347351074,2.252119541168213,0.1858547180891037,0.4898395836353302,271,446
0,8,0.6101126670837402,2.0810601711273193,0.05261891335248947,0.6857753992080688,286,337
0,9,0.06779029965400696,2.1680409908294678,0.028625980019569397,-0.6857753992080688,298,333
0,10,0.06870638579130173,2.1975162029266357,-0.007942228578031063,-0.6857753992080688,324,332
 , , , , , , , 
0,0,0.417734831571579,2.1884055137634277,0.0015515240374952555,0.29390373826026917,321,346
0,1,0.7237073183059692,0.18166688084602356,-2.192365884780884,0.29390373826026917,230,388
0,2,0.41223829984664917,2.1577489376068115,0.08966442942619324,0.3918716609477997,312,340
0,3,0.26749685406684875,2.1222448348999023,0.06335733085870743,0.4898395836353302,239,341
0,4,0.27116119861602783,2.1504745483398438,0.08802536875009537,0.4898395836353302,282,338
0,5,0.6183574795722961,2.1094183921813965,0.042995717376470566,0.6857753992080688,275,335
 , , , , , , , 
0,0,0.4809446930885315,2.1448183059692383,0.048028912395238876,0.3918716609477997,294,343
0,1,0.48735731840133667,2.1737637519836426,0.02926991507411003,0.3918716609477997,359,339
0,2,0.49376991391181946,2.2025115489959717,0.015446551144123077,0.3918716609477997,376,343
0,3,0.4287278652191162,2.24599552154541,0.0010186797007918358,0.3918716609477997,347,357
0,4,0.20337089896202087,2.159731149673462,-0.004284788854420185,0.4898395836353302,242,350
0,5,0.07053855806589127,2.2557332515716553,0.04238042235374451,-0.7837433218955994,292,343
0,6,0.07145464420318604,2.284848213195801,0.05164193734526634,-0.7837433218955994,331,342
0,7,0.0723707303404808,2.3140790462493896,0.05498338118195534,-0.7837433218955994,336,343
0,8,0.07328680902719498,2.3431968688964844,0.06258203834295273,-0.7837433218955994,301,353
 , , , , , , , 
0,0,0.556979775428772,2.156201124191284,-0.06475446373224258,0.4898395836353302,286,337
0,1,0.49376991391181946,2.2002153396606445,-0.10172829031944275,0.4898395836353302,348,338
0,2,0.5001825094223022,2.227936267852783,-0.12008946388959885,0.4898395836353302,368,339
0,3,0.5065951347351074,2.2551565170288086,-0.14440903067588806,0.4898395836353302,337,354
0,4,0.6595813035964966,2.236192226409912,0.253488153219223,0.6857753992080688,321,383
0,5,0.6678260564804077,2.2564022541046143,0.31760403513908386,0.6857753992080688,304,412
0,6,0.6009518504142761,2.2792115211486816,0.47153130173683167,0.6857753992080688,255,441
 , , , , , , , 
0,0,0.5001825094223022,2.1736488342285156,-0.5033612251281738,0.3918716609477997,235,352
0,1,0.5065951347351074,2.2117092609405518,-0.4636017382144928,0.3918716609477997,293,348
0,2,0.513007640838623,2.242650270462036,-0.45519423484802246,0.3918716609477997,313,346
0,3,0.5194202661514282,2.2633461952209473,-0.4956636130809784,0.3918716609477997,301,345
0,4,0.538658082485199,2.2734055519104004,0.777862548828125,0.4898395836353302,255,417
0,5,0.5194202661514282,2.3135929107666016,0.12532638013362885,0.5878074765205383,326,370
0,6,0.5001825094223022,2.2310798168182373,0.02012319304049015,0.6857753992080688,321,334
0,7,0.5065951347351074,2.2596077919006348,0.027513986453413963,0.6857753992080688,358,340
0,8,0.43972086906433105,2.30194354057312,0.08695206791162491,0.6857753992080688,346,357
0,9,0.5258328914642334,2.3162198066711426,0.3700205981731415,0.6857753992080688,298,405
0,10,0.5322454571723938,2.3518385887145996,0.32504332065582275,0.6857753992080688,246,444
 , , , , , , , 
0,0,0.5065951347351074,2.1916921138763428,-0.5505186319351196,0.3918716609477997,303,337
0,1,0.513007640838623,2.229710578918457,-0.51485276222229,0.3918716609477997,362,332
0,2,0.5194202661514282,2.2609896659851074,-0.5063040256500244,0.3918716609477997,377,333
0,3,0.5258328914642334,2.2943403720855713,-0.4876392185688019,0.3918716609477997,356,341
0,4,0.5322454571723938,2.351496934890747,-0.32750701904296875,0.3918716609477997,284,365
0,5,0.5065951347351074,2.2564523220062256,-0.12250299751758575,0.5878074765205383,314,334
0,6,0.513007640838623,2.2846124172210693,-0.13125601410865784,0.5878074765205383,365,331
0,7,0.7603507041931152,2.283068895339966,0.35992684960365295,0.5878074765205383,304,372
0,8,0.6925603747367859,2.3552184104919434,0.19210004806518555,0.5878074765205383,290,415
0,9,0.6229379177093506,2.391857862472534,0.31589746475219727,0.5878074765205383,237,461
 , , , , , , , 
0,0,0.6082805395126343,2.348963737487793,-0.18013353645801544,0.4898395836353302,320,358
0,1,0.6925603747367859,2.359015464782715,-0.13784825801849365,0.4898395836353302,308,375
0,2,0.7786723971366882,2.3584368228912354,-0.2006770372390747,0.4898395836353302,280,407
0,3,0.7090499401092529,2.4021670818328857,-0.2874319553375244,0.4898395836353302,236,445
0,4,0.5862944722175598,2.270123243331909,0.0515555739402771,0.5878074765205383,267,335
0,5,0.5194202661514282,2.3169779777526855,0.005585854407399893,0.5878074765205383,327,336
0,6,0.5258328914642334,2.3449349403381348,-0.055403370410203934,0.5878074765205383,344,337
 , , , , , , , 
0,0,0.6156092286109924,2.3781723976135254,-0.17004773020744324,0.3918716609477997,274,379
0,1,0.7008051872253418,2.3871195316314697,-0.13913719356060028,0.3918716609477997,272,394
0,2,0.7090499401092529,2.406231164932251,-0.2511484622955322,0.3918716609477997,238,419
0,3,0.5322454571723938,2.3741610050201416,0.012563931755721569,0.4898395836353302,273,358
 , , , , , , , 
0,0,0.5258328914642334,2.3246424198150635,-0.31277284026145935,0.3918716609477997,274,356
0,1,0.5322454571723938,2.35424542427063,-0.3071266710758209,0.3918716609477997,314,360
0,2,0.538658082485199,2.3874382972717285,-0.27125871181488037,0.3918716609477997,314,371
0,3,0.6229379177093506,2.4120166301727295,-0.054322484880685806,0.3918716609477997,290,386
0,4,0.7090499401092529,2.362806558609009,0.5197778344154358,0.3918716609477997,266,411
0,5,0.7969940304756165,2.283027172088623,0.810574471950531,0.3918716609477997,244,445
 , , , , , , , 
0,0,0.5322454571723938,2.3704400062561035,-0.1334621012210846,0.19593583047389984,231,445
0,1,0.538658082485199,2.398282527923584,-0.1472545564174652,0.19593583047389984,236,446
0,2,0.46720343828201294,2.446767568588257,-0.062253616750240326,0.29390373826026917,284,382
0,3,0.7172946333885193,2.2762539386749268,0.8992217183113098,0.3918716609477997,231,406
0,4,0.6449239253997803,2.3902430534362793,0.7250112295150757,0.3918716609477997,228,436
 , , , , , , , 
0,0,0.7255394458770752,2.4694316387176514,0.17415672540664673,0.3918716609477997,230,333
0,1,0.7337841987609863,2.4983887672424316,0.16294099390506744,0.3918716609477997,320,333
0,2,0.7420289516448975,2.527350664138794,0.1505049616098404,0.3918716609477997,371,333
0,3,0.7502737641334534,2.5555477142333984,0.15022699534893036,0.3918716609477997,389,334
0,4,0.6742386817932129,2.60347580909729,0.20218846201896667,0.3918716609477997,372,344
0,5,0.681567370891571,2.6005895137786865,0.4527089297771454,0.4898395836353302,324,360
 , , , , , , , 
0,0,0.7420289516448975,2.531822443008423,-0.005298910662531853,0.29390373826026917,271,357
0,1,0.7502737641334534,2.559945583343506,-0.008402170613408089,0.29390373826026917,307,364
0,2,0.7585185170173645,2.5880062580108643,-0.020931346341967583,0.29390373826026917,306,372
0,3,0.7667632699012756,2.615928888320923,-0.03917710483074188,0.29390373826026917,258,389
0,4,0.43056005239486694,2.7199933528900146,0.09746353328227997,0.3918716609477997,275,387
0,5,0.4351404309272766,2.748006820678711,0.12154202163219452,0.3918716609477997,251,423
0,6,-0.6091966032981873,0.06549524515867233,-2.7166616916656494,0.3918716609477997,251,423
 , , , , , , , 
0,0,0.7502737641334534,2.5599591732025146,-0.0014642132446169853,0.29390373826026917,232,455
0,1,0.7585185170173645,2.587731122970581,-0.04314986243844032,0.29390373826026917,257,454
0,2,0.7667632699012756,2.614786386489868,-0.08666956424713135,0.29390373826026917,239,457
0,3,0.5963714718818665,2.634467601776123,0.3694142699241638,0.4898395836353302,266,391
0,4,0.6027840375900269,2.663480520248413,0.36846664547920227,0.4898395836353302,268,401
 , , , , , , , 
0,0,0.6027840375900269,2.669233798980713,0.3241707980632782,0.29390373826026917,259,361
0,1,0.6091966032981873,2.698974370956421,0.31635138392448425,0.29390373826026917,306,358
0,2,0.5276650190353394,2.730531930923462,0.43077048659324646,0.29390373826026917,318,368
0,3,0.4443013072013855,2.762346029281616,0.5076366066932678,0.29390373826026917,307,389
0,4,0.2693290412425995,2.8225364685058594,0.46257591247558594,0.29390373826026917,290,415
0,5,0.1813848614692688,2.86184024810791,0.44664204120635986,0.29390373826026917,266,449
 , , , , , , , 
0,0,0.6091966032981873,2.7172999382019043,-0.028674088418483734,0.19593583047389984,235,396
0,1,0.4443013072013855,2.720158100128174,0.6992777585983276,0.29390373826026917,286,366
0,2,0.44888171553611755,2.814849853515625,0.35826241970062256,0.29390373826026917,293,382
0,3,0.453462153673172,2.861358642578125,-0.171810582280159,0.29390373826026917,281,407
0,4,-0.6348470449447632,0.3989714980125427,-2.8036246299743652,0.29390373826026917,281,407
0,5,-0.7328681349754333,0.7320021390914917,-2.742372751235962,0.29390373826026917,261,434
0,6,0.2748255431652069,2.9075419902801514,0.2533824145793915,0.29390373826026917,261,434
0,7,-0.25283950567245483,2.684664726257324,0.04703064635396004,-0.7837433218955994,248,342
0,8,-0.25558775663375854,2.7140774726867676,-0.03166484087705612,-0.7837433218955994,274,345
0,9,-0.1722240149974823,2.7434356212615967,-0.1927300989627838,-0.7837433218955994,275,348
 , , , , , , , 
0,0,0.7035533785820007,2.724838972091675,0.007952135987579823,0.19593583047389984,228,426
0,1,0.7108820676803589,2.7525641918182373,-0.060748543590307236,0.19593583047389984,252,436
0,2,0.718210756778717,2.774327278137207,-0.20126628875732422,0.19593583047389984,259,446
0,3,0.7255394458770752,2.7653310298919678,-0.4990558624267578,0.19593583047389984,237,468
0,4,0.4259796142578125,2.691908836364746,-0.06865637749433517,0.5878074765205383,237,334
0,5,0.43056005239486694,2.72139048576355,-0.04355056211352348,0.5878074765205383,282,330
 , , , , , , , 
0,0,0.6220217943191528,2.76153564453125,0.269560843706131,0.19593583047389984,266,408
0,1,0.628434419631958,2.7962801456451416,0.1977750062942505,0.19593583047389984,259,421
0,2,0.5221685171127319,2.7354507446289062,0.017601434141397476,0.29390373826026917,245,370
0,3,0.44888171553611755,2.806849241256714,0.4163288474082947,0.3918716609477997,254,401
0,4,0.453462153673172,2.829435348510742,0.4595508575439453,0.3918716609477997,249,431
 , , , , , , , 
0,0,0.6156092286109924,2.742304563522339,0.1434883028268814,0.19593583047389984,264,400
0,1,0.6220217943191528,2.772365093231201,0.11284670978784561,0.19593583047389984,304,396
0,2,0.718210756778717,2.7814815044403076,0.027584396302700043,0.19593583047389984,312,395
0,3,0.7255394458770752,2.805727958679199,-0.15492811799049377,0.19593583047389984,281,407
0,4,0.6412596106529236,2.820347785949707,0.4774470329284668,0.29390373826026917,245,411
 , , , , , , , 
0,0,0.6220217943191528,2.7723653316497803,0.11284353584051132,0.19593583047389984,242,428
0,1,0.628434419631958,2.8031179904937744,0.028750911355018616,0.19593583047389984,249,425
0,2,0.7255394458770752,2.8057236671447754,-0.15500681102275848,0.29390373826026917,315,360
0,3,0.7328681349754333,2.790092706680298,-0.5213611721992493,0.29390373826026917,270,385
0,4,0.7750080823898315,2.64435076713562,0.004101683851331472,0.5878074765205383,270,342
0,5,0.7832527756690979,2.6721882820129395,-0.03983213007450104,0.5878074765205383,324,344
0,6,0.791497528553009,2.6996192932128906,-0.07338178902864456,0.5878074765205383,342,346
0,7,0.7997423410415649,2.726749897003174,-0.1044059619307518,0.5878074765205383,325,350
0,8,0.8977634310722351,2.7286620140075684,-0.04064033180475235,0.5878074765205383,263,369
 , , , , , , , 
0,0,0.7328681349754333,2.8146684169769287,0.3661661446094513,0.3918716609477997,237,377
0,1,0.7997423410415649,2.728538990020752,-0.0337652862071991,0.5878074765205383,333,337
0,2,0.8079870939254761,2.7566075325012207,-0.03872057795524597,0.5878074765205383,330,342
0,3,0.8162318468093872,2.7808401584625244,-0.15235954523086548,0.5878074765205383,288,356
0,4,0.7832527756690979,2.669403553009033,0.12829798460006714,0.6857753992080688,240,326
0,5,0.791497528553009,2.6977083683013916,0.12529867887496948,0.6857753992080688,308,328
 , , , , , , , 
0,0,0.6220217943191528,2.7736997604370117,-0.07302164286375046,0.09796791523694992,236,437
0,1,0.628434419631958,2.8012397289276123,-0.10655373334884644,0.09796791523694992,258,435
0,2,0.6348470449447632,2.8254990577697754,-0.18985259532928467,0.09796791523694992,245,437
0,3,0.8079870939254761,2.755950927734375,0.07154837995767593,0.5878074765205383,321,336
0,4,0.8162318468093872,2.78430438041687,0.06272761523723602,0.5878074765205383,332,337
 , , , , , , , 
0,0,0.6220217943191528,2.7736523151397705,-0.07479827105998993,0.19593583047389984,239,413
0,1,0.628434419631958,2.801689624786377,-0.09398355334997177,0.19593583047389984,276,411
0,2,0.6348470449447632,2.831347703933716,0.0543966107070446,0.29390373826026917,307,385
0,3,0.6412596106529236,2.8604648113250732,-0.007612925488501787,0.29390373826026917,283,395
0,4,0.6476722359657288,2.8886468410491943,0.0500018410384655,0.3918716609477997,271,392
0,5,0.6540848016738892,2.9175047874450684,-0.032369595021009445,0.3918716609477997,238,413
 , , , , , , , 
0,0,0.8492109179496765,2.8947532176971436,-0.12697266042232513,0.3918716609477997,305,387
0,1,0.8574556708335876,2.921051025390625,-0.1642964482307434,0.3918716609477997,279,405
0,2,0.6733225584030151,3.0014312267303467,0.1114271879196167,0.3918716609477997,230,435
0,3,0.6412596106529236,2.860441207885742,-0.013920342549681664,0.4898395836353302,244,396
0,4,0.7401968240737915,2.866755962371826,0.008882754482328892,0.4898395836353302,282,393
0,5,0.7475254535675049,2.894629955291748,0.05507190525531769,0.4898395836353302,298,391
 , , , , , , , 
0,0,0.6476722359657288,2.8418877124786377,-0.5200536251068115,0.29390373826026917,230,428
0,1,0.6540848016738892,2.880082368850708,-0.46691325306892395,0.29390373826026917,279,422
0,2,0.6604973673820496,2.9141478538513184,-0.4340067505836487,0.29390373826026917,295,417
0,3,0.7621828317642212,2.925400733947754,-0.3948040008544922,0.29390373826026917,279,418
0,4,0.7695115208625793,2.978464365005493,0.10473724454641342,0.3918716609477997,279,407
0,5,0.6797351837158203,3.0297176837921143,0.12025445699691772,0.3918716609477997,231,442
 , , , , , , , 
0,0,0.6604973673820496,2.925595998764038,-0.3485800623893738,0.29390373826026917,256,386
0,1,0.7621828317642212,2.9298641681671143,-0.3601893484592438,0.29390373826026917,288,388
0,2,0.7695115208625793,2.9331870079040527,-0.5278578400611877,0.29390373826026917,277,393
 , , , , , , , 
0,0,0.7621828317642212,2.947279453277588,-0.1654817759990692,0.29390373826026917,238,379
 , , , , , , , 
0,0,0.7621828317642212,2.9502553939819336,-0.09915890544652939,0.29390373826026917,263,390
0,1,0.7695115208625793,2.9778435230255127,-0.12111002206802368,0.29390373826026917,291,383
0,2,0.7768402099609375,3.0004003047943115,-0.22318115830421448,0.29390373826026917,286,378
0,3,0.5881266593933105,3.062516689300537,-0.33739033341407776,0.29390373826026917,246,389
0,4,-0.5881266593933105,1.3350071907043457,2.7767961025238037,0.29390373826026917,246,389
0,5,3.0679690837860107,4.89040470123291,0.14878980815410614,-0.09796791523694992,226,382
0,6,3.083542585372925,4.903931617736816,0.3650997579097748,-0.09796791523694992,228,379
 , , , , , , , 
0,0,0.7695115208625793,2.9802474975585938,0.018580414354801178,0.29390373826026917,249,400
0,1,0.5826301574707031,3.030195951461792,0.36625856161117554,-0.09796791523694992,247,378
0,2,0.5881266593933105,3.0639851093292236,0.3237830400466919,-0.09796791523694992,260,376
0,3,0.6925603747367859,3.080151319503784,0.23774521052837372,-0.09796791523694992,252,374
 , , , , , , , 
0,0,0.5771336555480957,3.023076057434082,0.04790882393717766,-0.3918716609477997,251,350
0,1,0.6797351837158203,3.0309762954711914,-0.08267009258270264,-0.3918716609477997,254,348
0,2,0.593623161315918,3.108391046524048,-0.09492549300193787,-0.09796791523694992,228,396
0,3,0.4992664158344269,3.1536760330200195,-0.12261902540922165,-0.09796791523694992,232,409
0,4,-0.5991197228431702,1.074018120765686,2.949154853820801,-0.09796791523694992,232,409
 , , , , , , , 
0,0,0.6669099926948547,2.9692294597625732,0.18349237740039825,-0.19593583047389984,230,349
0,1,0.7695115208625793,2.978714942932129,0.09735246747732162,-0.09796791523694992,236,382
0,2,0.7768402099609375,3.0086498260498047,0.015380434691905975,-0.09796791523694992,260,382
0,3,0.7841688990592957,3.0367183685302734,-0.04641994833946228,-0.09796791523694992,253,386
0,4,3.083542585372925,4.911967754364014,0.23327118158340454,-0.09796791523694992,240,389
0,5,2.9168150424957275,5.050828456878662,0.11208177357912064,-0.09796791523694992,230,405
 , , , , , , , 
0,0,0.7695115208625793,2.978360652923584,0.10765023529529572,-0.09796791523694992,241,407
0,1,0.8739452362060547,2.979201316833496,0.12755781412124634,-0.09796791523694992,265,406
0,2,0.8821899890899658,3.0073845386505127,0.12693314254283905,-0.09796791523694992,266,405
0,3,0.8904348015785217,3.035980224609375,0.11594840884208679,-0.09796791523694992,244,415
 , , , , , , , 
0,0,0.7695115208625793,2.9782423973083496,0.11087312549352646,-0.09796791523694992,267,411
0,1,0.7768402099609375,3.0075321197509766,0.08343483507633209,-0.09796791523694992,292,405
0,2,0.7841688990592957,3.0370724201202393,0.002231493592262268,-0.09796791523694992,294,399
0,3,0.8904348015785217,3.032071590423584,-0.19277390837669373,-0.09796791523694992,258,415
0,4,2.8581857681274414,4.946617603302002,0.19660022854804993,-0.09796791523694992,240,401
0,5,2.872843027114868,4.97330904006958,0.1608666032552719,-0.09796791523694992,235,408
 , , , , , , , 
0,0,0.7621828317642212,2.949295997619629,0.1244693249464035,-0.09796791523694992,229,398
0,1,0.7695115208625793,2.976978302001953,0.14078618586063385,-0.09796791523694992,263,393
0,2,0.8739452362060547,2.9779868125915527,0.1533127874135971,-0.09796791523694992,270,384
0,3,0.9802111387252808,2.9789199829101562,0.06289449334144592,-0.09796791523694992,243,384
 , , , , , , , 
0,0,0.7768402099609375,3.0007381439208984,-0.21859070658683777,-0.3918716609477997,232,377
0,1,0.7621828317642212,2.9510433673858643,-0.07199135422706604,-0.19593583047389984,235,359
0,2,0.7695115208625793,2.9772226810455322,-0.13551856577396393,-0.19593583047389984,258,358
 , , , , , , , 
0,0,0.7621828317642212,2.9495644569396973,-0.11793917417526245,-0.4898395836353302,247,345
0,1,0.7695115208625793,2.976677179336548,-0.1470135599374771,-0.4898395836353302,257,348
0,2,0.8739452362060547,2.9767026901245117,-0.17649975419044495,-0.4898395836353302,236,352
0,3,0.754854142665863,2.923532009124756,-0.0056305150501430035,-0.29390373826026917,227,355
0,4,0.7621828317642212,2.9518721103668213,-0.01703425496816635,-0.29390373826026917,265,358
0,5,-0.7914975881576538,0.7530620098114014,2.9715187549591064,-0.29390373826026917,226,405
0,6,0.19787439703941345,3.147312879562378,0.28064751625061035,-0.29390373826026917,226,405
0,7,0.8657004833221436,2.952286958694458,0.09451352804899216,-0.09796791523694992,250,405
0,8,0.9710502624511719,2.9516773223876953,0.018793735653162003,-0.09796791523694992,260,400
 , , , , , , , 
0,0,0.7475254535675049,2.8943450450897217,0.06842851638793945,-0.29390373826026917,275,348
0,1,0.754854142665863,2.9232068061828613,0.04396972805261612,-0.29390373826026917,320,351
0,2,0.7621828317642212,2.9519152641296387,0.005959016736596823,-0.29390373826026917,329,352
0,3,0.7695115208625793,2.975395679473877,-0.17099899053573608,-0.29390373826026917,307,353
0,4,0.8739452362060547,2.8271255493164062,-0.9482991695404053,-0.29390373826026917,242,376
0,5,-0.5826301574707031,1.3230472803115845,2.750596284866333,-0.29390373826026917,242,376
0,6,0.8657004833221436,2.95125675201416,0.122533418238163,-0.09796791523694992,248,404
0,7,0.9710502624511719,2.951320171356201,-0.049615319818258286,-0.09796791523694992,246,404
 , , , , , , , 
0,0,0.7475254535675049,2.8886218070983887,-0.19436779618263245,-0.5878074765205383,231,336
0,1,0.754854142665863,2.914437770843506,-0.23048745095729828,-0.5878074765205383,227,338
0,2,-0.6797351837158203,0.7565586566925049,2.936199903488159,-0.3918716609477997,260,349
0,3,1.1652603149414062,0.6089068651199341,-2.815509080886841,-0.3918716609477997,260,349
0,4,1.187246322631836,1.4475840330123901,2.553123950958252,-0.3918716609477997,245,369
0,5,0.6669099926948547,2.9668686389923096,0.218366801738739,-0.19593583047389984,231,383
0,6,0.5771336555480957,2.9987974166870117,0.385355144739151,-0.19593583047389984,231,378
 , , , , , , , 
0,0,0.8657004833221436,2.92836856842041,0.38676580786705017,-0.09796791523694992,249,446
0,1,0.8739452362060547,2.9622771739959717,0.3417956531047821,-0.09796791523694992,255,440
0,2,0.8821899890899658,3.002629518508911,0.21140041947364807,-0.09796791523694992,229,435
 , , , , , , , 
0,0,0.8492109179496765,2.831968069076538,0.6129227876663208,-0.19593583047389984,238,396
0,1,0.8574556708335876,2.8883399963378906,0.4658587574958801,-0.19593583047389984,263,405
0,2,0.8657004833221436,2.9472174644470215,0.19707708060741425,-0.19593583047389984,254,421
 , , , , , , , 
0,0,1.0379244089126587,2.6748969554901123,0.940487265586853,-0.29390373826026917,250,346
0,1,0.9527285099029541,2.83195424079895,0.6058923006057739,-0.29390373826026917,311,352
0,2,0.961889386177063,2.873758316040039,0.5391202569007874,-0.29390373826026917,316,366
0,3,0.8739452362060547,2.9387106895446777,0.5058552026748657,-0.29390373826026917,283,393
0,4,0.8821899890899658,2.992410182952881,0.32550859451293945,-0.29390373826026917,232,422
 , , , , , , , 
0,0,0.8574556708335876,2.888641595840454,0.46398481726646423,-0.3918716609477997,271,388
0,1,0.8657004833221436,2.9001851081848145,0.5602293014526367,-0.3918716609477997,234,423
0,2,0.6412596106529236,2.8413805961608887,-0.3299596905708313,-0.29390373826026917,296,344
0,3,0.6476722359657288,2.8675765991210938,-0.35183244943618774,-0.29390373826026917,326,344
0,4,0.7475254535675049,2.8840670585632324,-0.2531266212463379,-0.29390373826026917,321,346
0,5,0.754854142665863,2.9121978282928467,0.25724610686302185,-0.29390373826026917,303,356
 , , , , , , , 
0,0,0.754854142665863,2.884082078933716,0.4786878526210785,-0.4898395836353302,296,386
0,1,0.7621828317642212,2.9245951175689697,0.4007280170917511,-0.4898395836353302,274,415
0,2,0.718210756778717,2.7760720252990723,-0.1755715161561966,-0.29390373826026917,255,342
0,3,0.7255394458770752,2.8041045665740967,-0.1819610595703125,-0.29390373826026917,334,348
0,4,0.7328681349754333,2.831836223602295,-0.19271473586559296,-0.29390373826026917,368,354
0,5,0.7401968240737915,2.860311985015869,-0.19231446087360382,-0.29390373826026917,361,363
0,6,0.8409661054611206,2.8692166805267334,-0.032868318259716034,-0.29390373826026917,313,376
 , , , , , , , 
0,0,0.7108820676803589,2.753011703491211,-0.03501252084970474,-0.5878074765205383,234,343
0,1,0.718210756778717,2.780747652053833,-0.06958872079849243,-0.5878074765205383,313,343
0,2,0.7255394458770752,2.807912588119507,-0.10834895074367523,-0.5878074765205383,350,342
0,3,0.7328681349754333,2.837059497833252,-0.08677226305007935,-0.5878074765205383,350,345
0,4,0.7401968240737915,2.8612732887268066,0.17743858695030212,-0.5878074765205383,328,357
0,5,0.8409661054611206,2.8351476192474365,0.44206640124320984,-0.5878074765205383,297,386
0,6,0.8492109179496765,2.8845183849334717,0.27435585856437683,-0.5878074765205383,236,425
0,7,0.6348470449447632,2.7984139919281006,-0.4340147376060486,-0.29390373826026917,259,353
0,8,0.6412596106529236,2.8376307487487793,-0.36079123616218567,-0.29390373826026917,285,355
0,9,0.555147647857666,2.8885982036590576,-0.33774861693382263,-0.29390373826026917,279,359
 , , , , , , , 
0,0,0.6156092286109924,2.745832920074463,0.0349862314760685,-0.5878074765205383,268,336
0,1,0.6220217943191528,2.774317979812622,-0.04361386597156525,-0.5878074765205383,336,337
0,2,0.628434419631958,2.8006978034973145,-0.1199570894241333,-0.5878074765205383,360,341
0,3,0.6348470449447632,2.826533555984497,-0.17377328872680664,-0.5878074765205383,351,348
0,4,0.7328681349754333,2.838383197784424,0.004010378383100033,-0.5878074765205383,326,367
0,5,0.7401968240737915,2.866682291030884,-0.022407814860343933,-0.5878074765205383,293,400
0,6,0.8409661054611206,2.8545303344726562,-0.2917894721031189,-0.5878074765205383,226,441
0,7,0.6348470449447632,2.79966139793396,-0.42589399218559265,-0.29390373826026917,282,363
0,8,0.6412596106529236,2.8224546909332275,-0.4648309648036957,-0.29390373826026917,278,364
 , , , , , , , 
0,0,0.6091966032981873,2.7167916297912598,-0.05986246466636658,-0.4898395836353302,258,348
0,1,0.6156092286109924,2.7449564933776855,-0.07769239693880081,-0.4898395836353302,316,345
0,2,0.6220217943191528,2.77449369430542,-0.0304399486631155,-0.4898395836353302,342,342
0,3,0.718210756778717,2.778660535812378,0.12824073433876038,-0.4898395836353302,350,344
0,4,0.7255394458770752,2.802121162414551,0.2103065848350525,-0.4898395836353302,334,361
0,5,0.8244766592979431,2.812098741531372,0.07661832869052887,-0.4898395836353302,269,394
0,6,-0.6476722359657288,1.795711874961853,2.263227939605713,-0.29390373826026917,226,419
0,7,0.18504920601844788,2.952969551086426,-0.10948636382818222,-0.29390373826026917,226,419
 , , , , , , , 
0,0,0.8079870939254761,2.7517404556274414,-0.16825245320796967,-0.5878074765205383,243,360
0,1,0.6027840375900269,2.685455322265625,0.13500018417835236,-0.29390373826026917,235,365
0,2,0.6091966032981873,2.715407133102417,0.10537853837013245,-0.29390373826026917,293,369
0,3,0.6156092286109924,2.744734525680542,0.08517953753471375,-0.29390373826026917,312,374
0,4,0.6220217943191528,2.7745437622070312,0.025485701858997345,-0.29390373826026917,298,379
0,5,0.718210756778717,2.763340473175049,-0.3183542788028717,-0.29390373826026917,243,395
 , , , , , , , 
0,0,0.44888171553611755,2.8328635692596436,0.16314570605754852,-0.4898395836353302,288,394
0,1,0.2748255431652069,2.9036543369293213,0.2946082353591919,-0.4898395836353302,246,452
0,2,-0.7328681349754333,0.48022404313087463,-2.79746675491333,-0.4898395836353302,246,452
0,3,0.6091966032981873,2.712432622909546,0.16507366299629211,-0.3918716609477997,260,398
0,4,0.6156092286109924,2.730275869369507,0.29396793246269226,-0.3918716609477997,279,401
0,5,0.6220217943191528,2.7326819896698,0.48082435131073,-0.3918716609477997,278,405
0,6,0.3627697229385376,2.858992338180542,0.34217119216918945,-0.3918716609477997,233,448
 , , , , , , , 
0,0,0.7750080823898315,2.642207145690918,0.10653089731931686,-0.6857753992080688,300,332
0,1,0.7832527756690979,2.6707937717437744,0.09506106376647949,-0.6857753992080688,332,335
0,2,0.791497528553009,2.6996452808380127,0.07242149114608765,-0.6857753992080688,331,339
0,3,0.7997423410415649,2.728541135787964,0.03360508382320404,-0.6857753992080688,291,352
0,4,0.6220217943191528,2.7746212482452393,0.014826198108494282,-0.4898395836353302,277,375
0,5,0.628434419631958,2.801074504852295,0.11081285774707794,-0.4898395836353302,250,401
0,6,0.6962246894836426,2.6937220096588135,0.12163205444812775,-0.3918716609477997,282,385
0,7,0.7035533785820007,2.7231805324554443,0.09538350254297256,-0.3918716609477997,259,389
0,8,0.6027840375900269,2.683499813079834,0.1694849282503128,-0.29390373826026917,246,410
 , , , , , , , 
0,0,0.7585185170173645,2.5880799293518066,-0.007577722892165184,-0.7837433218955994,251,340
0,1,0.7667632699012756,2.615993022918701,-0.03464159741997719,-0.7837433218955994,296,341
0,2,0.8611201047897339,2.6170108318328857,-0.05450967326760292,-0.7837433218955994,305,341
0,3,0.8702808618545532,2.6439757347106934,-0.08755218982696533,-0.7837433218955994,278,343
0,4,0.5899588465690613,2.6278483867645264,0.14115872979164124,-0.3918716609477997,242,346
0,5,0.681567370891571,2.633666753768921,0.1783527433872223,-0.3918716609477997,306,346
0,6,0.6888960599899292,2.6591994762420654,0.21754169464111328,-0.3918716609477997,337,347
0,7,0.6962246894836426,2.6837127208709717,0.2619509696960449,-0.3918716609477997,343,348
0,8,0.6156092286109924,2.730074882507324,0.2958272099494934,-0.3918716609477997,318,364
0,9,0.5331615209579468,2.7792234420776367,0.2780458629131317,-0.3918716609477997,272,395
 , , , , , , , 
0,0,0.7502737641334534,2.5597786903381348,0.0304319579154253,-0.6857753992080688,255,343
0,1,0.7585185170173645,2.5880846977233887,-0.00564087089151144,-0.6857753992080688,278,342
0,2,0.7667632699012756,2.6158499717712402,-0.044138092547655106,-0.6857753992080688,269,340
0,3,0.5331615209579468,2.750025749206543,0.48862066864967346,-0.3918716609477997,245,412
0,4,0.5899588465690613,2.616912364959717,0.27799758315086365,-0.29390373826026917,243,364
0,5,0.5963714718818665,2.642840623855591,0.30377620458602905,-0.29390373826026917,287,361
0,6,0.6027840375900269,2.666126251220703,0.34880727529525757,-0.29390373826026917,310,360
0,7,0.5221685171127319,2.6964216232299805,0.4607730507850647,-0.29390373826026917,315,366
0,8,0.5276650190353394,2.7012038230895996,0.5872519016265869,-0.29390373826026917,291,388
 , , , , , , , 
0,0,0.49468597769737244,2.5895164012908936,0.10222935676574707,-0.3918716609477997,252,353
0,1,0.5001825094223022,2.6172914505004883,0.12612052261829376,-0.3918716609477997,321,350
0,2,0.5056790113449097,2.6461846828460693,0.12474116683006287,-0.3918716609477997,356,348
0,3,0.5963714718818665,2.658130168914795,0.10597164928913116,-0.3918716609477997,365,346
0,4,0.6027840375900269,2.687424898147583,0.08742827922105789,-0.3918716609477997,329,366
0,5,0.6962246894836426,2.6872377395629883,0.22290171682834625,-0.3918716609477997,261,397
 , , , , , , , 
0,0,0.49468597769737244,2.5914676189422607,-0.0184932891279459,-0.4898395836353302,239,339
0,1,0.5166720151901245,2.689302921295166,0.306503564119339,-0.3918716609477997,285,412
0,2,0.4351404309272766,2.737755298614502,0.2664760649204254,-0.3918716609477997,237,438
0,3,0.5771336555480957,2.5722923278808594,0.10482709109783173,-0.29390373826026917,235,390
0,4,0.5835462212562561,2.596588611602783,0.1830410659313202,-0.29390373826026917,286,389
0,5,0.5056790113449097,2.6308436393737793,0.31066858768463135,-0.29390373826026917,309,388
0,6,0.5111755132675171,2.6257975101470947,0.5257678031921387,-0.29390373826026917,303,394
 , , , , , , , 
0,0,0.5963714718818665,2.3380701541900635,1.2689814567565918,-0.3918716609477997,241,403
0,1,-0.4259796142578125,1.2203593254089355,-2.400377035140991,-0.3918716609477997,241,403
0,2,0.6888960599899292,2.212036609649658,1.4918311834335327,-0.3918716609477997,230,426
0,3,-0.43056005239486694,1.377459168434143,-2.3474388122558594,-0.3918716609477997,230,426
 , , , , , , , 
0,0,0.7878332734107971,2.3504369258880615,-0.4588468074798584,-0.7837433218955994,280,332
0,1,0.7969940304756165,2.385028600692749,-0.42530208826065063,-0.7837433218955994,331,331
0,2,0.8061549067497253,2.4172306060791016,-0.40241819620132446,-0.7837433218955994,346,330
0,3,0.8427983522415161,1.139611005783081,2.294459104537964,-0.7837433218955994,246,435
0,4,0.851959228515625,1.0669102668762207,2.359748601913452,-0.7837433218955994,227,478
0,5,0.7090499401092529,2.411656618118286,-0.19218707084655762,-0.4898395836353302,240,352
0,6,0.7172946333885193,2.441756010055542,-0.1666121631860733,-0.4898395836353302,293,353
0,7,0.5771336555480957,2.5729572772979736,0.08699619024991989,-0.4898395836353302,259,381
 , , , , , , , 
0,0,0.6522526144981384,2.5261290073394775,0.013217531144618988,-0.4898395836353302,238,387
0,1,0.7008051872253418,2.3585174083709717,-0.39381974935531616,-0.3918716609477997,237,350
0,2,0.7090499401092529,2.396392583847046,-0.3321544826030731,-0.3918716609477997,261,354
0,3,0.6375952363014221,2.4573111534118652,-0.24400290846824646,-0.3918716609477997,263,357
0,4,0.6449239253997803,2.4944093227386475,-0.12971270084381104,-0.3918716609477997,250,368
0,5,0.7420289516448975,1.8778048753738403,1.698235034942627,-0.3918716609477997,237,422
0,6,0.7502737641334534,1.7246445417404175,1.8918228149414062,-0.3918716609477997,237,456
0,7,-0.5835462212562561,1.034751296043396,2.3885281085968018,-0.3918716609477997,237,456
 , , , , , , , 
0,0,0.5643084049224854,2.488036632537842,0.3821786046028137,-0.5878074765205383,260,348
0,1,0.5707210302352905,2.53232741355896,0.2617831826210022,-0.5878074765205383,268,366
0,2,0.6595813035964966,2.550875186920166,0.13692638278007507,-0.5878074765205383,228,392
0,3,0.7008051872253418,2.345874309539795,-0.46321940422058105,-0.3918716609477997,270,369
0,4,0.7090499401092529,2.3842740058898926,-0.4101969003677368,-0.3918716609477997,288,369
0,5,0.6375952363014221,2.4513492584228516,-0.29799720644950867,-0.3918716609477997,271,370
0,6,0.4836929440498352,2.533578395843506,0.04303105175495148,-0.3918716609477997,246,386
 , , , , , , , 
0,0,0.6375952363014221,2.4622297286987305,0.18799063563346863,-0.4898395836353302,317,365
0,1,0.6449239253997803,2.48479962348938,0.25430941581726074,-0.4898395836353302,297,394
0,2,0.6843156218528748,2.334787368774414,-0.02373712882399559,-0.3918716609477997,265,333
0,3,0.6925603747367859,2.3628406524658203,-0.03066325932741165,-0.3918716609477997,306,334
0,4,0.6229379177093506,2.4124433994293213,0.029872076585888863,-0.3918716609477997,319,336
0,5,0.6302666068077087,2.4336960315704346,0.18884989619255066,-0.3918716609477997,322,343
0,6,0.5643084049224854,2.424441337585449,0.6771039962768555,-0.3918716609477997,294,397
0,7,0.7337841987609863,1.394681692123413,2.0792689323425293,-0.29390373826026917,264,444
0,8,-0.4891894459724426,0.6085571050643921,-2.4894351959228516,-0.29390373826026917,264,444
0,9,0.7420289516448975,1.2212096452713013,2.217836856842041,-0.29390373826026917,262,472
0,10,-0.49468597769737244,0.6458991765975952,-2.5097529888153076,-0.29390373826026917,262,472
0,11,0.7786723971366882,2.3137741088867188,-0.4989437162876129,-0.19593583047389984,246,419
0,12,0.7878332734107971,2.326176643371582,-0.5692071318626404,-0.19593583047389984,241,417
 , , , , , , , 
0,0,0.6302666068077087,2.3896870613098145,0.49793165922164917,-0.3918716609477997,271,366
0,1,0.6375952363014221,2.4150476455688477,0.5152292251586914,-0.3918716609477997,255,390
0,2,0.6843156218528748,2.3348851203918457,0.010360056534409523,-0.29390373826026917,257,370
0,3,0.6925603747367859,2.3629655838012695,-0.01869504339993,-0.29390373826026917,262,371
0,4,0.6925603747367859,2.3436243534088135,-0.3022923171520233,-0.09796791523694992,227,444
0,5,0.7008051872253418,2.370084762573242,-0.316854327917099,-0.09796791523694992,234,442
 , , , , , , , 
0,0,0.6302666068077087,2.423017978668213,0.29584550857543945,-0.4898395836353302,328,367
0,1,0.7172946333885193,2.4333670139312744,0.262023389339447,-0.4898395836353302,275,380
0,2,0.6156092286109924,2.3356142044067383,0.47909045219421387,-0.3918716609477997,293,375
0,3,0.6229379177093506,2.36535906791687,0.47523871064186096,-0.3918716609477997,324,375
0,4,0.6760708093643188,2.305804491043091,0.06695768982172012,-0.09796791523694992,231,446
0,5,0.6843156218528748,2.3348257541656494,0.01961391232907772,-0.09796791523694992,270,447
0,6,0.6925603747367859,2.3627395629882812,-0.037650421261787415,-0.09796791523694992,279,444
0,7,0.7008051872253418,2.388172149658203,-0.11971602588891983,-0.09796791523694992,252,446
 , , , , , , , 
0,0,0.6843156218528748,2.3276400566101074,0.18408474326133728,0.0,240,402
0,1,0.6925603747367859,2.353080987930298,0.21671585738658905,0.0,237,406
0,2,0.6082805395126343,2.311630964279175,0.4543570578098297,-0.3918716609477997,326,331
0,3,0.6156092286109924,2.3589839935302734,0.34614381194114685,-0.3918716609477997,381,331
0,4,0.6229379177093506,2.3978629112243652,0.26651206612586975,-0.3918716609477997,384,340
0,5,0.6302666068077087,2.432068109512329,0.20876887440681458,-0.3918716609477997,347,358
0,6,0.6375952363014221,2.4136037826538086,0.5219510793685913,-0.3918716609477997,282,385
0,7,0.6843156218528748,2.323479175567627,0.23073846101760864,-0.19593583047389984,228,420
 , , , , , , , 
0,0,0.39391663670539856,2.488340377807617,0.09363792091608047,0.09796791523694992,239,378
0,1,0.3984970152378082,2.5176944732666016,0.08281147480010986,0.09796791523694992,227,393
0,2,0.6082805395126343,2.3387069702148438,0.28377535939216614,-0.29390373826026917,330,355
0,3,0.6156092286109924,2.3637261390686035,0.3121209442615509,-0.29390373826026917,348,356
0,4,0.6229379177093506,2.398391008377075,0.26171648502349854,-0.29390373826026917,323,371
0,5,0.6302666068077087,2.4217419624328613,-0.3061140179634094,-0.29390373826026917,260,393
0,6,0.7511898279190063,2.2822930812835693,0.07170916348695755,-0.19593583047389984,238,413
 , , , , , , , 
0,0,0.6760708093643188,2.297586441040039,0.2057046890258789,-0.29390373826026917,364,343
0,1,0.6843156218528748,2.3221616744995117,0.24363973736763,-0.29390373826026917,366,350
0,2,0.6925603747367859,2.350985288619995,0.23837712407112122,-0.29390373826026917,333,367
0,3,0.6229379177093506,2.4123921394348145,0.033759526908397675,-0.29390373826026917,256,398
0,4,0.6678260564804077,2.269364595413208,0.20544597506523132,-0.19593583047389984,281,393
 , , , , , , , 
0,0,0.7786723971366882,0.13043051958084106,2.3633627891540527,-0.3918716609477997,226,383
0,1,0.6595813035964966,2.239208221435547,0.225294828414917,-0.19593583047389984,237,390
0,2,0.6678260564804077,2.2621240615844727,0.2738949656486511,-0.19593583047389984,294,390
0,3,0.6760708093643188,2.285566806793213,0.31209373474121094,-0.19593583047389984,318,391
0,4,0.6843156218528748,2.3110246658325195,0.33310720324516296,-0.19593583047389984,311,393
0,5,0.6925603747367859,2.3445122241973877,0.2953264117240906,-0.19593583047389984,253,410
 , , , , , , , 
0,0,0.513007640838623,2.288377523422241,-0.0033315184991806746,-0.3918716609477997,246,346
0,1,-0.7008051872253418,0.4572998285293579,-2.3470354080200195,-0.29390373826026917,254,404
0,2,0.6595813035964966,2.231295585632324,0.29348212480545044,-0.19593583047389984,247,389
0,3,0.6678260564804077,2.258197069168091,0.30458083748817444,-0.19593583047389984,292,392
0,4,0.6009518504142761,2.308778762817383,0.2944277226924896,-0.19593583047389984,313,391
0,5,0.6082805395126343,2.3380613327026367,0.2890467643737793,-0.19593583047389984,300,398
0,6,0.6156092286109924,2.3690507411956787,0.26873779296875,-0.19593583047389984,247,421
 , , , , , , , 
0,0,0.5065951347351074,2.257495164871216,0.10149092972278595,-0.29390373826026917,306,342
0,1,0.513007640838623,2.285919427871704,0.1060870960354805,-0.29390373826026917,353,342
0,2,0.5194202661514282,2.314403772354126,0.10933373123407364,-0.29390373826026917,362,345
0,3,0.5258328914642334,2.342116594314575,0.1275891214609146,-0.29390373826026917,332,352
0,4,0.30414026975631714,2.411937952041626,0.10068545490503311,-0.29390373826026917,253,379
0,5,0.8464626669883728,1.2039344310760498,1.9742438793182373,-0.29390373826026917,230,418
 , , , , , , , 
0,0,0.5001825094223022,2.230980396270752,-0.02912050671875477,-0.29390373826026917,276,348
0,1,0.5065951347351074,2.2594995498657227,-0.035305898636579514,-0.29390373826026917,337,345
0,2,0.513007640838623,2.288081407546997,-0.036955803632736206,-0.29390373826026917,360,346
0,3,0.593623161315918,2.280137538909912,0.29461777210235596,-0.19593583047389984,333,371
0,4,0.6009518504142761,2.3002798557281494,0.35476619005203247,-0.19593583047389984,292,391
 , , , , , , , 
0,0,0.5001825094223022,2.22796368598938,-0.1195823922753334,-0.29390373826026917,301,338
0,1,0.5065951347351074,2.2548115253448486,-0.14969928562641144,-0.29390373826026917,330,343
0,2,0.43972086906433105,2.295206308364868,-0.1962975412607193,-0.29390373826026917,326,346
0,3,0.7237073183059692,2.1685993671417236,0.36965909600257874,-0.09796791523694992,244,415
0,4,0.6595813035964966,2.225017547607422,0.33780062198638916,-0.09796791523694992,285,416
0,5,0.6678260564804077,2.2610998153686523,0.2822260558605194,-0.09796791523694992,295,417
0,6,0.6760708093643188,2.3017094135284424,0.1528148055076599,-0.09796791523694992,271,425
 , , , , , , , 
0,0,0.5716371536254883,2.2040696144104004,0.2088366001844406,0.0,271,335
0,1,0.5789658427238464,2.232858896255493,0.20582203567028046,0.0,296,340
0,2,0.49376991391181946,2.2000696659088135,-0.10483001917600632,-0.29390373826026917,307,333
0,3,0.5001825094223022,2.227466583251953,-0.12850740551948547,-0.29390373826026917,360,335
0,4,0.5065951347351074,2.254889488220215,-0.1485181599855423,-0.29390373826026917,377,337
0,5,0.513007640838623,2.2816214561462402,-0.17574432492256165,-0.29390373826026917,365,341
0,6,0.5194202661514282,2.316944122314453,-0.013713153079152107,-0.19593583047389984,290,395
 , , , , , , , 
0,0,0.48735731840133667,2.17159366607666,-0.10142438113689423,-0.29390373826026917,229,333
0,1,0.49376991391181946,2.1983959674835205,-0.13546675443649292,-0.29390373826026917,298,335
0,2,0.5001825094223022,2.224924087524414,-0.16683605313301086,-0.29390373826026917,328,335
0,3,0.5065951347351074,2.2506802082061768,-0.2025422602891922,-0.29390373826026917,319,338
0,4,0.6760708093643188,2.2706167697906494,-0.40683823823928833,-0.19593583047389984,249,428
0,5,0.7603507041931152,1.4400732517242432,1.8077995777130127,-0.19593583047389984,231,460
0,6,0.6430917978286743,2.1809146404266357,0.24155345559120178,-0.09796791523694992,241,404
0,7,0.6513365507125854,2.206223487854004,0.2675113379955292,-0.09796791523694992,273,410
0,8,0.6595813035964966,2.2300570011138916,0.3027494549751282,-0.09796791523694992,274,416
0,9,0.6678260564804077,2.2501327991485596,0.3593413829803467,-0.09796791523694992,248,428
 , , , , , , , 
0,0,0.5194202661514282,2.279601812362671,-0.41452890634536743,-0.3918716609477997,226,352
0,1,0.48735731840133667,2.17299222946167,-0.06488756835460663,-0.19593583047389984,299,349
0,2,0.49376991391181946,2.201014995574951,-0.08263937383890152,-0.19593583047389984,346,355
0,3,0.5001825094223022,2.2295477390289307,-0.08508098870515823,-0.19593583047389984,357,361
0,4,0.5065951347351074,2.2593190670013428,-0.04540824890136719,-0.19593583047389984,341,365
0,5,0.513007640838623,2.2836050987243652,0.14774976670742035,-0.19593583047389984,285,390
 , , , , , , , 
0,0,0.48735731840133667,2.1739511489868164,0.006541164591908455,-0.09796791523694992,243,370
0,1,0.49376991391181946,2.2023427486419678,-0.031347014009952545,-0.09796791523694992,291,377
0,2,0.5716371536254883,2.21342396736145,-0.0478578619658947,-0.09796791523694992,311,384
0,3,0.5789658427238464,2.2417399883270264,-0.05122046545147896,-0.09796791523694992,310,391
0,4,0.6595813035964966,2.250072956085205,-0.04453684017062187,-0.09796791523694992,285,409
0,5,0.6678260564804077,2.276977777481079,-0.0871550664305687,-0.09796791523694992,241,437
 , , , , , , , 
0,0,0.5789658427238464,2.2268526554107666,0.2629616856575012,-0.19593583047389984,351,361
0,1,0.5862944722175598,2.2398581504821777,0.3730330765247345,-0.19593583047389984,289,394
0,2,0.4809446930885315,2.1452605724334717,0.02023506537079811,-0.09796791523694992,257,358
0,3,0.48735731840133667,2.173877239227295,0.01907544583082199,-0.09796791523694992,323,366
0,4,0.49376991391181946,2.202501058578491,0.016887258738279343,-0.09796791523694992,349,372
0,5,0.5001825094223022,2.2305383682250977,0.05311053618788719,-0.09796791523694992,350,374
 , , , , , , , 
0,0,0.48735731840133667,2.17063307762146,-0.1202399954199791,0.09796791523694992,252,358
0,1,0.49376991391181946,2.1988461017608643,-0.1279498040676117,0.09796791523694992,286,359
0,2,0.48735731840133667,2.1655566692352295,0.19097301363945007,-0.09796791523694992,245,374
0,3,0.49376991391181946,2.1717875003814697,0.3669256567955017,-0.09796791523694992,293,378
0,4,0.5001825094223022,2.1855309009552,0.4489731788635254,-0.09796791523694992,319,381
0,5,0.5789658427238464,2.1895079612731934,0.48381441831588745,-0.09796791523694992,318,386
0,6,0.6595813035964966,2.2170495986938477,0.38665664196014404,-0.09796791523694992,281,406
0,7,0.6678260564804077,2.278499126434326,0.025812987238168716,-0.09796791523694992,232,435
 , , , , , , , 
0,0,0.49376991391181946,2.196986436843872,-0.15667280554771423,0.19593583047389984,253,341
0,1,0.5001825094223022,2.2220215797424316,-0.20184507966041565,0.19593583047389984,270,341
0,2,0.5001825094223022,2.2292685508728027,-0.09210455417633057,0.29390373826026917,271,340
0,3,0.5065951347351074,2.255340099334717,-0.14151141047477722,0.29390373826026917,257,341
0,4,0.6348470449447632,2.1660823822021484,0.0126757537946105,-0.09796791523694992,258,368
0,5,0.6430917978286743,2.1942121982574463,0.01303347758948803,-0.09796791523694992,277,370
0,6,0.6513365507125854,2.2217679023742676,0.05225983262062073,-0.09796791523694992,272,372
0,7,0.5862944722175598,2.262207508087158,0.19630227982997894,-0.09796791523694992,250,387
 , , , , , , , 
0,0,0.6348470449447632,2.132343053817749,0.381034255027771,-0.09796791523694992,259,360
0,1,0.6430917978286743,2.148836612701416,0.44411513209342957,-0.09796791523694992,288,359
0,2,0.6513365507125854,2.1669394969940186,0.4933122396469116,-0.09796791523694992,283,361
 , , , , , , , 
0,0,0.49376991391181946,2.160273313522339,0.4295521378517151,0.09796791523694992,234,345
0,1,0.5716371536254883,2.1752092838287354,0.41231152415275574,0.09796791523694992,249,346
0,2,0.5789658427238464,2.2105705738067627,0.3760319650173187,0.09796791523694992,237,351
 , , , , , , , 
0,0,0.49376991391181946,2.169085741043091,0.3825739026069641,0.09796791523694992,262,345
0,1,0.5001825094223022,2.1988744735717773,0.37824928760528564,0.09796791523694992,279,341
0,2,0.5789658427238464,2.2148234844207764,0.35011211037635803,0.09796791523694992,263,346
0,3,0.5643084645271301,2.183382749557495,0.0974707081913948,-0.09796791523694992,239,337
0,4,0.5716371536254883,2.212296962738037,0.08531112968921661,-0.09796791523694992,249,340
0,5,0.5789658427238464,2.2415287494659424,0.05975352227687836,-0.09796791523694992,237,340
 , , , , , , , 
0,0,0.48735731840133667,2.1436104774475098,0.3619953691959381,0.09796791523694992,232,344
0,1,0.49376991391181946,2.1762094497680664,0.3397173583507538,0.09796791523694992,272,343
0,2,0.5001825094223022,2.2072253227233887,0.32600364089012146,0.09796791523694992,283,342
0,3,0.5065951347351074,2.2360568046569824,0.32654914259910583,0.09796791523694992,265,346
0,4,0.5643084645271301,2.185119867324829,0.043723322451114655,-0.09796791523694992,228,351
0,5,0.5716371536254883,2.2138335704803467,0.021837275475263596,-0.09796791523694992,235,356
 , , , , , , , 
0,0,0.5716371536254883,2.2097558975219727,0.13606807589530945,0.09796791523694992,239,345
0,1,0.5789658427238464,2.2370765209198,0.15333133935928345,0.09796791523694992,229,349
 , , , , , , , 
0,0,0.5001825094223022,2.2062976360321045,0.3322230875492096,0.09796791523694992,257,340
0,1,0.5065951347351074,2.2293355464935303,0.36965811252593994,0.09796791523694992,260,342
 , , , , , , , 
0,0,0.49376991391181946,2.173238754272461,0.35823142528533936,0.09796791523694992,237,342
0,1,0.5001825094223022,2.2025158405303955,0.3564343750476837,0.09796791523694992,252,346
0,2,0.5065951347351074,2.2299139499664307,0.366152822971344,0.09796791523694992,240,352
 , , , , , , , 
0,0,0.5716371536254883,2.1817572116851807,0.37612682580947876,0.09796791523694992,252,348
0,1,0.5789658427238464,2.2081313133239746,0.39010006189346313,0.09796791523694992,249,351
 , , , , , , , 
0,0,0.5716371536254883,2.195571184158325,0.2846085727214813,-0.09796791523694992,240,356
0,1,0.5789658427238464,2.222348690032959,0.29864436388015747,-0.09796791523694992,242,357
 , , , , , , , 
0,0,0.4232313632965088,2.2044625282287598,0.23732918500900269,-0.09796791523694992,238,349
0,1,0.4287278652191162,2.2307963371276855,0.26085296273231506,-0.09796791523694992,249,351
0,2,0.43422436714172363,2.2574734687805176,0.280152827501297,-0.09796791523694992,237,356
 , , , , , , , 
0,0,0.5643084645271301,2.164003372192383,0.3061859607696533,-0.09796791523694992,251,364
0,1,0.6430917978286743,2.1726081371307373,0.30742698907852173,-0.09796791523694992,255,362
0,2,0.6513365507125854,2.184607744216919,0.40801045298576355,-0.09796791523694992,229,366
 , , , , , , , 
0,0,0.9655537605285645,0.2455734759569168,-0.028491951525211334,-0.29390373826026917,277,334
0,1,0.9939523935317993,0.24218983948230743,-0.07816807180643082,-0.29390373826026917,296,335
 , , , , , , , 
0,0,0.9371550679206848,0.2381414920091629,0.02940257079899311,-0.29390373826026917,226,336
0,1,0.9655537605285645,0.24584029614925385,-0.026089731603860855,-0.29390373826026917,248,338
0,2,0.9939523935317993,0.23104023933410645,-0.10670790076255798,-0.29390373826026917,251,338
0,3,1.0223510265350342,0.1484059989452362,-0.21562813222408295,-0.19593583047389984,237,339
 , , , , , , , 
0,0,0.9032599329948425,0.2892240285873413,0.30640357732772827,-0.29390373826026917,229,336
0,1,0.9618894457817078,0.24235771596431732,0.26218125224113464,-0.29390373826026917,227,339
 , , , , , , , 
0,0,0.9087564945220947,0.23261883854866028,0.005260332487523556,-0.19593583047389984,255,341
0,1,0.9371550679206848,0.2398494929075241,-0.006935658864676952,-0.19593583047389984,269,340
0,2,0.9655537605285645,0.24659913778305054,-0.017521196976304054,-0.19593583047389984,254,342
 , , , , , , , 
0,0,0.851959228515625,0.22883859276771545,0.21825842559337616,-0.09796791523694992,228,334
0,1,0.8501270413398743,0.31095537543296814,0.24610641598701477,-0.09796791523694992,234,335
 , , , , , , , 
0,0,0.9087564945220947,0.2315225899219513,0.02316223829984665,-0.09796791523694992,235,327
0,1,0.9371550679206848,0.23829111456871033,0.028164248913526535,-0.09796791523694992,229,329
 , , , , , , , 
0,0,0.8803578615188599,0.21748553216457367,0.05923237279057503,-0.09796791523694992,240,337
0,1,0.9087564945220947,0.2318543940782547,0.019563650712370872,-0.09796791523694992,240,339
 , , , , , , , 
0,0,0.851959228515625,0.29651501774787903,0.10992123186588287,0.09796791523694992,235,332
 , , , , , , , 
0,0,0.7695115208625793,0.4142136871814728,0.09847230464220047,0.09796791523694992,240,330
0,1,0.7951619625091553,0.4261343777179718,0.10938607156276703,0.09796791523694992,286,330
0,2,0.8208122849464417,0.43984097242355347,0.11306942254304886,0.09796791523694992,299,332
0,3,0.8464626669883728,0.45535239577293396,0.10950180888175964,0.09796791523694992,286,337
0,4,0.872113049030304,0.4725772440433502,0.09747686237096786,0.09796791523694992,242,359
 , , , , , , , 
0,0,0.7695115208625793,0.4249729812145233,0.025840377435088158,0.09796791523694992,246,338
0,1,0.7951619625091553,0.43792930245399475,0.04211609810590744,0.09796791523694992,301,337
0,2,0.8208122849464417,0.4515136778354645,0.04878712445497513,0.09796791523694992,322,334
0,3,0.8464626669883728,0.45638948678970337,0.10509561002254486,0.19593583047389984,312,333
0,4,0.872113049030304,0.4720999598503113,0.09976288676261902,0.19593583047389984,262,348
 , , , , , , , 
0,0,0.7667632699012756,0.48465076088905334,0.05501023307442665,0.19593583047389984,281,339
0,1,0.7914975881576538,0.5010496377944946,0.04958243668079376,0.19593583047389984,321,339
0,2,0.8162318468093872,0.5180894732475281,0.03441397845745087,0.19593583047389984,325,343
0,3,0.8409661650657654,0.534948468208313,0.004272860009223223,0.19593583047389984,297,351
0,4,0.8657004833221436,0.5487431287765503,-0.04638077691197395,0.19593583047389984,225,376
 , , , , , , , 
0,0,0.7383646368980408,0.5276037454605103,0.04785748943686485,0.19593583047389984,226,337
0,1,0.7621828317642212,0.5430819392204285,0.06416331231594086,0.19593583047389984,278,335
0,2,0.7860010266304016,0.5628955960273743,0.0344446524977684,0.19593583047389984,300,334
0,3,0.8098192811012268,0.5801681876182556,-0.03177745267748833,0.19593583047389984,298,333
0,4,0.833637535572052,0.5871126055717468,-0.11425751447677612,0.19593583047389984,257,351
 , , , , , , , 
0,0,0.9399033784866333,0.5807395577430725,-0.14222882688045502,0.09796791523694992,261,365
0,1,0.9646376967430115,0.595786988735199,-0.14692886173725128,0.09796791523694992,247,396
0,2,0.7328681349754333,0.5851255059242249,0.0225825272500515,0.29390373826026917,285,325
0,3,0.755770206451416,0.603029727935791,0.03165433555841446,0.29390373826026917,324,326
0,4,0.7786723971366882,0.6215611696243286,0.027262326329946518,0.29390373826026917,333,329
0,5,0.8015745282173157,0.6404264569282532,0.006307555828243494,0.29390373826026917,310,338
0,6,0.791497528553009,0.6964797973632812,-0.04657306522130966,0.3918716609477997,276,357
 , , , , , , , 
0,0,0.9050921201705933,0.6325583457946777,-0.1469150185585022,0.09796791523694992,241,381
0,1,0.9289103746414185,0.6582723259925842,-0.10430313646793365,0.09796791523694992,232,415
0,2,0.7035533785820007,0.6084077954292297,0.12177915871143341,0.29390373826026917,271,327
0,3,0.7255394458770752,0.6310238838195801,0.10600411146879196,0.29390373826026917,340,326
0,4,0.7786723971366882,0.6154124140739441,0.09137304872274399,0.29390373826026917,367,327
0,5,0.8015745282173157,0.6378462910652161,0.0577743761241436,0.29390373826026917,360,332
0,6,0.8244765996932983,0.6583094000816345,0.024260766804218292,0.29390373826026917,310,352
0,7,0.7585184574127197,0.723315954208374,-0.12322865426540375,0.4898395836353302,317,331
0,8,0.7795884609222412,0.7391287088394165,-0.14961570501327515,0.4898395836353302,261,355
 , , , , , , , 
0,0,0.9050921201705933,0.642603874206543,-0.09367165714502335,0.09796791523694992,233,397
0,1,0.7255394458770752,0.6001347303390503,0.22196021676063538,0.19593583047389984,312,338
0,2,0.7475254535675049,0.6280829310417175,0.20032396912574768,0.19593583047389984,357,340
0,3,0.7695115804672241,0.6535567045211792,0.18281981348991394,0.19593583047389984,368,343
0,4,0.791497528553009,0.6777026057243347,0.1672493815422058,0.19593583047389984,345,348
0,5,0.8134835958480835,0.7014842629432678,0.1503947228193283,0.19593583047389984,271,373
0,6,0.7585184574127197,0.6445801854133606,-0.35055339336395264,0.4898395836353302,283,341
0,7,0.7795884609222412,0.6609287858009338,-0.3631380498409271,0.4898395836353302,291,343
0,8,0.7658472061157227,0.7175192832946777,-0.3735639750957489,0.4898395836353302,263,354
 , , , , , , , 
0,0,0.7255394458770752,0.594893217086792,0.23564818501472473,0.09796791523694992,239,332
0,1,0.7475254535675049,0.6202255487442017,0.2234683781862259,0.09796791523694992,298,335
0,2,0.7695115804672241,0.6423208117485046,0.21905137598514557,0.09796791523694992,319,338
0,3,0.791497528553009,0.661278486251831,0.22352604568004608,0.09796791523694992,307,341
0,4,0.8473787307739258,0.6476641893386841,0.1973186433315277,0.09796791523694992,263,357
0,5,0.870280921459198,0.6886661052703857,0.09620789438486099,0.09796791523694992,249,386
0,6,0.9289103746414185,0.6621556878089905,0.07583796977996826,0.09796791523694992,226,422
0,7,0.7117981314659119,0.8080311417579651,-0.12993627786636353,0.3918716609477997,265,348
0,8,0.7310359477996826,0.8297542333602905,-0.13416489958763123,0.3918716609477997,276,361
0,9,0.7502737641334534,0.8449958562850952,-0.1736297607421875,0.3918716609477997,243,382
0,10,0.7117981314659119,0.7756544947624207,-0.2610706388950348,0.5878074765205383,246,340
 , , , , , , , 
0,0,0.8006584048271179,0.7672858834266663,-0.10547216236591339,0.09796791523694992,240,375
0,1,0.8574557304382324,0.7545726895332336,-0.0496564581990242,0.09796791523694992,247,408
0,2,0.7163785696029663,0.6588938236236572,0.21464581787586212,0.19593583047389984,261,352
0,3,0.7374485731124878,0.689524233341217,0.18284818530082703,0.19593583047389984,303,355
0,4,0.7585184574127197,0.718582272529602,0.1483602523803711,0.19593583047389984,313,354
0,5,0.7795884609222412,0.7471298575401306,0.10243616253137589,0.19593583047389984,273,359
0,6,0.6962246894836426,0.8576849102973938,-0.14336541295051575,0.3918716609477997,255,352
 , , , , , , , 
0,0,0.7163785696029663,0.6542308926582336,0.22846411168575287,0.19593583047389984,248,326
0,1,0.7374485731124878,0.6833673119544983,0.2046612948179245,0.19593583047389984,301,328
0,2,0.7255393862724304,0.7444443106651306,0.18197990953922272,0.19593583047389984,324,330
0,3,0.7456933259963989,0.7697092294692993,0.16716308891773224,0.19593583047389984,324,334
0,4,0.7658472061157227,0.7993802428245544,0.12399670481681824,0.19593583047389984,301,353
0,5,0.7145464420318604,0.8918309807777405,-0.033719923347234726,0.29390373826026917,284,368
0,6,0.7328680753707886,0.9062403440475464,-0.12883174419403076,0.29390373826026917,238,399
 , , , , , , , 
0,0,0.8931830525398254,0.7036200761795044,-0.11924313008785248,0.09796791523694992,295,357
0,1,0.9160851240158081,0.7249348163604736,-0.10110609978437424,0.09796791523694992,280,383
0,2,0.7053855657577515,0.7172119617462158,0.20185573399066925,0.19593583047389984,248,343
0,3,0.7585184574127197,0.7133997678756714,0.1715577095746994,0.19593583047389984,283,346
0,4,0.7795884609222412,0.7431145906448364,0.12836231291294098,0.19593583047389984,287,349
0,5,0.7310359477996826,0.8401654958724976,0.024783937260508537,0.29390373826026917,262,358
0,6,0.6788191199302673,0.9085096120834351,-0.14453725516796112,0.29390373826026917,250,375
0,7,0.6595813035964966,0.936880886554718,-0.24934230744838715,0.29390373826026917,232,402
 , , , , , , , 
0,0,0.870280921459198,0.6275152564048767,-0.2995689809322357,0.09796791523694992,239,338
0,1,0.8931830525398254,0.6604264974594116,-0.2704385221004486,0.09796791523694992,302,339
0,2,0.9160851240158081,0.6857393383979797,-0.25595784187316895,0.09796791523694992,325,341
0,3,0.9389872550964355,0.704096794128418,-0.25908130407333374,0.09796791523694992,303,356
0,4,0.9618894457817078,0.7119548916816711,-0.2894614040851593,0.09796791523694992,243,374
0,5,0.6595813035964966,0.9480922818183899,-0.20257914066314697,0.29390373826026917,326,374
0,6,0.6760708093643188,0.9638402462005615,-0.2418939620256424,0.29390373826026917,281,411
0,7,0.6925603151321411,0.7913108468055725,0.08893165737390518,0.3918716609477997,287,337
0,8,0.7117981314659119,0.8162977695465088,0.0587850920855999,0.3918716609477997,336,337
0,9,0.7310359477996826,0.8396198153495789,0.039125457406044006,0.3918716609477997,357,337
0,10,0.7145464420318604,0.8923264145851135,0.015906279906630516,0.3918716609477997,353,345
 , , , , , , , 
0,0,0.8217284083366394,0.7725644707679749,-0.18703636527061462,0.0,264,316
0,1,0.8006584048271179,0.7051172256469727,-0.3204086720943451,0.19593583047389984,269,341
0,2,0.8574557304382324,0.746975302696228,-0.11778660863637924,0.19593583047389984,332,345
0,3,0.8794417381286621,0.7755770683288574,-0.0052232900634408,0.29390373826026917,348,355
0,4,0.9014277458190918,0.7949762940406799,-0.003626368474215269,0.29390373826026917,319,378
0,5,0.923413872718811,0.8143743872642517,0.00038337023579515517,0.29390373826026917,258,402
 , , , , , , , 
0,0,0.6962246894836426,0.8677486181259155,-0.05647530406713486,0.0,232,315
0,1,0.6788191199302673,0.9079190492630005,-0.14820165932178497,0.0,282,316
0,2,0.6595813035964966,0.9450624585151672,-0.21627357602119446,0.09796791523694992,320,342
0,3,0.6760708093643188,0.9628005623817444,-0.24599944055080414,0.09796791523694992,340,348
0,4,0.6925603747367859,0.9818025827407837,-0.2689289450645447,0.09796791523694992,317,362
0,5,0.7090499401092529,1.0020781755447388,-0.2864113748073578,0.09796791523694992,247,383
0,6,0.6614134907722473,0.8959346413612366,0.027188841253519058,0.19593583047389984,280,343
0,7,0.6788191199302673,0.9199346303939819,0.0010169879533350468,0.19593583047389984,307,342
0,8,0.8061549067497253,0.8460776209831238,0.0960824191570282,0.3918716609477997,297,340
0,9,0.8263087868690491,0.8708198666572571,0.058813076466321945,0.3918716609477997,304,348
0,10,0.8079870939254761,0.9265296459197998,0.06781308352947235,0.3918716609477997,279,360
0,11,0.7090499401092529,1.0337766408920288,0.1322796791791916,0.3918716609477997,230,386
0,12,0.8427982926368713,0.7906665802001953,-0.19875158369541168,0.5878074765205383,281,338
0,13,0.8638682961463928,0.8071585297584534,-0.2163308560848236,0.5878074765205383,312,337
0,14,0.8849382400512695,0.8240247368812561,-0.23187603056430817,0.5878074765205383,306,340
0,15,0.906008243560791,0.8408427238464355,-0.24713675677776337,0.5878074765205383,260,351
 , , , , , , , 
0,0,0.6962246894836426,0.868535578250885,-0.04269682988524437,0.0,260,323
0,1,0.7145464420318604,0.890962541103363,-0.05181936174631119,0.0,304,324
0,2,0.7328680753707886,0.913652241230011,-0.05575712025165558,0.0,313,328
0,3,0.6696582436561584,1.0334097146987915,-0.2693808376789093,0.09796791523694992,253,383
0,4,0.6440078616142273,0.8579930067062378,0.15986283123493195,0.29390373826026917,268,330
0,5,0.6614134907722473,0.8915113806724548,0.09298125654459,0.29390373826026917,348,331
0,6,0.6788191199302673,0.9174883365631104,0.06705060601234436,0.29390373826026917,385,335
0,7,0.6962246894836426,0.9424055218696594,0.04591077193617821,0.29390373826026917,386,343
0,8,0.7136303186416626,0.9668216109275818,0.023669254034757614,0.29390373826026917,350,360
0,9,0.7695115208625793,0.9609742760658264,0.016713885590434074,0.29390373826026917,278,393
0,10,0.590874969959259,1.0790907144546509,-0.2745431065559387,-0.6857753992080688,281,340
0,11,0.6046161651611328,1.1036169528961182,-0.28315427899360657,-0.6857753992080688,290,339
0,12,0.6183574795722961,1.1264901161193848,-0.29806748032569885,-0.6857753992080688,262,342
 , , , , , , , 
0,0,0.6302666068077087,1.0736223459243774,-0.19759319722652435,0.19593583047389984,237,393
0,1,0.6266022324562073,0.9202718138694763,0.03708573803305626,0.29390373826026917,291,339
0,2,0.6430917978286743,0.945098340511322,0.017268896102905273,0.29390373826026917,357,339
0,3,0.6595813035964966,0.9694454073905945,0.009638911113142967,0.29390373826026917,386,340
0,4,0.6760708093643188,0.9937251210212708,0.003316601039841771,0.29390373826026917,378,346
0,5,0.6540848016738892,1.0430132150650024,-0.013980097137391567,0.29390373826026917,319,369
0,6,0.5899588465690613,1.1922591924667358,-0.22103764116764069,-0.6857753992080688,245,349
 , , , , , , , 
0,0,0.6962246894836426,0.9043369293212891,0.2690924108028412,0.29390373826026917,321,341
0,1,0.6760708093643188,0.984475314617157,0.13531067967414856,0.29390373826026917,326,346
0,2,0.6925603747367859,1.0175178050994873,-0.03027435950934887,0.29390373826026917,308,364
0,3,0.7090499401092529,1.0340310335159302,-0.13027630746364594,0.29390373826026917,258,393
0,4,0.6266022324562073,0.8732084631919861,0.29288652539253235,0.3918716609477997,264,339
0,5,0.6430917978286743,0.8806743621826172,0.343397319316864,0.3918716609477997,305,339
0,6,0.5478188991546631,1.1826893091201782,-0.3457336723804474,-0.7837433218955994,232,346
 , , , , , , , 
0,0,0.6595813035964966,0.9605543613433838,0.13134923577308655,0.29390373826026917,270,342
0,1,0.6760708093643188,0.9935657978057861,0.018102040514349937,0.29390373826026917,313,343
0,2,0.6540848016738892,1.0383764505386353,-0.09922860562801361,0.29390373826026917,343,342
0,3,0.6696582436561584,1.056553602218628,-0.1555512696504593,0.29390373826026917,338,354
0,4,0.6852316856384277,1.0783978700637817,-0.17670050263404846,0.29390373826026917,294,379
0,5,0.5597280263900757,1.1825840473175049,0.4318687915802002,0.6857753992080688,291,352
0,6,0.5716370940208435,1.2277436256408691,0.38187164068222046,0.6857753992080688,268,358
 , , , , , , , 
0,0,0.6385113596916199,1.0009305477142334,-0.18711960315704346,0.19593583047389984,261,347
0,1,0.6540848016738892,1.0305830240249634,-0.1611538976430893,0.29390373826026917,351,331
0,2,0.6696582436561584,1.0559090375900269,-0.1598680019378662,0.29390373826026917,381,333
0,3,0.6852316856384277,1.0793049335479736,-0.17107251286506653,0.29390373826026917,370,344
0,4,0.700805127620697,1.1003586053848267,-0.1956353485584259,0.29390373826026917,318,362
0,5,0.6229378581047058,0.9587306976318359,0.2602858245372772,0.4898395836353302,263,342
0,6,0.6385113596916199,0.9899178147315979,0.23861776292324066,0.4898395836353302,329,337
0,7,0.6540848016738892,1.0215353965759277,0.2110392451286316,0.4898395836353302,357,337
0,8,0.6696582436561584,1.052459955215454,0.18119020760059357,0.4898395836353302,356,341
0,9,0.25833600759506226,1.2816216945648193,0.43476352095603943,-0.7837433218955994,256,343
0,10,0.7319520711898804,0.2218734622001648,-1.1460058689117432,-0.7837433218955994,256,343
0,11,0.2638325095176697,1.2984697818756104,0.47362229228019714,-0.7837433218955994,286,344
0,12,0.7475254535675049,0.5157544612884521,-1.0747802257537842,-0.7837433218955994,286,344
0,13,0.22444085776805878,1.339827299118042,0.46668604016304016,-0.7837433218955994,282,345
0,14,0.763098955154419,0.5654175877571106,-1.0776315927505493,-0.7837433218955994,282,345
0,15,0.7786723971366882,0.5016500949859619,-1.1359574794769287,-0.7837433218955994,237,355
0,16,0.2748255431652069,1.346038818359375,0.510914146900177,-0.7837433218955994,237,355
 , , , , , , , 
0,0,0.9344068169593811,1.1292861700057983,-0.2945742607116699,0.19593583047389984,291,399
0,1,0.9527285099029541,1.1507411003112793,-0.30297496914863586,0.19593583047389984,263,420
0,2,0.3957487642765045,1.347712516784668,0.08368544280529022,-0.6857753992080688,326,359
 , , , , , , , 
0,0,0.9160851836204529,1.1330958604812622,-0.15894798934459686,0.09796791523694992,293,362
0,1,0.9344068169593811,1.1506201028823853,-0.19528070092201233,0.09796791523694992,320,369
0,2,0.9527285099029541,1.1680759191513062,-0.2271512746810913,0.09796791523694992,307,383
0,3,0.9710502624511719,1.1783711910247803,-0.28709831833839417,0.09796791523694992,255,405
0,4,0.7832527756690979,1.0438982248306274,0.19230607151985168,0.3918716609477997,228,356
0,5,0.8427983522415161,1.0399452447891235,0.163082554936409,0.3918716609477997,255,356
0,6,0.8611201047897339,1.0689536333084106,0.1188340038061142,0.3918716609477997,262,353
0,7,0.7163785696029663,1.1132789850234985,0.256520539522171,0.5878074765205383,247,349
0,8,0.7319520711898804,1.1357895135879517,0.26933157444000244,0.5878074765205383,274,347
 , , , , , , , 
0,0,0.8006584644317627,1.0605179071426392,0.2294319123029709,0.3918716609477997,269,351
0,1,0.8180640935897827,1.0871620178222656,0.2171662151813507,0.3918716609477997,292,350
0,2,0.835469663143158,1.1148428916931152,0.197649285197258,0.3918716609477997,287,349
0,3,0.5038468241691589,1.5231833457946777,-0.15998077392578125,-0.29390373826026917,237,386
 , , , , , , , 
0,0,0.8180640935897827,1.076240062713623,0.26606300473213196,0.4898395836353302,280,346
0,1,0.835469663143158,1.1017931699752808,0.2607521414756775,0.4898395836353302,305,345
0,2,0.852875292301178,1.12464439868927,0.2666187286376953,0.4898395836353302,299,344
0,3,0.870280921459198,1.1380491256713867,0.3095773756504059,0.4898395836353302,255,355
0,4,0.7328681349754333,1.2444077730178833,0.25047266483306885,0.6857753992080688,259,352
0,5,0.7475254535675049,1.2725661993026733,0.23865945637226105,0.6857753992080688,258,350
0,6,0.5130077004432678,1.550685167312622,-0.1647116243839264,-0.6857753992080688,243,340
0,7,0.574385404586792,1.5566636323928833,-0.19727599620819092,-0.6857753992080688,260,346
0,8,0.5844623446464539,1.5755537748336792,-0.25864651799201965,-0.6857753992080688,247,358
 , , , , , , , 
0,0,0.8794417381286621,1.0852123498916626,0.16984130442142487,0.29390373826026917,243,367
0,1,0.8977634310722351,1.1107629537582397,0.15340547263622284,0.29390373826026917,287,365
0,2,0.9160851836204529,1.1355206966400146,0.1405830681324005,0.29390373826026917,300,360
0,3,0.9344068169593811,1.1605298519134521,0.12341652810573578,0.29390373826026917,277,360
0,4,0.835469663143158,1.1086030006408691,0.23008553683757782,0.4898395836353302,242,347
0,5,0.852875292301178,1.139046549797058,0.19617171585559845,0.4898395836353302,259,348
 , , , , , , , 
0,0,0.8977634310722351,1.1186771392822266,0.07674024254083633,0.29390373826026917,266,383
0,1,0.9160851836204529,1.1408010721206665,0.08799825608730316,0.29390373826026917,307,378
0,2,0.9344068169593811,1.1623411178588867,0.1049974337220192,0.29390373826026917,318,372
0,3,0.9527285099029541,1.1826844215393066,0.13136506080627441,0.29390373826026917,296,373
0,4,0.852875292301178,1.1375360488891602,0.20474953949451447,0.4898395836353302,298,353
0,5,0.870280921459198,1.1656591892242432,0.1795344352722168,0.4898395836353302,330,349
 , , , , , , , 
0,0,0.8574556708335876,1.1849215030670166,-0.4294430911540985,0.09796791523694992,228,382
0,1,0.9224977493286133,1.1813859939575195,-0.4089595079421997,0.09796791523694992,238,373
0,2,1.0388405323028564,1.1939113140106201,-0.03549422696232796,0.19593583047389984,232,371
0,3,1.0196027755737305,1.1496137380599976,0.2296113222837448,0.29390373826026917,249,370
0,4,0.8977634310722351,1.0926368236541748,0.25193706154823303,0.3918716609477997,242,347
0,5,0.870280921459198,1.1624393463134766,0.19932113587856293,0.3918716609477997,291,344
0,6,0.9344068169593811,1.1525485515594482,0.18355678021907806,0.3918716609477997,297,346
0,7,0.8739452362060547,1.253097414970398,0.28264695405960083,0.4898395836353302,290,362
0,8,0.9399033784866333,1.2390642166137695,0.29525476694107056,0.4898395836353302,235,385
0,9,0.8244766592979431,1.1605316400527954,0.34898048639297485,0.5878074765205383,234,350
0,10,0.8409661054611206,1.1832144260406494,0.35771065950393677,0.5878074765205383,294,349
0,11,0.8574556708335876,1.2082738876342773,0.35851743817329407,0.5878074765205383,315,347
 , , , , , , , 
0,0,1.0388405323028564,1.19140625,0.08506038784980774,0.3918716609477997,290,361
0,1,0.870280921459198,1.1786340475082397,-0.04261195287108421,0.4898395836353302,244,337
0,2,0.8876864910125732,1.2027087211608887,-0.02611212618649006,0.4898395836353302,315,337
0,3,0.9050921201705933,1.2263925075531006,-0.02145332843065262,0.4898395836353302,343,339
0,4,0.9224977493286133,1.2500152587890625,-0.019554248079657555,0.4898395836353302,335,344
 , , , , , , , 
0,0,0.9344068169593811,1.1614288091659546,-0.11464861780405045,0.6857753992080688,259,343
0,1,0.9527285099029541,1.1896696090698242,-0.026178009808063507,0.6857753992080688,349,342
0,2,0.9224977493286133,1.2501659393310547,0.0024355528876185417,0.6857753992080688,394,343
0,3,0.9399033784866333,1.2735525369644165,0.022784193977713585,0.6857753992080688,399,349
0,4,0.9573089480400085,1.29696524143219,0.03136088326573372,0.6857753992080688,367,361
0,5,1.0260154008865356,1.2809875011444092,0.035983964800834656,0.6857753992080688,283,393
 , , , , , , , 
0,0,0.9224977493286133,1.245718240737915,-0.10538775473833084,0.4898395836353302,320,337
0,1,0.9399033784866333,1.2701258659362793,-0.0961012989282608,0.4898395836353302,376,339
0,2,0.9573089480400085,1.2936967611312866,-0.09721650183200836,0.4898395836353302,392,343
0,3,0.9747145771980286,1.3164782524108887,-0.10838731378316879,0.4898395836353302,371,351
0,4,0.9921202063560486,1.3375393152236938,-0.13683637976646423,0.4898395836353302,300,375
 , , , , , , , 
0,0,0.9573089480400085,1.296827793121338,-0.03660742938518524,0.4898395836353302,280,349
0,1,0.9747145771980286,1.3209162950515747,-0.006552714854478836,0.4898395836353302,321,345
0,2,0.9921202063560486,1.3443795442581177,0.01947813853621483,0.4898395836353302,329,343
0,3,0.8904348015785217,1.2623461484909058,-0.3456612229347229,0.6857753992080688,254,340
0,4,0.5038468241691589,1.5294486284255981,-0.08042391389608383,-0.7837433218955994,289,341
0,5,0.5130077004432678,1.5576753616333008,0.07349807024002075,-0.7837433218955994,303,342
 , , , , , , , 
0,0,1.005861520767212,1.4679292440414429,0.17629316449165344,0.4898395836353302,269,370
0,1,0.9921202063560486,1.3357722759246826,-0.1531282514333725,0.5878074765205383,246,341
0,2,1.0095258951187134,1.3614689111709595,-0.13462510704994202,0.5878074765205383,295,340
0,3,0.9728823900222778,1.4252634048461914,-0.11632733047008514,0.5878074765205383,309,341
0,4,0.9893719553947449,1.4541699886322021,-0.014289158396422863,0.5878074765205383,293,348
0,5,-0.07878332585096359,2.5066030025482178,-0.2578963339328766,-0.7837433218955994,256,425
0,6,0.8666166067123413,0.7595738768577576,2.2422754764556885,-0.7837433218955994,256,425
0,7,1.0480014085769653,1.2530585527420044,-1.996588945388794,-0.7837433218955994,233,429
0,8,0.08061549067497253,2.4923512935638428,0.6606932878494263,-0.7837433218955994,233,429
0,9,0.9783788919448853,0.8572313785552979,-2.2616066932678223,-0.7837433218955994,265,448
0,10,0.0,2.585336923599243,0.3506694734096527,-0.7837433218955994,265,448
0,11,0.9893719553947449,0.6775813102722168,-2.3500609397888184,-0.7837433218955994,234,480
0,12,0.0,2.6258912086486816,0.25584328174591064,-0.7837433218955994,234,480
0,13,-0.07969940453767776,2.531024694442749,-0.3033231198787689,-0.6857753992080688,251,406
0,14,0.8766934275627136,1.0497969388961792,2.152621269226074,-0.6857753992080688,251,406
 , , , , , , , 
0,0,1.183582067489624,1.5781127214431763,-0.2869534194469452,0.09796791523694992,271,454
0,1,1.200987696647644,1.5851759910583496,-0.369087815284729,0.09796791523694992,232,465
0,2,1.1487706899642944,1.556379795074463,-0.03674070164561272,0.19593583047389984,323,400
0,3,1.1661763191223145,1.578597068786621,-0.07549735903739929,0.19593583047389984,321,410
0,4,1.0553300380706787,1.523607850074768,0.2912184000015259,0.29390373826026917,322,363
0,5,1.131365180015564,1.5143533945083618,0.2398189753293991,0.29390373826026917,339,363
0,6,0.5404902100563049,1.6354397535324097,-0.15689192712306976,-0.7837433218955994,306,352
0,7,0.5496510863304138,1.6636828184127808,-0.15399408340454102,-0.7837433218955994,352,343
0,8,0.5588119626045227,1.6906635761260986,-0.16443385183811188,-0.7837433218955994,361,337
0,9,0.5679727792739868,1.7157299518585205,-0.1924351304769516,-0.7837433218955994,321,346
0,10,0.9893719553947449,1.1467783451080322,-2.1602783203125,-0.7837433218955994,268,434
0,11,0.0,2.5884623527526855,0.5105122923851013,-0.7837433218955994,268,434
0,12,1.0837287902832031,0.851497232913971,-2.2840287685394287,-0.7837433218955994,266,431
0,13,0.08336374908685684,2.6395134925842285,0.37725600600242615,-0.7837433218955994,266,431
 , , , , , , , 
0,0,1.1487706899642944,1.5361666679382324,-0.2527046799659729,0.09796791523694992,230,461
0,1,1.1661763191223145,1.5608835220336914,-0.24761103093624115,0.09796791523694992,278,442
0,2,1.183582067489624,1.5842621326446533,-0.2507901191711426,0.09796791523694992,291,428
0,3,1.200987696647644,1.606539249420166,-0.2608453929424286,0.09796791523694992,263,431
0,4,0.7585185170173645,2.576115131378174,0.24868732690811157,0.5878074765205383,252,482
0,5,0.7667632699012756,2.60782527923584,0.20944352447986603,0.5878074765205383,254,494
0,6,0.7750080823898315,2.639824390411377,0.15470588207244873,0.5878074765205383,225,510
0,7,0.5588119626045227,1.6985774040222168,-0.014725064858794212,-0.6857753992080688,231,406
0,8,0.5111755132675171,1.7439481019973755,-0.02642781287431717,-0.6857753992080688,271,393
0,9,0.5194202661514282,1.7717076539993286,-0.04501883685588837,-0.6857753992080688,277,379
0,10,1.4080228805541992,0.654186487197876,0.05860365927219391,-0.09796791523694992,257,386
0,11,1.4345893859863281,0.6686769723892212,0.02641870453953743,-0.09796791523694992,261,388
0,12,1.410771131515503,0.7795202136039734,-0.0401989221572876,-0.09796791523694992,232,400
 , , , , , , , 
0,0,1.218393325805664,1.651042103767395,0.02019885554909706,0.4898395836353302,307,351
0,1,1.235798954963684,1.6744662523269653,0.031033819541335106,0.4898395836353302,296,368
0,2,1.187246322631836,1.7432246208190918,0.08062197268009186,0.4898395836353302,260,397
0,3,1.0434210300445557,1.656612753868103,0.15666069090366364,0.5878074765205383,252,348
0,4,1.0589944124221802,1.6860122680664062,0.09768431633710861,0.5878074765205383,300,348
0,5,1.0745679140090942,1.7128835916519165,0.05209297686815262,0.5878074765205383,311,349
0,6,-0.8235605955123901,0.20537936687469482,0.047783344984054565,-0.4898395836353302,246,336
0,7,-0.8519591689109802,0.21062234044075012,0.056758880615234375,-0.4898395836353302,278,340
0,8,-0.8803578615188599,0.2175636887550354,0.058944642543792725,-0.4898395836353302,280,344
0,9,-0.9087564945220947,0.2266612946987152,0.052572350949048996,-0.4898395836353302,245,351
0,10,1.401610255241394,0.5180431008338928,-0.047931015491485596,-0.09796791523694992,286,346
0,11,1.4290927648544312,0.5270640254020691,-0.05989988520741463,-0.09796791523694992,312,348
0,12,1.4565753936767578,0.535627543926239,-0.07358036190271378,-0.09796791523694992,294,358
0,13,1.4345893859863281,0.6684224605560303,-0.03222241252660751,-0.09796791523694992,233,374
 , , , , , , , 
0,0,1.1212881803512573,1.6465071439743042,0.0733180120587349,0.3918716609477997,263,340
0,1,1.1377778053283691,1.6677449941635132,0.12437162548303604,0.3918716609477997,312,341
0,2,1.1542673110961914,1.6906390190124512,0.142255499958992,0.3918716609477997,329,344
0,3,1.1707568168640137,1.7158690690994263,0.13084779679775238,0.3918716609477997,313,352
0,4,1.1212881803512573,1.7457700967788696,0.3871510624885559,0.4898395836353302,272,372
0,5,1.2037358283996582,1.7685540914535522,0.05223782733082771,0.5878074765205383,266,393
0,6,0.0,2.7848703861236572,0.012552591972053051,-0.7837433218955994,233,430
0,7,0.0,2.814155340194702,-0.018109450116753578,-0.7837433218955994,251,433
0,8,0.0,2.835440158843994,-0.21431979537010193,-0.7837433218955994,234,438
0,9,1.3548898696899414,0.6179448366165161,-0.1326458603143692,-0.09796791523694992,274,362
0,10,1.3814563751220703,0.6405659317970276,-0.07031489908695221,-0.09796791523694992,309,365
0,11,1.4080228805541992,0.655722975730896,-0.037705689668655396,-0.09796791523694992,299,378
0,12,1.4345893859863281,0.6688361763954163,-0.022022757679224014,-0.09796791523694992,248,396
 , , , , , , , 
0,0,1.1377778053283691,1.6719530820846558,0.03761043772101402,0.4898395836353302,283,341
0,1,1.1542673110961914,1.6950989961624146,0.07167007774114609,0.4898395836353302,345,340
0,2,1.1707568168640137,1.717397928237915,0.10896001756191254,0.4898395836353302,371,343
0,3,1.1212881803512573,1.7827244997024536,0.13961495459079742,0.4898395836353302,366,351
0,4,1.1368616819381714,1.80781888961792,0.13721707463264465,0.4898395836353302,312,374
0,5,0.7667632699012756,0.19456471502780914,-0.026212258264422417,-0.19593583047389984,239,336
0,6,0.7951619029045105,0.2020064741373062,-0.025372592732310295,-0.19593583047389984,261,335
0,7,1.328323483467102,0.6146351099014282,0.07850661128759384,-0.09796791523694992,237,380
0,8,1.3548898696899414,0.6308639049530029,0.03822975233197212,-0.09796791523694992,300,379
0,9,1.3814563751220703,0.6439903974533081,0.023350832983851433,-0.09796791523694992,322,385
0,10,1.4080228805541992,0.6565961241722107,0.01660991460084915,-0.09796791523694992,311,392
0,11,1.4345893859863281,0.6690769195556641,0.012766078114509583,-0.09796791523694992,265,405
 , , , , , , , 
0,0,1.218393325805664,1.6270803213119507,-0.28099408745765686,0.19593583047389984,269,350
0,1,1.235798954963684,1.652990460395813,-0.26911500096321106,0.19593583047389984,289,352
0,2,1.200987696647644,1.6101323366165161,-0.23766034841537476,0.29390373826026917,226,343
0,3,1.040672779083252,1.7818689346313477,0.2719244956970215,0.3918716609477997,287,358
0,4,1.0553300380706787,1.8132760524749756,0.23063924908638,0.3918716609477997,337,356
0,5,1.1368616819381714,1.7996008396148682,0.2201693058013916,0.3918716609477997,351,361
0,6,1.152435064315796,1.8238301277160645,0.22661501169204712,0.3918716609477997,339,374
0,7,1.16800856590271,1.8495383262634277,0.22096338868141174,0.3918716609477997,295,396
0,8,0.7383646368980408,0.11857399344444275,-0.14724308252334595,-0.3918716609477997,246,348
0,9,0.7951619029045105,0.2017684131860733,-0.027200890704989433,-0.29390373826026917,289,338
0,10,0.8235605955123901,0.21070332825183868,-0.008248817175626755,-0.29390373826026917,271,344
0,11,1.3548898696899414,0.631515383720398,0.025280354544520378,-0.09796791523694992,273,378
0,12,1.3814563751220703,0.6443777084350586,0.006800634786486626,-0.09796791523694992,291,380
0,13,1.4080228805541992,0.6566473841667175,-0.014442735351622105,-0.09796791523694992,275,383
 , , , , , , , 
0,0,1.1368616819381714,1.812759280204773,0.030679423362016678,0.29390373826026917,321,366
0,1,1.0846447944641113,1.877932071685791,0.0522882416844368,0.29390373826026917,287,388
0,2,1.0993021726608276,1.904038906097412,0.00561675475910306,0.29390373826026917,230,419
0,3,1.218393325805664,1.6484674215316772,-0.0943552628159523,0.3918716609477997,265,355
0,4,1.235798954963684,1.6747443675994873,-0.005628008861094713,0.3918716609477997,322,349
0,5,1.187246322631836,1.7429208755493164,0.08694091439247131,0.3918716609477997,342,348
0,6,1.1368616819381714,1.7945921421051025,0.25783097743988037,0.3918716609477997,335,352
0,7,0.7475254535675049,2.883988618850708,0.25401613116264343,0.5878074765205383,247,419
0,8,0.754854142665863,2.9081506729125977,0.2995511591434479,0.5878074765205383,235,430
0,9,0.7383646368980408,0.15389606356620789,-0.10980125516653061,-0.09796791523694992,255,337
0,10,1.3081696033477783,0.7237117886543274,-0.010523233562707901,-0.09796791523694992,239,393
0,11,1.3338199853897095,0.7371823191642761,-0.03430936858057976,-0.09796791523694992,240,406
 , , , , , , , 
0,0,0.7099660038948059,0.14393499493598938,-0.11102566868066788,0.09796791523694992,255,334
0,1,0.7383646368980408,0.15356101095676422,-0.11026936024427414,0.09796791523694992,290,337
0,2,0.7667632699012756,0.15839987993240356,-0.11598269641399384,0.09796791523694992,290,340
0,3,1.0553300380706787,1.82681405544281,0.06256911158561707,0.29390373826026917,286,374
0,4,1.069987416267395,1.8525348901748657,0.05228230357170105,0.29390373826026917,328,374
0,5,1.0846447944641113,1.8783587217330933,0.03363889455795288,0.29390373826026917,331,376
0,6,1.2532044649124146,1.8382209539413452,0.1185157522559166,0.3918716609477997,309,369
0,7,1.2696940898895264,1.8659156560897827,-0.03661039099097252,0.3918716609477997,259,402
0,8,1.2202253341674805,1.785320520401001,0.17174987494945526,0.4898395836353302,261,359
0,9,0.8327214121818542,2.828045606613159,0.2738495469093323,0.5878074765205383,231,465
0,10,0.7475254535675049,2.8868091106414795,0.21965505182743073,0.5878074765205383,259,461
0,11,0.754854142665863,2.919401168823242,0.15546411275863647,0.5878074765205383,260,464
0,12,1.401610255241394,0.5202406644821167,0.003959067165851593,-0.09796791523694992,237,367
0,13,1.3814563751220703,0.6442953944206238,-0.01234305091202259,-0.09796791523694992,247,371
 , , , , , , , 
0,0,1.183582067489624,1.884555697441101,0.1058625727891922,0.29390373826026917,321,354
0,1,1.3402326107025146,1.8129836320877075,-0.10941436141729355,0.3918716609477997,318,355
0,2,1.3576382398605347,1.8346891403198242,-0.13798026740550995,0.3918716609477997,286,378
0,3,1.3548898696899414,0.6318796873092651,-0.013371964916586876,-0.19593583047389984,256,396
0,4,1.3814563751220703,0.6444079875946045,0.002696703188121319,-0.19593583047389984,266,398
0,5,1.4080228805541992,0.6567672491073608,0.007147375028580427,-0.19593583047389984,241,404
 , , , , , , , 
0,0,1.1368616819381714,1.812963843345642,-0.014134596101939678,0.19593583047389984,243,369
0,1,1.152435064315796,1.8377758264541626,-0.017049722373485565,0.19593583047389984,288,373
0,2,1.16800856590271,1.862348198890686,-0.0357242077589035,0.19593583047389984,294,379
0,3,1.328323483467102,0.5999268293380737,-0.15500785410404205,-0.3918716609477997,269,353
0,4,1.3548898696899414,0.6139936447143555,-0.14987511932849884,-0.3918716609477997,282,366
0,5,1.3814563751220703,0.628899872303009,-0.14054839313030243,-0.3918716609477997,266,377
 , , , , , , , 
0,0,1.152435064315796,1.8378520011901855,0.003308004466816783,0.29390373826026917,267,358
0,1,1.16800856590271,1.862688422203064,-0.0029831547290086746,0.29390373826026917,298,357
0,2,1.183582067489624,1.8874928951263428,-0.011307171545922756,0.29390373826026917,294,358
0,3,1.183582067489624,1.8326231241226196,0.45193958282470703,0.4898395836353302,290,351
0,4,1.2696940898895264,1.8201318979263306,0.4124336838722229,0.4898395836353302,310,348
0,5,1.2861835956573486,1.8557628393173218,0.3608055114746094,0.4898395836353302,303,355
0,6,1.3750438690185547,1.863458275794983,0.000767481338698417,0.5878074765205383,284,360
0,7,1.3924493789672852,1.8790067434310913,-0.17400473356246948,0.5878074765205383,246,381
0,8,0.6815673112869263,0.08987271040678024,-0.14958693087100983,-0.4898395836353302,272,346
0,9,0.7099660038948059,0.10825193673372269,-0.14603252708911896,-0.4898395836353302,314,345
0,10,0.7383646368980408,0.11861426383256912,-0.14721064269542694,-0.4898395836353302,319,345
0,11,0.7667632699012756,0.12332938611507416,-0.15274937450885773,-0.4898395836353302,286,352
 , , , , , , , 
0,0,1.152435064315796,1.8318978548049927,-0.1478550285100937,0.3918716609477997,265,361
0,1,1.16800856590271,1.8585195541381836,-0.12458720058202744,0.3918716609477997,329,356
0,2,1.183582067489624,1.883857011795044,-0.11764249205589294,0.3918716609477997,351,354
0,3,1.1991554498672485,1.908056378364563,-0.12826336920261383,0.3918716609477997,335,356
0,4,1.2147289514541626,1.9360648393630981,-0.06626366823911667,0.3918716609477997,273,376
0,5,1.302673101425171,1.8984313011169434,0.24944855272769928,0.4898395836353302,275,381
0,6,1.3191626071929932,1.9331218004226685,0.15069666504859924,0.4898395836353302,244,416
0,7,1.1267846822738647,2.0387744903564453,0.5933339595794678,0.5878074765205383,245,402
0,8,0.6531687378883362,0.12075615674257278,-0.11569942533969879,-0.3918716609477997,263,341
0,9,0.6815673112869263,0.12875273823738098,-0.11779680848121643,-0.3918716609477997,302,340
0,10,0.7099660038948059,0.14170844852924347,-0.11385384202003479,-0.3918716609477997,308,340
0,11,0.7145463824272156,0.2508050501346588,-0.08627251535654068,-0.3918716609477997,282,345
0,12,0.7420290112495422,0.2749807834625244,-0.015714824199676514,-0.3918716609477997,225,365
 , , , , , , , 
0,0,1.5573447942733765,1.8673462867736816,0.5445377826690674,0.19593583047389984,232,416
0,1,1.2147289514541626,1.9055557250976562,-0.3487052917480469,0.3918716609477997,252,361
0,2,1.3356521129608154,1.958660364151001,0.13378623127937317,0.3918716609477997,280,392
0,3,1.3521416187286377,1.973932147026062,0.23150472342967987,0.3918716609477997,247,416
0,4,1.1579316854476929,1.9791995286941528,-0.3243241012096405,0.4898395836353302,250,393
0,5,1.1725889444351196,2.018764019012451,-0.2224562019109726,0.4898395836353302,260,404
0,6,0.6046161651611328,0.22208888828754425,-0.03229067847132683,-0.09796791523694992,227,331
0,7,0.6320987939834595,0.2311304807662964,-0.04034368693828583,-0.09796791523694992,238,332
 , , , , , , , 
0,0,1.4446662664413452,1.9383448362350464,0.2753944993019104,0.19593583047389984,250,364
0,1,1.3851207494735718,2.0058155059814453,0.34891408681869507,0.29390373826026917,311,342
0,2,1.4016103744506836,2.0387697219848633,0.2961975336074829,0.29390373826026917,334,344
0,3,1.339316487312317,2.1298327445983887,0.16068388521671295,0.3918716609477997,349,344
0,4,1.3548898696899414,2.1568169593811035,0.1298331916332245,0.3918716609477997,344,355
0,5,1.4510788917541504,2.1289443969726562,0.1295997053384781,0.3918716609477997,301,377
0,6,0.48735731840133667,0.2695513367652893,-0.007168104872107506,-0.09796791523694992,254,330
0,7,0.513007640838623,0.28347256779670715,0.014411259442567825,-0.09796791523694992,323,328
0,8,0.538658082485199,0.29723209142684937,0.02180146612226963,-0.09796791523694992,349,331
0,9,0.5643084049224854,0.31174784898757935,0.017209641635417938,-0.09796791523694992,341,335
0,10,0.611028790473938,0.28437215089797974,0.019341403618454933,-0.09796791523694992,292,353
0,11,0.6595813035964966,0.2409610152244568,0.0433318205177784,-0.09796791523694992,231,383
 , , , , , , , 
0,0,1.4620718955993652,1.9654744863510132,0.2507024109363556,0.19593583047389984,262,368
0,1,1.4794775247573853,1.985060453414917,0.2819710969924927,0.19593583047389984,299,362
0,2,1.5316942930221558,1.9991850852966309,0.5585712194442749,0.19593583047389984,265,403
0,3,1.4180998802185059,2.070143222808838,0.24346603453159332,0.29390373826026917,337,346
0,4,1.4345892667770386,2.097783088684082,0.21378232538700104,0.29390373826026917,326,357
0,5,0.46995168924331665,0.29640883207321167,0.038905948400497437,-0.09796791523694992,284,323
0,6,0.49468594789505005,0.3116012513637543,0.04395100474357605,-0.09796791523694992,335,327
0,7,0.5194202661514282,0.32750609517097473,0.0437844917178154,-0.09796791523694992,359,326
0,8,0.5441545844078064,0.34401679039001465,0.038406942039728165,-0.09796791523694992,353,331
0,9,0.5688889026641846,0.36051028966903687,0.03155205026268959,-0.09796791523694992,311,354
0,10,0.5716370940208435,0.40885797142982483,0.03245873376727104,-0.09796791523694992,250,388
 , , , , , , , 
0,0,1.4794775247573853,1.999969482421875,-0.14175517857074738,0.29390373826026917,241,347
0,1,1.4968831539154053,2.027946949005127,-0.05047327280044556,0.29390373826026917,318,344
0,2,1.4345892667770386,2.10837984085083,-0.03363169729709625,0.29390373826026917,354,341
0,3,1.4510788917541504,2.132514238357544,-0.03978710621595383,0.29390373826026917,349,347
0,4,1.4675683975219727,2.153991222381592,0.11619145423173904,0.3918716609477997,318,361
0,5,1.484057903289795,2.1777586936950684,0.12529626488685608,0.3918716609477997,291,383
0,6,1.5005475282669067,2.1939384937286377,0.22648173570632935,0.3918716609477997,242,419
0,7,0.8492109179496765,2.889397382736206,-0.21702593564987183,-0.4898395836353302,235,345
0,8,0.4452173709869385,0.28082776069641113,0.036710191518068314,-0.19593583047389984,309,326
0,9,0.5441545844078064,0.3454113304615021,0.022664034739136696,-0.19593583047389984,310,359
0,10,0.45254606008529663,0.3172021508216858,0.0693637877702713,-0.09796791523694992,370,321
0,11,0.47636425495147705,0.33444637060165405,0.07045521587133408,-0.09796791523694992,387,325
0,12,0.5001825094223022,0.35323449969291687,0.06338436901569366,-0.09796791523694992,373,331
 , , , , , , , 
0,0,1.4968831539154053,2.021538496017456,-0.16881686449050903,0.29390373826026917,251,367
0,1,1.5142886638641357,2.0520455837249756,-0.021957285702228546,0.3918716609477997,317,346
0,2,1.4510788917541504,2.132589817047119,-0.03550207242369652,0.3918716609477997,330,347
0,3,1.4675683975219727,2.1571204662323,-0.0032156179659068584,0.3918716609477997,309,351
0,4,1.3191626071929932,2.2763383388519287,0.1971142441034317,0.3918716609477997,281,373
0,5,1.3338199853897095,2.3064002990722656,0.13320958614349365,0.3918716609477997,254,406
0,6,0.8492109179496765,2.8829262256622314,-0.29061082005500793,-0.29390373826026917,230,366
0,7,0.5221685171127319,0.1937757134437561,0.004181693308055401,-0.09796791523694992,242,325
0,8,0.43972086906433105,0.3227800130844116,0.21494144201278687,-0.09796791523694992,270,326
0,9,0.4809447228908539,0.36101993918418884,0.1316492259502411,-0.09796791523694992,301,330
0,10,0.5038468241691589,0.3956184983253479,0.07450668513774872,-0.09796791523694992,283,345
0,11,0.48460906744003296,0.46865758299827576,-0.010578944347798824,-0.09796791523694992,241,368
 , , , , , , , 
0,0,1.4675683975219727,2.1437220573425293,-0.24007222056388855,0.29390373826026917,296,353
0,1,1.4345892667770386,2.1026296615600586,-0.1592002809047699,0.3918716609477997,282,343
0,2,1.4510788917541504,2.127481698989868,-0.15172849595546722,0.3918716609477997,309,346
0,3,1.4675683975219727,2.151010274887085,-0.16227565705776215,0.3918716609477997,301,348
0,4,1.3191626071929932,2.254974603652954,0.36831989884376526,0.4898395836353302,331,340
0,5,1.3338199853897095,2.292553424835205,0.28535258769989014,0.4898395836353302,336,359
0,6,1.3484773635864258,2.324352741241455,0.22925478219985962,0.4898395836353302,322,385
0,7,1.363134741783142,2.3542397022247314,0.1787850707769394,0.4898395836353302,289,410
0,8,1.2898478507995605,2.1347744464874268,0.6586809158325195,0.5878074765205383,273,336
0,9,1.3045052289962769,2.1706578731536865,0.6272526383399963,0.5878074765205383,312,337
0,10,0.6733225584030151,2.9449665546417236,0.5900639891624451,-0.29390373826026917,270,361
0,11,0.6797351837158203,2.9707770347595215,0.606741726398468,-0.29390373826026917,280,386
0,12,0.6861478090286255,2.979301691055298,0.7012103199958801,-0.29390373826026917,256,412
0,13,0.4287278354167938,0.30247923731803894,0.05593862757086754,-0.09796791523694992,282,329
0,14,0.45254606008529663,0.31916746497154236,0.05967126414179802,-0.09796791523694992,328,329
0,15,0.47636425495147705,0.3364017903804779,0.06043301895260811,-0.09796791523694992,344,329
0,16,0.5001825094223022,0.35380804538726807,0.06010032817721367,-0.09796791523694992,328,338
0,17,0.5240007042884827,0.37088584899902344,0.061594072729349136,-0.09796791523694992,274,365
 , , , , , , , 
0,0,0.45254606008529663,0.3237338364124298,0.024998797103762627,0.09796791523694992,246,332
0,1,0.47636425495147705,0.33940020203590393,0.04032124951481819,0.09796791523694992,267,330
0,2,0.4809447228908539,0.38183310627937317,0.04324803873896599,0.09796791523694992,257,330
0,3,0.44338518381118774,0.46151623129844666,0.07961911708116531,0.09796791523694992,263,341
0,4,0.46353909373283386,0.4820740222930908,0.08563850075006485,0.09796791523694992,259,363
0,5,0.6742386817932129,2.611311435699463,-0.004372642375528812,-0.29390373826026917,261,363
0,6,0.681567370891571,2.6395864486694336,-0.02437310293316841,-0.29390373826026917,301,361
0,7,0.6888960599899292,2.6677074432373047,-0.044754739850759506,-0.29390373826026917,308,357
 , , , , , , , 
0,0,0.4287278354167938,0.2996951639652252,0.06932266056537628,0.09796791523694992,247,332
0,1,0.45254606008529663,0.3134951591491699,0.08455359935760498,0.09796791523694992,298,333
0,2,0.47636425495147705,0.32892727851867676,0.09287173300981522,0.09796791523694992,313,338
0,3,0.5001825094223022,0.3443470895290375,0.10108058154582977,0.09796791523694992,296,344
0,4,0.5441545844078064,0.3190734386444092,0.13421916961669922,0.09796791523694992,229,366
0,5,0.17039184272289276,0.6357035636901855,2.645636558532715,0.4898395836353302,349,341
 , , , , , , , 
0,0,0.4452173709869385,0.2823159098625183,0.022574223577976227,0.09796791523694992,240,330
0,1,0.48735731840133667,0.2696313261985779,0.0028749972116202116,0.09796791523694992,255,335
0,2,0.5313293933868408,0.247576043009758,-0.011677932925522327,0.09796791523694992,248,337
0,3,0.1630631536245346,0.6657359600067139,2.5173680782318115,0.3918716609477997,236,341
0,4,0.16489532589912415,0.7903808951377869,2.5117459297180176,0.3918716609477997,292,341
0,5,0.16672749817371368,0.7908115386962891,2.542267084121704,0.3918716609477997,311,341
0,6,0.6595813035964966,2.5384817123413086,0.2860468327999115,-0.4898395836353302,241,376
0,7,0.6669099926948547,2.556802272796631,0.36646389961242676,-0.4898395836353302,286,368
0,8,0.6742386817932129,2.576963186264038,0.4221704304218292,-0.4898395836353302,291,366
 , , , , , , , 
0,0,0.46995168924331665,0.298041433095932,0.023306334391236305,0.09796791523694992,259,335
0,1,0.49468594789505005,0.3105228841304779,0.05101538449525833,0.09796791523694992,303,334
0,2,0.5194202661514282,0.3223148286342621,0.07273554801940918,0.09796791523694992,312,336
0,3,0.5441545844078064,0.3330119848251343,0.09447573870420456,0.09796791523694992,291,343
0,4,0.5688889026641846,0.34138137102127075,0.12009146809577942,0.09796791523694992,236,364
0,5,0.15939880907535553,0.5354284048080444,2.488443613052368,0.4898395836353302,265,340
0,6,0.16123098134994507,0.5115118622779846,2.523329257965088,0.4898395836353302,300,337
0,7,0.0815315768122673,0.21545101702213287,2.598820686340332,0.4898395836353302,301,335
0,8,0.5771336555480957,2.558405637741089,0.28677088022232056,-0.5878074765205383,281,378
0,9,0.5835462212562561,2.598661184310913,0.15079037845134735,-0.5878074765205383,324,375
0,10,0.5899588465690613,2.62674880027771,0.16032598912715912,-0.5878074765205383,339,376
0,11,0.5963714718818665,2.628661632537842,0.4086865484714508,-0.5878074765205383,306,395
0,12,0.8611201047897339,2.0984609127044678,1.564665675163269,-0.5878074765205383,259,426
0,13,0.08611200749874115,2.7542026042938232,-0.014055376872420311,-0.5878074765205383,259,426
 , , , , , , , 
0,0,0.5679727792739868,0.13924041390419006,-0.041955385357141495,0.09796791523694992,241,331
0,1,0.4232313334941864,0.28809529542922974,0.3418348729610443,0.09796791523694992,259,331
0,2,0.4635390639305115,0.4144020080566406,0.17125825583934784,0.09796791523694992,278,336
0,3,0.48460906744003296,0.45435672998428345,0.1153768002986908,0.09796791523694992,248,355
0,4,0.46720343828201294,2.44643235206604,-0.07427158206701279,-0.7837433218955994,245,353
0,5,0.47269994020462036,2.4747302532196045,-0.08966721594333649,-0.7837433218955994,273,353
0,6,0.4781964421272278,2.502955436706543,-0.10480871796607971,-0.7837433218955994,268,353
0,7,0.5707210302352905,2.5399091243743896,0.17342126369476318,-0.5878074765205383,238,377
0,8,0.5771336555480957,2.57041597366333,0.14366237819194794,-0.5878074765205383,280,377
0,9,0.5001825094223022,2.610257387161255,0.2295137345790863,-0.5878074765205383,278,382
0,10,0.33711934089660645,2.655717611312866,0.32723063230514526,-0.5878074765205383,242,391
 , , , , , , , 
0,0,0.46995168924331665,0.2860630452632904,0.08683208376169205,0.09796791523694992,286,328
0,1,0.49468594789505005,0.30227288603782654,0.08751075714826584,0.09796791523694992,335,328
0,2,0.5194202661514282,0.31883054971694946,0.08674324303865433,0.09796791523694992,350,329
0,3,0.5441545844078064,0.33576345443725586,0.08417569100856781,0.09796791523694992,328,339
0,4,0.5688889026641846,0.3535342514514923,0.07730934768915176,0.09796791523694992,261,363
0,5,0.4562104046344757,2.3874807357788086,-0.10905022919178009,-0.6857753992080688,228,353
0,6,0.4617069363594055,2.4144978523254395,-0.14360679686069489,-0.6857753992080688,266,352
0,7,0.6375952363014221,2.453951835632324,0.2757455110549927,-0.6857753992080688,283,370
0,8,0.6449239253997803,2.4871366024017334,0.23033633828163147,-0.6857753992080688,265,399
 , , , , , , , 
0,0,0.46995168924331665,0.29541903734207153,0.04581988602876663,0.09796791523694992,256,331
0,1,0.49468594789505005,0.30911245942115784,0.058961935341358185,0.09796791523694992,311,331
0,2,0.5194202661514282,0.32404690980911255,0.06458262354135513,0.09796791523694992,334,329
0,3,0.5441545844078064,0.3405865430831909,0.061834096908569336,0.09796791523694992,316,335
0,4,0.5688889026641846,0.35960468649864197,0.040591564029455185,0.09796791523694992,253,354
0,5,0.5514832735061646,2.4328877925872803,0.36427873373031616,-0.7837433218955994,256,413
0,6,0.557895839214325,2.4624505043029785,0.3599076271057129,-0.7837433218955994,238,437
 , , , , , , , 
0,0,0.48735731840133667,0.2621322572231293,0.06321381777524948,0.09796791523694992,245,331
0,1,0.513007640838623,0.27616778016090393,0.0655418261885643,0.09796791523694992,290,332
0,2,0.538658082485199,0.2898748219013214,0.06924456357955933,0.09796791523694992,304,333
0,3,0.5643084049224854,0.3020089566707611,0.07920534163713455,0.09796791523694992,290,338
0,4,0.5056790113449097,0.43710067868232727,0.0884847640991211,0.29390373826026917,274,333
0,5,0.5276650190353394,0.456961065530777,0.08799751102924347,0.29390373826026917,275,338
0,6,0.5496510863304138,0.47727131843566895,0.08480280637741089,0.29390373826026917,242,346
0,7,0.5322454571723938,2.3189101219177246,0.5093662142753601,-0.7837433218955994,278,345
0,8,0.538658082485199,2.358659029006958,0.45844459533691406,-0.7837433218955994,319,351
0,9,0.5450706481933594,2.393355369567871,0.4284566640853882,-0.7837433218955994,321,360
0,10,0.6302666068077087,2.4331841468811035,0.1953321099281311,-0.6857753992080688,313,356
0,11,0.7172946333885193,2.424755811691284,0.3324017822742462,-0.6857753992080688,259,375
 , , , , , , , 
0,0,0.07145464420318604,0.8891498446464539,2.105376720428467,0.4898395836353302,312,345
0,1,0.0723707303404808,0.8981375694274902,2.13338565826416,0.4898395836353302,326,347
0,2,0.07328680902719498,0.9698905348777771,2.1339635848999023,0.4898395836353302,299,353
0,3,0.15023796260356903,1.155458688735962,-2.1025302410125732,0.5878074765205383,288,401
0,4,0.1484057903289795,1.3384928703308105,-1.9556657075881958,0.6857753992080688,291,358
0,5,0.15023796260356903,1.2695372104644775,-2.035680055618286,0.6857753992080688,308,381
0,6,0.22810520231723785,1.2343180179595947,-2.0843489170074463,0.6857753992080688,290,408
0,7,0.23085346817970276,1.2218902111053467,-2.1253910064697266,0.6857753992080688,249,435
 , , , , , , , 
0,0,0.5496510863304138,0.4334503412246704,0.07065317779779434,0.09796791523694992,245,372
0,1,0.5725532174110413,0.4523724615573883,0.06810060143470764,0.09796791523694992,250,369
0,2,0.0696224719285965,0.6717557311058044,2.1230921745300293,0.5878074765205383,324,344
0,3,0.07053855806589127,0.7492548227310181,2.128085136413574,0.5878074765205383,328,348
0,4,0.14290928840637207,1.0321953296661377,2.035301923751831,0.5878074765205383,293,359
0,5,0.34353193640708923,2.114464044570923,-0.4948626160621643,-0.7837433218955994,280,344
0,6,0.3481123447418213,2.1475775241851807,-0.4799499809741974,-0.7837433218955994,318,342
0,7,0.35269278287887573,2.1704769134521484,-0.5096496343612671,-0.7837433218955994,322,344
0,8,0.28581857681274414,2.1833462715148926,-0.6161262392997742,-0.7837433218955994,294,353
 , , , , , , , 
0,0,0.06595812737941742,0.6162825226783752,2.0176053047180176,0.6857753992080688,242,344
0,1,0.06687421351671219,0.7271004319190979,2.0115528106689453,0.6857753992080688,313,343
0,2,0.06779029965400696,0.7902508974075317,2.019090175628662,0.6857753992080688,348,340
0,3,0.06870638579130173,0.7813974022865295,2.053912878036499,0.6857753992080688,345,342
0,4,0.0,0.45272281765937805,2.181436538696289,0.6857753992080688,297,357
0,5,0.5221685171127319,0.19381487369537354,-0.0015203622169792652,-0.09796791523694992,257,331
0,6,0.5496510863304138,0.2036876529455185,0.011672480963170528,-0.09796791523694992,303,332
0,7,0.557895839214325,0.2593230903148651,0.02187456004321575,-0.09796791523694992,316,336
0,8,0.5844622850418091,0.2700822055339813,0.03723327815532684,-0.09796791523694992,295,345
0,9,0.611028790473938,0.2790590226650238,0.0580316036939621,-0.09796791523694992,231,367
 , , , , , , , 
0,0,0.32521024346351624,2.054067611694336,-0.0839289203286171,-0.7837433218955994,278,343
0,1,0.3389514982700348,2.141665458679199,0.06479579955339432,-0.7837433218955994,345,344
0,2,0.3297906517982483,2.0846493244171143,0.01899956725537777,-0.6857753992080688,321,351
0,3,0.33437106013298035,2.1136314868927,-0.01581672392785549,-0.6857753992080688,336,353
0,4,0.5221685171127319,0.18139970302581787,0.0682690292596817,-0.09796791523694992,251,318
0,5,0.5496510863304138,0.18624472618103027,0.08329349011182785,-0.09796791523694992,295,322
0,6,0.5771336555480957,0.19283799827098846,0.09330060333013535,-0.09796791523694992,305,325
0,7,0.6046161651611328,0.19735826551914215,0.10684511065483093,-0.09796791523694992,284,328
 , , , , , , , 
0,0,0.3206298053264618,2.0044174194335938,0.3005619943141937,-0.6857753992080688,330,361
0,1,0.32521024346351624,2.038828134536743,0.26347166299819946,-0.6857753992080688,332,362
0,2,1.1799176931381226,0.6291490197181702,-0.17423273622989655,-0.29390373826026917,248,369
0,3,1.2055680751800537,0.6436759829521179,-0.17492273449897766,-0.29390373826026917,270,375
0,4,1.2312184572219849,0.6581156253814697,-0.17588163912296295,-0.29390373826026917,256,385
 , , , , , , , 
0,0,1.6123098134994507,2.7914860248565674,-0.07895901799201965,0.19593583047389984,238,434
0,1,1.626967191696167,2.813929557800293,-0.15121707320213318,0.19593583047389984,242,436
0,2,1.436421513557434,2.951648473739624,0.06472823768854141,0.3918716609477997,245,428
0,3,1.4492466449737549,2.978342056274414,0.047345999628305435,0.3918716609477997,231,432
0,4,0.3206298053264618,2.0146515369415283,0.2218223661184311,-0.6857753992080688,318,377
0,5,0.24551081657409668,1.9386361837387085,0.19761161506175995,-0.5878074765205383,295,374
0,6,0.24917516112327576,1.9675318002700806,0.20094582438468933,-0.5878074765205383,329,374
0,7,0.25283950567245483,1.9977705478668213,0.19069717824459076,-0.5878074765205383,328,378
0,8,1.1377778053283691,0.7237708568572998,-0.002929848153144121,-0.09796791523694992,247,370
0,9,1.1625120639801025,0.7392435669898987,-0.01989392191171646,-0.09796791523694992,256,383
0,10,1.187246322631836,0.7537134289741516,-0.048079706728458405,-0.09796791523694992,237,394
 , , , , , , , 
0,0,1.511540412902832,2.8339555263519287,0.28655189275741577,0.29390373826026917,225,438
0,1,1.5252817869186401,2.8649063110351562,0.232199028134346,0.29390373826026917,258,434
0,2,1.436421513557434,2.950756072998047,0.09724501520395279,0.29390373826026917,268,431
0,3,1.4492466449737549,2.9780631065368652,0.06247440353035927,0.3918716609477997,257,436
0,4,1.1625120639801025,0.7389129400253296,-0.0297391340136528,-0.09796791523694992,226,367
 , , , , , , , 
0,0,1.436421513557434,2.9447250366210938,-0.21216215193271637,0.29390373826026917,227,440
 , , , , , , , 
0,0,1.345729112625122,3.0233449935913086,0.1465558111667633,0.19593583047389984,243,412
0,1,1.3576382398605347,3.0520074367523193,-0.10110034048557281,0.19593583047389984,234,410
0,2,1.4748971462249756,3.0233747959136963,0.22097046673297882,0.29390373826026917,228,426
0,3,1.5939881801605225,2.9728641510009766,0.4298098087310791,0.29390373826026917,232,435
0,4,-0.5588119626045227,0.600104808807373,1.589105486869812,-0.5878074765205383,234,456
0,5,0.2235247790813446,1.0476065874099731,1.4318554401397705,-0.5878074765205383,234,456
0,6,1.1130434274673462,0.7080401182174683,-0.0018933675019070506,-0.09796791523694992,235,343
0,7,1.1377778053283691,0.723554790019989,0.017926311120390892,-0.09796791523694992,258,343
0,8,1.1625120639801025,0.7378924489021301,0.048903148621320724,-0.09796791523694992,248,349
 , , , , , , , 
0,0,1.345729112625122,3.0259742736816406,0.07464833557605743,0.09796791523694992,234,428
0,1,1.3576382398605347,3.0529325008392334,0.06763625144958496,0.09796791523694992,253,424
0,2,1.3695473670959473,3.0804662704467773,0.003589375875890255,0.09796791523694992,246,427
0,3,-0.16764357686042786,0.5090481042861938,1.7059948444366455,0.3918716609477997,267,438
0,4,-0.0513007678091526,0.6193364262580872,-1.519447922706604,0.4898395836353302,252,386
0,5,-0.05221685394644737,0.6200345158576965,-1.5507639646530151,0.4898395836353302,276,411
0,6,0.0,0.5702560544013977,-1.6017714738845825,0.4898395836353302,256,434
0,7,0.046720340847969055,0.7753403782844543,1.2774356603622437,0.6857753992080688,230,409
0,8,0.047636426985263824,0.7167525291442871,1.344502568244934,0.6857753992080688,259,439
0,9,0.048552513122558594,0.7030236721038818,1.3846744298934937,0.6857753992080688,257,465
0,10,0.04946859925985336,0.7041724920272827,1.416886568069458,0.6857753992080688,228,486
0,11,0.12641975283622742,1.2878488302230835,0.3792818784713745,-0.7837433218955994,253,333
0,12,0.12916800379753113,1.3234808444976807,0.36059024930000305,-0.7837433218955994,262,332
0,13,0.13191625475883484,1.3663036823272705,0.3094537556171417,-0.7837433218955994,238,333
0,14,1.0883091688156128,0.6834595203399658,-0.11033426970243454,-0.09796791523694992,239,355
0,15,1.1130434274673462,0.7014358639717102,-0.0964994728565216,-0.09796791523694992,249,357
0,16,1.1377778053283691,0.7169094681739807,-0.0994669497013092,-0.09796791523694992,226,361
 , , , , , , , 
0,0,1.3576382398605347,3.0458388328552246,0.21871651709079742,0.09796791523694992,232,445
0,1,1.3695473670959473,3.072014808654785,0.22805917263031006,0.09796791523694992,231,441
0,2,0.044888172298669815,0.46036624908447266,1.3599098920822144,0.6857753992080688,234,350
0,3,0.045804258435964584,0.5421991348266602,1.3609941005706787,0.6857753992080688,292,359
0,4,0.046720340847969055,0.5748941898345947,1.3793082237243652,0.6857753992080688,317,368
0,5,0.047636426985263824,0.5806328058242798,1.4086471796035767,0.6857753992080688,319,371
 , , , , , , , 
0,0,0.1026015356183052,1.620556354522705,0.2412489652633667,0.4898395836353302,320,387
0,1,-0.9234138131141663,1.3375738859176636,0.2305084466934204,0.4898395836353302,320,387
0,2,0.10443370789289474,1.6537796258926392,0.21481308341026306,0.4898395836353302,305,425
0,3,-0.9399033784866333,1.3630502223968506,0.22519753873348236,0.4898395836353302,305,425
0,4,0.10626588016748428,1.6847978830337524,0.2025524526834488,0.4898395836353302,257,466
0,5,-0.9563929438591003,1.3867210149765015,0.23061075806617737,0.4898395836353302,257,466
0,6,0.22902129590511322,1.4416921138763428,-0.13212110102176666,-0.3918716609477997,315,341
0,7,0.21986043453216553,1.3883776664733887,-0.06338991224765778,-0.29390373826026917,244,351
0,8,0.22444085776805878,1.4170156717300415,-0.07070867717266083,-0.29390373826026917,290,351
 , , , , , , , 
0,0,1.3695473670959473,3.0803635120391846,-0.025400152429938316,0.09796791523694992,255,438
0,1,1.3814564943313599,3.1066296100616455,-0.06233843415975571,0.09796791523694992,254,436
0,2,-0.039391662925481796,1.2540795803070068,-0.12114758789539337,-0.7837433218955994,254,339
0,3,0.0,1.2873324155807495,-0.08051439374685287,-0.7837433218955994,328,342
0,4,0.0,1.317237138748169,-0.0712481364607811,-0.7837433218955994,362,345
0,5,0.0,1.3472682237625122,-0.057093918323516846,-0.7837433218955994,358,354
0,6,-0.043056003749370575,1.376810908317566,-0.029137372970581055,-0.7837433218955994,325,367
0,7,-0.08794417232275009,1.4042531251907349,0.016988785937428474,-0.7837433218955994,264,398
0,8,0.17955268919467926,1.3621032238006592,-0.4192165732383728,-0.6857753992080688,262,423
0,9,0.18321703374385834,1.371230125427246,-0.484296053647995,-0.6857753992080688,230,461
0,10,-0.7328681349754333,0.016050273552536964,1.2692633867263794,-0.6857753992080688,230,461
0,11,0.21528002619743347,1.3563987016677856,0.11021939665079117,-0.3918716609477997,372,343
0,12,0.21986043453216553,1.3834694623947144,0.1327524334192276,-0.3918716609477997,343,353
 , , , , , , , 
0,0,1.1286168098449707,0.6169188022613525,-0.09665792435407639,0.09796791523694992,239,348
0,1,1.3695473670959473,3.077441930770874,0.13651679456233978,0.09796791523694992,233,461
0,2,1.4877222776412964,3.0571110248565674,0.06488629430532455,0.09796791523694992,244,456
0,3,0.0,1.2244946956634521,-0.1284981518983841,-0.5878074765205383,267,361
0,4,0.0,1.2504481077194214,-0.15913408994674683,-0.5878074765205383,312,369
0,5,-0.04030774533748627,1.2749468088150024,-0.1912938803434372,-0.5878074765205383,317,380
0,6,-0.041223831474781036,1.3013057708740234,-0.2123534083366394,-0.5878074765205383,287,390
0,7,0.25283950567245483,1.3198022842407227,0.11218516528606415,-0.4898395836353302,298,386
0,8,0.21528002619743347,1.3572930097579956,0.09859651327133179,-0.4898395836353302,276,418
 , , , , , , , 
0,0,1.3695473670959473,3.0802805423736572,-0.034024134278297424,0.09796791523694992,261,459
0,1,1.3814564943313599,3.107250452041626,-0.005273962393403053,0.09796791523694992,281,452
0,2,1.393365502357483,3.133775234222412,0.04084941744804382,0.09796791523694992,275,450
0,3,1.4052746295928955,3.1599085330963135,0.0762409120798111,0.09796791523694992,236,465
0,4,0.0,1.30826997756958,-0.16917338967323303,-0.7837433218955994,327,363
0,5,0.0,1.1952883005142212,-0.12592992186546326,-0.4898395836353302,318,358
0,6,0.0,1.225517749786377,-0.11834392696619034,-0.4898395836353302,364,367
0,7,0.0,1.2555572986602783,-0.11189201474189758,-0.4898395836353302,375,375
0,8,0.0,1.286109209060669,-0.09813570976257324,-0.4898395836353302,358,382
0,9,0.041223831474781036,1.3184605836868286,-0.012341000139713287,-0.4898395836353302,301,408
0,10,-0.35177668929100037,3.718475818634033,0.35893094539642334,-0.09796791523694992,228,439
 , , , , , , , 
0,0,1.1799176931381226,0.6495290994644165,-0.06555458903312683,0.19593583047389984,309,352
0,1,1.2055680751800537,0.6636877655982971,-0.0665978193283081,0.19593583047389984,346,351
0,2,1.2312184572219849,0.6775718927383423,-0.07033413648605347,0.19593583047389984,354,348
0,3,1.256868839263916,0.6913778781890869,-0.07472703605890274,0.19593583047389984,315,358
0,4,-0.0604616180062294,0.962157130241394,-0.08020903170108795,-0.7837433218955994,325,331
0,5,-0.06229379028081894,0.9924820065498352,-0.06716521084308624,-0.7837433218955994,388,339
0,6,-0.06412596255540848,1.022089958190918,-0.06267040967941284,-0.7837433218955994,406,351
0,7,-0.06595812737941742,1.051087737083435,-0.06771722435951233,-0.7837433218955994,394,361
0,8,-0.06779029965400696,1.0780099630355835,-0.09875918924808502,-0.7837433218955994,336,384
0,9,0.10443370789289474,1.0920830965042114,0.19327178597450256,-0.6857753992080688,266,446
0,10,0.10718196630477905,1.1257240772247314,0.16832490265369415,-0.6857753992080688,232,489
 , , , , , , , 
0,0,1.393365502357483,3.1333987712860107,-0.06346651911735535,0.09796791523694992,249,464
0,1,1.4052746295928955,3.1583240032196045,-0.12579724192619324,0.09796791523694992,235,464
0,2,1.3814564943313599,3.106996536254883,0.040073152631521225,0.19593583047389984,257,440
0,3,0.09893719106912613,1.0481990575790405,0.07219149172306061,-0.7837433218955994,333,341
0,4,0.10168544948101044,1.0783463716506958,0.05730206146836281,-0.7837433218955994,363,343
0,5,0.10443370789289474,1.1083784103393555,0.03868788108229637,-0.7837433218955994,358,349
0,6,0.07145464420318604,1.1408859491348267,-0.018698476254940033,-0.7837433218955994,317,370
0,7,-0.11725889891386032,0.9278975129127502,-0.07234716415405273,-0.3918716609477997,269,351
0,8,-0.1209232360124588,0.9574519395828247,-0.0670730248093605,-0.3918716609477997,318,360
0,9,-0.12458758056163788,0.9867438077926636,-0.0650140643119812,-0.3918716609477997,332,371
0,10,-0.12825192511081696,1.0162492990493774,-0.05913066864013672,-0.3918716609477997,314,382
0,11,-0.09893719106912613,1.0495469570159912,-0.04882855713367462,-0.3918716609477997,255,402
 , , , , , , , 
0,0,0.0,0.06576361507177353,-0.9651479721069336,0.6857753992080688,328,333
0,1,0.0,0.050411343574523926,-0.9954249858856201,0.6857753992080688,386,338
0,2,0.0,0.05948219820857048,1.0242897272109985,0.6857753992080688,406,344
0,3,0.0,0.12205322086811066,1.048248291015625,0.6857753992080688,385,356
0,4,0.0,0.18999600410461426,1.0678744316101074,0.6857753992080688,317,382
0,5,-0.08519592136144638,0.902115523815155,0.06904768943786621,-0.29390373826026917,325,331
0,6,-0.08794417232275009,0.93229740858078,0.05536187067627907,-0.29390373826026917,384,330
0,7,-0.0906924307346344,0.9619840979576111,0.04687097668647766,-0.29390373826026917,403,332
0,8,-0.09344068169593811,0.9915910959243774,0.03778945654630661,-0.29390373826026917,383,338
 , , , , , , , 
0,0,1.3814564943313599,3.102555990219116,0.17081893980503082,0.29390373826026917,247,373
0,1,1.5005474090576172,3.0822787284851074,0.10769723355770111,0.3918716609477997,290,382
0,2,1.5133726596832275,3.1101365089416504,0.048836417496204376,0.3918716609477997,309,381
0,3,1.5261977910995483,3.136850595474243,0.013717858120799065,0.3918716609477997,290,381
0,4,0.11359456181526184,0.9014617800712585,-0.017357653006911278,-0.7837433218955994,284,334
0,5,0.11725889891386032,0.9300857782363892,-0.034181565046310425,-0.7837433218955994,348,335
0,6,0.1209232360124588,0.9587072730064392,-0.045753732323646545,-0.7837433218955994,377,332
0,7,0.12458758056163788,0.9871827363967896,-0.05796901881694794,-0.7837433218955994,366,336
0,8,0.12825192511081696,1.0155121088027954,-0.07066997140645981,-0.7837433218955994,305,356
0,9,-0.09527285397052765,0.7046290636062622,0.2744879424571991,-0.5878074765205383,227,331
0,10,-0.09893719851970673,0.7365121841430664,0.27245116233825684,-0.5878074765205383,244,331
0,11,-0.03114689514040947,0.9926679730415344,0.08397818356752396,-0.4898395836353302,298,448
0,12,0.0,1.0196549892425537,0.11406747996807098,-0.4898395836353302,274,483
0,13,0.0,1.050736904144287,0.09835304319858551,-0.4898395836353302,229,525
0,14,-0.10993021726608276,0.872147798538208,0.026293188333511353,-0.3918716609477997,314,337
0,15,-0.11359456181526184,0.9014649987220764,0.01719030737876892,-0.3918716609477997,378,343
0,16,-0.11725889891386032,0.9306681156158447,0.009206247515976429,-0.3918716609477997,407,346
0,17,-0.1209232360124588,0.959770679473877,0.007294039241969585,-0.3918716609477997,400,354
 , , , , , , , 
0,0,1.2092323303222656,3.2749454975128174,0.432634562253952,0.29390373826026917,243,373
0,1,1.5261977910995483,3.136802911758423,-0.02206273376941681,0.4898395836353302,239,362
0,2,0.13741277158260345,0.8683695197105408,-0.021677060052752495,-0.5878074765205383,275,405
0,3,0.1419931948184967,0.8969671130180359,-0.033561017364263535,-0.5878074765205383,291,433
0,4,0.11725889891386032,0.929733157157898,-0.04271047189831734,-0.5878074765205383,277,459
0,5,-0.06870638579130173,0.6739043593406677,0.2796928584575653,-0.4898395836353302,251,342
0,6,-0.07145464420318604,0.7027765512466431,0.2862202227115631,-0.4898395836353302,250,345
0,7,0.0604616180062294,0.9651147723197937,0.027080900967121124,-0.4898395836353302,230,505
0,8,-0.1328323483467102,0.8394294381141663,0.02073070965707302,-0.3918716609477997,254,378
0,9,-0.13741277158260345,0.8685178756713867,0.014567006379365921,-0.3918716609477997,304,404
0,10,-0.1419931948184967,0.8975541591644287,0.008533217012882233,-0.3918716609477997,309,431
0,11,-0.14657361805438995,0.9260832667350769,0.029385961592197418,-0.3918716609477997,277,456
 , , , , , , , 
0,0,1.5390230417251587,3.154378890991211,0.23661302030086517,0.4898395836353302,236,370
0,1,1.551848292350769,3.1848466396331787,0.1740872710943222,0.4898395836353302,246,367
0,2,1.5646734237670898,3.2139275074005127,0.11435893177986145,0.4898395836353302,228,366
0,3,0.12825192511081696,0.8103759288787842,-0.023980610072612762,-0.4898395836353302,242,354
0,4,-0.09160851687192917,0.6701868176460266,0.2820518910884857,-0.3918716609477997,235,331
0,5,-0.12825192511081696,0.8077661395072937,0.0692683607339859,-0.29390373826026917,272,355
0,6,-0.1328323483467102,0.8384183049201965,0.04611235484480858,-0.29390373826026917,342,376
0,7,-0.13741277158260345,0.8680999279022217,0.030626563355326653,-0.29390373826026917,364,399
0,8,-0.1419931948184967,0.8974669575691223,0.015146547928452492,-0.29390373826026917,351,420
0,9,-0.14657361805438995,0.9265442490577698,0.0030796411447227,-0.29390373826026917,312,434
 , , , , , , , 
0,0,1.2971765995025635,3.202143907546997,-0.17099720239639282,0.09796791523694992,230,437
0,1,1.3081696033477783,3.227830171585083,-0.1977468580007553,0.09796791523694992,235,432
0,2,1.3191626071929932,3.222352981567383,0.5009354948997498,0.29390373826026917,237,372
0,3,1.2971765995025635,3.170196771621704,0.482511043548584,0.3918716609477997,267,345
0,4,1.3081696033477783,3.1914069652557373,0.52241051197052,0.3918716609477997,279,346
0,5,0.0,0.9321097731590271,0.10558854788541794,-0.3918716609477997,227,510
0,6,-0.06320987641811371,0.6071468591690063,0.2863127887248993,-0.29390373826026917,235,339
0,7,-0.08794417232275009,0.6328225135803223,0.29459941387176514,-0.29390373826026917,243,339
0,8,0.0256503839045763,0.8172829151153564,0.07157906144857407,-0.29390373826026917,238,415
0,9,-0.10626588016748428,0.8423254489898682,-0.04371918737888336,-0.29390373826026917,260,445
0,10,-0.13741277158260345,0.8660508394241333,-0.06701844930648804,-0.29390373826026917,253,472
0,11,0.0,0.8933113217353821,0.1668330729007721,-0.29390373826026917,239,491
0,12,-0.19879049062728882,0.8690228462219238,-0.1764087975025177,-0.29390373826026917,239,491
 , , , , , , , 
0,0,1.3191626071929932,3.2472641468048096,0.29961732029914856,0.29390373826026917,237,387
0,1,1.330155611038208,3.269770622253418,0.34795889258384705,0.29390373826026917,271,388
0,2,1.3411486148834229,3.2985050678253174,0.3343590497970581,0.29390373826026917,278,397
0,3,1.3521417379379272,3.3209636211395264,0.3795596957206726,0.29390373826026917,250,417
0,4,-0.1236715018749237,0.7816068530082703,0.016264161095023155,-0.3918716609477997,241,443
0,5,-0.12825192511081696,0.8107214570045471,-0.003865579143166542,-0.3918716609477997,250,458
 , , , , , , , 
0,0,1.3081696033477783,3.233772039413452,0.02664928138256073,0.19593583047389984,226,411
0,1,1.3191626071929932,3.260704517364502,-0.04796231538057327,0.19593583047389984,255,411
0,2,1.4410018920898438,3.240661144256592,0.05846021696925163,0.29390373826026917,293,386
0,3,1.4529110193252563,3.26789927482605,0.022244615480303764,0.29390373826026917,304,386
0,4,1.464820146560669,3.287355422973633,0.2207944691181183,0.3918716609477997,312,370
0,5,1.4767292737960815,3.320870876312256,0.0670836940407753,0.3918716609477997,273,392
0,6,0.08427983522415161,0.6669701933860779,-0.051434051245450974,-0.4898395836353302,231,336
0,7,0.08794417232275009,0.6931794881820679,-0.08219118416309357,-0.4898395836353302,313,345
0,8,0.11451064795255661,0.716799259185791,-0.10090518742799759,-0.4898395836353302,355,354
0,9,-0.1603149026632309,0.5228794813156128,0.48784416913986206,-0.4898395836353302,355,354
0,10,0.11909106373786926,0.7443912029266357,-0.11234631389379501,-0.4898395836353302,368,357
0,11,-0.14290928840637207,0.6233546733856201,0.41464269161224365,-0.4898395836353302,368,357
0,12,-0.1484057903289795,0.7530849575996399,0.19315068423748016,-0.4898395836353302,346,368
0,13,0.1236715018749237,0.7795560956001282,-0.05887385830283165,-0.4898395836353302,346,368
0,14,-0.0513007678091526,0.8190874457359314,0.014029019512236118,-0.4898395836353302,272,396
0,15,-0.02656647004187107,0.8487376570701599,0.04067736491560936,-0.4898395836353302,287,436
0,16,-0.02748255431652069,0.8783504366874695,0.0341031476855278,-0.4898395836353302,227,477
0,17,-0.017405617982149124,0.5176340937614441,0.20488639175891876,-0.29390373826026917,230,341
0,18,-0.018321702256798744,0.5467957854270935,0.2107601761817932,-0.29390373826026917,250,343
0,19,-0.019237788394093513,0.5740602016448975,0.22149387001991272,-0.29390373826026917,240,345
 , , , , , , , 
0,0,1.4529110193252563,3.251469612121582,0.3280344307422638,0.29390373826026917,291,369
0,1,1.464820146560669,3.2814154624938965,0.29625704884529114,0.29390373826026917,305,377
0,2,1.4767292737960815,3.3120603561401367,0.2508796751499176,0.29390373826026917,280,396
0,3,1.4886382818222046,3.344146251678467,0.16743288934230804,0.29390373826026917,225,420
0,4,-0.17955268919467926,0.79990154504776,-0.040635257959365845,-0.5878074765205383,269,374
0,5,-0.1484057903289795,0.7651631832122803,0.13772957026958466,-0.4898395836353302,331,357
0,6,0.08427983522415161,0.6657070517539978,-0.06579383462667465,-0.3918716609477997,288,361
0,7,0.10993021726608276,0.690007746219635,-0.08241382986307144,-0.3918716609477997,332,376
0,8,0.11451064795255661,0.7174505591392517,-0.09616527706384659,-0.3918716609477997,346,386
0,9,0.09527285397052765,0.7460124492645264,-0.12373834103345871,-0.3918716609477997,326,396
 , , , , , , , 
0,0,1.229386329650879,3.358454942703247,0.0008828821592032909,0.09796791523694992,229,398
0,1,1.363134741783142,3.366182565689087,0.15522143244743347,0.09796791523694992,260,400
0,2,1.239463210105896,3.3859591484069824,0.01282147690653801,0.19593583047389984,271,380
0,3,1.3741276264190674,3.3813576698303223,0.32493698596954346,0.19593583047389984,256,390
0,4,-0.09893719106912613,0.513306736946106,-0.07181935757398605,-0.29390373826026917,315,320
0,5,-0.10443370789289474,0.5422447323799133,-0.07273739576339722,-0.29390373826026917,388,326
0,6,-0.10993021726608276,0.5706251263618469,-0.07774009555578232,-0.29390373826026917,412,341
0,7,-0.11542673408985138,0.5987317562103271,-0.0846857875585556,-0.29390373826026917,396,362
0,8,-0.1209232360124588,0.6271612048149109,-0.08929330855607986,-0.29390373826026917,347,385
0,9,0.10534979403018951,0.6657755970954895,-0.015559484250843525,-0.09796791523694992,347,398
0,10,0.10993021726608276,0.6945518851280212,-0.02237004227936268,-0.09796791523694992,327,432
0,11,0.13741277158260345,0.7187372446060181,-0.040376242250204086,-0.09796791523694992,271,471
 , , , , , , , 
0,0,-0.10443370789289474,0.5466567277908325,-0.022056126967072487,0.09796791523694992,238,334
0,1,1.229386329650879,3.3566465377807617,-0.11020296066999435,0.09796791523694992,237,417
0,2,1.3521417379379272,3.342451333999634,-0.029746459797024727,0.09796791523694992,258,419
0,3,1.363134741783142,3.369070291519165,0.06814232468605042,0.09796791523694992,257,419
0,4,-0.013741277158260345,0.41244933009147644,0.15182608366012573,-0.29390373826026917,250,331
0,5,-0.01465736236423254,0.43755000829696655,0.16831380128860474,-0.29390373826026917,251,335
0,6,-0.12183932960033417,0.5299679636955261,-0.1204807311296463,-0.09796791523694992,264,340
0,7,-0.10993021726608276,0.5605841875076294,-0.131916344165802,-0.09796791523694992,273,358
0,8,-0.11542673408985138,0.5983417630195618,-0.08739861845970154,-0.09796791523694992,248,376
0,9,0.10076936334371567,0.6369740962982178,0.0060369037091732025,-0.09796791523694992,257,393
0,10,0.10534979403018951,0.6618180274963379,0.07413589954376221,-0.09796791523694992,275,418
0,11,0.10993021726608276,0.6630870699882507,0.20788992941379547,-0.09796791523694992,256,452
0,12,-0.17588834464550018,0.31611859798431396,-0.6034232974052429,-0.09796791523694992,256,452
 , , , , , , , 
0,0,-0.09893719106912613,0.5174234509468079,0.030244942754507065,0.09796791523694992,298,329
0,1,-0.10443370789289474,0.5468457341194153,0.016726365312933922,0.09796791523694992,372,333
0,2,-0.10993021726608276,0.575840175151825,0.008042179979383945,0.09796791523694992,404,339
0,3,-0.11542673408985138,0.6046911478042603,-6.287149153649807e-05,0.09796791523694992,397,349
0,4,-0.1209232360124588,0.6333507895469666,-0.013085130602121353,0.09796791523694992,350,367
0,5,-0.12641975283622742,0.6601860523223877,-0.05263310298323631,0.09796791523694992,251,402
0,6,-0.05496510863304138,0.4058079421520233,0.16016609966754913,-0.29390373826026917,232,325
0,7,-0.05862944945693016,0.429656982421875,0.17875081300735474,-0.29390373826026917,240,328
0,8,-0.07786723971366882,0.4549432694911957,0.18792647123336792,-0.29390373826026917,227,330
0,9,0.10534979403018951,0.6658749580383301,0.010477233678102493,-0.09796791523694992,354,347
0,10,0.08794417232275009,0.6978498101234436,0.01608702912926674,-0.09796791523694992,347,365
0,11,0.09160851687192917,0.7270698547363281,0.008547862991690636,-0.09796791523694992,310,390
0,12,0.047636426985263824,0.7606632709503174,-0.0067004975862801075,-0.09796791523694992,253,422
 , , , , , , , 
0,0,1.239463210105896,3.3856847286224365,-0.044970761984586716,0.09796791523694992,241,409
0,1,1.2495402097702026,3.4131762981414795,-0.047875020653009415,0.09796791523694992,245,411
0,2,0.2656646966934204,0.7614392638206482,0.26897671818733215,-0.7837433218955994,243,350
0,3,0.2748255431652069,0.7949302196502686,0.25685515999794006,-0.7837433218955994,231,358
0,4,-0.139244943857193,0.5335479378700256,0.07851041853427887,-0.19593583047389984,227,345
0,5,-0.12825191020965576,0.5638579726219177,0.09673076122999191,-0.09796791523694992,291,327
0,6,-0.13466452062129974,0.5909144878387451,0.1079825833439827,-0.09796791523694992,320,329
0,7,-0.14107710123062134,0.5581240653991699,0.2907261550426483,-0.09796791523694992,348,332
0,8,0.08061549067497253,0.6350931525230408,-0.0780043974518776,-0.09796791523694992,348,332
0,9,0.10534979403018951,0.6590337753295898,-0.09577947854995728,-0.09796791523694992,356,346
0,10,-0.14748971164226532,0.44249069690704346,0.4868742823600769,-0.09796791523694992,356,346
0,11,0.10993021726608276,0.675918459892273,-0.16135956346988678,-0.09796791523694992,315,376
0,12,-0.1539023071527481,0.4557356536388397,0.5134261846542358,-0.09796791523694992,315,376
0,13,-0.11451064795255661,0.5929725766181946,0.4151705503463745,-0.09796791523694992,243,414
0,14,0.13741277158260345,0.6726589798927307,-0.25640469789505005,-0.09796791523694992,243,414
 , , , , , , , 
0,0,0.16672749817371368,0.7292212247848511,0.14615431427955627,0.09796791523694992,227,417
0,1,1.1359455585479736,3.452039957046509,-0.0803908258676529,0.29390373826026917,260,351
0,2,1.1451064348220825,3.4753103256225586,-0.19580863416194916,0.29390373826026917,259,353
0,3,1.1542673110961914,3.5019359588623047,-0.21725735068321228,0.3918716609477997,242,355
0,4,-0.03297906368970871,0.33604171872138977,0.09866704046726227,-0.4898395836353302,286,341
0,5,-0.03572732210159302,0.3658686876296997,0.10047053545713425,-0.4898395836353302,336,336
0,6,-0.03847557678818703,0.39596936106681824,0.10080225020647049,-0.4898395836353302,352,332
0,7,-0.041223831474781036,0.4267190098762512,0.09780558943748474,-0.4898395836353302,328,336
0,8,-0.043972086161375046,0.45884883403778076,0.08670990914106369,-0.4898395836353302,251,361
0,9,-0.13191625475883484,0.50898677110672,0.0442827008664608,-0.19593583047389984,285,347
0,10,-0.139244943857193,0.5373441576957703,0.0458102747797966,-0.19593583047389984,345,356
0,11,-0.14657361805438995,0.5656707286834717,0.04768628627061844,-0.19593583047389984,368,362
0,12,-0.1539023071527481,0.5942931175231934,0.0458751805126667,-0.19593583047389984,355,368
0,13,0.08061549067497253,0.6398478150367737,0.004778123460710049,-0.09796791523694992,350,358
0,14,0.06320987641811371,0.6712411046028137,-0.0061401547864079475,-0.09796791523694992,330,395
0,15,0.06595812737941742,0.7003999948501587,0.008762340061366558,-0.09796791523694992,269,440
 , , , , , , , 
0,0,-0.13191625475883484,0.5107781291007996,-0.011585021391510963,0.09796791523694992,228,364
0,1,-0.12183932960033417,0.543488621711731,-0.0013147887075319886,0.09796791523694992,285,375
0,2,-0.12825191020965576,0.5720853805541992,-0.0033168774098157883,0.09796791523694992,307,380
0,3,-0.13466452062129974,0.6006909012794495,-0.0032613081857562065,0.09796791523694992,297,385
0,4,-0.16123098134994507,0.6242771744728088,-0.01447228342294693,0.09796791523694992,250,403
0,5,-0.06412596255540848,0.40513402223587036,0.013692311011254787,-0.5878074765205383,297,336
0,6,-0.06870638579130173,0.43424564599990845,0.008037209510803223,-0.5878074765205383,249,351
0,7,0.0,0.3471773564815521,0.05669845640659332,-0.4898395836353302,297,344
0,8,0.0,0.37546223402023315,0.06525921076536179,-0.4898395836353302,300,339
0,9,-0.11909106373786926,0.3161889314651489,-0.17627406120300293,-0.4898395836353302,300,339
0,10,0.08061549067497253,0.6337265968322754,-0.08842314034700394,-0.09796791523694992,268,384
0,11,0.08427983522415161,0.6625446677207947,-0.09235429763793945,-0.09796791523694992,263,405
 , , , , , , , 
0,0,-0.16489532589912415,0.5003149509429932,-0.03041144646704197,0.09796791523694992,255,390
0,1,-0.17405617237091064,0.528221070766449,-0.030223241075873375,0.09796791523694992,318,404
0,2,-0.18321701884269714,0.5561209917068481,-0.030036354437470436,0.09796791523694992,347,411
0,3,-0.17314009368419647,0.5903975367546082,-0.020687531679868698,0.09796791523694992,338,421
0,4,-0.1813848614692688,0.6188684105873108,-0.00532385241240263,0.09796791523694992,288,441
0,5,-0.043972086161375046,0.34885501861572266,-0.010652104392647743,-0.4898395836353302,352,350
0,6,-0.047636426985263824,0.3778062164783478,-0.014963307417929173,-0.4898395836353302,337,358
0,7,-0.06412596255540848,0.4043521583080292,-0.028642641380429268,-0.4898395836353302,277,383
 , , , , , , , 
0,0,0.8079870939254761,1.9031153917312622,3.060783863067627,0.4898395836353302,240,342
0,1,0.9014278054237366,3.482494831085205,0.24659721553325653,-0.09796791523694992,226,440
0,2,0.9087564945220947,3.5081069469451904,0.28418684005737305,-0.09796791523694992,226,440
 , , , , , , , 
0,0,0.8867704272270203,3.432912588119507,0.10266197472810745,-0.19593583047389984,242,417
0,1,0.8940991163253784,3.4623372554779053,0.058473747223615646,-0.19593583047389984,270,414
0,2,0.9014278054237366,3.4907567501068115,0.05655737221240997,-0.19593583047389984,252,423
 , , , , , , , 
0,0,1.0901412963867188,3.313645839691162,0.02533194236457348,-0.29390373826026917,250,387
0,1,0.9893719553947449,3.3731815814971924,0.13218796253204346,-0.29390373826026917,280,385
0,2,0.8867704272270203,3.419921398162842,0.3155401647090912,-0.19593583047389984,281,412
0,3,0.8940991163253784,3.4505410194396973,0.29148778319358826,-0.19593583047389984,283,422
0,4,0.9014278054237366,3.4803390502929688,0.27535516023635864,-0.19593583047389984,251,440
0,5,0.1209232360124588,0.6056206822395325,0.18581730127334595,-0.09796791523694992,258,408
0,6,0.12641975283622742,0.6310399770736694,0.20100846886634827,-0.09796791523694992,264,407
0,7,0.13191625475883484,0.657352864742279,0.2132432907819748,-0.09796791523694992,237,414
 , , , , , , , 
0,0,1.1790015697479248,3.150275230407715,-0.6703761219978333,-0.5878074765205383,263,358
0,1,1.189078450202942,3.18369722366333,-0.6448215842247009,-0.5878074765205383,299,360
0,2,1.0901412963867188,3.2928149700164795,-0.37183475494384766,-0.4898395836353302,321,347
0,3,1.0993021726608276,3.333604097366333,-0.23087342083454132,-0.4898395836353302,302,357
0,4,0.997616708278656,3.392237663269043,0.28155720233917236,-0.3918716609477997,278,369
0,5,1.189078450202942,3.2470827102661133,-0.09043009579181671,-0.29390373826026917,235,381
0,6,1.0901412963867188,3.310199499130249,0.1531982421875,-0.29390373826026917,259,380
 , , , , , , , 
0,0,1.1991554498672485,3.2682759761810303,-0.2229291796684265,-0.5878074765205383,227,347
0,1,1.0626587867736816,3.1572201251983643,-0.6827678680419922,-0.3918716609477997,295,356
0,2,1.071819543838501,3.231010675430298,-0.418875128030777,-0.29390373826026917,324,372
0,3,1.0809804201126099,3.2612104415893555,-0.40201863646507263,-0.29390373826026917,335,371
0,4,1.0901412963867188,3.2910025119781494,-0.3875484764575958,-0.29390373826026917,309,377
0,5,0.9893719553947449,3.3484201431274414,-0.4288471043109894,-0.29390373826026917,239,399
 , , , , , , , 
0,0,1.3411486148834229,3.1503045558929443,1.0332050323486328,-0.5878074765205383,234,413
0,1,0.8647843599319458,3.3489577770233154,0.04754968360066414,-0.4898395836353302,281,348
0,2,0.872113049030304,3.376689910888672,-0.08175118267536163,-0.4898395836353302,319,350
0,3,0.8794417381286621,3.40126371383667,-0.1807536631822586,-0.4898395836353302,317,360
0,4,0.665077805519104,3.415613889694214,-0.6877804398536682,-0.4898395836353302,254,382
0,5,1.0626587867736816,3.196255683898926,-0.46707817912101746,-0.09796791523694992,246,442
0,6,1.071819543838501,3.228807210922241,-0.43553394079208374,-0.09796791523694992,273,441
0,7,1.0809804201126099,3.257629632949829,-0.43007156252861023,-0.09796791523694992,264,442
 , , , , , , , 
0,0,0.06320987641811371,0.6640291810035706,-0.09832391142845154,0.09796791523694992,247,349
0,1,0.043972086161375046,0.7007054686546326,-0.045449744910001755,0.09796791523694992,251,346
0,2,0.9316586256027222,3.1782760620117188,0.06044513359665871,-0.7837433218955994,231,339
0,3,0.835469663143158,3.2334158420562744,0.1231485977768898,-0.7837433218955994,277,340
0,4,0.8427983522415161,3.2600786685943604,0.16286014020442963,-0.7837433218955994,300,341
0,5,0.8574556708335876,3.319633722305298,0.09211336821317673,-0.7837433218955994,265,365
0,6,1.0809804201126099,3.2647197246551514,0.3724481463432312,-0.5878074765205383,247,390
0,7,1.0351762771606445,3.1418769359588623,0.17348846793174744,-0.4898395836353302,254,347
 , , , , , , , 
0,0,0.042139917612075806,0.6727433204650879,0.01544087752699852,0.09796791523694992,251,348
0,1,0.043972086161375046,0.7021670937538147,-0.0038963844999670982,0.09796791523694992,244,349
0,2,0.40674179792404175,0.5310901999473572,-3.184429883956909,0.5878074765205383,226,340
0,3,0.4104061424732208,0.5086578130722046,-3.2175393104553223,0.5878074765205383,290,342
0,4,0.4140704870223999,0.4320469796657562,-3.258060932159424,0.5878074765205383,320,340
0,5,0.417734831571579,0.1658230721950531,-3.3115181922912598,0.5878074765205383,319,341
0,6,0.42139917612075806,0.5725838541984558,-3.2953779697418213,0.6857753992080688,288,349
0,7,0.06320987641811371,0.6704764366149902,-0.03261357173323631,-0.09796791523694992,228,405
0,8,0.06595812737941742,0.6970968246459961,-0.06850502640008926,-0.09796791523694992,225,404
 , , , , , , , 
0,0,0.5038468241691589,0.6048163175582886,-3.1270604133605957,0.5878074765205383,281,347
0,1,0.5084272623062134,0.7293097972869873,-3.130127429962158,0.5878074765205383,305,345
0,2,1.1185399293899536,3.0524165630340576,0.1403959095478058,-0.3918716609477997,306,354
0,3,1.1286169290542603,3.0812888145446777,0.1077418327331543,-0.3918716609477997,335,354
0,4,1.1386938095092773,3.1075987815856934,0.13887622952461243,-0.29390373826026917,317,365
0,5,1.148770809173584,3.1380391120910645,-0.03448989614844322,-0.29390373826026917,269,376
 , , , , , , , 
0,0,0.4809446930885315,1.1328006982803345,-2.8213157653808594,0.6857753992080688,232,355
0,1,0.94356769323349,2.8637614250183105,0.15946204960346222,-0.7837433218955994,294,348
0,2,0.8574556708335876,2.912870407104492,0.273345947265625,-0.7837433218955994,266,361
0,3,0.7401968240737915,2.8665690422058105,-0.033943478018045425,-0.6857753992080688,267,343
0,4,0.8409661054611206,2.8694045543670654,0.001804723055101931,-0.6857753992080688,279,343
0,5,0.8162318468093872,2.769556760787964,-0.2929849624633789,-0.29390373826026917,247,363
0,6,0.7328681349754333,2.817725419998169,-0.34184694290161133,-0.29390373826026917,282,364
0,7,0.7401968240737915,2.8420236110687256,-0.3758612275123596,-0.29390373826026917,286,365
0,8,0.7475254535675049,2.8686225414276123,-0.39104923605918884,-0.29390373826026917,250,372
 , , , , , , , 
0,0,0.8574556708335876,2.9190659523010254,0.19643372297286987,-0.7837433218955994,286,379
0,1,0.8327214121818542,2.824037790298462,0.31248465180397034,-0.6857753992080688,309,353
0,2,0.8409661054611206,2.8454670906066895,0.36986902356147766,-0.6857753992080688,330,353
0,3,0.8492109179496765,2.8668551445007324,0.4205459654331207,-0.6857753992080688,319,364
0,4,0.8079870939254761,2.756788969039917,0.022324370220303535,-0.4898395836353302,258,345
0,5,0.8162318468093872,2.7850100994110107,0.0020910059101879597,-0.4898395836353302,291,346
0,6,0.8244766592979431,2.813049793243408,-0.022833433002233505,-0.4898395836353302,290,350
 , , , , , , , 
0,0,0.8162318468093872,2.730764150619507,0.5470037460327148,-0.6857753992080688,277,343
0,1,0.8244766592979431,2.7738559246063232,0.4685000479221344,-0.6857753992080688,302,342
0,2,0.8327214121818542,2.828230619430542,0.27193376421928406,-0.6857753992080688,300,345
0,3,0.8409661054611206,2.869399309158325,0.00573758315294981,-0.6857753992080688,258,366
0,4,0.7997423410415649,2.728747606277466,-0.0012495083501562476,-0.3918716609477997,262,357
0,5,0.8079870939254761,2.7567222118377686,-0.029444856569170952,-0.3918716609477997,304,352
0,6,0.8162318468093872,2.784609794616699,-0.0472664013504982,-0.3918716609477997,306,352
 , , , , , , , 
0,0,0.6604973673820496,0.9550222158432007,-2.787212371826172,0.6857753992080688,234,346
0,1,1.0177706480026245,2.7803401947021484,0.010599171742796898,-0.7837433218955994,256,347
0,2,0.7035533785820007,2.7228870391845703,0.10342089831829071,-0.3918716609477997,271,346
0,3,0.7108820676803589,2.7513437271118164,0.10201963037252426,-0.3918716609477997,318,345
0,4,0.718210756778717,2.7796404361724854,0.10488219559192657,-0.3918716609477997,334,343
0,5,0.8162318468093872,2.781931161880493,0.13093829154968262,-0.3918716609477997,315,345
 , , , , , , , 
0,0,0.925246000289917,2.8036019802093506,0.22360022366046906,-0.6857753992080688,255,376
0,1,0.9344068169593811,2.8107545375823975,0.4089645743370056,-0.6857753992080688,238,405
0,2,0.8977634310722351,2.7260303497314453,0.12651608884334564,-0.5878074765205383,336,336
0,3,0.906924307346344,2.7566936016082764,0.025466684252023697,-0.5878074765205383,332,339
0,4,0.9160851836204529,2.7836339473724365,-0.07551206648349762,-0.5878074765205383,282,360
0,5,0.6962246894836426,2.695523262023926,0.07131596654653549,-0.29390373826026917,255,383
0,6,0.7035533785820007,2.724299907684326,0.05477851256728172,-0.29390373826026917,307,380
0,7,0.7108820676803589,2.7529048919677734,0.042602501809597015,-0.29390373826026917,321,378
0,8,0.718210756778717,2.7814624309539795,0.029443053528666496,-0.29390373826026917,294,382
0,9,1.0223510265350342,0.2605987787246704,-0.02465982176363468,-0.19593583047389984,251,370
0,10,1.050749659538269,0.2689594030380249,-0.006348875816911459,-0.19593583047389984,260,365
 , , , , , , , 
0,0,0.8977634310722351,2.721433639526367,0.2026006579399109,-0.6857753992080688,359,334
0,1,0.906924307346344,2.7522222995758057,0.15899759531021118,-0.6857753992080688,328,352
0,2,0.9160851836204529,2.783132791519165,0.09215140342712402,-0.6857753992080688,267,384
0,3,0.9939523935317993,0.2537561058998108,-0.01933925785124302,-0.29390373826026917,273,342
0,4,1.0223510265350342,0.25930315256118774,-0.03580087423324585,-0.29390373826026917,291,345
0,5,1.050749659538269,0.26183944940567017,-0.061802688986063004,-0.29390373826026917,280,348
0,6,1.079148292541504,0.2608790993690491,-0.09103263914585114,-0.29390373826026917,236,361
0,7,0.6962246894836426,2.696192502975464,0.03845183178782463,-0.29390373826026917,274,416
0,8,0.7035533785820007,2.7247326374053955,0.025352424010634422,-0.29390373826026917,305,413
0,9,0.7108820676803589,2.7532148361206055,0.01036047749221325,-0.29390373826026917,305,409
0,10,0.718210756778717,2.7816107273101807,-0.006484979297965765,-0.29390373826026917,262,420
 , , , , , , , 
0,0,0.9472320675849915,2.583406925201416,0.1483376920223236,-0.7837433218955994,291,350
0,1,0.9573089480400085,2.6105265617370605,0.15611320734024048,-0.7837433218955994,340,348
0,2,0.9774628281593323,2.6682770252227783,0.1025502011179924,-0.7837433218955994,328,354
0,3,0.9875397682189941,2.6977648735046387,-0.007548642344772816,-0.7837433218955994,255,379
0,4,0.9673858880996704,2.6303293704986572,0.2555975317955017,-0.6857753992080688,348,352
0,5,0.791497528553009,2.7004199028015137,-0.0325780026614666,-0.3918716609477997,280,404
0,6,0.6888960599899292,2.668043613433838,0.014494288712739944,-0.29390373826026917,225,423
0,7,0.6962246894836426,2.6958999633789062,-0.05527844652533531,-0.29390373826026917,262,420
0,8,0.9655537605285645,0.24290665984153748,0.0459834448993206,-0.19593583047389984,230,394
0,9,0.9939523935317993,0.2518668472766876,0.0364590659737587,-0.19593583047389984,280,386
0,10,1.0223510265350342,0.26011916995048523,0.029288947582244873,-0.19593583047389984,295,377
0,11,1.050749659538269,0.26821863651275635,0.020934144034981728,-0.19593583047389984,274,374
 , , , , , , , 
0,0,0.5899588465690613,0.7839084267616272,2.5121705532073975,0.6857753992080688,260,343
0,1,0.5963714718818665,0.8799023032188416,2.510509490966797,0.6857753992080688,307,340
0,2,0.6027840375900269,0.9659439921379089,2.509352207183838,0.6857753992080688,311,343
0,3,0.6962246894836426,1.1263163089752197,2.449968099594116,0.6857753992080688,277,349
0,4,-0.8702808618545532,2.641678810119629,-0.140733540058136,0.6857753992080688,277,349
0,5,0.9939523935317993,0.25034046173095703,0.045780111104249954,-0.19593583047389984,230,432
 , , , , , , , 
0,0,0.906924307346344,2.440227746963501,-0.42841190099716187,-0.7837433218955994,250,344
0,1,0.9170012474060059,2.4581286907196045,-0.4827162027359009,-0.7837433218955994,300,344
0,2,0.9270781874656677,2.4740777015686035,-0.541322648525238,-0.7837433218955994,311,345
0,3,0.9371551275253296,2.48457670211792,-0.6173848509788513,-0.7837433218955994,288,348
0,4,0.7750080823898315,2.623852491378784,0.32864218950271606,-0.4898395836353302,311,355
0,5,0.7832527756690979,2.662609815597534,0.2295321375131607,-0.4898395836353302,315,360
0,6,0.791497528553009,2.6979737281799316,0.11944906413555145,-0.4898395836353302,278,379
0,7,0.681567370891571,2.6396491527557373,0.016209732741117477,-0.29390373826026917,234,415
0,8,0.6888960599899292,2.6680490970611572,0.013426125980913639,-0.29390373826026917,259,412
0,9,0.6962246894836426,2.6964643001556396,-0.003617942100390792,-0.29390373826026917,256,410
 , , , , , , , 
0,0,0.906924307346344,2.415222406387329,-0.5522223114967346,-0.4898395836353302,232,344
0,1,1.0003650188446045,2.3200860023498535,-0.85602205991745,-0.4898395836353302,249,347
0,2,0.6742386817932129,2.610884428024292,-0.04742695018649101,-0.3918716609477997,249,375
0,3,0.681567370891571,2.638291358947754,0.08619172871112823,-0.3918716609477997,272,380
0,4,0.6027840375900269,2.680742025375366,0.20861051976680756,-0.3918716609477997,240,392
 , , , , , , , 
0,0,0.9893719553947449,2.4412269592285156,0.14937730133533478,-0.4898395836353302,288,342
0,1,0.8336374759674072,2.533125400543213,0.06802469491958618,-0.4898395836353302,319,345
0,2,0.7585185170173645,2.588090419769287,-0.0016064475057646632,-0.4898395836353302,316,360
0,3,0.681567370891571,2.6382627487182617,-0.08706681430339813,-0.4898395836353302,282,384
0,4,0.9371550679206848,0.22989359498023987,0.06873731315135956,-0.09796791523694992,252,395
0,5,0.9655537605285645,0.23255130648612976,0.08389287441968918,-0.09796791523694992,252,403
 , , , , , , , 
0,0,0.4781964421272278,0.851874053478241,2.355861186981201,0.6857753992080688,240,348
0,1,1.4345892667770386,2.0902297496795654,-0.2780947983264923,0.6857753992080688,240,348
0,2,0.40307745337486267,0.5733503103256226,2.482665538787842,0.6857753992080688,268,349
0,3,1.3704633712768555,2.1799235343933105,-0.1568223237991333,0.6857753992080688,268,349
0,4,1.38603675365448,2.2088568210601807,-0.08239620923995972,0.6857753992080688,270,350
0,5,0.9270781874656677,2.5296833515167236,0.12162825465202332,-0.6857753992080688,241,393
0,6,0.8061549067497253,2.434757947921753,0.2773037850856781,-0.5878074765205383,312,341
0,7,0.8153157830238342,2.4651196002960205,0.2556961476802826,-0.5878074765205383,354,341
0,8,0.8244765996932983,2.4965991973876953,0.2190668135881424,-0.5878074765205383,360,344
0,9,0.8336374759674072,2.5295276641845703,0.1511339396238327,-0.5878074765205383,326,356
 , , , , , , , 
0,0,0.8565396070480347,2.3065643310546875,-0.39360812306404114,-0.7837433218955994,265,331
0,1,0.8666166067123413,2.3438029289245605,-0.3336751461029053,-0.7837433218955994,300,331
0,2,0.6595813035964966,2.5488877296447754,0.16995440423488617,-0.7837433218955994,257,399
0,3,0.7255394458770752,2.4460201263427734,0.3813244700431824,-0.6857753992080688,350,337
0,4,0.7337841987609863,2.4679667949676514,0.42146947979927063,-0.6857753992080688,323,359
0,5,0.923413872718811,2.2476322650909424,-0.39881226420402527,-0.5878074765205383,250,336
0,6,0.9344068765640259,2.2704920768737793,-0.42494234442710876,-0.5878074765205383,328,335
0,7,0.9453998804092407,2.288897752761841,-0.4721674919128418,-0.5878074765205383,368,332
0,8,0.9563928842544556,2.2991342544555664,-0.5511237978935242,-0.5878074765205383,364,337
0,9,0.9673858880996704,2.3744897842407227,-0.2842407822608948,-0.4898395836353302,306,358
 , , , , , , , 
0,0,0.41223829984664917,0.19211989641189575,-2.1510486602783203,0.5878074765205383,230,345
0,1,0.6266022324562073,2.1362552642822266,0.08606337755918503,-0.6857753992080688,245,339
0,2,0.8574557304382324,2.1110849380493164,0.1907723993062973,-0.29390373826026917,267,343
0,3,0.8684487342834473,2.1362993717193604,0.21270881593227386,-0.29390373826026917,294,340
0,4,0.8794417381286621,2.1632158756256104,0.21665430068969727,-0.29390373826026917,295,340
0,5,0.8162318468093872,2.221348285675049,0.19388896226882935,-0.29390373826026917,269,354
 , , , , , , , 
0,0,0.7860010266304016,1.7672358751296997,-0.049213435500860214,-0.7837433218955994,286,372
0,1,0.5496510863304138,1.670041561126709,0.050156690180301666,-0.4898395836353302,244,342
0,2,0.5588119626045227,1.6976262331008911,0.05871080979704857,-0.4898395836353302,314,342
0,3,0.5679727792739868,1.7249852418899536,0.07201653718948364,-0.4898395836353302,344,341
 , , , , , , , 
0,0,0.7145464420318604,1.7649178504943848,-0.07249059528112411,-0.6857753992080688,238,402
0,1,0.7035533785820007,1.734154224395752,0.13278555870056152,-0.5878074765205383,288,368
0,2,0.5404902100563049,1.6360688209533691,0.15018972754478455,-0.3918716609477997,313,335
0,3,0.5496510863304138,1.661913514137268,0.17204156517982483,-0.3918716609477997,376,335
0,4,0.5588119626045227,1.6887950897216797,0.18262836337089539,-0.3918716609477997,400,336
0,5,0.5679727792739868,1.7168543338775635,0.1821315735578537,-0.3918716609477997,384,343
0,6,0.5771336555480957,1.7468417882919312,0.16196604073047638,-0.3918716609477997,321,363
 , , , , , , , 
0,0,0.37925925850868225,0.27435627579689026,1.2646273374557495,0.5878074765205383,318,343
0,1,0.38750404119491577,0.39823460578918457,1.2607779502868652,0.5878074765205383,370,346
0,2,0.3957487642765045,0.4952693283557892,1.256200909614563,0.5878074765205383,384,350
0,3,0.40399354696273804,0.5922035574913025,1.2447453737258911,0.5878074765205383,364,356
0,4,0.7328681349754333,1.249481201171875,0.22379402816295624,-0.3918716609477997,344,345
0,5,0.7942457795143127,1.2465524673461914,0.22462856769561768,-0.3918716609477997,341,344
0,6,0.8098192811012268,1.287451982498169,0.10173870623111725,-0.3918716609477997,301,358
0,7,0.8739452362060547,1.2402541637420654,-0.3345327079296112,-0.3918716609477997,239,390
 , , , , , , , 
0,0,0.5643084049224854,1.1300342082977295,-0.26131609082221985,-0.7837433218955994,309,354
0,1,0.5359098315238953,1.174109935760498,-0.2728671133518219,-0.7837433218955994,358,357
0,2,0.5478188991546631,1.1922763586044312,-0.3110668957233429,-0.7837433218955994,373,359
0,3,0.5597280263900757,1.2067677974700928,-0.3587855100631714,-0.7837433218955994,356,361
0,4,0.08611200749874115,0.9398419857025146,1.0037893056869507,-0.7837433218955994,356,361
0,5,0.6156092286109924,1.1781840324401855,-0.46136438846588135,-0.7837433218955994,291,386
0,6,0.08794417232275009,0.9080867171287537,1.0712580680847168,-0.7837433218955994,291,386
0,7,0.7475254535675049,1.1903074979782104,0.06575247645378113,-0.3918716609477997,369,343
0,8,0.763098955154419,1.2145510911941528,0.07650085538625717,-0.3918716609477997,399,350
0,9,0.7786723971366882,1.2391692399978638,0.08069666475057602,-0.3918716609477997,386,365
0,10,0.7942457795143127,1.265159010887146,0.061022814363241196,-0.3918716609477997,342,381
0,11,0.8098192811012268,1.2896332740783691,-0.06877047568559647,-0.3918716609477997,245,414
 , , , , , , , 
0,0,0.6595813035964966,1.139477252960205,0.08206185698509216,-0.6857753992080688,232,407
0,1,0.5771336555480957,0.9430736303329468,0.5416897535324097,-0.5878074765205383,280,373
0,2,0.5514832735061646,0.8800099492073059,0.7144177556037903,-0.5878074765205383,247,408
0,3,0.5221685171127319,0.976952850818634,-0.1175118237733841,-0.4898395836353302,308,347
0,4,0.5359098315238953,1.005668044090271,-0.09224183857440948,-0.4898395836353302,364,347
0,5,0.5496510863304138,1.032991886138916,-0.07600252330303192,-0.4898395836353302,381,349
0,6,0.5633923411369324,1.0596908330917358,-0.06493712216615677,-0.4898395836353302,358,356
 , , , , , , , 
0,0,0.3755949139595032,1.1126097440719604,0.25612568855285645,-0.5878074765205383,251,367
0,1,-0.07511898130178452,0.6232389211654663,-1.0249403715133667,-0.5878074765205383,251,367
0,2,0.34628018736839294,1.1557962894439697,0.24520191550254822,-0.5878074765205383,238,391
0,3,0.5084272623062134,0.9580883979797363,-0.004753638058900833,-0.3918716609477997,316,345
0,4,0.5221685171127319,0.9831785559654236,0.040072206407785416,-0.3918716609477997,365,345
0,5,0.5359098315238953,1.0061334371566772,0.08701850473880768,-0.3918716609477997,376,345
0,6,0.5496510863304138,1.0253112316131592,0.14691944420337677,-0.3918716609477997,343,352
0,7,0.5258328914642334,1.0629851818084717,0.1952812820672989,-0.3918716609477997,275,382
0,8,0.538658082485199,1.0726232528686523,0.2742730975151062,-0.3918716609477997,235,421
 , , , , , , , 
0,0,0.7695115208625793,0.8847637176513672,-0.0031617628410458565,-0.4898395836353302,332,346
0,1,0.7511898279190063,0.9381136298179626,0.015134178102016449,-0.4898395836353302,370,362
0,2,0.7310359477996826,0.9899736642837524,0.037914905697107315,-0.4898395836353302,354,388
0,3,0.7484415769577026,1.010521650314331,0.08732151240110397,-0.4898395836353302,306,417
0,4,0.49468594789505005,0.9322056174278259,6.143791688373312e-05,-0.29390373826026917,252,349
0,5,0.4745320975780487,0.9752855896949768,0.00956763420253992,-0.29390373826026917,325,345
0,6,0.48735731840133667,1.0013173818588257,0.027427522465586662,-0.29390373826026917,356,342
0,7,0.5001825094223022,1.0265600681304932,0.05538984760642052,-0.29390373826026917,348,345
0,8,0.47636425495147705,1.0642985105514526,0.12373647838830948,-0.29390373826026917,306,361
 , , , , , , , 
0,0,0.6962246894836426,0.8686307668685913,-0.04071474075317383,-0.09796791523694992,264,446
0,1,0.6788191199302673,0.9198262095451355,-0.014157284051179886,-0.09796791523694992,299,456
0,2,0.6962246894836426,0.9435182213783264,0.003069645492359996,-0.09796791523694992,278,479
 , , , , , , , 
0,0,0.46720343828201294,0.8803390860557556,-0.0116701265797019,-0.3918716609477997,286,348
0,1,0.4809447228908539,0.9056079387664795,-0.03569308668375015,-0.3918716609477997,342,346
0,2,0.49468594789505005,0.9303097128868103,-0.059423018246889114,-0.3918716609477997,359,347
0,3,0.4745320975780487,0.9731045961380005,-0.06588613241910934,-0.3918716609477997,339,353
0,4,0.45254606008529663,1.017734408378601,-0.0180166345089674,-0.3918716609477997,271,377
0,5,0.03481123596429825,0.32414060831069946,1.0651886463165283,-0.3918716609477997,271,377
0,6,0.6430917978286743,0.9325051307678223,0.15473610162734985,-0.09796791523694992,248,452
0,7,0.6595813035964966,0.9554300308227539,0.1645321249961853,-0.09796791523694992,263,451
0,8,0.6760708093643188,0.9791758060455322,0.1694561243057251,-0.09796791523694992,237,457
 , , , , , , , 
0,0,0.6614134907722473,0.8901195526123047,0.10547640919685364,0.09796791523694992,261,443
0,1,0.6788191199302673,0.9190161824226379,0.041109099984169006,0.09796791523694992,260,451
0,2,0.6962246894836426,0.9391346573829651,-0.09089645743370056,0.09796791523694992,226,466
0,3,0.4836929440498352,0.8342216610908508,-0.07714205235242844,-0.4898395836353302,309,343
0,4,0.4983503222465515,0.8604849576950073,-0.06800515204668045,-0.4898395836353302,359,346
0,5,0.5130077004432678,0.8864379525184631,-0.061306215822696686,-0.4898395836353302,374,349
0,6,0.5276650190353394,0.9123485684394836,-0.05395543575286865,-0.4898395836353302,354,357
 , , , , , , , 
0,0,-0.022902129217982292,0.7042016983032227,0.20167089998722076,0.09796791523694992,232,385
0,1,0.12183932960033417,0.5347222685813904,0.09723041951656342,-0.3918716609477997,252,336
0,2,0.12825191020965576,0.5604552030563354,0.1148155927658081,-0.3918716609477997,327,333
0,3,-0.09160850942134857,0.40200358629226685,-0.41682395339012146,-0.3918716609477997,327,333
0,4,0.13466452062129974,0.5846148729324341,0.13807839155197144,-0.3918716609477997,359,332
0,5,-0.09618894010782242,0.45024341344833374,-0.4086603820323944,-0.3918716609477997,359,332
0,6,-0.08061549067497253,0.5295183658599854,-0.3592190444469452,-0.3918716609477997,353,339
0,7,0.14107710123062134,0.6059421300888062,0.16987727582454681,-0.3918716609477997,353,339
0,8,0.021986043080687523,0.6841806173324585,-0.16248346865177155,-0.29390373826026917,290,388
0,9,0.020153872668743134,0.6327496767044067,-0.1230795830488205,-0.19593583047389984,325,359
0,10,0.021069958806037903,0.6665403246879578,-0.09938738495111465,-0.19593583047389984,339,356
 , , , , , , , 
0,0,0.06595812737941742,0.13906846940517426,0.5047175884246826,0.4898395836353302,308,341
0,1,0.0696224719285965,0.16005675494670868,0.5289244055747986,0.4898395836353302,352,343
0,2,0.07328680902719498,0.18096214532852173,0.552831768989563,0.4898395836353302,360,347
0,3,0.07695115357637405,0.20334342122077942,0.5759381055831909,0.4898395836353302,328,360
0,4,0.042139917612075806,0.6713457107543945,-0.04601028561592102,-0.19593583047389984,250,369
0,5,-0.18962962925434113,0.1909855455160141,-0.6181932687759399,-0.19593583047389984,250,369
 , , , , , , , 
0,0,-0.1209232360124588,0.3018655478954315,0.1341700553894043,0.5878074765205383,229,346
 , , , , , , , 
0,0,-0.15481838583946228,0.32465916872024536,0.12592995166778564,0.29390373826026917,257,368
0,1,-0.17955268919467926,0.33225804567337036,0.16061949729919434,0.3918716609477997,283,359
0,2,-0.1786366105079651,0.3714176118373871,0.15327218174934387,0.3918716609477997,258,368
 , , , , , , , 
0,0,-0.16672749817371368,0.32283052802085876,0.11494810879230499,0.09796791523694992,236,356
0,1,-0.17955268919467926,0.3499823212623596,0.11707434803247452,0.09796791523694992,260,362
0,2,-0.19237788021564484,0.37864312529563904,0.11390597373247147,0.09796791523694992,244,376
 , , , , , , , 
0,0,-0.16672749817371368,0.3282212018966675,0.09850603342056274,-0.09796791523694992,227,338
0,1,-0.19237788021564484,0.3489265739917755,0.09835745394229889,-0.09796791523694992,268,340
0,2,-0.20611914992332458,0.376018762588501,0.09736128896474838,-0.09796791523694992,272,345
0,3,-0.2052030712366104,0.4102287292480469,0.0979718491435051,-0.09796791523694992,241,352
 , , , , , , , 
0,0,0.1209232360124588,0.3223125636577606,0.0723811611533165,-0.09796791523694992,238,351
0,1,-0.19787438213825226,0.28542560338974,0.05589979887008667,-0.09796791523694992,238,351
 , , , , , , , 
0,0,-0.2088674157857895,0.27015697956085205,0.08447756618261337,-0.09796791523694992,275,351
0,1,-0.22627303004264832,0.29535505175590515,0.08244138956069946,-0.09796791523694992,278,363
0,2,-0.2565038502216339,0.311149537563324,0.07632134854793549,-0.09796791523694992,242,383
 , , , , , , , 
0,0,-0.21986043453216553,0.26514390110969543,0.07146286219358444,-0.09796791523694992,310,349
0,1,-0.23818212747573853,0.2886897027492523,0.07182057946920395,-0.09796791523694992,312,356
0,2,-0.2565038502216339,0.3132915794849396,0.0669877827167511,-0.09796791523694992,275,370
 , , , , , , , 
0,0,-0.21986043453216553,0.2613212466239929,0.084376759827137,-0.09796791523694992,305,359
0,1,-0.23818212747573853,0.28694143891334534,0.07851463556289673,-0.09796791523694992,298,371
0,2,-0.2565038502216339,0.31358909606933594,0.06558101624250412,-0.09796791523694992,257,383
 , , , , , , , 
0,0,-0.21986043453216553,0.2591738700866699,0.09075868874788284,-0.09796791523694992,312,358
0,1,-0.23818212747573853,0.2851090729236603,0.0849279835820198,-0.09796791523694992,291,371
0,2,-0.2565038502216339,0.31193700432777405,0.07303623855113983,-0.09796791523694992,232,388
 , , , , , , , 
0,0,0.4983503222465515,0.849399745464325,-0.15355539321899414,0.09796791523694992,240,445
0,1,0.5450707077980042,0.8519594073295593,-0.1725417971611023,0.09796791523694992,270,436
0,2,0.5606440901756287,0.8736908435821533,-0.18990537524223328,0.09796791523694992,272,431
0,3,0.6101126670837402,0.8933857083320618,-0.0779668316245079,0.09796791523694992,244,440
 , , , , , , , 
0,0,0.7456933259963989,0.447863906621933,0.6479303240776062,0.09796791523694992,234,399
0,1,0.3389514982700348,1.0010654926300049,-0.24379131197929382,0.09796791523694992,234,399
0,2,0.6962246894836426,0.8376981616020203,0.23332148790359497,0.09796791523694992,261,421
0,3,0.7145464420318604,0.8887483477592468,0.08139937371015549,0.09796791523694992,240,450
0,4,0.46720343828201294,0.8753114342689514,-0.0946732833981514,0.19593583047389984,290,358
0,5,0.4809447228908539,0.9018152356147766,-0.09016123414039612,0.19593583047389984,323,354
0,6,0.49468594789505005,0.9265036582946777,-0.10294786095619202,0.19593583047389984,313,354
 , , , , , , , 
0,0,-0.2143639177083969,0.29993805289268494,0.09651912748813629,0.29390373826026917,281,330
0,1,-0.23085345327854156,0.32199233770370483,0.10705525428056717,0.29390373826026917,309,332
0,2,-0.24734298884868622,0.3455752432346344,0.11293203383684158,0.29390373826026917,297,340
0,3,-0.2638325095176697,0.3718836009502411,0.10995180159807205,0.29390373826026917,239,355
0,4,0.23085345327854156,0.3065129518508911,0.14556682109832764,0.6857753992080688,253,326
0,5,0.24734298884868622,0.3180028796195984,0.17621026933193207,0.6857753992080688,282,336
0,6,0.2638325095176697,0.3371858298778534,0.19155292212963104,0.6857753992080688,271,354
0,7,0.05496510863304138,0.11082115769386292,0.5730957388877869,-0.19593583047389984,250,347
0,8,0.05771336704492569,0.18617191910743713,0.5839383006095886,-0.19593583047389984,270,347
0,9,0.0604616180062294,0.21991318464279175,0.6032490730285645,-0.19593583047389984,254,352
 , , , , , , , 
0,0,0.08061549067497253,0.6398648619651794,0.0010069104610010982,0.09796791523694992,243,414
0,1,0.0,0.670249342918396,0.07323674857616425,0.09796791523694992,232,416
0,2,0.07328680902719498,0.5816506147384644,0.007268027868121862,0.19593583047389984,251,397
0,3,0.07695115357637405,0.6106045842170715,0.014671450480818748,0.19593583047389984,272,396
0,4,0.556979775428772,0.9624466300010681,-0.06615069508552551,0.29390373826026917,260,471
0,5,0.5716371536254883,0.9893736243247986,-0.03803851082921028,0.29390373826026917,296,462
0,6,0.5862944722175598,1.0154873132705688,-0.0030112159438431263,0.29390373826026917,296,457
0,7,0.6009518504142761,1.0395562648773193,0.0524602085351944,0.29390373826026917,250,464
 , , , , , , , 
0,0,0.07695115357637405,0.6105124950408936,0.018103372305631638,0.09796791523694992,233,408
0,1,0.08061549067497253,0.6391878128051758,0.029444225132465363,0.09796791523694992,267,402
0,2,0.08427983522415161,0.6667700409889221,0.05396711081266403,0.09796791523694992,264,405
0,3,0.06595812737941742,0.6942305564880371,0.09317092597484589,0.09796791523694992,232,416
 , , , , , , , 
0,0,0.08061549067497253,0.638161838054657,0.04666375368833542,0.09796791523694992,262,360
0,1,0.08427983522415161,0.6689269542694092,0.005609493236988783,0.09796791523694992,280,363
0,2,0.08794417232275009,0.6970956921577454,-0.03620528429746628,0.09796791523694992,263,373
 , , , , , , , 
0,0,0.1209232360124588,0.6295658946037292,0.07036494463682175,0.09796791523694992,260,367
0,1,0.10534979403018951,0.6658734679222107,0.010570581071078777,0.09796791523694992,280,365
0,2,0.08794417232275009,0.6968891024589539,-0.039985138922929764,0.09796791523694992,258,373
0,3,-0.1539023071527481,0.2359028309583664,-0.6447102427482605,0.09796791523694992,258,373
 , , , , , , , 
0,0,0.513007640838623,1.0544050931930542,0.004241052083671093,0.09796791523694992,228,429
 , , , , , , , 
0,0,0.0,0.1949973702430725,-0.06390873342752457,-0.09796791523694992,226,356
0,1,-0.07695115357637405,0.1422511339187622,0.12629899382591248,-0.09796791523694992,226,356
 , , , , , , , 
0,0,-0.006412595976144075,0.19858510792255402,-0.051294635981321335,0.09796791523694992,228,370
0,1,-0.00732868118211627,0.22558024525642395,-0.06370586901903152,0.09796791523694992,227,364
 , , , , , , , 
0,0,0.5423223972320557,0.9321507215499878,-0.11591294407844543,0.09796791523694992,231,477
0,1,0.591791033744812,0.9367221593856812,-0.1150689423084259,0.09796791523694992,249,495
0,2,0.6073644757270813,0.9600453972816467,-0.12844207882881165,0.09796791523694992,242,507
0,3,0.34628018736839294,1.165282964706421,0.19520427286624908,-0.7837433218955994,254,344
 , , , , , , , 
0,0,0.6266022324562073,0.9163225889205933,0.09288962930440903,-0.09796791523694992,250,456
0,1,0.2088674157857895,0.46997159719467163,0.9881330728530884,-0.09796791523694992,250,456
0,2,0.6073644757270813,0.964932918548584,0.08419615775346756,-0.09796791523694992,261,464
0,3,0.6229378581047058,0.9888003468513489,0.09584934264421463,-0.09796791523694992,242,473
 , , , , , , , 
0,0,0.416818767786026,0.9369135499000549,0.03409799188375473,-0.29390373826026917,245,464
0,1,0.4287278354167938,0.9639723896980286,0.025906266644597054,-0.29390373826026917,242,473
 , , , , , , , 
0,0,-0.26200035214424133,0.5829163193702698,-0.08655218780040741,0.09796791523694992,257,350
0,1,-0.27390944957733154,0.6070910096168518,-0.10493768751621246,0.09796791523694992,268,355
0,2,-0.2638325095176697,0.6377726793289185,-0.1364765167236328,0.09796791523694992,240,364
0,3,0.44888174533843994,0.9195370674133301,0.07526139914989471,-0.09796791523694992,242,482
0,4,0.49468594789505005,0.9292086958885193,0.07468954473733902,-0.09796791523694992,273,476
0,5,0.5423223972320557,0.9378689527511597,0.052368901669979095,-0.09796791523694992,278,474
0,6,0.591791033744812,0.9436171054840088,0.016612304374575615,-0.09796791523694992,243,486
 , , , , , , , 
0,0,-0.2821542024612427,0.5786075592041016,-0.03910437226295471,0.09796791523694992,285,354
0,1,-0.27390944957733154,0.6133524179458618,-0.05805382877588272,0.09796791523694992,304,358
0,2,-0.3078046143054962,0.629932165145874,-0.058559030294418335,0.09796791523694992,288,368
0,3,-0.3206298053264618,0.6555450558662415,-0.06747521460056305,0.09796791523694992,238,385
0,4,0.5606440901756287,0.8788561820983887,-0.16435183584690094,-0.09796791523694992,258,468
0,5,0.6101126670837402,0.8932358026504517,-0.07966609299182892,-0.09796791523694992,272,470
0,6,0.6266022324562073,0.9207966923713684,-0.02022431045770645,-0.09796791523694992,251,482
 , , , , , , , 
0,0,-0.2821542024612427,0.5793256163597107,-0.026414087042212486,0.09796791523694992,251,353
0,1,-0.29497942328453064,0.6061540842056274,-0.012734988704323769,0.09796791523694992,265,356
0,2,-0.28581854701042175,0.6396455764770508,0.06440982967615128,0.09796791523694992,241,365
 , , , , , , , 
0,0,0.5276650190353394,0.9032410383224487,-0.13945147395133972,0.09796791523694992,238,484
 , , , , , , , 
0,0,0.46170687675476074,0.9445385932922363,0.09162470698356628,-0.09796791523694992,246,431
0,1,0.44063693284988403,0.99103844165802,0.011668813414871693,-0.09796791523694992,272,431
0,2,0.417734831571579,1.0289671421051025,-0.08735018223524094,-0.09796791523694992,245,448
 , , , , , , , 
0,0,0.3114689588546753,0.9011370539665222,0.29043298959732056,-0.09796791523694992,275,433
0,1,0.28856682777404785,0.8886262774467468,0.4240048825740814,-0.09796791523694992,293,425
0,2,0.23085343837738037,0.7557060122489929,0.6995259523391724,-0.09796791523694992,307,414
0,3,0.576217532157898,0.9152650833129883,-0.08196090161800385,-0.09796791523694992,297,422
0,4,0.20337089896202087,0.2761635184288025,1.028993844985962,-0.09796791523694992,297,422
0,5,0.5221685171127319,0.9789474606513977,-0.09953811019659042,-0.09796791523694992,250,447
 , , , , , , , 
0,0,0.3023080825805664,0.8158865571022034,-0.1278933584690094,0.19593583047389984,243,380
0,1,0.31238505244255066,0.8403940200805664,-0.14829643070697784,0.19593583047389984,305,384
0,2,0.35177668929100037,0.8517048954963684,-0.1755833476781845,0.19593583047389984,327,389
0,3,0.3627697229385376,0.8752091526985168,-0.19555699825286865,0.19593583047389984,309,399
0,4,0.37376272678375244,0.8994772434234619,-0.21131578087806702,0.19593583047389984,241,421
0,5,0.4836929440498352,0.8209173679351807,0.16724620759487152,-0.09796791523694992,263,419
0,6,0.4983503222465515,0.8335761427879333,0.22407574951648712,-0.09796791523694992,301,421
0,7,0.5130077004432678,0.8588382005691528,0.22787617146968842,-0.09796791523694992,308,431
0,8,0.49468594789505005,0.9143069386482239,0.1817968487739563,-0.09796791523694992,284,449
0,9,0.5084272623062134,0.9476187229156494,0.14133195579051971,-0.09796791523694992,231,473
 , , , , , , , 
0,0,0.3023080825805664,0.8070088028907776,-0.17539775371551514,-0.29390373826026917,292,338
0,1,0.31238505244255066,0.8338818550109863,-0.18136976659297943,-0.29390373826026917,348,339
0,2,0.32246196269989014,0.8615906238555908,-0.18345963954925537,-0.29390373826026917,372,339
0,3,0.332538902759552,0.8905116319656372,-0.1795617938041687,-0.29390373826026917,359,345
0,4,0.34261584281921387,0.9208641052246094,-0.16743910312652588,-0.29390373826026917,298,369
 , , , , , , , 
0,0,-0.01465736236423254,0.2264491468667984,-0.05919923633337021,0.09796791523694992,228,370
 , , , , , , , 
0,0,0.332538902759552,0.9036842584609985,-0.09278008341789246,-0.09796791523694992,229,457
 , , , , , , , 
0,0,0.4809447228908539,0.8918939232826233,0.16101238131523132,0.09796791523694992,229,430
0,1,0.31238505244255066,0.852095365524292,-0.046770721673965454,-0.09796791523694992,271,387
0,2,0.2931472361087799,0.8895135521888733,-0.05298994481563568,-0.09796791523694992,321,392
0,3,0.3023080825805664,0.9172367453575134,-0.05587531998753548,-0.09796791523694992,333,402
0,4,0.3114689588546753,0.9448592066764832,-0.06033513695001602,-0.09796791523694992,311,414
0,5,0.3206298053264618,0.9729202389717102,-0.05770918354392052,-0.09796791523694992,255,435
 , , , , , , , 
0,0,0.31238505244255066,0.8389816284179688,-0.15608905255794525,-0.09796791523694992,305,380
0,1,0.32246196269989014,0.8689302802085876,-0.1447618305683136,-0.09796791523694992,344,386
0,2,0.332538902759552,0.897773802280426,-0.13876421749591827,-0.09796791523694992,346,394
0,3,0.34261584281921387,0.9255525469779968,-0.1392088085412979,-0.09796791523694992,318,402
0,4,0.38475579023361206,0.9371939301490784,-0.16229009628295898,-0.09796791523694992,245,427
 , , , , , , , 
0,0,0.35177668929100037,0.8521487712860107,-0.17341622710227966,-0.09796791523694992,250,397
0,1,0.332538902759552,0.8925428986549377,-0.1691761165857315,-0.09796791523694992,247,402
 , , , , , , , 
0,0,0.3023080825805664,0.8041806817054749,-0.18793903291225433,0.09796791523694992,274,380
0,1,0.31238505244255066,0.8367023468017578,-0.16787835955619812,0.09796791523694992,338,387
0,2,0.32246196269989014,0.864569365978241,-0.1688656508922577,0.09796791523694992,364,394
0,3,0.332538902759552,0.8898118734359741,-0.1829978972673416,0.09796791523694992,359,400
0,4,0.34261584281921387,0.9122901558876038,-0.20917275547981262,0.09796791523694992,307,422
 , , , , , , , 
0,0,0.0,0.3516356647014618,0.9012146592140198,0.19593583047389984,291,380
0,1,0.4232313334941864,0.6887200474739075,0.5313900709152222,0.19593583047389984,291,380
0,2,0.0,0.46105101704597473,0.8836538791656494,0.19593583047389984,278,385
 , , , , , , , 
0,0,0.35177668929100037,0.8694385290145874,-0.01753263920545578,0.09796791523694992,257,465
0,1,0.3627697229385376,0.8963518738746643,-0.028051728382706642,0.09796791523694992,277,462
0,2,0.37376272678375244,0.9229552745819092,-0.043211597949266434,0.09796791523694992,267,458
 , , , , , , , 
0,0,-0.021986043080687523,0.22534863650798798,-0.06109992787241936,0.09796791523694992,231,373
0,1,-0.10993021726608276,0.10849159210920334,0.17647527158260345,0.09796791523694992,231,373
 , , , , , , , 
0,0,0.3407836854457855,0.841041088104248,-0.04852549731731415,0.19593583047389984,245,367
0,1,0.35177668929100037,0.868615448474884,-0.04168788343667984,0.19593583047389984,302,374
0,2,0.3627697229385376,0.8957754373550415,-0.04266194626688957,0.19593583047389984,322,378
0,3,0.37376272678375244,0.9223102331161499,-0.05529395118355751,0.19593583047389984,303,385
0,4,0.38475579023361206,0.9454419612884521,-0.10397163033485413,0.19593583047389984,235,400
 , , , , , , , 
0,0,0.35177668929100037,0.8588012456893921,-0.13671550154685974,0.09796791523694992,231,435
0,1,0.3627697229385376,0.8817684650421143,-0.16345633566379547,0.09796791523694992,269,443
0,2,0.37376272678375244,0.90207439661026,-0.19993856549263,0.09796791523694992,277,445
0,3,0.38475579023361206,0.9136117696762085,-0.26454490423202515,0.09796791523694992,254,446
0,4,0.0,0.6179656982421875,0.8190396428108215,0.09796791523694992,254,446
 , , , , , , , 
0,0,0.3627697229385376,0.8935390710830688,-0.0762992650270462,-0.09796791523694992,238,461
0,1,0.37376272678375244,0.9192685484886169,-0.09305373579263687,-0.09796791523694992,231,475
 , , , , , , , 
0,0,0.35177668929100037,0.8695502281188965,0.010635564103722572,0.09796791523694992,225,413
0,1,0.3627697229385376,0.8967906832695007,-0.0002502049319446087,0.09796791523694992,259,420
0,2,0.37376272678375244,0.9237852096557617,-0.018288642168045044,0.09796791523694992,271,416
0,3,0.44888174533843994,0.9175161719322205,-0.09683366864919662,0.09796791523694992,250,418
0,4,0.35177668929100037,0.868391752243042,-0.04611421376466751,-0.09796791523694992,237,438
0,5,0.3627697229385376,0.8956035375595093,-0.04612980782985687,-0.09796791523694992,280,441
0,6,0.37376272678375244,0.9222702383995056,-0.05595773831009865,-0.09796791523694992,293,439
0,7,0.38475579023361206,0.9469884634017944,-0.08878825604915619,-0.09796791523694992,273,444
 , , , , , , , 
0,0,0.5679727792739868,0.6695483922958374,0.23441483080387115,-0.6857753992080688,226,328
 , , , , , , , 
0,0,0.7951619625091553,0.41533997654914856,0.14508110284805298,0.5878074765205383,238,339
0,1,0.8208122849464417,0.4360083043575287,0.12704934179782867,0.5878074765205383,265,338
 , , , , , , , 
0,0,0.46720343828201294,0.8580506443977356,0.19718565046787262,-0.09796791523694992,227,449
0,1,0.09344068169593811,0.5404325723648071,-0.8322341442108154,-0.09796791523694992,227,449
 , , , , , , , 
0,0,0.556979775428772,0.7273496985435486,-0.20177602767944336,0.09796791523694992,240,407
0,1,0.5743853449821472,0.7157284021377563,-0.3060227036476135,0.09796791523694992,243,412
0,2,0.591791033744812,0.6928496360778809,-0.4039244055747986,0.09796791523694992,231,409
 , , , , , , , 
0,0,-0.01465736236423254,0.22726638615131378,-0.055979903787374496,0.09796791523694992,253,416
0,1,-0.008244765922427177,0.2553463280200958,-0.06586242467164993,0.09796791523694992,247,406
 , , , , , , , 
0,0,-0.01465736236423254,0.22596226632595062,-0.061031270772218704,0.09796791523694992,254,418
0,1,-0.016489531844854355,0.25321248173713684,-0.0722435787320137,0.09796791523694992,255,408
 , , , , , , , 
0,0,-0.016489531844854355,0.25388312339782715,-0.06985019147396088,0.09796791523694992,231,416
0,1,0.3627697229385376,0.8963444828987122,-0.028286386281251907,-0.09796791523694992,246,432
0,2,0.37376272678375244,0.9208871126174927,-0.07536957412958145,-0.09796791523694992,253,435
0,3,0.416818767786026,0.9154821634292603,-0.20214353501796722,-0.09796791523694992,238,434
 , , , , , , , 
0,0,-0.01465736236423254,0.223397895693779,-0.06983650475740433,-0.09796791523694992,256,436
0,1,-0.1026015356183052,0.1344011425971985,0.16250494122505188,-0.09796791523694992,256,436
0,2,-0.016489531844854355,0.24981607496738434,-0.0832323208451271,-0.09796791523694992,260,429
0,3,-0.11542671918869019,0.1497720181941986,0.18399077653884888,-0.09796791523694992,260,429
0,4,-0.018321702256798744,0.27570462226867676,-0.09791107475757599,-0.09796791523694992,231,423
0,5,-0.12825191020965576,0.16237321496009827,0.20765763521194458,-0.09796791523694992,231,423
 , , , , , , , 
0,0,-0.01282519195228815,0.1961597204208374,-0.05886576697230339,-0.09796791523694992,240,421
0,1,-0.01465736236423254,0.22281403839588165,-0.07167750597000122,-0.09796791523694992,272,408
0,2,-0.016489531844854355,0.24892640113830566,-0.08585648238658905,-0.09796791523694992,268,399
 , , , , , , , 
0,0,-0.01465736236423254,0.2271927297115326,-0.05627812445163727,0.09796791523694992,246,434
0,1,-0.016489531844854355,0.254460871219635,-0.06771524250507355,0.09796791523694992,243,425
 , , , , , , , 
0,0,-0.019237788394093513,0.19677765667438507,-0.05492505058646202,0.09796791523694992,253,419
0,1,-0.01465736236423254,0.22447772324085236,-0.06628355383872986,0.09796791523694992,285,415
0,2,-0.016489531844854355,0.25157490372657776,-0.07775454223155975,0.09796791523694992,272,423
 , , , , , , , 
0,0,-0.0256503839045763,0.1979474127292633,-0.047614894807338715,0.09796791523694992,231,416
0,1,-0.021986043080687523,0.22607232630252838,-0.05836538225412369,0.09796791523694992,271,411
0,2,-0.024734297767281532,0.25343605875968933,-0.06903606653213501,0.09796791523694992,269,416
0,3,-0.02748255431652069,0.2807975113391876,-0.0795787051320076,0.09796791523694992,230,426
 , , , , , , , 
0,0,0.609196662902832,0.8255705833435059,0.0044873300939798355,-0.09796791523694992,228,467
 , , , , , , , 
0,0,0.31238505244255066,0.8396050333976746,-0.15270042419433594,0.09796791523694992,271,448
0,1,0.32246196269989014,0.867412805557251,-0.1535932868719101,0.09796791523694992,284,462
0,2,0.332538902759552,0.8950321674346924,-0.15546974539756775,0.09796791523694992,271,469
0,3,-0.03297906368970871,0.24865414202213287,-0.08179906010627747,-0.09796791523694992,226,418
0,4,-0.12367148697376251,0.11568774282932281,0.20230992138385773,-0.09796791523694992,226,418
 , , , , , , , 
0,0,-0.019237788394093513,0.1979515254497528,-0.050531208515167236,-0.09796791523694992,237,419
0,1,-0.021986043080687523,0.22534653544425964,-0.061107706278562546,-0.09796791523694992,278,413
0,2,-0.024734297767281532,0.25290021300315857,-0.07097387313842773,-0.09796791523694992,272,420
0,3,-0.02748255431652069,0.28048449754714966,-0.08067498356103897,-0.09796791523694992,226,434
 , , , , , , , 
0,0,-0.019237788394093513,0.19297677278518677,-0.0670684427022934,-0.09796791523694992,258,398
0,1,-0.08977634459733963,0.14268074929714203,0.11700732260942459,-0.09796791523694992,258,398
0,2,-0.021986043080687523,0.21877507865428925,-0.08156395703554153,-0.09796791523694992,278,397
0,3,-0.1026015356183052,0.16389915347099304,0.13269737362861633,-0.09796791523694992,278,397
0,4,-0.016489531844854355,0.24600642919540405,-0.09389635175466537,-0.09796791523694992,257,406
0,5,-0.11542671918869019,0.18502190709114075,0.1484963297843933,-0.09796791523694992,257,406
 , , , , , , , 
0,0,0.10534979403018951,0.6646223664283752,-0.04214602708816528,-0.09796791523694992,228,345
 , , , , , , , 
0,0,-0.019237788394093513,0.1966903954744339,-0.055236704647541046,0.09796791523694992,230,394
0,1,-0.09618894010782242,0.08582299202680588,0.15965713560581207,0.09796791523694992,230,394
0,2,-0.021986043080687523,0.22295375168323517,-0.06933135539293289,0.09796791523694992,249,392
0,3,-0.10993021726608276,0.10426844656467438,0.17900289595127106,0.09796791523694992,249,392
0,4,-0.024734297767281532,0.24917766451835632,-0.08310414850711823,0.09796791523694992,231,396
0,5,-0.12367148697376251,0.11971835792064667,0.199951171875,0.09796791523694992,231,396
 , , , , , , , 
0,0,-0.021986043080687523,0.22235766053199768,-0.07121998071670532,0.09796791523694992,239,376
0,1,-0.10993021726608276,0.12907391786575317,0.16203045845031738,0.09796791523694992,239,376
 , , , , , , , 
0,0,-0.0256503839045763,0.19775407016277313,-0.048411622643470764,0.09796791523694992,227,400
0,1,-0.02931472472846508,0.2247963398694992,-0.060048725455999374,0.09796791523694992,262,398
0,2,-0.03297906368970871,0.251944363117218,-0.0710211917757988,0.09796791523694992,250,408
 , , , , , , , 
0,0,-0.01465736236423254,0.2196730077266693,-0.08079313486814499,0.09796791523694992,227,442
0,1,-0.09527285397052765,0.17367085814476013,0.12553930282592773,0.09796791523694992,227,442
0,2,0.14107710123062134,0.6277068853378296,0.04481291398406029,-0.09796791523694992,236,357
0,3,0.14748971164226532,0.6579063534736633,-0.0019482038915157318,-0.09796791523694992,234,349
 , , , , , , , 
0,0,-0.021986043080687523,0.21778762340545654,-0.08416508883237839,0.09796791523694992,237,422
0,1,0.08061549067497253,0.6360125541687012,-0.07011454552412033,-0.09796791523694992,259,377
0,2,0.06320987641811371,0.6626923084259033,-0.10696381330490112,-0.09796791523694992,276,362
0,3,0.08794417232275009,0.6879403591156006,-0.11828453838825226,-0.09796791523694992,240,370
 , , , , , , , 
0,0,-0.2500912547111511,0.5625163912773132,-0.0021062842570245266,0.09796791523694992,231,378
0,1,-0.26200035214424133,0.5892443656921387,0.008588220924139023,0.09796791523694992,259,368
0,2,-0.29497942328453064,0.6053916215896606,0.032953400164842606,0.09796791523694992,255,356
0,3,-0.23085346817970276,0.5673173666000366,-0.0619063638150692,-0.09796791523694992,226,397
0,4,-0.2418464720249176,0.5941736102104187,-0.06629383563995361,-0.09796791523694992,240,394
 , , , , , , , 
0,0,-0.26108425855636597,0.32829028367996216,0.13196566700935364,0.3918716609477997,233,339
0,1,-0.2638325095176697,0.3579308092594147,0.14923924207687378,0.3918716609477997,262,332
0,2,-0.28032204508781433,0.38004541397094727,0.15917935967445374,0.3918716609477997,250,338
 , , , , , , , 
0,0,0.07695115357637405,0.6100718379020691,-0.029421785846352577,0.09796791523694992,226,331
0,1,0.08427983522415161,0.6671946048736572,-0.0484364852309227,0.09796791523694992,270,330
0,2,0.10993021726608276,0.6927973628044128,-0.054170895367860794,0.09796791523694992,240,341
 , , , , , , , 
0,0,-0.2693290412425995,0.5483531951904297,0.0757981613278389,0.09796791523694992,228,324
0,1,-0.2821542024612427,0.5745748281478882,0.07861083000898361,0.09796791523694992,231,322
0,2,-0.2500912547111511,0.5623941421508789,0.011912966147065163,-0.09796791523694992,232,382
 , , , , , , , 
0,0,-0.21986043453216553,0.5401391386985779,-0.060433994978666306,-0.09796791523694992,255,369
0,1,-0.23085346817970276,0.563347578048706,-0.09121933579444885,-0.09796791523694992,261,382
0,2,-0.22169259190559387,0.5950326919555664,-0.1127624437212944,-0.09796791523694992,236,394
 , , , , , , , 
0,0,-0.2143639177083969,0.47839677333831787,-0.060124997049570084,-0.09796791523694992,254,323
0,1,-0.22627303004264832,0.5047043561935425,-0.06557828187942505,-0.09796791523694992,331,335
0,2,-0.23818212747573853,0.5314399003982544,-0.06769127398729324,-0.09796791523694992,360,356
0,3,-0.2500912547111511,0.5583956837654114,-0.06799513846635818,-0.09796791523694992,358,376
0,4,-0.26200035214424133,0.5858237743377686,-0.0639784187078476,-0.09796791523694992,318,398
0,5,-0.27390944957733154,0.6139846444129944,-0.05093409866094589,-0.09796791523694992,230,430
 , , , , , , , 
0,0,0.019237788394093513,0.6141103506088257,-0.03838120028376579,-0.09796791523694992,265,356
0,1,0.0,0.6376499533653259,-0.09658878296613693,-0.09796791523694992,337,360
0,2,0.0,0.6638832688331604,-0.11771507561206818,-0.09796791523694992,362,365
0,3,0.021986043080687523,0.6902287006378174,-0.13449275493621826,-0.09796791523694992,344,380
0,4,0.045804258435964584,0.7149041295051575,-0.15462791919708252,-0.09796791523694992,284,405
 , , , , , , , 
0,0,0.0,0.6205291748046875,-0.17569975554943085,-0.09796791523694992,253,336
0,1,0.021069958806037903,0.6584123373031616,-0.14369095861911774,-0.09796791523694992,250,344
 , , , , , , , 
0,0,0.07695115357637405,0.6027553677558899,-0.09868757426738739,-0.09796791523694992,234,338
0,1,0.08061549067497253,0.6295048594474792,-0.11468061059713364,-0.09796791523694992,249,340
0,2,0.10534979403018951,0.6540920734405518,-0.12515099346637726,-0.09796791523694992,236,345
 , , , , , , , 
0,0,-0.021069958806037903,0.6731471419334412,-0.03204403817653656,0.09796791523694992,227,387
0,1,0.10534979403018951,0.6348378658294678,0.20119667053222656,0.09796791523694992,227,387
 , , , , , , , 
0,0,0.5606440901756287,0.8878988027572632,-0.10505006462335587,0.19593583047389984,279,402
0,1,0.576217532157898,0.9117697477340698,-0.11447099596261978,0.19593583047389984,310,404
0,2,0.591791033744812,0.9385517239570618,-0.0990450456738472,0.19593583047389984,307,407
0,3,0.6430917978286743,0.945235550403595,0.006226768251508474,0.19593583047389984,271,417
0,4,0.46445518732070923,1.0365022420883179,0.13046303391456604,0.3918716609477997,385,349
0,5,0.47636425495147705,1.055722951889038,0.18300528824329376,0.3918716609477997,372,368
0,6,0.40674179792404175,1.0032720565795898,0.06678720563650131,0.4898395836353302,274,336
0,7,0.417734831571579,1.0268200635910034,0.10974471271038055,0.4898395836353302,355,337
0,8,0.48827338218688965,1.077402114868164,0.212993323802948,0.4898395836353302,342,361
 , , , , , , , 
0,0,0.5359098315238953,0.9988073110580444,0.14920033514499664,0.29390373826026917,304,341
0,1,0.513007640838623,1.0427837371826172,0.1561734527349472,0.29390373826026917,340,344
0,2,0.48827338218688965,1.0810437202453613,0.1936647593975067,0.29390373826026917,361,349
0,3,0.4617069363594055,1.119048833847046,0.2246226817369461,0.29390373826026917,360,365
0,4,0.39391663670539856,1.1801502704620361,0.2025318145751953,0.29390373826026917,339,394
0,5,0.3627697229385376,1.2318947315216064,0.12058644741773605,0.29390373826026917,294,433
0,6,-0.1209232360124588,0.5054274797439575,-1.1805202960968018,0.29390373826026917,294,433
 , , , , , , , 
0,0,0.5221685171127319,0.9780460000038147,-0.10803668200969696,0.19593583047389984,259,369
0,1,0.5359098315238953,1.0048558712005615,-0.10070524364709854,0.19593583047389984,308,375
0,2,0.5496510863304138,1.032796859741211,-0.07860780507326126,0.19593583047389984,319,386
0,3,0.5633923411369324,1.0616694688796997,-0.004417675081640482,0.19593583047389984,301,394
0,4,0.4617069363594055,1.1406962871551514,-0.039212293922901154,0.19593583047389984,262,417
0,5,0.39391663670539856,1.1943918466567993,-0.08486336469650269,0.19593583047389984,293,452
0,6,0.40307745337486267,1.2242412567138672,-0.04969396814703941,0.19593583047389984,282,491
0,7,0.41223829984664917,1.2522512674331665,-0.04600278660655022,0.19593583047389984,240,529
 , , , , , , , 
0,0,0.4836929440498352,1.1640244722366333,0.27348777651786804,0.09796791523694992,236,504
0,1,0.5862944722175598,0.9936299920082092,-0.2095785140991211,0.19593583047389984,267,395
0,2,0.43330830335617065,1.1436982154846191,0.3051924407482147,0.19593583047389984,293,427
 , , , , , , , 
0,0,0.5716371536254883,0.9890737533569336,-0.045168329030275345,-0.19593583047389984,254,408
0,1,0.5862944722175598,1.0150140523910522,-0.031147396191954613,-0.19593583047389984,313,415
0,2,0.6009518504142761,1.04074227809906,-0.016879448667168617,-0.19593583047389984,334,421
0,3,0.6156092286109924,1.0662654638290405,0.001490008900873363,-0.19593583047389984,321,426
 , , , , , , , 
0,0,0.556979775428772,0.9646673798561096,0.009815054945647717,-0.29390373826026917,226,354
0,1,0.5716371536254883,0.9891433119773865,-0.0436185859143734,-0.29390373826026917,315,355
0,2,0.4232313334941864,1.13362455368042,0.22730912268161774,-0.29390373826026917,357,370
0,3,0.6925603747367859,0.9534505009651184,-0.3566388189792633,-0.29390373826026917,357,370
0,4,0.47269994020462036,1.1551234722137451,0.17660260200500488,-0.29390373826026917,322,398
0,5,0.4836929440498352,1.1917924880981445,0.0968470349907875,-0.29390373826026917,251,437
0,6,0.5862944722175598,1.009594440460205,-0.10928245633840561,-0.19593583047389984,316,402
0,7,0.6385113596916199,1.002301573753357,-0.17963117361068726,-0.19593583047389984,323,408
 , , , , , , , 
0,0,0.417734831571579,1.026592493057251,0.11185389012098312,-0.19593583047389984,311,371
0,1,0.46445518732070923,1.0441603660583496,0.03296465426683426,-0.19593583047389984,285,393
0,2,0.513007640838623,1.0470949411392212,-0.1240173876285553,-0.19593583047389984,239,426
0,3,0.3206298053264618,0.9696832299232483,-0.098073810338974,-0.09796791523694992,239,408
0,4,0.3297906517982483,0.9967353343963623,-0.1071367859840393,-0.09796791523694992,278,406
0,5,0.3389514982700348,1.0240153074264526,-0.11383718997240067,-0.09796791523694992,282,406
 , , , , , , , 
0,0,0.3114689588546753,0.9456498622894287,0.046320993453264236,-0.09796791523694992,270,391
0,1,0.3206298053264618,0.9743421673774719,0.023695653304457664,-0.09796791523694992,345,391
0,2,0.3297906517982483,1.0024663209915161,0.00455220602452755,-0.09796791523694992,376,396
0,3,0.3389514982700348,1.0302894115447998,-0.008361482992768288,-0.09796791523694992,374,405
0,4,0.3481123447418213,1.0580974817276,-0.01237979345023632,-0.09796791523694992,338,423
0,5,0.3572732210159302,1.0858843326568604,-0.016943899914622307,-0.09796791523694992,265,456
 , , , , , , , 
0,0,0.4983503222465515,0.8631477355957031,0.005928564816713333,-0.19593583047389984,250,435
0,1,0.24917516112327576,0.8817480206489563,0.3922300934791565,-0.19593583047389984,250,435
 , , , , , , , 
0,0,0.10076936334371567,0.6267831921577454,0.11364513635635376,0.09796791523694992,230,337
0,1,-0.26200035214424133,0.5853897333145142,-0.06783511489629745,0.09796791523694992,230,337
0,2,-0.27390944957733154,0.5940455198287964,-0.1633441001176834,0.09796791523694992,234,347
 , , , , , , , 
0,0,0.3691823184490204,0.8245172500610352,-0.09855994582176208,-0.19593583047389984,302,432
0,1,0.02839864045381546,0.31032299995422363,0.8536577224731445,-0.19593583047389984,302,432
0,2,0.3810914158821106,0.8502159714698792,-0.10899421572685242,-0.19593583047389984,271,446
0,3,0.02931472472846508,0.2536125183105469,0.9026620984077454,-0.19593583047389984,271,446
0,4,0.3297906517982483,0.8118669390678406,-0.07435017824172974,-0.09796791523694992,244,477
 , , , , , , , 
0,0,0.29223117232322693,0.7934733033180237,-0.08784692734479904,-0.19593583047389984,274,385
0,1,0.2748255431652069,0.8294177651405334,-0.09977409243583679,-0.19593583047389984,298,394
0,2,0.2839863896369934,0.8544049263000488,-0.12321676313877106,-0.19593583047389984,288,407
0,3,0.2931472361087799,0.8759278655052185,-0.16368462145328522,-0.19593583047389984,249,422
 , , , , , , , 
0,0,0.29223117232322693,0.7932537794113159,-0.08980736136436462,0.19593583047389984,282,398
0,1,0.3023080825805664,0.8213158249855042,-0.0864170715212822,0.19593583047389984,320,405
0,2,0.2839863896369934,0.859157919883728,-0.08389182388782501,0.19593583047389984,323,414
0,3,0.2931472361087799,0.8868439197540283,-0.08689135313034058,0.19593583047389984,291,425
 , , , , , , , 
0,0,0.31879764795303345,0.7775299549102783,-0.1285737007856369,0.19593583047389984,286,386
0,1,0.3297906517982483,0.800803005695343,-0.15287412703037262,0.19593583047389984,327,392
0,2,0.3407836854457855,0.8210867643356323,-0.18847133219242096,0.19593583047389984,327,403
0,3,0.3810914158821106,0.8118930459022522,-0.2749119997024536,0.19593583047389984,293,416
0,4,0.02931472472846508,0.6845852732658386,0.6406724452972412,0.19593583047389984,293,416
 , , , , , , , 
0,0,0.31238505244255066,0.8532887101173401,-0.012341332621872425,-0.09796791523694992,230,496
 , , , , , , , 
0,0,0.29223117232322693,0.7904557585716248,-0.11178815364837646,-0.09796791523694992,239,485
0,1,0.3023080825805664,0.8191373348236084,-0.10507916659116745,-0.09796791523694992,262,493
0,2,0.31238505244255066,0.8471776843070984,-0.10268363356590271,-0.09796791523694992,253,498
 , , , , , , , 
0,0,0.29223117232322693,0.7845253944396973,-0.1477729231119156,0.09796791523694992,240,456
0,1,0.3023080825805664,0.8119521737098694,-0.15086844563484192,0.09796791523694992,267,459
0,2,0.31238505244255066,0.8391320705413818,-0.15527820587158203,0.09796791523694992,263,462
 , , , , , , , 
0,0,0.29223117232322693,0.7905530333518982,-0.11109811812639236,-0.09796791523694992,291,397
0,1,0.3023080825805664,0.819797694683075,-0.09979628771543503,-0.09796791523694992,321,394
0,2,0.31238505244255066,0.8480720520019531,-0.095014289021492,-0.09796791523694992,317,391
0,3,0.35177668929100037,0.8617250323295593,-0.11687913537025452,-0.09796791523694992,257,406
 , , , , , , , 
0,0,0.29223117232322693,0.794175922870636,-0.08125010877847672,0.09796791523694992,251,454
0,1,0.3023080825805664,0.8228742480278015,-0.07003997266292572,0.09796791523694992,274,461
0,2,0.31238505244255066,0.8512309193611145,-0.060496799647808075,0.09796791523694992,266,464
0,3,-0.23360171914100647,0.3977190852165222,0.18868707120418549,-0.09796791523694992,226,350
0,4,-0.24734297394752502,0.4200584292411804,0.20199689269065857,-0.09796791523694992,247,357
0,5,-0.26108425855636597,0.4403321444988251,0.21947456896305084,-0.09796791523694992,234,367
 , , , , , , , 
0,0,0.29223117232322693,0.7871903777122498,-0.1328466683626175,0.09796791523694992,255,469
0,1,0.3023080825805664,0.8163225650787354,-0.12508001923561096,0.09796791523694992,253,494
0,2,-0.23085346817970276,0.5642385482788086,-0.0855351984500885,0.5878074765205383,293,340
0,3,-0.1813848465681076,0.49118608236312866,-0.0653156042098999,0.6857753992080688,279,339
0,4,-0.2088674157857895,0.5111681818962097,-0.07285572588443756,0.6857753992080688,317,339
0,5,-0.21986043453216553,0.5373332500457764,-0.0817040205001831,0.6857753992080688,320,341
 , , , , , , , 
0,0,-0.22627303004264832,0.5084593892097473,-0.022270753979682922,0.4898395836353302,313,332
0,1,-0.23818212747573853,0.5351850390434265,-0.02423834055662155,0.4898395836353302,371,332
0,2,-0.2500912547111511,0.5617772936820984,-0.02890305407345295,0.4898395836353302,391,333
0,3,-0.26200035214424133,0.588219404220581,-0.03578625246882439,0.4898395836353302,373,340
0,4,-0.27390944957733154,0.6143675446510315,-0.04608622565865517,0.4898395836353302,303,365
 , , , , , , , 
0,0,-0.1539023071527481,0.6253571510314941,0.28324881196022034,0.09796791523694992,226,356
0,1,-0.1603149026632309,0.6961945295333862,0.16342592239379883,0.09796791523694992,242,382
0,2,-0.16672749817371368,0.7409859895706177,0.06375250220298767,0.09796791523694992,241,412
0,3,-0.24734297394752502,0.4653092324733734,0.027187291532754898,-0.09796791523694992,259,312
0,4,-0.26108425855636597,0.4904833137989044,0.03856944665312767,-0.09796791523694992,364,313
0,5,-0.2748255431652069,0.5161532759666443,0.042401716113090515,-0.09796791523694992,416,316
0,6,-0.28856682777404785,0.5419304370880127,0.04489225894212723,-0.09796791523694992,427,324
0,7,-0.3023080825805664,0.5675807595252991,0.048874665051698685,-0.09796791523694992,399,339
0,8,-0.29497942328453064,0.6022258996963501,0.07006340473890305,-0.09796791523694992,326,368
 , , , , , , , 
0,0,-0.295895516872406,0.45343121886253357,0.13066157698631287,-0.19593583047389984,263,336
0,1,-0.3114689290523529,0.4794636368751526,0.12978030741214752,-0.19593583047389984,295,334
0,2,-0.3270424008369446,0.5062904357910156,0.12525169551372528,-0.19593583047389984,292,331
0,3,-0.3627697229385376,0.5240586400032043,0.09842541813850403,-0.19593583047389984,244,337
 , , , , , , , 
0,0,0.08061549067497253,0.6389678120613098,0.03388482332229614,0.09796791523694992,242,334
0,1,-0.2638325095176697,0.39858460426330566,0.22350189089775085,-0.09796791523694992,264,338
0,2,-0.295895516872406,0.4152486324310303,0.2241448014974594,-0.09796791523694992,314,339
0,3,-0.3114689290523529,0.44108065962791443,0.22842104732990265,-0.09796791523694992,329,340
0,4,-0.3270424008369446,0.46270349621772766,0.2406729906797409,-0.09796791523694992,304,345
 , , , , , , , 
0,0,0.31879764795303345,0.7851274609565735,-0.06825625896453857,0.19593583047389984,242,396
0,1,0.3297906517982483,0.8140557408332825,-0.04437605291604996,0.19593583047389984,299,403
0,2,0.3407836854457855,0.842212975025177,-0.019549168646335602,0.19593583047389984,320,405
0,3,0.35177668929100037,0.8694806694984436,0.015300899744033813,0.19593583047389984,306,403
0,4,0.3930005133152008,0.8745542764663696,0.1286114603281021,0.19593583047389984,257,418
0,5,-0.1511540412902832,0.40817704796791077,0.8639325499534607,0.19593583047389984,257,418
0,6,-0.26108425855636597,0.4637105166912079,0.16442029178142548,-0.09796791523694992,229,337
 , , , , , , , 
0,0,0.3407836854457855,0.8353877067565918,-0.10877617448568344,-0.09796791523694992,226,482
0,1,0.35177668929100037,0.8596850037574768,-0.1310437023639679,-0.09796791523694992,229,481
 , , , , , , , 
0,0,0.07328680902719498,0.5811071395874023,0.02616746537387371,-0.09796791523694992,238,328
0,1,-0.16489532589912415,0.4176561236381531,-0.3769802451133728,-0.09796791523694992,238,328
0,2,0.05771336704492569,0.6118412017822266,-0.035976286977529526,-0.09796791523694992,269,330
0,3,-0.19237788021564484,0.5267798900604248,0.25390639901161194,-0.09796791523694992,269,330
0,4,0.04030774533748627,0.6350750923156738,-0.1047942116856575,-0.09796791523694992,276,330
0,5,-0.20153872668743134,0.5109083652496338,0.33805572986602783,-0.09796791523694992,276,330
0,6,0.042139917612075806,0.6381090879440308,-0.2136325240135193,-0.09796791523694992,243,341
0,7,-0.21069958806037903,0.5853238105773926,0.25999903678894043,-0.09796791523694992,243,341
 , , , , , , , 
0,0,0.3023080825805664,0.8230936527252197,-0.06741258502006531,0.19593583047389984,270,425
0,1,0.31238505244255066,0.8505129218101501,-0.06986890733242035,0.19593583047389984,287,437
0,2,0.32246196269989014,0.8770396113395691,-0.08244609832763672,0.19593583047389984,274,445
0,3,0.332538902759552,0.900658130645752,-0.11860963702201843,0.19593583047389984,228,454
 , , , , , , , 
0,0,0.04030774533748627,0.6434887051582336,-0.014982018619775772,-0.09796791523694992,338,340
0,1,0.021069958806037903,0.6733214259147644,-0.028143811970949173,-0.09796791523694992,313,360
0,2,-0.043972086161375046,0.7021607160568237,-0.004916096571832895,-0.09796791523694992,252,390
 , , , , , , , 
0,0,0.0,0.6666426658630371,-0.10092265158891678,0.09796791523694992,228,399
0,1,-0.24734297394752502,0.2204052358865738,0.41069862246513367,0.19593583047389984,237,334
0,2,-0.278489887714386,0.36491677165031433,0.31544509530067444,0.19593583047389984,287,331
0,3,-0.2931472361087799,0.4349221885204315,0.26200878620147705,0.19593583047389984,301,330
0,4,-0.19787438213825226,0.47178903222084045,-0.12919439375400543,-0.09796791523694992,263,324
0,5,-0.22627303004264832,0.49817946553230286,-0.1041354238986969,-0.09796791523694992,295,322
0,6,0.07328680902719498,0.579444944858551,0.05112534016370773,-0.09796791523694992,306,323
0,7,-0.2565038204193115,0.5225340723991394,-0.07003670930862427,-0.09796791523694992,306,323
0,8,0.05771336704492569,0.6128907799720764,0.0029703034088015556,-0.09796791523694992,344,337
0,9,0.04030774533748627,0.6432749032974243,-0.02235114946961403,-0.09796791523694992,334,363
0,10,0.042139917612075806,0.6726377010345459,-0.01950684003531933,-0.09796791523694992,285,395
 , , , , , , , 
0,0,0.08061549067497253,0.6328901052474976,0.09422378242015839,0.09796791523694992,412,356
0,1,0.08427983522415161,0.6637924313545227,0.08291134983301163,0.09796791523694992,350,388
0,2,0.10993021726608276,0.6926750540733337,0.05571315437555313,0.09796791523694992,249,427
0,3,-0.10993021726608276,0.6734618544578552,0.17132383584976196,-0.09796791523694992,274,383
0,4,-0.13741277158260345,0.710399329662323,0.11638817936182022,-0.09796791523694992,249,415
 , , , , , , , 
0,0,0.05496510863304138,0.5829076170921326,0.030639512464404106,0.09796791523694992,298,324
0,1,0.05771336704492569,0.6117554306983948,0.03740595653653145,0.09796791523694992,345,329
0,2,0.0604616180062294,0.6403190493583679,0.047568198293447495,0.09796791523694992,357,333
0,3,0.06320987641811371,0.6671217679977417,0.07450421154499054,0.09796791523694992,331,344
0,4,0.05221685394644737,0.5465813279151917,-0.09353453665971756,-0.29390373826026917,289,340
0,5,0.03664340451359749,0.5794001221656799,-0.08181658387184143,-0.29390373826026917,348,338
0,6,0.03847557678818703,0.6086743474006653,-0.08372525125741959,-0.29390373826026917,370,339
0,7,-0.26200035214424133,0.5878022909164429,-0.04208552464842796,-0.09796791523694992,379,341
0,8,-0.25283950567245483,0.6247044801712036,-0.020354611799120903,-0.09796791523694992,347,365
0,9,-0.19787438213825226,0.6735168695449829,0.04699048027396202,-0.09796791523694992,299,398
0,10,-0.1603149026632309,0.7112072706222534,0.07469326257705688,-0.09796791523694992,259,439
 , , , , , , , 
0,0,-0.21069958806037903,0.6236249208450317,0.1459295153617859,-0.09796791523694992,306,374
0,1,-0.21986043453216553,0.6642675995826721,0.07346630841493607,-0.09796791523694992,290,407
0,2,-0.22902129590511322,0.6952182054519653,0.03628553822636604,-0.09796791523694992,251,446
 , , , , , , , 
0,0,-0.23085343837738037,0.4736865162849426,-0.027534203603863716,-0.09796791523694992,276,332
0,1,-0.24367865920066833,0.49605628848075867,-0.06910398602485657,-0.09796791523694992,342,330
0,2,-0.23818212747573853,0.5199586749076843,-0.12904827296733856,-0.09796791523694992,361,330
0,3,-0.03664340451359749,0.5850666761398315,0.009770242497324944,-0.09796791523694992,361,330
0,4,-0.05771336704492569,0.6126787066459656,-0.016393078491091728,-0.09796791523694992,386,331
0,5,-0.0604616180062294,0.6397047638893127,-0.055218249559402466,-0.09796791523694992,362,350
0,6,-0.06320987641811371,0.6580525040626526,-0.132548987865448,-0.09796791523694992,294,387
 , , , , , , , 
0,0,-0.23085343837738037,0.47309958934783936,0.036246947944164276,0.19593583047389984,271,327
0,1,-0.24367865920066833,0.49881166219711304,0.04510113596916199,0.19593583047389984,325,326
0,2,-0.2565038204193115,0.5243964791297913,0.05436306819319725,0.19593583047389984,338,328
0,3,-0.05221685394644737,0.5530787706375122,-0.04004692658782005,-0.09796791523694992,311,344
0,4,-0.05496510863304138,0.583122730255127,-0.026228079572319984,-0.09796791523694992,377,346
0,5,-0.03847557678818703,0.6137818694114685,-0.02768033929169178,-0.09796791523694992,405,348
0,6,-0.04030774533748627,0.6428075432777405,-0.03317587822675705,-0.09796791523694992,396,355
0,7,-0.2821542024612427,0.06273796409368515,-0.5765239000320435,-0.09796791523694992,396,355
0,8,-0.27390944957733154,0.3823068141937256,-0.48312824964523315,-0.09796791523694992,340,377
0,9,-0.021069958806037903,0.673500657081604,-0.023467974737286568,-0.09796791523694992,340,377
0,10,-0.2418464720249176,0.6216026544570923,-0.2238476425409317,-0.09796791523694992,254,416
 , , , , , , , 
0,0,-0.2418464720249176,0.6592299938201904,-0.04374357685446739,0.09796791523694992,267,373
0,1,-0.4287278354167938,3.3995726108551025,0.15093955397605896,-0.19593583047389984,226,445
0,2,-0.24734297394752502,0.46092137694358826,0.06930599361658096,-0.09796791523694992,286,340
0,3,-0.26108425855636597,0.46011316776275635,0.1742335855960846,-0.09796791523694992,353,342
0,4,-0.05221685394644737,0.55252605676651,-0.04706188663840294,-0.09796791523694992,353,342
0,5,-0.05496510863304138,0.582998514175415,-0.028858326375484467,-0.09796791523694992,408,342
0,6,-0.2565038204193115,0.3855659067630768,0.35956355929374695,-0.09796791523694992,408,342
0,7,-0.05771336704492569,0.6123951077461243,-0.024822553619742393,-0.09796791523694992,425,347
0,8,-0.2693290412425995,0.28938689827919006,0.47190234065055847,-0.09796791523694992,425,347
0,9,-0.0604616180062294,0.6416080594062805,-0.024704668670892715,-0.09796791523694992,392,370
0,10,-0.042139917612075806,0.6728138327598572,-0.011982311494648457,-0.09796791523694992,317,407
 , , , , , , , 
0,0,-0.049468595534563065,0.5224069356918335,-0.05544571951031685,0.09796791523694992,305,332
0,1,-0.05221685394644737,0.5523685812950134,-0.0488753542304039,0.09796791523694992,367,329
0,2,-0.05496510863304138,0.5811366438865662,-0.05477481707930565,0.09796791523694992,385,330
0,3,-0.05771336704492569,0.6077160239219666,-0.07953063398599625,0.09796791523694992,360,338
0,4,-0.22169259190559387,0.04844023287296295,0.6036826968193054,0.09796791523694992,270,361
0,5,-0.04030774533748627,0.6264391541481018,-0.14790594577789307,0.09796791523694992,270,361
 , , , , , , , 
0,0,-0.06595812737941742,0.5218826532363892,-0.041453778743743896,0.09796791523694992,310,326
0,1,-0.24734297394752502,0.39630475640296936,0.24534538388252258,0.09796791523694992,310,326
0,2,-0.0696224719285965,0.5508941411972046,-0.043529365211725235,0.09796791523694992,379,326
0,3,-0.05496510863304138,0.5809172987937927,-0.057053662836551666,0.09796791523694992,406,328
0,4,-0.2418464720249176,0.5046908855438232,0.3205062747001648,0.09796791523694992,313,364
0,5,-0.21069958806037903,0.6062942147254944,0.20642389357089996,0.09796791523694992,276,405
0,6,-0.05771336704492569,0.6111815571784973,-0.04583677276968956,0.19593583047389984,382,339
 , , , , , , , 
0,0,-0.19787438213825226,0.4810228943824768,0.08884299546480179,0.09796791523694992,275,332
0,1,-0.08702808618545532,0.5488740801811218,0.03728078678250313,0.19593583047389984,360,334
0,2,-0.07328680902719498,0.581016480922699,0.0281091146171093,0.19593583047389984,409,337
0,3,-0.07695115357637405,0.6102824211120605,0.0246698260307312,0.19593583047389984,418,345
0,4,-0.08061549067497253,0.6394132971763611,0.02405606396496296,0.19593583047389984,386,360
0,5,-0.06320987641811371,0.6703290939331055,0.035513490438461304,0.19593583047389984,304,392
 , , , , , , , 
0,0,-0.22627303004264832,0.5046311020851135,0.0661396011710167,0.09796791523694992,284,334
0,1,-0.23818212747573853,0.5317732095718384,0.06502099335193634,0.09796791523694992,351,336
0,2,-0.2500912547111511,0.560494065284729,0.04770201817154884,0.09796791523694992,377,338
0,3,-0.1209232360124588,0.6333140730857849,0.01475644763559103,0.09796791523694992,373,345
0,4,-0.08427983522415161,0.668700098991394,-0.018299685791134834,0.09796791523694992,381,363
0,5,-0.06595812737941742,0.7001215219497681,-0.02160368673503399,0.09796791523694992,340,400
0,6,-0.06870638579130173,0.7292788028717041,0.02296983078122139,0.09796791523694992,260,444
0,7,-0.29772767424583435,0.5388053059577942,-0.3976716995239258,0.09796791523694992,260,444
 , , , , , , , 
0,0,-0.22627303004264832,0.5015459060668945,0.08647932857275009,0.09796791523694992,283,328
0,1,-0.23818212747573853,0.5294283032417297,0.08195246011018753,0.09796791523694992,356,330
0,2,-0.23085346817970276,0.5647901892662048,0.08181377500295639,0.09796791523694992,387,334
0,3,-0.14107710123062134,0.6275484561920166,0.046979423612356186,0.09796791523694992,394,337
0,4,-0.10534979403018951,0.6658611297607422,0.01132227387279272,0.09796791523694992,417,354
0,5,-0.10993021726608276,0.6948965787887573,-0.0046347761526703835,0.09796791523694992,391,388
0,6,-0.09160851687192917,0.7268441915512085,-0.020028579980134964,0.09796791523694992,323,433
 , , , , , , , 
0,0,-0.22627303004264832,0.506533145904541,0.04950885474681854,0.09796791523694992,241,329
0,1,-0.23818212747573853,0.5331318378448486,0.05273474007844925,0.09796791523694992,319,330
0,2,-0.2500912547111511,0.5581016540527344,0.07036787271499634,0.09796791523694992,354,334
0,3,-0.2821542024612427,0.5648121237754822,0.1315414160490036,0.09796791523694992,353,338
0,4,-0.06320987641811371,0.6710121035575867,-0.018576007336378098,0.09796791523694992,336,349
0,5,-0.08794417232275009,0.6978411078453064,0.016461726278066635,0.09796791523694992,314,381
0,6,-0.09160851687192917,0.7269790172576904,0.014323998242616653,0.09796791523694992,248,423
 , , , , , , , 
0,0,-0.23085346817970276,0.5676120519638062,0.05914384871721268,0.09796791523694992,225,329
0,1,-0.2418464720249176,0.5861778259277344,0.11761276423931122,0.09796791523694992,234,330
0,2,-0.16855967044830322,0.630437433719635,0.16951127350330353,0.09796791523694992,236,341
0,3,-0.10993021726608276,0.6848651170730591,0.11773896962404251,0.09796791523694992,266,360
0,4,-0.09160851687192917,0.7210034132003784,0.09411508589982986,0.09796791523694992,271,385
0,5,-0.09527285397052765,0.7511914372444153,0.08693185448646545,0.09796791523694992,241,415
0,6,-0.09160851687192917,0.7271180152893066,0.0017489111050963402,-0.09796791523694992,231,371
 , , , , , , , 
0,0,-0.1813848465681076,0.48508787155151367,-0.10109231621026993,0.09796791523694992,240,342
0,1,-0.19146180152893066,0.5107632279396057,-0.11264873296022415,0.09796791523694992,325,342
0,2,-0.20153872668743134,0.5364904403686523,-0.12369859963655472,0.09796791523694992,372,340
0,3,-0.2116156667470932,0.5612208843231201,-0.13865302503108978,0.09796791523694992,381,341
0,4,-0.22169259190559387,0.5829271674156189,-0.16424137353897095,0.09796791523694992,344,355
0,5,-0.25283950567245483,0.57345050573349,-0.2486453354358673,0.09796791523694992,252,384
 , , , , , , , 
0,0,-0.19146180152893066,0.5124714970588684,-0.10460320860147476,0.09796791523694992,299,323
0,1,-0.20153872668743134,0.5345323085784912,-0.1319035440683365,0.09796791523694992,353,323
0,2,-0.2116156667470932,0.5563626885414124,-0.15701629221439362,0.09796791523694992,371,324
0,3,-0.22169259190559387,0.5772092342376709,-0.18332695960998535,0.09796791523694992,349,332
0,4,-0.23176954686641693,0.5974477529525757,-0.2096112221479416,0.09796791523694992,278,358
 , , , , , , , 
0,0,-0.20153872668743134,0.5504317283630371,0.012175974436104298,0.09796791523694992,232,335
0,1,-0.2116156667470932,0.5780501365661621,0.007183970883488655,0.09796791523694992,302,335
0,2,-0.22169259190559387,0.6056225895881653,0.0007263930165208876,0.09796791523694992,332,335
0,3,-0.23176954686641693,0.6331178545951843,-0.006520061753690243,0.09796791523694992,328,336
0,4,-0.2418464720249176,0.6605092883110046,-0.015004349872469902,0.09796791523694992,284,345
0,5,-0.2116156667470932,0.5732554197311401,-0.07464412599802017,-0.09796791523694992,264,335
0,6,-0.22169259190559387,0.5993974208831787,-0.08661399036645889,-0.09796791523694992,296,332
0,7,-0.23176954686641693,0.625412106513977,-0.09869343787431717,-0.09796791523694992,298,327
0,8,-0.2418464720249176,0.6492612361907959,-0.1223008781671524,-0.09796791523694992,253,335
 , , , , , , , 
0,0,-0.20153872668743134,0.5505653619766235,-0.001069204998202622,0.09796791523694992,272,330
0,1,-0.2116156667470932,0.5779319405555725,-0.01371834147721529,0.09796791523694992,345,330
0,2,-0.22169259190559387,0.6051437854766846,-0.024088457226753235,0.09796791523694992,378,330
0,3,-0.23176954686641693,0.632119357585907,-0.03613636642694473,0.09796791523694992,375,332
0,4,-0.2418464720249176,0.6583911776542664,-0.05494310334324837,0.09796791523694992,323,350
0,5,-0.2116156667470932,0.5707043409347534,-0.09214166551828384,-0.09796791523694992,280,336
0,6,-0.22169259190559387,0.5964000225067139,-0.10529163479804993,-0.09796791523694992,315,335
0,7,-0.23176954686641693,0.6211007833480835,-0.12294117361307144,-0.09796791523694992,311,337
0,8,-0.2418464720249176,0.6418370604515076,-0.15666142106056213,-0.09796791523694992,268,343
 , , , , , , , 
0,0,-0.2116156667470932,0.5780937075614929,0.0011144459713250399,0.09796791523694992,281,325
0,1,-0.22169259190559387,0.6056048274040222,-0.00469759339466691,0.09796791523694992,312,328
0,2,-0.23176954686641693,0.6330312490463257,-0.012332855723798275,0.09796791523694992,308,333
0,3,-0.2418464720249176,0.660395085811615,-0.019390113651752472,0.09796791523694992,265,343
0,4,-0.2116156667470932,0.5728551149368286,-0.07765687257051468,-0.09796791523694992,256,327
0,5,-0.22169259190559387,0.5995358824729919,-0.08565052598714828,-0.09796791523694992,293,324
0,6,-0.23176954686641693,0.6252602934837341,-0.09965071082115173,-0.09796791523694992,292,326
0,7,-0.21986043453216553,0.6602565050125122,-0.10348967462778091,-0.09796791523694992,255,331
 , , , , , , , 
0,0,-0.2116156667470932,0.5780861973762512,-0.0031470530666410923,0.09796791523694992,247,326
0,1,-0.22169259190559387,0.6055306196212769,-0.010581765323877335,0.09796791523694992,265,331
0,2,-0.23176954686641693,0.6331452131271362,-0.0027969786897301674,0.09796791523694992,256,334
0,3,-0.2116156667470932,0.5722228288650513,-0.0821862667798996,-0.09796791523694992,263,336
0,4,-0.22169259190559387,0.5980398654937744,-0.09553834050893784,-0.09796791523694992,285,337
0,5,-0.21069958806037903,0.6344435811042786,-0.08766329288482666,-0.09796791523694992,276,339
0,6,-0.17588834464550018,0.6812118887901306,-0.0010225143050774932,-0.09796791523694992,247,351
0,7,-0.13741277158260345,0.7164905667304993,0.06967614591121674,-0.09796791523694992,232,377
 , , , , , , , 
0,0,-0.21986043453216553,0.5434477925300598,0.008190364576876163,0.09796791523694992,255,334
0,1,-0.2116156667470932,0.5780243873596191,0.009019376710057259,0.09796791523694992,308,335
0,2,-0.22169259190559387,0.6056059002876282,0.004555999301373959,0.09796791523694992,321,338
0,3,-0.23176954686641693,0.6331486105918884,-0.0018849085317924619,0.09796791523694992,295,343
0,4,-0.20153872668743134,0.5483343601226807,-0.04952554404735565,-0.09796791523694992,227,319
0,5,-0.2116156667470932,0.5751475691795349,-0.0582992248237133,-0.09796791523694992,281,321
0,6,-0.22169259190559387,0.6016708612442017,-0.0690755620598793,-0.09796791523694992,296,321
0,7,-0.23176954686641693,0.6268768310546875,-0.08891623467206955,-0.09796791523694992,279,320
 , , , , , , , 
0,0,-0.22169259190559387,0.6033775806427002,0.0521031878888607,0.09796791523694992,227,339
0,1,-0.2116156667470932,0.5774223208427429,-0.027874864637851715,-0.09796791523694992,254,328
0,2,-0.22169259190559387,0.6042289137840271,-0.0410691499710083,-0.09796791523694992,261,330
0,3,-0.21069958806037903,0.6401862502098083,-0.019105814397335052,-0.09796791523694992,236,334
 , , , , , , , 
0,0,0.3407836854457855,0.8386634588241577,-0.07967719435691833,0.0,249,367
0,1,0.29223117232322693,0.7820258140563965,-0.16047608852386475,0.19593583047389984,244,348
0,2,0.3023080825805664,0.8129595518112183,-0.14534203708171844,0.19593583047389984,323,348
0,3,0.31238505244255066,0.8418716788291931,-0.139663964509964,0.19593583047389984,361,348
0,4,0.32246196269989014,0.8703471422195435,-0.1359841674566269,0.19593583047389984,364,349
0,5,0.332538902759552,0.8997786045074463,-0.12510722875595093,0.19593583047389984,326,360
0,6,0.37376272678375244,0.9225936532020569,-0.05034420266747475,0.19593583047389984,235,391
 , , , , , , , 
0,0,0.3023080825805664,0.825239896774292,-0.03172885254025459,0.09796791523694992,254,397
0,1,0.31238505244255066,0.852806031703949,-0.03123823180794716,0.09796791523694992,279,417
0,2,0.32246196269989014,0.880300760269165,-0.03265560045838356,0.09796791523694992,270,437
0,3,0.3627697229385376,0.8965164422988892,-0.022179288789629936,0.09796791523694992,229,457
 , , , , , , , 
0,0,0.3023080825805664,0.817966878414154,-0.11383247375488281,-0.09796791523694992,239,369
0,1,0.31238505244255066,0.8437470197677612,-0.12784726917743683,-0.09796791523694992,276,382
0,2,0.32246196269989014,0.8665629029273987,-0.15831798315048218,-0.09796791523694992,278,393
0,3,0.332538902759552,0.8619336485862732,-0.2869212329387665,-0.09796791523694992,263,395
0,4,0.28032204508781433,0.6161555051803589,-0.7315627932548523,-0.09796791523694992,241,409
0,5,-0.18688136339187622,0.36588943004608154,0.9080817699432373,-0.09796791523694992,241,409
0,6,-0.1603149026632309,0.29747751355171204,0.9687691926956177,-0.09796791523694992,231,435
0,7,0.22444087266921997,0.25308093428611755,0.9686505794525146,-0.09796791523694992,231,435
 , , , , , , , 
0,0,0.3023080825805664,0.8192206025123596,-0.10442784428596497,-0.09796791523694992,253,417
0,1,0.31238505244255066,0.8470136523246765,-0.10402809828519821,-0.09796791523694992,290,425
0,2,0.2931472361087799,0.885536789894104,-0.09933237731456757,-0.09796791523694992,293,431
0,3,0.3023080825805664,0.9158614277839661,-0.0751209482550621,-0.09796791523694992,268,431
 , , , , , , , 
0,0,-0.18688136339187622,0.3309301733970642,0.9213972091674805,-0.09796791523694992,238,425
0,1,0.18688136339187622,0.65312260389328,0.729327380657196,-0.09796791523694992,238,425
0,2,-0.19237789511680603,0.32043296098709106,0.9555213451385498,-0.09796791523694992,232,440
0,3,0.19237789511680603,0.6634454727172852,0.7586424946784973,-0.09796791523694992,232,440
 , , , , , , , 
0,0,-0.22169259190559387,0.6054209470748901,-0.015644418075680733,0.09796791523694992,230,332
 , , , , , , , 
0,0,-0.13191625475883484,0.6822535395622253,0.11007054150104523,0.09796791523694992,235,342
0,1,-0.13741277158260345,0.7118425369262695,0.10720840096473694,0.09796791523694992,245,365
0,2,-0.14290928840637207,0.742537260055542,0.09559319913387299,0.09796791523694992,226,389
0,3,-0.20153872668743134,0.5935032963752747,-0.15186473727226257,-0.09796791523694992,230,323
 , , , , , , , 
0,0,-0.2116156667470932,0.5764939785003662,-0.04299107566475868,0.09796791523694992,255,325
0,1,-0.22169259190559387,0.603295087814331,-0.053049974143505096,0.09796791523694992,265,325
0,2,-0.23176954686641693,0.6302201151847839,-0.06085444241762161,0.09796791523694992,236,330
0,3,-0.2116156667470932,0.5644512176513672,-0.12485353648662567,-0.09796791523694992,229,331
0,4,-0.22169259190559387,0.5892032384872437,-0.1400672346353531,-0.09796791523694992,239,330
 , , , , , , , 
0,0,-0.2116156667470932,0.5673614740371704,0.11088072508573532,0.09796791523694992,247,334
0,1,-0.22169259190559387,0.5934684872627258,0.1207246333360672,0.09796791523694992,250,335
 , , , , , , , 
0,0,0.5441545844078064,0.7998203635215759,0.004316017962992191,-0.09796791523694992,250,415
0,1,0.5606440901756287,0.8233185410499573,-0.03517071530222893,-0.09796791523694992,254,410
 , , , , , , , 
0,0,-0.2116156667470932,0.5779156684875488,-0.01438935287296772,0.09796791523694992,254,321
0,1,-0.22169259190559387,0.6054936051368713,-0.012521276250481606,0.09796791523694992,261,323
0,2,-0.21069958806037903,0.6403414011001587,0.012898818589746952,0.09796791523694992,233,327
0,3,-0.19237788021564484,0.5782621502876282,-0.08705385774374008,-0.09796791523694992,264,325
0,4,-0.20153872668743134,0.6060676574707031,-0.08939225226640701,-0.09796791523694992,276,322
0,5,-0.21069958806037903,0.6367492079734802,-0.06894870102405548,-0.09796791523694992,251,322
 , , , , , , , 
0,0,-0.2116156667470932,0.5778230428695679,-0.017722368240356445,0.09796791523694992,245,335
0,1,-0.22169259190559387,0.6053354144096375,-0.01866372674703598,0.09796791523694992,250,337
0,2,-0.19237788021564484,0.5775977373123169,-0.09135857224464417,-0.09796791523694992,266,328
0,3,-0.20153872668743134,0.6053050756454468,-0.09441825747489929,-0.09796791523694992,275,327
0,4,-0.21069958806037903,0.6362372040748596,-0.073523610830307,-0.09796791523694992,248,327
 , , , , , , , 
0,0,-0.2116156667470932,0.5777379274368286,-0.02030899003148079,0.09796791523694992,260,326
0,1,-0.22169259190559387,0.6050176620483398,-0.027071624994277954,0.09796791523694992,263,328
0,2,-0.21069958806037903,0.6402029395103455,-0.01853877492249012,0.09796791523694992,231,328
0,3,-0.18321701884269714,0.549185574054718,-0.09256333112716675,-0.09796791523694992,227,334
0,4,-0.19237788021564484,0.5759221911430359,-0.10138603299856186,-0.09796791523694992,265,334
0,5,-0.20153872668743134,0.6023256182670593,-0.11186104267835617,-0.09796791523694992,269,334
0,6,-0.21069958806037903,0.6305331587791443,-0.11238964647054672,-0.09796791523694992,236,336
 , , , , , , , 
0,0,-0.8235605955123901,0.2066986858844757,-0.041708335280418396,0.29390373826026917,229,354
 , , , , , , , 
0,0,-0.2116156667470932,0.5769662857055664,-0.036103155463933945,0.09796791523694992,245,327
0,1,-0.22169259190559387,0.6037320494651794,-0.0478210523724556,0.09796791523694992,245,329
0,2,-0.19237788021564484,0.5737584829330444,-0.1129898726940155,-0.09796791523694992,254,332
0,3,-0.20153872668743134,0.5990001559257507,-0.12848268449306488,-0.09796791523694992,254,334
 , , , , , , , 
0,0,-0.16489532589912415,0.49825334548950195,-0.05462157726287842,-0.19593583047389984,232,338
0,1,-0.17405617237091064,0.5257890820503235,-0.058963924646377563,-0.19593583047389984,312,338
0,2,-0.20153872668743134,0.5464910864830017,-0.0668645054101944,-0.19593583047389984,350,339
0,3,-0.2116156667470932,0.5733569860458374,-0.07386031001806259,-0.19593583047389984,354,339
0,4,-0.22169259190559387,0.5999454259872437,-0.08273293823003769,-0.19593583047389984,314,351
 , , , , , , , 
0,0,-0.10534979403018951,0.6598249077796936,0.09016800671815872,0.09796791523694992,231,339
0,1,-0.10993021726608276,0.6886872053146362,0.0928044468164444,0.09796791523694992,284,350
0,2,-0.11451064795255661,0.717021107673645,0.09931658208370209,0.09796791523694992,296,364
0,3,-0.11909106373786926,0.7453860640525818,0.1055445596575737,0.09796791523694992,276,380
0,4,-0.1236715018749237,0.7759885787963867,0.0949503555893898,0.09796791523694992,231,395
0,5,-0.1813848465681076,0.4796907901763916,-0.12420406937599182,-0.29390373826026917,275,328
0,6,-0.19146180152893066,0.5045945048332214,-0.1376706063747406,-0.29390373826026917,324,330
0,7,-0.20153872668743134,0.5296356678009033,-0.15036413073539734,-0.29390373826026917,336,333
0,8,-0.2116156667470932,0.5723713636398315,-0.08114533126354218,-0.19593583047389984,307,343
0,9,-0.2418464720249176,0.5942278504371643,-0.06580621004104614,-0.19593583047389984,245,362
 , , , , , , , 
0,0,-0.11451064795255661,0.7159005999565125,0.10709498077630997,0.09796791523694992,234,393
0,1,-0.16489532589912415,0.4674471616744995,-0.18092280626296997,-0.29390373826026917,257,333
0,2,-0.17405617237091064,0.4874647855758667,-0.20569156110286713,-0.29390373826026917,274,336
0,3,-0.18321701884269714,0.5037142038345337,-0.23758108913898468,-0.29390373826026917,260,338
0,4,-0.21986043453216553,0.5367019176483154,0.08575333654880524,-0.09796791523694992,258,332
0,5,-0.23085346817970276,0.5615935325622559,0.1014600321650505,-0.09796791523694992,261,336
0,6,-0.2418464720249176,0.5899192094802856,0.09712094068527222,-0.09796791523694992,231,354
 , , , , , , , 
0,0,-0.17130792140960693,0.4512522518634796,-0.12400832027196884,-0.3918716609477997,289,341
0,1,-0.1813848465681076,0.4784630537033081,-0.12885268032550812,-0.3918716609477997,341,342
0,2,-0.19146180152893066,0.5051920413970947,-0.13546152412891388,-0.3918716609477997,357,344
0,3,-0.20153872668743134,0.5316627621650696,-0.14303171634674072,-0.3918716609477997,334,353
0,4,-0.2116156667470932,0.5580067038536072,-0.1510697305202484,-0.3918716609477997,263,378
 , , , , , , , 
0,0,-0.17588834464550018,0.42116478085517883,-0.10806434601545334,0.09796791523694992,246,315
0,1,-0.18688136339187622,0.4467018246650696,-0.11783839017152786,0.09796791523694992,333,317
0,2,-0.19787438213825226,0.47231072187423706,-0.1272740364074707,0.09796791523694992,379,318
0,3,-0.2088674157857895,0.49757716059684753,-0.13790519535541534,0.09796791523694992,389,321
0,4,-0.21986043453216553,0.5224226713180542,-0.14992372691631317,0.09796791523694992,354,336
0,5,-0.23085346817970276,0.5467917323112488,-0.1634020209312439,0.09796791523694992,272,367
 , , , , , , , 
0,0,-0.18688136339187622,0.4575084447860718,-0.06414374709129333,0.29390373826026917,247,336
0,1,-0.19787438213825226,0.4855066239833832,-0.05966095253825188,0.29390373826026917,324,335
0,2,-0.22627303004264832,0.5053768754005432,-0.0601763091981411,0.29390373826026917,362,334
0,3,-0.23818212747573853,0.5319550037384033,-0.06351640820503235,0.29390373826026917,362,338
0,4,-0.23085346817970276,0.567009687423706,-0.06466390192508698,0.29390373826026917,319,353
0,5,-0.2418464720249176,0.5932881832122803,-0.07379885017871857,0.29390373826026917,235,383
0,6,-0.22169259190559387,0.5751000642776489,0.1898399293422699,-0.19593583047389984,246,340
0,7,-0.16855967044830322,0.6467307209968567,0.08902112394571304,-0.09796791523694992,268,372
0,8,-0.17588834464550018,0.6738771796226501,0.09970073401927948,-0.09796791523694992,281,401
0,9,-0.20611916482448578,0.6960547566413879,0.10059017688035965,-0.09796791523694992,262,430
 , , , , , , , 
0,0,-0.06595812737941742,0.2247687578201294,-0.011275128461420536,-0.4898395836353302,248,373
0,1,-0.07420289516448975,0.25260815024375916,-0.01704869046807289,-0.4898395836353302,265,369
0,2,-0.07328680902719498,0.2829056978225708,-0.022993668913841248,-0.4898395836353302,246,369
 , , , , , , , 
0,0,-0.2565038204193115,0.5049437284469604,-0.15158763527870178,-0.09796791523694992,259,427
0,1,-0.2693290412425995,0.5300143957138062,-0.1597539633512497,-0.09796791523694992,278,408
0,2,-0.2821542024612427,0.5542306303977966,-0.17071689665317535,-0.09796791523694992,248,405
 , , , , , , , 
0,0,0.3297906517982483,0.8130888342857361,-0.05951881781220436,0.09796791523694992,249,380
0,1,0.4827768802642822,0.7552335262298584,0.14962360262870789,0.09796791523694992,290,391
0,2,0.4983503222465515,0.7850152254104614,0.12399840354919434,0.09796791523694992,318,397
0,3,0.5139237642288208,0.8146048188209534,0.09020468592643738,0.09796791523694992,310,408
0,4,0.5294972062110901,0.842505931854248,0.056820888072252274,0.09796791523694992,260,434
 , , , , , , , 
0,0,0.31238505244255066,0.8487395644187927,0.08885449916124344,0.09796791523694992,227,368
0,1,0.31238505244255066,0.8529571294784546,-0.02679724059998989,-0.09796791523694992,234,388
0,2,0.32246196269989014,0.8808324337005615,-0.011405138298869133,-0.09796791523694992,226,389
 , , , , , , , 
0,0,0.3023080825805664,0.8253633379936218,0.028336087241768837,0.09796791523694992,225,333
0,1,0.2839863896369934,0.863007664680481,0.02019779197871685,0.09796791523694992,244,339
0,2,0.2931472361087799,0.8903954029083252,-0.03518933430314064,0.09796791523694992,232,346
0,3,0.3023080825805664,0.8224393129348755,-0.0749746561050415,-0.09796791523694992,237,348
0,4,0.31238505244255066,0.8485179543495178,-0.09094660729169846,-0.09796791523694992,259,349
0,5,0.2931472361087799,0.8798965811729431,-0.1407989114522934,-0.09796791523694992,253,348
 , , , , , , , 
0,0,-0.01282519195228815,0.19839654862880707,-0.050819527357816696,0.3918716609477997,228,439
0,1,-0.01465736236423254,0.226212739944458,-0.06009626016020775,0.3918716609477997,304,415
0,2,-0.016489531844854355,0.25379982590675354,-0.07015229016542435,0.3918716609477997,336,402
0,3,-0.018321702256798744,0.2811071276664734,-0.08110727369785309,0.3918716609477997,325,399
0,4,-0.12825191020965576,0.18292748928070068,0.18980064988136292,0.3918716609477997,325,399
0,5,-0.020153872668743134,0.30827978253364563,-0.09240736812353134,0.3918716609477997,272,406
0,6,-0.14107710123062134,0.191534161567688,0.21770079433918,0.3918716609477997,272,406
 , , , , , , , 
0,0,-0.041223831474781036,0.25797149538993835,-0.036863263696432114,0.5878074765205383,284,401
0,1,-0.03664340451359749,0.2866376042366028,-0.049309760332107544,0.5878074765205383,319,384
0,2,-0.04030774533748627,0.3136347830295563,-0.06316821277141571,0.5878074765205383,315,374
0,3,-0.16123098134994507,0.035556528717279434,0.2769874036312103,0.5878074765205383,315,374
0,4,-0.043972086161375046,0.33977916836738586,-0.0797710046172142,0.5878074765205383,272,371
0,5,-0.17588834464550018,0.04796244949102402,0.3008483648300171,0.5878074765205383,272,371
 , , , , , , , 
0,0,-0.16672749817371368,0.37350690364837646,0.03358174115419388,0.4898395836353302,257,328
0,1,-0.19237788021564484,0.39321571588516235,0.04155222326517105,0.4898395836353302,286,326
0,2,-0.2052030712366104,0.4188750684261322,0.04929283633828163,0.4898395836353302,279,330
0,3,-0.218028262257576,0.444330096244812,0.05820212885737419,0.4898395836353302,231,342
0,4,-0.16123098134994507,0.6227684617042542,0.04572650417685509,-0.09796791523694992,277,372
0,5,-0.16855967044830322,0.6526297330856323,0.016119420528411865,-0.09796791523694992,299,390
0,6,-0.17588834464550018,0.6810351014137268,-0.015550178475677967,-0.09796791523694992,282,411
0,7,-0.20611916482448578,0.7014157772064209,-0.05124980956315994,-0.09796791523694992,228,433
 , , , , , , , 
0,0,-0.15481838583946228,0.34821292757987976,-0.003112110076472163,0.19593583047389984,230,334
0,1,-0.1539023071527481,0.3804132640361786,-0.005747801624238491,0.19593583047389984,291,332
0,2,-0.16489532589912415,0.4075692296028137,-0.007162344176322222,0.19593583047389984,313,333
0,3,-0.17588834464550018,0.43470215797424316,-0.009575816802680492,0.19593583047389984,305,333
0,4,-0.23360171914100647,0.43836578726768494,0.04023316875100136,0.29390373826026917,273,338
0,5,-0.24367865920066833,0.5005446672439575,0.017385726794600487,-0.09796791523694992,243,347
0,6,-0.2748255431652069,0.5048373341560364,-0.11554817855358124,-0.09796791523694992,243,363
0,7,-0.13466452062129974,0.5980209112167358,0.05666729062795639,-0.09796791523694992,295,379
0,8,-0.14107710123062134,0.627482533454895,0.04785219579935074,-0.09796791523694992,334,399
0,9,-0.14748971164226532,0.6564986109733582,0.04306025058031082,-0.09796791523694992,332,425
0,10,-0.13191625475883484,0.6891396641731262,0.05169161036610603,-0.09796791523694992,291,458
 , , , , , , , 
0,0,-0.2693290412425995,0.3051692545413971,0.0526004396378994,0.09796791523694992,241,339
0,1,-0.28856682777404785,0.3273104727268219,0.054327592253685,0.09796791523694992,294,333
0,2,-0.32246196269989014,0.3371868431568146,0.048142723739147186,0.09796791523694992,309,331
0,3,-0.09160850942134857,0.5773906707763672,0.04437419772148132,-0.19593583047389984,305,370
0,4,-0.2931472361087799,0.3510377109050751,0.3668493330478668,-0.19593583047389984,305,370
0,5,-0.11542673408985138,0.6022207140922546,0.054604269564151764,-0.19593583047389984,313,407
0,6,-0.1209232360124588,0.6310449838638306,0.05555831640958786,-0.19593583047389984,277,450
0,7,-0.21986043453216553,0.4119951128959656,0.04377018287777901,-0.09796791523694992,324,337
0,8,-0.23360171914100647,0.43744298815727234,0.049263715744018555,-0.09796791523694992,379,337
0,9,-0.24734297394752502,0.4630835950374603,0.052966102957725525,-0.09796791523694992,394,338
0,10,-0.26108425855636597,0.48696452379226685,0.07019275426864624,-0.09796791523694992,374,345
 , , , , , , , 
0,0,-0.28215423226356506,0.2947399914264679,0.04416487738490105,0.09796791523694992,232,333
0,1,-0.3023080825805664,0.31685763597488403,0.03956650570034981,0.09796791523694992,287,332
0,2,-0.32246196269989014,0.3389686644077301,0.033360451459884644,0.09796791523694992,309,334
0,3,-0.20611914992332458,0.38819101452827454,0.01330661866813898,-0.09796791523694992,259,322
0,4,-0.23451779782772064,0.4052181541919708,0.028178621083498,-0.09796791523694992,356,321
0,5,-0.24917516112327576,0.43018195033073425,0.03476026654243469,-0.09796791523694992,401,322
0,6,-0.2638325095176697,0.45545682311058044,0.03717346861958504,-0.09796791523694992,409,326
0,7,-0.24367865920066833,0.4986308813095093,0.04705795645713806,-0.09796791523694992,378,338
0,8,-0.12825191020965576,0.5664541125297546,0.0801398754119873,-0.09796791523694992,362,371
0,9,-0.11542673408985138,0.5976676940917969,0.09189539402723312,-0.09796791523694992,335,417
0,10,-0.1209232360124588,0.6273143291473389,0.08821119368076324,-0.09796791523694992,269,471
 , , , , , , , 
0,0,-0.20611914992332458,0.38838186860084534,-0.005372872110456228,0.09796791523694992,231,338
0,1,-0.21986043453216553,0.4142780900001526,-0.005426912102848291,0.09796791523694992,335,337
0,2,-0.23360171914100647,0.4401700496673584,-0.005796297453343868,0.09796791523694992,387,338
0,3,-0.24734297394752502,0.4660933315753937,-0.0029733667615801096,0.09796791523694992,404,338
0,4,-0.24367865920066833,0.4997611343860626,0.032954778522253036,0.09796791523694992,383,343
0,5,-0.05496510863304138,0.5831483006477356,0.02565377950668335,0.19593583047389984,349,376
0,6,-0.07695115357637405,0.609372615814209,0.04145203158259392,0.19593583047389984,320,416
0,7,-0.08061549067497253,0.6380417346954346,0.04827838018536568,0.19593583047389984,257,462
 , , , , , , , 
0,0,-0.2052030712366104,0.42173340916633606,-0.005198508966714144,0.19593583047389984,301,341
0,1,-0.218028262257576,0.44807353615760803,-0.0068426672369241714,0.19593583047389984,371,345
0,2,-0.23085343837738037,0.4744436740875244,-0.006345362402498722,0.19593583047389984,403,346
0,3,-0.24367865920066833,0.5006439685821533,-0.014241981320083141,0.19593583047389984,400,349
0,4,-0.2748255431652069,0.5135399103164673,-0.06699930131435394,0.19593583047389984,344,371
0,5,-0.07695115357637405,0.6094264984130859,0.04065193235874176,0.29390373826026917,352,395
0,6,-0.08061549067497253,0.6391924619674683,0.029343729838728905,0.29390373826026917,313,441
0,7,-0.10534979403018951,0.6656869053840637,0.01897788606584072,0.29390373826026917,240,491
 , , , , , , , 
0,0,-0.2052030712366104,0.42176544666290283,6.638764898525551e-05,0.29390373826026917,227,345
0,1,-0.2024548202753067,0.45536866784095764,-0.0021157616283744574,0.29390373826026917,339,343
0,2,-0.2143639177083969,0.4821593761444092,-0.0009131267433986068,0.29390373826026917,398,344
0,3,-0.22627303004264832,0.5089468955993652,-0.00024880701676011086,0.29390373826026917,416,348
0,4,-0.23818212747573853,0.5357316136360168,-0.0014539831317961216,0.29390373826026917,396,357
0,5,-0.2500912547111511,0.5625135898590088,-0.002745774807408452,0.29390373826026917,327,385
0,6,-0.05771336704492569,0.6117401719093323,0.03765413537621498,0.4898395836353302,364,356
0,7,-0.04030774533748627,0.6436148881912231,0.007878205738961697,0.4898395836353302,362,384
0,8,-0.042139917612075806,0.6726006269454956,-0.020746544003486633,0.4898395836353302,319,419
 , , , , , , , 
0,0,-0.047636426985263824,0.7472458481788635,-0.14239762723445892,0.0,239,382
0,1,-0.18321701884269714,0.5569285154342651,0.0018269683932885528,0.19593583047389984,324,327
0,2,-0.19237788021564484,0.5846673846244812,-0.011380110867321491,0.19593583047389984,396,329
0,3,-0.20153872668743134,0.6122894883155823,-0.020263774320483208,0.19593583047389984,424,333
0,4,-0.21069958806037903,0.6404440999031067,-0.005902149714529514,0.19593583047389984,408,347
0,5,-0.043972086161375046,0.701741635799408,0.024748818948864937,0.29390373826026917,360,364
0,6,-0.045804258435964584,0.7305603623390198,0.03576638922095299,0.29390373826026917,361,400
0,7,-0.047636426985263824,0.7602746486663818,0.025217708200216293,0.29390373826026917,324,440
0,8,-0.04946859925985336,0.7898958325386047,0.009267534129321575,0.29390373826026917,255,484
 , , , , , , , 
0,0,-0.18321701884269714,0.5566849112510681,-0.01657193899154663,0.09796791523694992,245,327
0,1,-0.19237788021564484,0.5836249589920044,-0.03670721501111984,0.09796791523694992,334,326
0,2,-0.20153872668743134,0.6107014417648315,-0.048505138605833054,0.09796791523694992,374,329
0,3,-0.21069958806037903,0.6380742788314819,-0.05535987764596939,0.09796791523694992,378,333
0,4,-0.2418464720249176,0.6593546867370605,-0.041821710765361786,0.09796791523694992,340,342
0,5,-0.045804258435964584,0.7310404181480408,0.02403304912149906,0.19593583047389984,366,376
0,6,-0.047636426985263824,0.7605646252632141,0.01396010909229517,0.19593583047389984,357,412
0,7,-0.04946859925985336,0.7899293303489685,0.0057355803437530994,0.19593583047389984,314,451
0,8,-0.07695115357637405,0.8171403408050537,-0.009641746059060097,0.19593583047389984,245,491
 , , , , , , , 
0,0,-0.022902129217982292,0.724693775177002,0.10672464966773987,0.09796791523694992,265,328
0,1,-0.023818213492631912,0.7575896978378296,0.08008254319429398,0.09796791523694992,373,326
0,2,-0.02473429962992668,0.7881928086280823,0.06788735836744308,0.09796791523694992,423,330
0,3,-0.0256503839045763,0.8182427287101746,0.05961323902010918,0.09796791523694992,431,338
0,4,-0.02656647004187107,0.847983181476593,0.05417264252901077,0.09796791523694992,395,353
0,5,0.0,0.8760194182395935,0.0775095522403717,0.09796791523694992,303,386
0,6,-0.16489532589912415,0.8616559505462646,0.0614519901573658,0.29390373826026917,337,359
0,7,-0.1419931948184967,0.8924465179443359,0.09599802643060684,0.29390373826026917,302,386
0,8,-0.22260870039463043,0.7590569853782654,0.027318129315972328,0.3918716609477997,309,332
0,9,-0.23085345327854156,0.7868587970733643,0.035954784601926804,0.3918716609477997,349,335
0,10,-0.23909823596477509,0.815093457698822,0.03421444818377495,0.3918716609477997,355,338
 , , , , , , , 
0,0,-0.047636426985263824,0.7555583715438843,0.08823245018720627,0.19593583047389984,293,345
0,1,-0.04946859925985336,0.7853135466575623,0.08546265214681625,0.19593583047389984,373,342
0,2,-0.0513007678091526,0.8148261904716492,0.08461245894432068,0.19593583047389984,409,341
0,3,-0.02656647004187107,0.8451954126358032,0.08749231696128845,0.19593583047389984,402,344
0,4,-0.02748255431652069,0.8765944242477417,0.06515094637870789,0.19593583047389984,345,361
0,5,-0.11359456181526184,0.9011691808700562,0.02878820337355137,0.19593583047389984,283,397
 , , , , , , , 
0,0,-0.047636426985263824,0.7533021569252014,0.10577959567308426,0.19593583047389984,264,330
0,1,-0.04946859925985336,0.7843070030212402,0.09425398707389832,0.19593583047389984,363,330
0,2,-0.0513007678091526,0.8139901161193848,0.09231013059616089,0.19593583047389984,408,333
0,3,-0.02656647004187107,0.8430703282356262,0.10603126138448715,0.19593583047389984,411,342
0,4,-0.02748255431652069,0.8656542301177979,0.1526602804660797,0.19593583047389984,382,352
0,5,-0.02839864045381546,0.8522889614105225,0.3140626847743988,0.19593583047389984,308,387
0,6,-0.31238505244255066,0.8394368886947632,-0.15362165868282318,0.19593583047389984,308,387
0,7,-0.2931472361087799,0.8908436298370361,-0.020975181832909584,0.19593583047389984,253,432
 , , , , , , , 
0,0,-0.12458758056163788,0.9881147146224976,-0.03898068889975548,0.09796791523694992,288,361
0,1,-0.12825192511081696,1.004677176475525,-0.1639598160982132,0.09796791523694992,241,378
0,2,0.5130077004432678,0.811781108379364,0.3613061308860779,0.09796791523694992,241,378
0,3,-0.19879049062728882,0.8858194351196289,0.04055430367588997,0.19593583047389984,249,345
0,4,-0.23451779782772064,0.9073837399482727,-0.04041990265250206,0.19593583047389984,307,344
0,5,-0.2418464720249176,0.9303098917007446,-0.10894613713026047,0.19593583047389984,320,344
0,6,-0.09618894755840302,0.9065734148025513,0.4707227647304535,0.29390373826026917,230,370
0,7,-0.0256503839045763,0.8083198666572571,-0.14033490419387817,-0.3918716609477997,236,340
0,8,-0.02656647004187107,0.8352956175804138,-0.1558569073677063,-0.3918716609477997,264,337
0,9,-0.02748255431652069,0.8624740242958069,-0.16970868408679962,-0.3918716609477997,260,336
 , , , , , , , 
0,0,-0.218028262257576,0.9721404314041138,0.028616977855563164,0.09796791523694992,294,362
0,1,-0.22444087266921997,1.0003389120101929,-0.04069419950246811,0.09796791523694992,261,383
0,2,-0.22718912363052368,0.8798623085021973,-0.008116520941257477,0.19593583047389984,256,331
0,3,-0.23451779782772064,0.9082488417625427,-0.007942005060613155,0.19593583047389984,317,332
0,4,-0.2418464720249176,0.9363130927085876,-0.02575843781232834,0.19593583047389984,337,333
0,5,-0.1603149026632309,0.9451135396957397,0.36574169993400574,0.29390373826026917,304,346
0,6,-0.16489532589912415,0.9582608938217163,0.4102037250995636,0.29390373826026917,260,371
0,7,-0.04946859925985336,0.7794822454452515,-0.1281745433807373,-0.29390373826026917,263,342
0,8,-0.0513007678091526,0.8067748546600342,-0.14218080043792725,-0.29390373826026917,299,341
0,9,-0.05313294008374214,0.833337128162384,-0.1595059335231781,-0.29390373826026917,303,339
0,10,-0.05496510863304138,0.8566868305206299,-0.19100870192050934,-0.29390373826026917,265,346
 , , , , , , , 
0,0,-0.28032204508781433,0.9484784007072449,-0.12337158620357513,0.09796791523694992,263,376
0,1,-0.28856682777404785,0.9754769802093506,-0.13372142612934113,0.09796791523694992,268,388
0,2,-0.2638325095176697,1.0126850605010986,-0.13631939888000488,0.09796791523694992,247,401
0,3,-0.05313294008374214,0.8389732241630554,-0.12655749917030334,0.5878074765205383,293,331
0,4,-0.05496510863304138,0.8672152161598206,-0.13540464639663696,0.5878074765205383,324,335
0,5,-0.05679728090763092,0.8953725099563599,-0.14463919401168823,0.5878074765205383,321,339
0,6,-0.05862944945693016,0.9228962659835815,-0.15748873353004456,0.5878074765205383,277,351
0,7,-0.07695115357637405,2.4462685585021973,-0.2710064947605133,0.5878074765205383,232,397
0,8,0.28215423226356506,0.7547025680541992,-0.1566711664199829,-0.19593583047389984,247,327
0,9,0.29223117232322693,0.7863878011703491,-0.13751791417598724,-0.19593583047389984,356,328
0,10,0.3023080825805664,0.814828634262085,-0.13446877896785736,-0.19593583047389984,415,329
0,11,0.31238505244255066,0.84243243932724,-0.13624079525470734,-0.19593583047389984,433,335
0,12,0.32246196269989014,0.8698007464408875,-0.13943639397621155,-0.19593583047389984,411,348
0,13,0.3627697229385376,0.8868131041526794,-0.13340230286121368,-0.19593583047389984,341,379
0,14,0.4983503222465515,0.8630979657173157,-0.011001646518707275,-0.09796791523694992,281,414
0,15,0.5130077004432678,0.8885448575019836,0.004319452214986086,-0.09796791523694992,228,463
 , , , , , , , 
0,0,-0.18688136339187622,0.978270947933197,0.03838703781366348,0.19593583047389984,338,412
0,1,-0.19237789511680603,1.007433533668518,0.027854831889271736,0.19593583047389984,341,442
0,2,-0.19787438213825226,1.036484956741333,0.016310375183820724,0.19593583047389984,311,470
0,3,-0.20337089896202087,1.0654077529907227,-0.0010623253183439374,0.19593583047389984,253,498
0,4,-0.05496510863304138,0.8731322288513184,-0.08964739739894867,0.6857753992080688,265,337
0,5,-0.05679728090763092,0.9007691144943237,-0.10595987737178802,0.6857753992080688,313,337
0,6,-0.05862944945693016,0.9284693598747253,-0.12035313248634338,0.6857753992080688,323,339
0,7,-0.0604616180062294,0.95498126745224,-0.14209388196468353,0.6857753992080688,294,345
0,8,0.31879764795303345,0.7770785689353943,-0.13127443194389343,-0.09796791523694992,313,335
0,9,0.3023080825805664,0.8154703378677368,-0.1305210143327713,-0.09796791523694992,362,335
0,10,0.3407836854457855,0.8333513140678406,-0.12341175973415375,-0.09796791523694992,378,332
0,11,0.35177668929100037,0.8650343418121338,-0.0891416072845459,-0.09796791523694992,349,338
0,12,0.5441545844078064,0.799569845199585,-0.020478541031479836,-0.09796791523694992,298,365
0,13,0.5294972062110901,0.8443211913108826,0.012908405624330044,-0.09796791523694992,279,403
0,14,0.5130077004432678,0.8879979252815247,-0.03146916255354881,-0.09796791523694992,233,449
 , , , , , , , 
0,0,-0.10443370789289474,1.1090530157089233,0.00090732955140993,0.4898395836353302,286,354
0,1,-0.07145464420318604,1.1409701108932495,0.012550252489745617,0.4898395836353302,341,368
0,2,-0.07328680902719498,1.1701946258544922,0.015435660257935524,0.4898395836353302,359,385
0,3,-0.03755949065089226,1.2008845806121826,0.03221900388598442,0.4898395836353302,348,403
0,4,0.03847557678818703,1.2295631170272827,0.050921592861413956,0.4898395836353302,310,425
0,5,0.07878332585096359,1.256750226020813,-0.057585209608078,0.4898395836353302,230,467
0,6,0.2720772922039032,0.7278158068656921,-0.15075314044952393,-0.29390373826026917,273,337
0,7,0.28215423226356506,0.7513937950134277,-0.17184047400951385,-0.29390373826026917,300,336
0,8,0.29223117232322693,0.7737051844596863,-0.19671621918678284,-0.29390373826026917,293,336
0,9,0.3023080825805664,0.7895500659942627,-0.2421533763408661,-0.29390373826026917,243,348
0,10,0.31879764795303345,0.7880238890647888,0.010117749683558941,-0.09796791523694992,289,323
0,11,0.3297906517982483,0.8152111172676086,0.009312577545642853,-0.09796791523694992,296,328
0,12,0.3407836854457855,0.8423746228218079,0.010480964556336403,-0.09796791523694992,269,340
 , , , , , , , 
0,0,-0.11267846822738647,1.160502314567566,-0.2917369604110718,0.19593583047389984,245,400
0,1,-0.11542673408985138,1.1810272932052612,-0.32825326919555664,0.19593583047389984,264,401
0,2,-0.11817498505115509,1.1878437995910645,-0.40497609972953796,0.19593583047389984,254,405
0,3,-0.07145464420318604,1.1409833431243896,0.011281055398285389,0.3918716609477997,260,365
0,4,-0.07328680902719498,1.1702795028686523,0.006304439157247543,0.3918716609477997,303,387
0,5,-0.07511898130178452,1.1995218992233276,-0.008759082295000553,0.3918716609477997,300,415
0,6,-0.03847557678818703,1.230587363243103,0.008564469404518604,0.3918716609477997,268,437
0,7,0.07878332585096359,1.2478187084197998,0.16026705503463745,0.3918716609477997,239,459
0,8,0.28215423226356506,0.7495352029800415,-0.1797744482755661,-0.09796791523694992,235,344
 , , , , , , , 
0,0,0.2720772922039032,0.7315087914466858,-0.13167113065719604,0.09796791523694992,274,319
0,1,0.28215423226356506,0.7613988518714905,-0.11997324228286743,0.09796791523694992,304,319
0,2,0.29223117232322693,0.7939534783363342,-0.0833958238363266,0.09796791523694992,306,327
0,3,0.3023080825805664,0.8253836631774902,-0.027737677097320557,0.09796791523694992,281,340
0,4,-0.07328680902719498,1.1664930582046509,-0.0942758247256279,0.29390373826026917,251,412
0,5,-0.07511898130178452,1.1955296993255615,-0.09817572683095932,0.29390373826026917,314,410
0,6,-0.07695115357637405,1.2230360507965088,-0.11899695545434952,0.29390373826026917,340,409
0,7,-0.039391662925481796,1.2511861324310303,-0.1480730026960373,0.29390373826026917,330,411
0,8,-0.04030774533748627,1.2628159523010254,-0.25957390666007996,0.29390373826026917,252,432
 , , , , , , , 
0,0,0.3023080825805664,0.8248721361160278,-0.04016823321580887,0.09796791523694992,253,328
0,1,-0.08061549067497253,1.2872363328933716,0.015209135599434376,0.5878074765205383,269,351
0,2,-0.08244766294956207,1.3164422512054443,0.019287724047899246,0.5878074765205383,331,356
0,3,-0.08427983522415161,1.345826268196106,0.0062982384115457535,0.5878074765205383,354,360
0,4,-0.08611200749874115,1.3747671842575073,-0.030185217037796974,0.5878074765205383,338,367
0,5,0.28215423226356506,0.738910973072052,-0.21939082443714142,-0.09796791523694992,263,333
0,6,0.2656646966934204,0.7663841843605042,-0.2545457184314728,-0.09796791523694992,282,333
0,7,0.2748255431652069,0.8129278421401978,-0.19245006144046783,-0.09796791523694992,268,335
0,8,0.3691823184490204,0.8300769329071045,0.02269597537815571,-0.09796791523694992,270,345
0,9,0.43972086906433105,0.8283436894416809,0.02167626842856407,-0.09796791523694992,248,371
 , , , , , , , 
0,0,0.296811580657959,0.7212014198303223,-0.1350548416376114,0.09796791523694992,237,333
0,1,0.28215423226356506,0.7622820138931274,-0.11422745138406754,0.09796791523694992,305,331
0,2,0.29223117232322693,0.7922278046607971,-0.09844788163900375,0.09796791523694992,338,328
0,3,0.3023080825805664,0.8215989470481873,-0.08368203043937683,0.09796791523694992,335,331
0,4,0.31238505244255066,0.8493635058403015,-0.08267786353826523,0.09796791523694992,291,347
0,5,-0.042139917612075806,1.3373469114303589,0.16768687963485718,0.29390373826026917,236,405
0,6,-0.043056003749370575,1.3695164918899536,0.14450539648532867,0.29390373826026917,256,406
0,7,-0.314217209815979,1.3518940210342407,-0.3700768053531647,0.29390373826026917,229,419
0,8,-0.3206298053264618,1.4242397546768188,-0.13084536790847778,0.29390373826026917,255,443
0,9,-0.3270424008369446,1.4588379859924316,0.003480406478047371,0.29390373826026917,236,475
0,10,0.851959228515625,0.297048956155777,-0.10847001522779465,-0.09796791523694992,268,332
0,11,0.39758098125457764,0.8167166113853455,-0.027234645560383797,-0.09796791523694992,268,332
0,12,0.4983503222465515,0.7937421202659607,0.03997405618429184,-0.09796791523694992,292,343
0,13,0.8794417381286621,0.31815341114997864,-0.07306315749883652,-0.09796791523694992,292,343
0,14,0.5743853449821472,0.7770441174507141,0.046037450432777405,-0.09796791523694992,281,363
0,15,0.1813848614692688,0.46466001868247986,-0.8288703560829163,-0.09796791523694992,281,363
0,16,0.24917516112327576,0.6347818374633789,-0.726894736289978,-0.09796791523694992,238,392
0,17,0.6229379177093506,0.7723985314369202,0.09360037744045258,-0.09796791523694992,238,392
 , , , , , , , 
0,0,0.3078046143054962,0.7492814064025879,-0.1325387954711914,0.09796791523694992,232,334
0,1,0.31879764795303345,0.7788488268852234,-0.12032672017812729,0.09796791523694992,268,333
0,2,0.3297906517982483,0.8114901781082153,-0.07835530489683151,0.09796791523694992,275,333
0,3,0.043056003749370575,1.3596056699752808,0.2189287692308426,0.19593583047389984,242,459
0,4,0.043972086161375046,1.3865779638290405,0.23540890216827393,0.19593583047389984,247,472
0,5,0.044888172298669815,1.4121567010879517,0.2590472400188446,0.19593583047389984,229,481
0,6,0.29223117232322693,0.7714113593101501,-0.20552726089954376,-0.09796791523694992,238,332
0,7,0.3297906517982483,0.7951630353927612,-0.1799212247133255,-0.09796791523694992,249,335
0,8,0.45437824726104736,0.7868670225143433,-0.014802730642259121,-0.09796791523694992,269,339
0,9,0.4983503222465515,0.7934674620628357,-0.04509907588362694,-0.09796791523694992,292,355
0,10,0.5139237642288208,0.8150048851966858,-0.08651525527238846,-0.09796791523694992,275,380
 , , , , , , , 
0,0,0.8803578615188599,0.20824576914310455,0.08626776188611984,0.09796791523694992,272,339
0,1,0.9087564945220947,0.21462641656398773,0.08985932171344757,0.09796791523694992,281,339
0,2,-0.9371550679206848,0.1607593297958374,0.1781356781721115,0.09796791523694992,262,344
0,3,0.4836929440498352,0.7393712401390076,0.3939629793167114,0.09796791523694992,262,344
0,4,0.4983503222465515,0.8161081075668335,0.2811168432235718,0.09796791523694992,242,360
0,5,0.3078046143054962,0.7450704574584961,-0.15446408092975616,-0.09796791523694992,262,332
0,6,0.31879764795303345,0.7760934233665466,-0.136978417634964,-0.09796791523694992,307,331
0,7,0.3297906517982483,0.8048668503761292,-0.12978942692279816,-0.09796791523694992,321,333
0,8,0.3407836854457855,0.8326286673545837,-0.1281965672969818,-0.09796791523694992,301,343
0,9,0.35177668929100037,0.8638544082641602,-0.09993136674165726,-0.09796791523694992,239,365
 , , , , , , , 
0,0,0.9371550679206848,0.2105698585510254,0.11504876613616943,0.09796791523694992,252,345
 , , , , , , , 
0,0,0.2720772922039032,0.7341464757919312,-0.11606588959693909,0.09796791523694992,232,340
0,1,0.28215423226356506,0.7605006098747253,-0.1255413293838501,0.09796791523694992,308,339
0,2,0.29223117232322693,0.7871725559234619,-0.13295234739780426,0.09796791523694992,344,337
0,3,0.3023080825805664,0.814768373966217,-0.13483348488807678,0.09796791523694992,341,338
0,4,0.31238505244255066,0.8469252586364746,-0.1047455370426178,0.09796791523694992,292,351
0,5,-0.043056003749370575,1.3708713054656982,-0.13103079795837402,0.29390373826026917,248,377
0,6,-0.043972086161375046,1.4013094902038574,-0.11978127062320709,0.29390373826026917,305,385
0,7,-0.044888172298669815,1.4312692880630493,-0.11296137422323227,0.29390373826026917,320,395
0,8,0.0,1.4618198871612549,-0.1070772111415863,0.29390373826026917,301,403
0,9,0.046720340847969055,1.4812792539596558,-0.19699327647686005,0.29390373826026917,231,420
 , , , , , , , 
0,0,0.3078046143054962,0.744293749332428,-0.1581643521785736,0.09796791523694992,262,334
0,1,0.31879764795303345,0.7772140502929688,-0.13046978414058685,0.09796791523694992,315,331
0,2,0.3297906517982483,0.8072340488433838,-0.11414508521556854,0.09796791523694992,336,331
0,3,0.3407836854457855,0.8361575603485107,-0.10269059240818024,0.09796791523694992,320,342
0,4,0.3810914158821106,0.8529271483421326,-0.08521855622529984,0.09796791523694992,267,363
0,5,-0.043972086161375046,1.3973922729492188,-0.15909400582313538,0.4898395836353302,260,343
0,6,-0.044888172298669815,1.429292917251587,-0.1356974095106125,0.4898395836353302,322,344
0,7,0.0,1.462079644203186,-0.10346954315900803,0.4898395836353302,344,347
0,8,-0.29131507873535156,1.5248916149139404,0.061350710690021515,0.4898395836353302,272,403
0,9,-0.8409661650657654,0.3008583188056946,1.3069559335708618,0.4898395836353302,245,444
0,10,-0.34628018736839294,1.5431264638900757,0.06873561441898346,0.4898395836353302,245,444
0,11,-0.045804258435964584,1.4649451971054077,-0.014852220192551613,0.5878074765205383,351,340
0,12,-0.046720340847969055,1.4943170547485352,-0.0033399774692952633,0.5878074765205383,341,347
0,13,-0.09527285397052765,1.520954966545105,-0.036192797124385834,0.5878074765205383,300,363
0,14,0.9069242477416992,0.3364202380180359,0.01205362193286419,-0.09796791523694992,271,339
0,15,0.9344068765640259,0.34419792890548706,0.04270578920841217,-0.09796791523694992,268,352
0,16,0.9618894457817078,0.34664544463157654,0.08551734685897827,-0.09796791523694992,237,366
 , , , , , , , 
0,0,0.14565753936767578,1.5303771495819092,-0.225060373544693,0.29390373826026917,305,351
0,1,0.1484057903289795,1.5581094026565552,-0.23694826662540436,0.29390373826026917,347,359
0,2,0.1511540412902832,1.5860168933868408,-0.24747882783412933,0.29390373826026917,346,375
0,3,0.2052030712366104,1.6109552383422852,-0.24009636044502258,0.29390373826026917,312,394
0,4,0.2088674157857895,1.6511107683181763,-0.14915089309215546,0.29390373826026917,241,421
0,5,0.8244765996932983,0.2666482925415039,0.15018261969089508,-0.09796791523694992,253,335
0,6,0.851959228515625,0.2985585629940033,0.10424310714006424,-0.09796791523694992,311,337
0,7,0.8794417381286621,0.31449782848358154,0.08746957778930664,-0.09796791523694992,332,344
0,8,0.9069242477416992,0.32632362842559814,0.08268474042415619,-0.09796791523694992,317,357
0,9,0.9032599329948425,0.41133302450180054,0.09131720662117004,-0.09796791523694992,265,380
 , , , , , , , 
0,0,0.8519591689109802,0.20600730180740356,0.07172403484582901,-0.09796791523694992,236,343
0,1,0.851959228515625,0.3119286894798279,0.05200314521789551,-0.09796791523694992,286,347
0,2,0.8794417381286621,0.32340848445892334,0.04434827342629433,-0.09796791523694992,300,355
0,3,0.9069242477416992,0.3349640965461731,0.03351008892059326,-0.09796791523694992,279,369
0,4,0.9032599329948425,0.42097657918930054,0.017675302922725677,-0.09796791523694992,227,391
0,5,0.5294972062110901,0.8367616534233093,-0.11346711963415146,-0.09796791523694992,227,391
 , , , , , , , 
0,0,0.2473430037498474,1.4636006355285645,-0.5500621199607849,0.29390373826026917,253,362
0,1,0.25192341208457947,1.5069916248321533,-0.5148337483406067,0.29390373826026917,290,376
0,2,0.2565038502216339,1.5284591913223267,-0.541248083114624,0.29390373826026917,292,389
0,3,0.2088674157857895,1.5312488079071045,-0.6353656649589539,0.3918716609477997,275,388
0,4,0.21253176033496857,1.5779465436935425,-0.5964720845222473,0.4898395836353302,248,363
 , , , , , , , 
0,0,0.8235605955123901,0.36505237221717834,0.11967914551496506,0.09796791523694992,234,327
0,1,0.8501270413398743,0.38347554206848145,0.10103528946638107,0.09796791523694992,263,330
0,2,0.8766934871673584,0.398928165435791,0.09000188112258911,0.09796791523694992,258,341
0,3,0.16489532589912415,1.7097092866897583,0.37864893674850464,0.29390373826026917,228,409
0,4,0.16764357686042786,1.757535457611084,0.28393256664276123,0.29390373826026917,260,445
0,5,0.17039184272289276,1.793800950050354,0.23790420591831207,0.29390373826026917,246,482
0,6,0.20153872668743134,1.5950428247451782,-0.12150372564792633,0.3918716609477997,258,346
0,7,0.2052030712366104,1.6242520809173584,-0.12094680964946747,0.3918716609477997,295,351
0,8,0.2088674157857895,1.6527774333953857,-0.1293804943561554,0.3918716609477997,297,360
0,9,0.21253176033496857,1.6804710626602173,-0.1473468840122223,0.3918716609477997,267,372
 , , , , , , , 
0,0,0.11359456181526184,1.813955307006836,0.004037464968860149,0.29390373826026917,273,357
0,1,0.11542672663927078,1.8432093858718872,-0.005298608914017677,0.29390373826026917,320,370
0,2,0.11725889891386032,1.8724185228347778,-0.014482996426522732,0.29390373826026917,330,382
0,3,0.11909107118844986,1.9017246961593628,0.005265392363071442,0.29390373826026917,313,388
0,4,0.2418464720249176,1.8925243616104126,0.3212530016899109,0.29390373826026917,266,408
0,5,-0.4836929440498352,1.0102596282958984,1.5775799751281738,0.29390373826026917,266,408
0,6,-0.6137770414352417,1.0584144592285156,1.5364480018615723,0.29390373826026917,249,442
0,7,0.368266224861145,1.2880690097808838,1.4362778663635254,0.29390373826026917,249,442
0,8,0.28856682777404785,1.819858431816101,0.12496685236692429,0.6857753992080688,308,343
0,9,0.2931472361087799,1.848796010017395,0.12620750069618225,0.6857753992080688,339,346
0,10,-0.1786366105079651,1.8954452276229858,0.07837870717048645,-0.7837433218955994,349,337
0,11,-0.1813848614692688,1.9252523183822632,0.06200538948178291,-0.7837433218955994,312,347
 , , , , , , , 
0,0,0.8977634906768799,0.4858091473579407,0.10352635383605957,0.09796791523694992,228,361
0,1,0.17039184272289276,1.8048478364944458,-0.12978611886501312,0.3918716609477997,235,355
0,2,0.17314009368419647,1.8354605436325073,-0.10899212211370468,0.3918716609477997,322,364
0,3,0.17588834464550018,1.864155650138855,-0.11788702756166458,0.3918716609477997,352,381
0,4,0.1786366105079651,1.8921749591827393,-0.13612373173236847,0.3918716609477997,348,399
0,5,0.1813848614692688,1.9258884191513062,0.037352994084358215,0.4898395836353302,288,446
0,6,0.30688852071762085,1.9356251955032349,0.129654660820961,0.4898395836353302,247,472
 , , , , , , , 
0,0,0.19237789511680603,2.0428991317749023,-0.019602855667471886,0.19593583047389984,236,374
0,1,0.19512614607810974,2.072101593017578,-0.017896287143230438,0.19593583047389984,258,375
0,2,0.40674179792404175,2.1306068897247314,0.029888855293393135,0.29390373826026917,296,368
0,3,0.34353193640708923,2.171424150466919,-0.027631469070911407,0.29390373826026917,303,387
0,4,0.3481123447418213,2.1979870796203613,-0.10627518594264984,0.29390373826026917,268,414
 , , , , , , , 
0,0,0.260168194770813,2.052306652069092,-0.22879989445209503,0.29390373826026917,281,344
0,1,0.2638325095176697,2.0922508239746094,-0.08811723440885544,0.29390373826026917,292,351
0,2,0.33437106013298035,2.1101279258728027,0.12267240136861801,0.29390373826026917,326,363
0,3,0.3389514982700348,2.13667893409729,0.1597876250743866,0.29390373826026917,336,387
0,4,0.34353193640708923,2.164533853530884,0.17504125833511353,0.29390373826026917,313,419
0,5,0.3481123447418213,2.1929495334625244,0.1827930212020874,0.29390373826026917,258,458
0,6,0.19237789511680603,2.042980670928955,0.007124749477952719,0.3918716609477997,258,343
 , , , , , , , 
0,0,0.4012452960014343,2.1014862060546875,0.047435689717531204,0.19593583047389984,237,398
0,1,0.40674179792404175,2.1305527687072754,-0.03352796658873558,0.19593583047389984,271,402
0,2,0.41223829984664917,2.1582584381103516,-0.07642848789691925,0.19593583047389984,303,405
0,3,0.417734831571579,2.18761944770813,-0.058670882135629654,0.19593583047389984,313,414
0,4,0.49376991391181946,2.201169490814209,0.07841303199529648,0.19593583047389984,281,436
0,5,0.260168194770813,2.0609147548675537,-0.13016416132450104,0.4898395836353302,265,345
0,6,0.2638325095176697,2.090148687362671,-0.12867099046707153,0.4898395836353302,291,356
0,7,0.20062264800071716,2.125307083129883,-0.1493731588125229,0.4898395836353302,277,371
0,8,0.13558059930801392,2.1590025424957275,-0.16169001162052155,0.4898395836353302,230,391
 , , , , , , , 
0,0,0.9087564945220947,0.2114618420600891,0.09707259386777878,0.09796791523694992,238,348
0,1,0.9371550679206848,0.23410187661647797,0.05265159159898758,0.09796791523694992,234,356
0,2,0.22260868549346924,2.3226823806762695,0.44023534655570984,0.29390373826026917,227,495
0,3,0.4287278652191162,2.2446954250335693,0.07641804218292236,0.3918716609477997,316,356
0,4,0.28215423226356506,2.2392256259918213,-0.036913204938173294,0.4898395836353302,350,344
0,5,-0.3618536591529846,1.7766960859298706,1.4407068490982056,0.4898395836353302,262,396
0,6,0.5065951347351074,2.089945077896118,0.8594849705696106,0.4898395836353302,262,396
0,7,0.27116119861602783,2.1522088050842285,0.016930675134062767,0.5878074765205383,262,344
0,8,0.2748255431652069,2.1813530921936035,0.005490932613611221,0.5878074765205383,328,345
0,9,0.278489887714386,2.2104387283325195,-0.005225808825343847,0.5878074765205383,355,344
 , , , , , , , 
0,0,0.41223829984664917,2.157899856567383,0.08595285564661026,0.29390373826026917,238,373
0,1,0.417734831571579,2.1869523525238037,0.07975553721189499,0.29390373826026917,258,387
0,2,0.3572732210159302,2.2557735443115234,0.11021013557910919,0.3918716609477997,238,367
0,3,-0.5001825094223022,0.7685655355453491,-2.094619035720825,0.3918716609477997,238,367
0,4,0.3618536591529846,2.275022268295288,-0.23782138526439667,0.3918716609477997,235,386
0,5,0.28215423226356506,2.2385292053222656,-0.06694039702415466,0.5878074765205383,262,350
0,6,0.28581857681274414,2.2676775455474854,-0.06519489735364914,0.5878074765205383,277,350
 , , , , , , , 
0,0,0.9087564945220947,0.22416651248931885,0.06235842779278755,0.09796791523694992,230,328
0,1,0.9371550679206848,0.23540210723876953,0.04649435356259346,0.09796791523694992,269,329
0,2,0.9344068765640259,0.3443988561630249,0.04105401039123535,0.09796791523694992,280,337
0,3,0.9618894457817078,0.3540692627429962,0.04594816640019417,0.09796791523694992,259,350
0,4,0.3481123447418213,2.1954591274261475,0.14966925978660583,0.29390373826026917,236,364
0,5,0.35269278287887573,2.1967625617980957,0.38071832060813904,0.3918716609477997,266,360
0,6,0.3572732210159302,2.2344553470611572,0.32843461632728577,0.3918716609477997,295,380
0,7,0.3618536591529846,2.27366042137146,0.2505069971084595,0.3918716609477997,293,400
0,8,0.21986043453216553,2.3284707069396973,0.17246773838996887,0.3918716609477997,270,423
0,9,0.1484057903289795,2.3647513389587402,0.15537938475608826,0.3918716609477997,235,451
 , , , , , , , 
0,0,0.41223829984664917,2.159550905227661,0.016118284314870834,0.29390373826026917,276,344
0,1,0.417734831571579,2.188161611557007,-0.03270473703742027,0.29390373826026917,340,352
0,2,0.4232313632965088,2.2165536880493164,-0.05357535555958748,0.29390373826026917,356,370
0,3,0.4287278652191162,2.244617462158203,-0.07867519557476044,0.29390373826026917,330,393
0,4,0.5065951347351074,2.2555370330810547,-0.13833606243133545,0.29390373826026917,261,417
0,5,0.21986043453216553,2.333747386932373,0.07171831279993057,0.3918716609477997,240,465
0,6,0.2894829213619232,2.2721798419952393,0.3414980471134186,0.4898395836353302,259,423
 , , , , , , , 
0,0,0.9087564945220947,0.17131367325782776,0.15745101869106293,0.09796791523694992,237,329
0,1,0.556979775428772,0.5560612082481384,0.5104381442070007,0.09796791523694992,237,329
0,2,0.5441545844078064,0.7132399678230286,0.3619668483734131,0.09796791523694992,240,334
0,3,0.9371550679206848,0.1809355467557907,0.15760143101215363,0.09796791523694992,240,334
0,4,0.5065951347351074,2.2529616355895996,-0.17535069584846497,0.19593583047389984,283,401
0,5,0.513007640838623,2.2741658687591553,-0.25465986132621765,0.19593583047389984,235,423
0,6,0.3481123447418213,2.1995346546173096,0.0669974759221077,0.29390373826026917,258,345
0,7,0.4232313632965088,2.21720027923584,-0.0017382825026288629,0.29390373826026917,321,344
0,8,0.4287278652191162,2.245758056640625,-0.03267817199230194,0.29390373826026917,339,351
0,9,0.2931472361087799,2.326430559158325,0.040558118373155594,0.3918716609477997,270,400
0,10,0.37101447582244873,2.3392956256866455,-0.16810570657253265,0.3918716609477997,239,429
0,11,0.5743853449821472,0.7764046788215637,0.05579225346446037,-0.09796791523694992,230,344
 , , , , , , , 
0,0,0.3078046143054962,2.436847448348999,0.17500533163547516,0.19593583047389984,258,390
0,1,0.23360171914100647,2.4715676307678223,0.2135649025440216,0.19593583047389984,299,392
0,2,0.15756665170192719,2.498058319091797,0.30108532309532166,0.19593583047389984,298,403
0,3,0.07969940453767776,2.4960622787475586,0.5174598693847656,0.19593583047389984,268,416
0,4,-0.40307745337486267,1.8389685153961182,1.7636761665344238,0.19593583047389984,242,436
0,5,0.4452173709869385,2.3311779499053955,-0.07487460225820541,0.4898395836353302,249,331
0,6,0.4507138729095459,2.359123945236206,-0.09839388728141785,0.4898395836353302,317,337
0,7,0.4562104046344757,2.3872594833374023,-0.11378669738769531,0.4898395836353302,345,344
0,8,0.4617069363594055,2.4146735668182373,-0.14061877131462097,0.4898395836353302,341,349
0,9,0.3893361985683441,2.4494833946228027,-0.23932260274887085,0.4898395836353302,300,363
0,10,-0.7090499401092529,0.6528241634368896,2.329558849334717,0.4898395836353302,246,393
0,11,0.15756665170192719,2.5112738609313965,-0.15637201070785522,0.4898395836353302,246,393
0,12,-0.7969940304756165,0.2373649626970291,2.4109959602355957,0.4898395836353302,230,432
0,13,0.9371550679206848,0.2398451566696167,-0.007083731237798929,-0.09796791523694992,235,341
0,14,0.9344068765640259,0.34651800990104675,0.014875046908855438,-0.09796791523694992,242,349
0,15,0.9298264384269714,0.42966189980506897,0.05933775007724762,-0.09796791523694992,228,361
 , , , , , , , 
0,0,0.1539023071527481,2.456904172897339,0.05943172425031662,0.19593583047389984,252,404
0,1,0.23360171914100647,2.4773714542388916,0.12995201349258423,0.19593583047389984,289,405
0,2,0.23634997010231018,2.502713203430176,0.19063271582126617,0.19593583047389984,288,420
0,3,0.2390982210636139,2.519091844558716,0.31851330399513245,0.19593583047389984,249,440
0,4,0.4617069363594055,2.4174418449401855,-0.07998431473970413,0.4898395836353302,327,337
0,5,0.46720343828201294,2.4459214210510254,-0.08953404426574707,0.4898395836353302,347,336
0,6,0.47269994020462036,2.4699034690856934,-0.1786266267299652,0.4898395836353302,336,340
0,7,0.31879761815071106,2.513127088546753,-0.2949623763561249,0.4898395836353302,293,362
0,8,-0.6375952363014221,0.8154358267784119,2.3308753967285156,0.4898395836353302,293,362
0,9,-0.7255394458770752,0.3282594084739685,2.453705072402954,0.4898395836353302,275,397
0,10,0.4562104046344757,2.389770746231079,0.030842943117022514,0.5878074765205383,283,337
0,11,-0.08977634459733963,2.7762651443481445,-0.7331569194793701,-0.6857753992080688,231,360
0,12,0.8977634310722351,1.7344785928726196,2.106853485107422,-0.6857753992080688,231,360
 , , , , , , , 
0,0,0.33345499634742737,2.5958383083343506,-0.5164628624916077,0.09796791523694992,239,430
0,1,0.33711934089660645,2.6444509029388428,-0.4084048271179199,0.09796791523694992,229,431
0,2,0.4076578915119171,2.5714919567108154,-0.16787050664424896,0.29390373826026917,286,339
0,3,0.3297906517982483,2.608269214630127,-0.2212023288011551,0.29390373826026917,337,338
0,4,0.33345499634742737,2.6310877799987793,-0.2872062027454376,0.29390373826026917,345,342
0,5,0.25283950567245483,2.6584789752960205,-0.3769969344139099,0.29390373826026917,322,348
0,6,0.08519592136144638,2.7170443534851074,-0.20725899934768677,0.29390373826026917,267,370
0,7,0.4351404309272766,2.735154390335083,0.2919671833515167,0.3918716609477997,239,458
0,8,0.4259796142578125,2.6441426277160645,0.5095055103302002,0.4898395836353302,284,388
0,9,0.43056005239486694,2.7159132957458496,0.17798425257205963,0.4898395836353302,270,422
 , , , , , , , 
0,0,0.3297906517982483,2.564384698867798,-0.5252894163131714,0.19593583047389984,266,374
0,1,0.33345499634742737,2.603529930114746,-0.47617480158805847,0.19593583047389984,296,373
0,2,0.33711934089660645,2.635113000869751,-0.4648599326610565,0.19593583047389984,292,376
0,3,0.17039184272289276,2.6961519718170166,-0.3664374053478241,0.19593583047389984,255,386
0,4,0.1630631536245346,2.603900194168091,-0.007121873553842306,0.4898395836353302,236,347
0,5,0.16489532589912415,2.633042573928833,-0.02560163289308548,0.4898395836353302,276,347
0,6,0.2500912547111511,2.6558117866516113,0.020514152944087982,0.4898395836353302,295,348
0,7,0.33711934089660645,2.673983573913574,0.09862891584634781,0.4898395836353302,302,355
0,8,0.4259796142578125,2.68886661529541,0.14520078897476196,0.4898395836353302,286,375
 , , , , , , , 
0,0,0.4351404309272766,2.744739055633545,0.18088971078395844,0.19593583047389984,325,348
0,1,0.43972086906433105,2.7645423412323,0.28939321637153625,0.19593583047389984,375,352
0,2,0.4443013072013855,2.7930402755737305,0.29525524377822876,0.19593583047389984,392,370
0,3,0.44888171553611755,2.8246591091156006,0.2702461779117584,0.19593583047389984,376,398
0,4,0.453462153673172,2.8536834716796875,0.2708912491798401,0.19593583047389984,335,434
0,5,0.3664340674877167,2.8901286125183105,0.3262127935886383,0.19593583047389984,276,476
0,6,0.4259796142578125,2.6920876502990723,-0.06123838201165199,0.29390373826026917,254,343
0,7,0.43056005239486694,2.721277952194214,0.05009738355875015,0.29390373826026917,288,341
 , , , , , , , 
0,0,0.4443013072013855,2.7754852771759033,0.4300357401371002,0.09796791523694992,285,346
0,1,0.44888171553611755,2.800619602203369,0.45635801553726196,0.09796791523694992,326,343
0,2,0.3627697229385376,2.807934522628784,0.6375114321708679,0.09796791523694992,310,350
0,3,0.2748255431652069,2.817373752593994,0.7618452310562134,0.09796791523694992,294,361
0,4,0.37009841203689575,2.9002528190612793,0.46671414375305176,0.09796791523694992,303,387
0,5,0.28032204508781433,2.9249684810638428,0.5537945628166199,0.09796791523694992,273,424
0,6,-0.7475254535675049,1.3427684307098389,-2.564934253692627,0.09796791523694992,273,424
0,7,0.43972086906433105,2.7782716751098633,-0.0874614343047142,0.29390373826026917,273,345
0,8,0.4443013072013855,2.805846929550171,-0.12439258396625519,0.29390373826026917,324,345
0,9,0.44888171553611755,2.8294410705566406,-0.21446463465690613,0.29390373826026917,342,345
0,10,0.5441545844078064,2.808086395263672,-0.4909840524196625,0.29390373826026917,335,343
0,11,-0.5441545844078064,1.2111717462539673,2.580596446990967,0.29390373826026917,335,343
0,12,-0.45804259181022644,1.7639844417572021,2.29610276222229,0.29390373826026917,282,365
0,13,0.7328681349754333,2.1460068225860596,-1.8577111959457397,0.29390373826026917,282,365
 , , , , , , , 
0,0,0.4443013072013855,2.7324070930480957,0.649770200252533,0.09796791523694992,236,363
0,1,0.44888171553611755,2.774139404296875,0.5965584516525269,0.09796791523694992,309,357
0,2,0.453462153673172,2.8252451419830322,0.4846462905406952,0.09796791523694992,336,360
0,3,0.45804259181022644,2.8724660873413086,0.36423608660697937,0.09796791523694992,331,367
0,4,0.4626230001449585,2.9165167808532715,0.21487458050251007,0.09796791523694992,292,383
0,5,-0.6476722359657288,0.6860190033912659,2.8064496517181396,0.09796791523694992,292,383
0,6,-0.5606440901756287,1.6514431238174438,2.4288110733032227,0.09796791523694992,236,412
0,7,0.44888171553611755,2.837494134902954,0.01895926706492901,0.29390373826026917,252,337
 , , , , , , , 
0,0,0.538658082485199,2.7846691608428955,0.4568284749984741,0.09796791523694992,296,367
0,1,0.5441545844078064,2.8261003494262695,0.37359434366226196,0.09796791523694992,336,368
0,2,0.45804259181022644,2.8801779747009277,0.29715844988822937,0.09796791523694992,327,379
0,3,0.4626230001449585,2.886441707611084,0.46978193521499634,0.09796791523694992,280,396
0,4,0.37376272678375244,2.883707284927368,0.6965928673744202,0.09796791523694992,265,424
0,5,0.3774270713329315,2.913769006729126,0.6959709525108337,0.09796791523694992,226,460
 , , , , , , , 
0,0,0.4443013072013855,2.7939727306365967,0.28629663586616516,0.09796791523694992,242,361
0,1,0.44888171553611755,2.817873477935791,0.33364707231521606,0.09796791523694992,307,353
0,2,0.453462153673172,2.8460159301757812,0.3421771824359894,0.09796791523694992,328,352
0,3,0.45804259181022644,2.87074875831604,0.3775314390659332,0.09796791523694992,311,360
0,4,0.4626230001449585,2.9143025875091553,0.24306641519069672,0.09796791523694992,260,380
0,5,0.28032204508781433,2.971290111541748,0.18320481479167938,0.09796791523694992,240,412
 , , , , , , , 
0,0,0.28215423226356506,0.762614369392395,-0.11198708415031433,0.09796791523694992,261,342
0,1,0.29223117232322693,0.7921704053878784,-0.09890922158956528,0.09796791523694992,320,341
0,2,0.3023080825805664,0.8224356770515442,-0.07501427084207535,0.09796791523694992,351,341
0,3,0.3407836854457855,0.8417142629623413,-0.03495611622929573,0.09796791523694992,358,345
0,4,0.4104061424732208,0.8430482745170593,0.028530126437544823,0.09796791523694992,348,364
0,5,0.4534621238708496,0.8534191250801086,0.043397847563028336,0.09796791523694992,325,395
0,6,0.4983503222465515,0.8624584674835205,0.03499327600002289,0.09796791523694992,275,434
 , , , , , , , 
0,0,0.4104061424732208,0.8355805277824402,0.1155402883887291,0.09796791523694992,328,348
0,1,0.4534621238708496,0.8504337072372437,0.0834871381521225,0.09796791523694992,287,383
0,2,0.0604616180062294,0.43537309765815735,-0.8617599010467529,0.09796791523694992,287,383
0,3,0.5294972062110901,0.8436784148216248,0.03537793084979057,0.09796791523694992,261,423
0,4,0.2565038502216339,0.773327648639679,-0.09951373189687729,0.19593583047389984,253,338
0,5,0.2656646966934204,0.8005208373069763,-0.10632315278053284,0.19593583047389984,311,341
0,6,0.2748255431652069,0.8269723057746887,-0.11834479868412018,0.19593583047389984,339,341
0,7,0.25558775663375854,0.8602318167686462,-0.14322881400585175,0.19593583047389984,342,339
 , , , , , , , 
0,0,0.28215423226356506,0.754916787147522,-0.15563583374023438,0.09796791523694992,268,326
0,1,0.29223117232322693,0.7864869236946106,-0.13694991171360016,0.09796791523694992,335,327
0,2,0.3023080825805664,0.8179192543029785,-0.11417382210493088,0.09796791523694992,363,331
0,3,0.3407836854457855,0.838900089263916,-0.07714599370956421,0.09796791523694992,358,336
0,4,0.3810914158821106,0.8565974235534668,-0.031428996473550797,0.09796791523694992,306,355
0,5,0.4534621238708496,0.8538416624069214,0.03408816456794739,0.09796791523694992,255,390
0,6,0.46720343828201294,0.8774667978286743,0.07200833410024643,0.09796791523694992,261,428
0,7,0.4809447228908539,0.9036445021629333,0.06947185099124908,0.09796791523694992,228,472
 , , , , , , , 
0,0,0.4983503222465515,0.7930216789245605,0.052355967462062836,0.09796791523694992,268,341
0,1,0.4745320975780487,0.9717564582824707,-0.08344448357820511,0.3918716609477997,228,388
0,2,0.35177668929100037,0.8694721460342407,0.015775421634316444,0.4898395836353302,268,341
0,3,0.3930005133152008,0.8838618397712708,0.01320213545113802,0.4898395836353302,335,340
0,4,0.4049096405506134,0.9107443690299988,0.002259135013446212,0.4898395836353302,366,338
0,5,0.416818767786026,0.9375157952308655,-0.005815605167299509,0.4898395836353302,357,344
0,6,0.4287278354167938,0.9641987681388855,-0.015320024453103542,0.4898395836353302,306,363
0,7,0.556979775428772,0.7542645931243896,0.028914831578731537,-0.09796791523694992,248,325
0,8,0.5743853449821472,0.7783493995666504,0.009446666575968266,-0.09796791523694992,267,329
 , , , , , , , 
0,0,0.5441545844078064,0.7911459803581238,-0.11755573749542236,0.29390373826026917,245,344
0,1,0.5606440901756287,0.818585216999054,-0.09491400420665741,0.29390373826026917,324,337
0,2,0.5771336555480957,0.8439470529556274,-0.08589296042919159,0.29390373826026917,360,335
0,3,0.593623161315918,0.872130274772644,0.026865437626838684,0.3918716609477997,357,341
0,4,0.6101126670837402,0.8943424820899963,0.06609414517879486,0.3918716609477997,326,355
0,5,0.591791033744812,0.8951084613800049,0.2991156280040741,0.4898395836353302,306,367
0,6,0.5001825094223022,1.0142565965652466,0.16786029934883118,0.5878074765205383,315,364
0,7,0.47636425495147705,1.0675593614578247,0.09142731875181198,0.5878074765205383,314,391
0,8,0.48827338218688965,1.0952929258346558,0.08059170842170715,0.5878074765205383,283,423
 , , , , , , , 
0,0,0.9344068765640259,0.34676337242126465,-0.007153315935283899,0.09796791523694992,235,347
0,1,0.6614134907722473,0.8892340660095215,-0.11269776523113251,0.4898395836353302,315,337
0,2,0.6788191199302673,0.9131020903587341,-0.11191664636135101,0.4898395836353302,370,335
0,3,0.6962246894836426,0.9362707138061523,-0.11676101386547089,0.4898395836353302,382,340
0,4,0.7511898279190063,0.9307652711868286,-0.11816215515136719,0.4898395836353302,356,351
0,5,0.7695115208625793,0.9533841013908386,-0.12169495224952698,0.4898395836353302,283,376
 , , , , , , , 
0,0,0.7832527756690979,1.055963158607483,-0.10792069137096405,0.29390373826026917,254,356
0,1,0.8006584644317627,1.0816155672073364,-0.08628375828266144,0.29390373826026917,316,357
0,2,0.8180640935897827,1.1060774326324463,-0.07533223927021027,0.29390373826026917,339,356
0,3,0.835469663143158,1.130361557006836,-0.0649830549955368,0.29390373826026917,323,357
0,4,0.852875292301178,1.154390811920166,-0.057379234582185745,0.29390373826026917,236,375
0,5,0.942651629447937,1.0765348672866821,0.12564729154109955,0.4898395836353302,260,360
0,6,0.9618894457817078,1.0861767530441284,0.20825855433940887,0.4898395836353302,232,388
0,7,0.3591053783893585,2.8502283096313477,0.0216683316975832,-0.09796791523694992,239,376
0,8,0.3627697229385376,2.87911319732666,0.0402974970638752,-0.09796791523694992,245,377
 , , , , , , , 
0,0,1.0553300380706787,0.8882810473442078,0.2778213918209076,0.3918716609477997,237,339
0,1,1.077316164970398,0.9029576182365417,0.2955745458602905,0.3918716609477997,296,340
0,2,1.0993021726608276,0.9273186922073364,0.2828386425971985,0.3918716609477997,327,339
0,3,0.981127142906189,1.1182186603546143,0.1488412469625473,0.4898395836353302,346,340
0,4,1.0003650188446045,1.1427621841430664,0.13059493899345398,0.4898395836353302,331,351
0,5,1.0196027755737305,1.1666902303695679,0.11474768817424774,0.4898395836353302,276,374
 , , , , , , , 
0,0,1.187246322631836,0.9935801029205322,0.33033061027526855,0.4898395836353302,248,338
0,1,1.158847689628601,1.0208903551101685,0.4630311131477356,0.4898395836353302,235,339
0,2,1.1286169290542603,1.103232741355896,0.45169976353645325,0.4898395836353302,238,346
0,3,1.1350294351577759,1.303680419921875,0.059443533420562744,0.6857753992080688,265,338
0,4,1.1542673110961914,1.3221051692962646,0.11565477401018143,0.6857753992080688,277,342
0,5,1.1735050678253174,1.3390685319900513,0.165632963180542,0.6857753992080688,250,355
 , , , , , , , 
0,0,1.2312184572219849,1.065269112586975,-0.21031898260116577,0.29390373826026917,268,378
0,1,1.3054213523864746,1.0230085849761963,-0.2033882588148117,0.29390373826026917,250,371
0,2,1.187246322631836,1.042024850845337,-0.10248848795890808,0.3918716609477997,288,337
0,3,1.2092323303222656,1.0610123872756958,-0.10748413950204849,0.3918716609477997,312,340
0,4,1.158847689628601,1.1207163333892822,0.024694152176380157,0.5878074765205383,242,345
0,5,1.1799176931381226,1.138366460800171,0.08274926245212555,0.5878074765205383,236,352
 , , , , , , , 
0,0,1.2532044649124146,1.050054669380188,-0.344821572303772,0.19593583047389984,246,392
0,1,1.2751905918121338,1.0633783340454102,-0.36603179574012756,0.19593583047389984,254,375
0,2,1.187246322631836,1.0352050065994263,-0.15706804394721985,0.3918716609477997,237,340
0,3,1.2092323303222656,1.0555064678192139,-0.15233512222766876,0.3918716609477997,304,339
0,4,1.2312184572219849,1.075128436088562,-0.15208975970745087,0.3918716609477997,333,338
0,5,1.2532044649124146,1.105203628540039,-0.006462767720222473,0.4898395836353302,329,342
0,6,1.222057580947876,1.1818008422851562,0.028035538271069527,0.4898395836353302,311,352
0,7,1.189078450202942,1.2265985012054443,0.2701044976711273,0.5878074765205383,305,356
0,8,1.2092323303222656,1.2418161630630493,0.29886606335639954,0.5878074765205383,271,385
 , , , , , , , 
0,0,1.2092323303222656,1.0366073846817017,-0.25048959255218506,0.29390373826026917,235,343
0,1,1.2312184572219849,1.056261658668518,-0.25168168544769287,0.29390373826026917,298,342
0,2,1.2532044649124146,1.1013131141662598,-0.09287701547145844,0.3918716609477997,328,341
0,3,1.222057580947876,1.1807200908660889,0.05778539553284645,0.4898395836353302,330,352
0,4,1.2971765995025635,1.1427783966064453,-0.05289853364229202,0.4898395836353302,302,355
 , , , , , , , 
0,0,1.2532044649124146,1.1025974750518799,-0.07612879574298859,0.3918716609477997,267,344
0,1,1.222057580947876,1.181571364402771,-0.03644437715411186,0.3918716609477997,312,343
0,2,1.243127465248108,1.1933391094207764,0.14826864004135132,0.4898395836353302,335,338
0,3,1.2092323303222656,1.2573773860931396,0.2245672196149826,0.4898395836353302,334,341
0,4,1.229386329650879,1.2704393863677979,0.26878586411476135,0.4898395836353302,307,362
0,5,1.2495402097702026,1.3028870820999146,0.21092195808887482,0.4898395836353302,250,394
 , , , , , , , 
0,0,1.2852674722671509,1.2430405616760254,0.02429923042654991,0.09796791523694992,275,369
0,1,1.3063374757766724,1.250111699104309,0.18454480171203613,0.09796791523694992,254,383
0,2,1.2751905918121338,1.0946582555770874,-0.2578296661376953,0.19593583047389984,235,333
0,3,1.2971765995025635,1.1210891008377075,-0.22781580686569214,0.19593583047389984,284,335
0,4,1.3191626071929932,1.1508522033691406,-0.17035317420959473,0.19593583047389984,305,336
 , , , , , , , 
0,0,1.2641974687576294,1.222860336303711,-0.009409596212208271,0.09796791523694992,262,367
0,1,1.2852674722671509,1.2427440881729126,0.036433711647987366,0.09796791523694992,282,373
0,2,1.3063374757766724,1.261537790298462,0.07320181280374527,0.09796791523694992,271,383
0,3,1.3274073600769043,1.2781449556350708,0.12291213124990463,0.09796791523694992,233,398
0,4,1.2971765995025635,1.1002118587493896,-0.31348779797554016,0.29390373826026917,245,342
 , , , , , , , 
0,0,1.2852674722671509,1.242026925086975,0.05576395243406296,0.09796791523694992,232,361
0,1,1.3063374757766724,1.263022541999817,0.04012582078576088,0.09796791523694992,247,367
0,2,1.3274073600769043,1.2834374904632568,0.03937147557735443,0.09796791523694992,230,374
0,3,1.3191626071929932,1.1309880018234253,-0.27266672253608704,0.3918716609477997,259,341
0,4,1.3411486148834229,1.1567964553833008,-0.24656672775745392,0.3918716609477997,267,341
0,5,0.7383646368980408,0.5954397320747375,1.5503621101379395,0.3918716609477997,236,344
0,6,1.4199320077896118,1.1124930381774902,-0.22249898314476013,0.3918716609477997,236,344
0,7,1.2641974687576294,1.1924396753311157,-0.27122583985328674,0.5878074765205383,238,337
0,8,1.2852674722671509,1.2180160284042358,-0.24935372173786163,0.5878074765205383,253,336
 , , , , , , , 
0,0,1.363134741783142,1.1755659580230713,-0.25151923298835754,0.09796791523694992,247,351
0,1,1.3851207494735718,1.2002454996109009,-0.22720828652381897,0.09796791523694992,247,354
 , , , , , , , 
0,0,1.2852674722671509,1.235308289527893,0.1405479907989502,-0.09796791523694992,284,367
0,1,1.3063374757766724,1.2576688528060913,0.12290246784687042,-0.09796791523694992,327,367
0,2,1.3851207494735718,1.2173484563827515,0.10136781632900238,-0.09796791523694992,336,367
0,3,1.4071067571640015,1.2407357692718506,0.023141438141465187,-0.09796791523694992,302,377
 , , , , , , , 
0,0,1.3063374757766724,1.2364646196365356,0.26075130701065063,-0.09796791523694992,270,348
0,1,1.3274073600769043,1.2424919605255127,0.32399964332580566,-0.09796791523694992,300,353
0,2,1.3484773635864258,1.2545369863510132,0.35728976130485535,-0.09796791523694992,299,358
0,3,1.3695473670959473,1.2690905332565308,0.38015294075012207,-0.09796791523694992,254,369
 , , , , , , , 
0,0,1.3411486148834229,1.182320475578308,0.033039193600416183,-0.09796791523694992,284,351
0,1,1.363134741783142,1.2019211053848267,0.024555012583732605,-0.09796791523694992,312,355
0,2,1.3851207494735718,1.2213938236236572,0.02025066688656807,-0.09796791523694992,301,360
0,3,1.3484773635864258,1.2257318496704102,0.44620683789253235,-0.09796791523694992,271,371
0,4,1.3100017309188843,1.3165888786315918,0.425741583108902,-0.09796791523694992,264,396
 , , , , , , , 
0,0,1.363134741783142,1.1996431350708008,0.07793419808149338,0.09796791523694992,230,428
 , , , , , , , 
0,0,1.3411486148834229,1.1766209602355957,-0.12056673318147659,0.09796791523694992,233,397
0,1,1.363134741783142,1.2003231048583984,-0.06664511561393738,0.09796791523694992,280,404
0,2,1.3851207494735718,1.2214772701263428,-0.01435899082571268,0.09796791523694992,291,410
0,3,1.4071067571640015,1.2404714822769165,0.034516461193561554,0.09796791523694992,269,422
 , , , , , , , 
0,0,1.3063374757766724,1.263340950012207,-0.028380656614899635,0.19593583047389984,293,379
0,1,1.3274073600769043,1.281968355178833,0.07293339818716049,0.19593583047389984,316,386
0,2,1.3484773635864258,1.2985082864761353,0.12407809495925903,0.19593583047389984,300,400
0,3,1.4290928840637207,1.2519735097885132,0.14499187469482422,0.19593583047389984,248,420
 , , , , , , , 
0,0,1.4428341388702393,1.105081558227539,-0.32832401990890503,0.19593583047389984,257,370
0,1,1.4071067571640015,1.1866472959518433,-0.3630828261375427,0.19593583047389984,271,380
0,2,1.4290928840637207,1.218300461769104,-0.3228068947792053,0.19593583047389984,256,396
0,3,1.229386329650879,1.165820598602295,0.5719478726387024,0.29390373826026917,228,340
0,4,1.2696939706802368,1.4306597709655762,0.2905716001987457,0.29390373826026917,232,403
0,5,1.2495402097702026,1.2085448503494263,0.5304924845695496,0.3918716609477997,249,337
0,6,1.2696939706802368,1.2648701667785645,0.44581714272499084,0.3918716609477997,269,333
0,7,1.2898478507995605,1.312482237815857,0.36550411581993103,0.3918716609477997,262,343
0,8,1.2504562139511108,1.3599001169204712,0.46668821573257446,0.3918716609477997,252,362
 , , , , , , , 
0,0,0.8217284083366394,1.8229533433914185,-0.3049321174621582,-0.7837433218955994,284,333
0,1,0.7695115804672241,1.8858400583267212,-0.2495780736207962,-0.7837433218955994,324,332
0,2,0.780504584312439,1.9199914932250977,-0.190904900431633,-0.7837433218955994,338,333
0,3,0.791497528553009,1.9503425359725952,-0.1567854881286621,-0.7837433218955994,314,347
0,4,0.8693647980690002,1.9538731575012207,-0.07795289158821106,-0.7837433218955994,247,375
 , , , , , , , 
0,0,1.4813097715377808,1.6902954578399658,-0.20911051332950592,0.09796791523694992,234,444
0,1,1.5005475282669067,1.7111873626708984,-0.22022490203380585,0.09796791523694992,229,465
0,2,0.780504584312439,1.9115009307861328,-0.26263248920440674,-0.5878074765205383,267,356
0,3,0.791497528553009,1.9395889043807983,-0.2577055096626282,-0.5878074765205383,288,353
 , , , , , , , 
0,0,1.300840973854065,1.6044872999191284,0.2557978928089142,0.19593583047389984,236,377
0,1,1.3191626071929932,1.6406958103179932,0.15103964507579803,0.29390373826026917,310,342
0,2,1.3374842405319214,1.6678353548049927,0.09462247788906097,0.29390373826026917,325,342
0,3,1.3558059930801392,1.6930010318756104,0.03681059926748276,0.29390373826026917,297,355
 , , , , , , , 
0,0,1.183582067489624,1.8866043090820312,0.05900370702147484,0.19593583047389984,275,358
0,1,1.1286169290542603,1.9548015594482422,0.00891625601798296,0.19593583047389984,297,365
0,2,1.1432743072509766,1.9802018404006958,-0.005383684765547514,0.19593583047389984,279,383
0,3,1.1579316854476929,2.0054728984832764,-0.022268829867243767,0.19593583047389984,225,406
0,4,0.6925603747367859,2.3263487815856934,-0.4147978723049164,-0.4898395836353302,261,331
0,5,0.7008051872253418,2.345832586288452,-0.463431179523468,-0.4898395836353302,277,330
 , , , , , , , 
0,0,1.1130434274673462,2.094980239868164,-0.10202038288116455,0.29390373826026917,358,347
0,1,1.2019037008285522,2.0798656940460205,-0.08874902874231339,0.29390373826026917,301,369
0,2,1.0718196630477905,2.0165581703186035,0.11401873081922531,0.3918716609477997,312,337
0,3,1.085560917854309,2.0434136390686035,0.09613332897424698,0.3918716609477997,361,340
0,4,1.0993021726608276,2.0702412128448486,0.07412777841091156,0.3918716609477997,372,346
0,5,1.058078408241272,1.9702088832855225,0.30635198950767517,0.5878074765205383,234,331
0,6,1.0718196630477905,1.9964284896850586,0.3062354326248169,0.5878074765205383,269,335
 , , , , , , , 
0,0,1.0003650188446045,2.246227502822876,0.13163483142852783,0.3918716609477997,238,367
0,1,1.0644909143447876,2.140542507171631,0.45279133319854736,0.5878074765205383,252,345
0,2,1.077316164970398,2.1754260063171387,0.4129246473312378,0.5878074765205383,249,368
0,3,0.5065951347351074,2.2335469722747803,0.34329691529273987,-0.7837433218955994,271,326
0,4,0.513007640838623,2.2667605876922607,0.3138143718242645,-0.7837433218955994,289,332
0,5,0.5194202661514282,2.3008179664611816,0.27323058247566223,-0.7837433218955994,278,333
0,6,0.6009518504142761,2.3190462589263916,0.19791778922080994,-0.7837433218955994,230,342
 , , , , , , , 
0,0,1.0223510265350342,2.5235188007354736,-0.1385492980480194,0.09796791523694992,292,453
0,1,1.1194560527801514,2.5109732151031494,-0.1872861385345459,0.09796791523694992,239,470
0,2,0.9893719553947449,2.441707134246826,0.14131195843219757,0.19593583047389984,285,416
0,3,1.0003650188446045,2.4704091548919678,0.11248087882995605,0.19593583047389984,333,411
0,4,1.0113580226898193,2.4988865852355957,0.0792829617857933,0.19593583047389984,347,409
0,5,0.47269994020462036,2.475830078125,-0.05095332860946655,-0.6857753992080688,230,335
0,6,0.4781964421272278,2.503843307495117,-0.08087269216775894,-0.6857753992080688,277,333
 , , , , , , , 
0,0,1.1551833152770996,2.5977017879486084,0.056126657873392105,0.29390373826026917,232,379
0,1,1.1075469255447388,2.4911556243896484,0.005321357864886522,0.3918716609477997,268,353
0,2,1.1194560527801514,2.517935037612915,0.008132592774927616,0.3918716609477997,321,351
0,3,1.1313650608062744,2.5447113513946533,0.010877920314669609,0.3918716609477997,338,352
0,4,1.143274188041687,2.571521282196045,-0.000828179472591728,0.3918716609477997,318,358
0,5,1.2312184572219849,2.530547618865967,0.015111735090613365,0.5878074765205383,296,335
0,6,1.2440435886383057,2.5516130924224854,0.1651642918586731,0.5878074765205383,287,348
0,7,1.256868839263916,2.5738320350646973,0.22112445533275604,0.5878074765205383,258,372
0,8,0.9344068765640259,0.34089696407318115,-0.06391610205173492,-0.09796791523694992,254,340
0,9,0.9618894457817078,0.3485020399093628,-0.07760544121265411,-0.09796791523694992,273,348
0,10,0.9893718957901001,0.35404354333877563,-0.09755987673997879,-0.09796791523694992,262,357
 , , , , , , , 
0,0,0.9371550679206848,0.16787351667881012,0.17144784331321716,0.09796791523694992,239,323
0,1,0.9655537605285645,0.19851650297641754,0.1473408341407776,0.09796791523694992,236,329
0,2,1.3603864908218384,2.533991575241089,0.38827189803123474,0.3918716609477997,280,403
0,3,1.1194560527801514,2.5163934230804443,-0.08847099542617798,0.4898395836353302,281,361
0,4,1.1313650608062744,2.543349027633667,-0.08396563678979874,0.4898395836353302,344,356
0,5,1.143274188041687,2.570216178894043,-0.08191829174757004,0.4898395836353302,370,355
0,6,1.1551833152770996,2.5980112552642822,-0.039280835539102554,0.4898395836353302,365,359
0,7,1.256868839263916,2.580080509185791,0.12919887900352478,0.4898395836353302,321,382
0,8,0.9371550679206848,0.23957867920398712,-0.013339339755475521,-0.09796791523694992,256,333
0,9,0.9655537605285645,0.24721677601337433,0.0014098703395575285,-0.09796791523694992,268,346
0,10,0.9939523935317993,0.2539556324481964,0.016513638198375702,-0.09796791523694992,239,363
 , , , , , , , 
0,0,0.851959228515625,0.27995067834854126,-0.14707636833190918,0.09796791523694992,233,337
0,1,0.8794417381286621,0.2739318907260895,-0.17754192650318146,0.09796791523694992,235,342
0,2,1.2825192213058472,2.6353304386138916,-0.06090562045574188,0.19593583047389984,236,396
0,3,1.2953444719314575,2.6618704795837402,-0.05280781537294388,0.19593583047389984,258,397
0,4,1.3081696033477783,2.6883342266082764,-0.047542817890644073,0.19593583047389984,242,402
0,5,1.214728832244873,2.7321202754974365,-0.025726620107889175,0.3918716609477997,262,357
0,6,1.2266379594802856,2.7528469562530518,-0.18457938730716705,0.3918716609477997,262,369
0,7,1.2385470867156982,2.7826497554779053,-0.13275396823883057,0.3918716609477997,246,392
 , , , , , , , 
0,0,1.2825192213058472,2.631047487258911,-0.16206683218479156,0.19593583047389984,230,385
0,1,1.2953444719314575,2.6595048904418945,-0.12400651723146439,0.19593583047389984,271,387
0,2,1.3081696033477783,2.686070680618286,-0.12010553479194641,0.19593583047389984,278,390
0,3,1.2266379594802856,2.757751703262329,0.08391594141721725,0.29390373826026917,316,358
0,4,1.2504562139511108,2.805323839187622,0.20220212638378143,0.29390373826026917,269,413
0,5,1.1432743072509766,2.8153107166290283,0.24842005968093872,0.3918716609477997,302,387
0,6,0.8244765996932983,0.24927161633968353,-0.17753811180591583,-0.09796791523694992,246,326
0,7,0.5276650190353394,0.30198052525520325,0.7143913507461548,-0.09796791523694992,246,332
 , , , , , , , 
0,0,1.2953444719314575,2.6622166633605957,-0.030753515660762787,0.19593583047389984,248,384
0,1,1.3081696033477783,2.688615083694458,-0.02738567814230919,0.19593583047389984,270,385
0,2,1.110295295715332,2.7275452613830566,0.3065970838069916,0.3918716609477997,261,354
0,3,1.1212881803512573,2.75193452835083,0.33208176493644714,0.3918716609477997,307,358
0,4,1.1322811841964722,2.7784457206726074,0.33919817209243774,0.3918716609477997,335,357
0,5,1.1432743072509766,2.8076765537261963,0.32347944378852844,0.3918716609477997,342,364
0,6,1.1542673110961914,2.837871551513672,0.2975248396396637,0.3918716609477997,323,386
0,7,1.1652603149414062,2.866971731185913,0.27987968921661377,0.3918716609477997,276,418
0,8,0.7969940900802612,0.2751687467098236,-0.10862099379301071,-0.09796791523694992,226,341
0,9,0.8244765996932983,0.290629506111145,-0.09586771577596664,-0.09796791523694992,295,338
0,10,0.851959228515625,0.3031235933303833,-0.09011062979698181,-0.09796791523694992,325,337
0,11,0.8501270413398743,0.38614732027053833,-0.09028761833906174,-0.09796791523694992,315,344
0,12,0.8766934871673584,0.39890915155410767,-0.0900861844420433,-0.09796791523694992,265,359
 , , , , , , , 
0,0,1.3209947347640991,2.709796190261841,-0.16986443102359772,0.19593583047389984,228,405
0,1,1.3338199853897095,2.7354917526245117,-0.18103012442588806,0.19593583047389984,247,406
0,2,0.7969940900802612,0.36671915650367737,-0.061116352677345276,-0.09796791523694992,264,338
0,3,0.8235605955123901,0.3814004957675934,-0.04604346677660942,-0.09796791523694992,297,345
0,4,0.8501270413398743,0.3941532075405121,-0.04364465922117233,-0.09796791523694992,292,352
0,5,0.8766934871673584,0.40601128339767456,-0.04897814616560936,-0.09796791523694992,249,366
 , , , , , , , 
0,0,-1.4290927648544312,0.5292210578918457,-0.0361870676279068,0.09796791523694992,255,362
0,1,-1.4565753936767578,0.5398377776145935,-0.029768196865916252,0.09796791523694992,257,366
0,2,0.8235605955123901,0.15128374099731445,0.14689166843891144,-0.09796791523694992,236,330
0,3,0.8519591689109802,0.098221555352211,0.19477131962776184,-0.09796791523694992,268,336
0,4,0.8803578615188599,0.030493643134832382,0.22333510220050812,-0.09796791523694992,263,346
 , , , , , , , 
0,0,-0.8803578615188599,0.22519361972808838,-0.009811215102672577,0.19593583047389984,256,333
0,1,-0.9087564945220947,0.23028908669948578,-0.03325863182544708,0.19593583047389984,254,334
0,2,-1.4290927648544312,0.48818451166152954,-0.2075098603963852,0.29390373826026917,227,340
0,3,-1.4565753936767578,0.500276505947113,-0.20502279698848724,0.29390373826026917,238,343
0,4,-1.4840580224990845,0.5127439498901367,-0.2013435959815979,0.29390373826026917,227,345
0,5,0.8235605955123901,0.20265471935272217,0.058266572654247284,-0.09796791523694992,258,335
0,6,0.8519591689109802,0.2081446796655655,0.06526204943656921,-0.09796791523694992,281,333
0,7,0.8803578615188599,0.21674305200576782,0.061894096434116364,-0.09796791523694992,267,332
 , , , , , , , 
0,0,1.1790015697479248,2.6449007987976074,0.19228719174861908,-0.3918716609477997,248,343
0,1,1.2825192213058472,2.6318130493164062,0.14911678433418274,-0.3918716609477997,289,349
0,2,1.2953444719314575,2.659027338027954,0.13385716080665588,-0.3918716609477997,313,351
0,3,1.3081696033477783,2.6833817958831787,0.16989287734031677,-0.3918716609477997,315,354
0,4,1.3209947347640991,2.7055182456970215,0.22807949781417847,-0.3918716609477997,275,373
0,5,1.3338199853897095,2.670767068862915,0.6186195015907288,-0.29390373826026917,234,395
0,6,1.3466451168060303,2.7089099884033203,0.5680857300758362,-0.29390373826026917,225,429
0,7,1.3209947347640991,2.6818645000457764,-0.42361849546432495,-0.09796791523694992,237,386
0,8,1.3338199853897095,2.6992437839508057,-0.4793429970741272,-0.09796791523694992,234,387
 , , , , , , , 
0,0,1.256868839263916,2.5772573947906494,0.17678359150886536,-0.3918716609477997,261,348
0,1,1.2696940898895264,2.6068856716156006,0.12059896439313889,-0.3918716609477997,330,349
0,2,1.2825192213058472,2.635067939758301,0.0713639184832573,-0.3918716609477997,362,351
0,3,1.2953444719314575,2.6621932983398438,0.03271947428584099,-0.3918716609477997,362,357
0,4,1.3081696033477783,2.6887340545654297,0.010518384166061878,-0.3918716609477997,327,375
0,5,1.3209947347640991,2.713257074356079,0.10042919218540192,-0.3918716609477997,268,405
 , , , , , , , 
0,0,1.2825192213058472,2.6350183486938477,-0.07316914945840836,-0.29390373826026917,310,348
0,1,1.2953444719314575,2.6618316173553467,0.05473745986819267,-0.29390373826026917,294,355
0,2,1.401610255241394,2.6177279949188232,0.35170674324035645,-0.29390373826026917,262,374
 , , , , , , , 
0,0,1.256868839263916,2.5790560245513916,0.14824844896793365,-0.3918716609477997,316,350
0,1,1.2696940898895264,2.60156512260437,0.20556063950061798,-0.29390373826026917,333,347
0,2,1.374127745628357,2.5835824012756348,0.17437367141246796,-0.29390373826026917,318,357
0,3,1.3878690004348755,2.6063108444213867,0.21731333434581757,-0.29390373826026917,269,383
0,4,1.3081696033477783,2.660559892654419,0.38835981488227844,-0.29390373826026917,227,416
 , , , , , , , 
0,0,0.7750080823898315,0.692477822303772,2.5520739555358887,0.6857753992080688,274,383
0,1,0.7832527756690979,0.662893533706665,2.5889666080474854,0.6857753992080688,308,384
0,2,0.791497528553009,0.6665756106376648,2.617060661315918,0.6857753992080688,307,385
0,3,0.7997423410415649,0.6861854195594788,2.6410632133483887,0.6857753992080688,267,394
0,4,1.1670924425125122,2.6186461448669434,0.1838875263929367,-0.3918716609477997,284,353
0,5,1.2696940898895264,2.6095519065856934,0.025208041071891785,-0.3918716609477997,286,365
0,6,1.2825192213058472,2.628939151763916,-0.19327321648597717,-0.3918716609477997,259,386
0,7,1.3466451168060303,2.5248682498931885,0.25458693504333496,-0.19593583047389984,226,410
 , , , , , , , 
0,0,1.1194560527801514,2.507697343826294,0.22697104513645172,-0.3918716609477997,234,351
0,1,1.1313650608062744,2.533998966217041,0.23350200057029724,-0.3918716609477997,287,350
0,2,1.2312184572219849,2.5184671878814697,0.24743133783340454,-0.3918716609477997,314,349
0,3,1.3329038619995117,2.5044476985931396,0.19173327088356018,-0.29390373826026917,272,399
0,4,1.3466451168060303,2.5335004329681396,0.1454295814037323,-0.19593583047389984,304,388
0,5,1.3603864908218384,2.5613746643066406,0.10596415400505066,-0.19593583047389984,300,388
0,6,1.374127745628357,2.588986873626709,0.04951474070549011,-0.19593583047389984,254,400
 , , , , , , , 
0,0,1.102966547012329,2.2306883335113525,0.40406662225723267,-0.4898395836353302,232,342
0,1,1.2751904726028442,2.203294038772583,0.15436072647571564,-0.4898395836353302,285,343
0,2,1.2458758354187012,2.1185529232025146,0.410308301448822,-0.3918716609477997,250,343
0,3,1.2898478507995605,2.2307560443878174,0.12186161428689957,-0.3918716609477997,283,372
0,4,1.38603675365448,2.21038556098938,0.005823506508022547,-0.3918716609477997,250,403
0,5,1.0644909143447876,2.1845455169677734,0.12125702947378159,-0.19593583047389984,227,357
0,6,1.077316164970398,2.214081048965454,0.02882554568350315,-0.19593583047389984,254,365
0,7,1.0901412963867188,2.2367353439331055,-0.13203877210617065,-0.19593583047389984,246,371
 , , , , , , , 
0,0,1.339316487312317,2.1345975399017334,-0.07416531443595886,-0.4898395836353302,331,353
0,1,1.3548898696899414,2.159121513366699,-0.08313189446926117,-0.4898395836353302,308,374
0,2,1.3704633712768555,2.183650255203247,-0.09127610921859741,-0.4898395836353302,247,405
0,3,1.1405260562896729,2.1257662773132324,0.31686273217201233,-0.3918716609477997,316,346
0,4,1.1542673110961914,2.1459848880767822,0.3549814224243164,-0.3918716609477997,345,346
0,5,1.0901412963867188,2.2047550678253174,0.3993411064147949,-0.3918716609477997,336,351
0,6,1.0516657829284668,2.139213800430298,0.3099249303340912,-0.29390373826026917,249,353
 , , , , , , , 
0,0,1.2458758354187012,2.157299518585205,-0.05175980553030968,-0.3918716609477997,315,364
0,1,1.339316487312317,2.1270742416381836,-0.1938096135854721,-0.3918716609477997,247,393
0,2,1.1130434274673462,2.072942018508911,0.319784015417099,-0.29390373826026917,251,340
0,3,1.1267846822738647,2.0943355560302734,0.34986403584480286,-0.29390373826026917,318,340
0,4,1.1405260562896729,2.1195406913757324,0.35613322257995605,-0.29390373826026917,352,341
0,5,1.1542673110961914,2.150233507156372,0.32826563715934753,-0.29390373826026917,354,342
 , , , , , , , 
0,0,1.3521416187286377,1.9864667654037476,-0.06286755949258804,-0.4898395836353302,363,364
0,1,1.3686312437057495,2.0102078914642334,-0.07743920385837555,-0.4898395836353302,309,397
0,2,1.3851207494735718,2.0333099365234375,-0.10338050872087479,-0.4898395836353302,228,437
0,3,1.1432743072509766,1.972726583480835,0.1719834953546524,-0.3918716609477997,291,340
0,4,1.1579316854476929,2.000764846801758,0.13913042843341827,-0.3918716609477997,355,342
0,5,1.1725889444351196,2.027965545654297,0.11068165302276611,-0.3918716609477997,388,341
0,6,1.187246322631836,2.0548417568206787,0.0792907327413559,-0.3918716609477997,390,347
0,7,1.5390230417251587,1.8490692377090454,-0.5253061652183533,-0.19593583047389984,233,377
 , , , , , , , 
0,0,1.1991554498672485,1.8920866250991821,0.2777397930622101,-0.3918716609477997,254,340
0,1,1.2147289514541626,1.9236829280853271,0.22843345999717712,-0.3918716609477997,322,338
0,2,1.2303024530410767,1.9564146995544434,0.1483931690454483,-0.3918716609477997,359,342
0,3,1.3191626071929932,1.9374728202819824,0.07660526782274246,-0.3918716609477997,375,348
0,4,1.3356521129608154,1.9603196382522583,0.10675158351659775,-0.29390373826026917,366,362
0,5,1.3521416187286377,1.986671805381775,0.05601714551448822,-0.29390373826026917,323,388
0,6,1.3686312437057495,2.0116453170776367,-0.014665836468338966,-0.29390373826026917,238,424
 , , , , , , , 
0,0,1.1991554498672485,1.911892294883728,0.04241236299276352,-0.4898395836353302,307,348
0,1,1.2147289514541626,1.9369903802871704,0.028390072286128998,-0.4898395836353302,347,348
0,2,1.2303024530410767,1.961980938911438,0.014482207596302032,-0.4898395836353302,349,350
0,3,1.2458757162094116,1.9868699312210083,0.000801798130851239,-0.4898395836353302,312,357
0,4,1.3924493789672852,1.8870394229888916,0.005147946532815695,-0.29390373826026917,294,360
0,5,1.4098550081253052,1.9106321334838867,0.0029919608496129513,-0.29390373826026917,282,379
0,6,1.4272606372833252,1.9341903924942017,-0.011154771782457829,-0.29390373826026917,229,402
0,7,1.484057903289795,1.8141592741012573,-0.38028135895729065,-0.09796791523694992,281,358
0,8,1.5774985551834106,1.6651324033737183,-0.7191121578216553,-0.09796791523694992,231,367
0,9,0.8263087868690491,1.6033340692520142,1.588969349861145,-0.09796791523694992,231,367
 , , , , , , , 
0,0,1.2532044649124146,1.6870089769363403,-0.19587081670761108,-0.3918716609477997,271,344
0,1,1.2706100940704346,1.7119505405426025,-0.18511506915092468,-0.3918716609477997,306,348
0,2,1.2880157232284546,1.7362732887268066,-0.17940881848335266,-0.3918716609477997,310,351
0,3,1.2367149591445923,1.8157387971878052,0.08654345571994781,-0.29390373826026917,279,363
0,4,1.410771131515503,1.6954659223556519,0.47981739044189453,-0.19593583047389984,238,371
0,5,1.4290928840637207,1.7515068054199219,0.3438340425491333,-0.19593583047389984,241,398
0,6,1.5390230417251587,1.7684533596038818,0.061967700719833374,-0.09796791523694992,256,374
 , , , , , , , 
0,0,1.2532044649124146,1.6907047033309937,-0.16087937355041504,-0.29390373826026917,279,342
0,1,1.2706100940704346,1.7161117792129517,-0.1414293795824051,-0.29390373826026917,305,342
0,2,1.2880157232284546,1.7406854629516602,-0.1297944337129593,-0.29390373826026917,303,345
0,3,1.3054213523864746,1.7667325735092163,-0.091608427464962,-0.29390373826026917,260,358
0,4,1.4474146366119385,1.8061376810073853,-0.07797831296920776,-0.09796791523694992,246,397
0,5,1.4657361507415771,1.8256200551986694,-0.13633866608142853,-0.09796791523694992,238,417
 , , , , , , , 
0,0,1.300840973854065,1.5258762836456299,0.5581339597702026,-0.5878074765205383,282,339
0,1,1.3191626071929932,1.5863322019577026,0.4452485740184784,-0.5878074765205383,319,350
0,2,1.2706100940704346,1.674254059791565,0.40238720178604126,-0.5878074765205383,307,371
0,3,1.2880157232284546,1.683802604675293,0.4600450396537781,-0.5878074765205383,270,397
0,4,1.3054213523864746,1.6884989738464355,0.5279269814491272,-0.5878074765205383,232,418
0,5,1.2275540828704834,1.521581768989563,-0.18851007521152496,-0.29390373826026917,232,333
0,6,1.2458758354187012,1.5437275171279907,-0.19582441449165344,-0.29390373826026917,284,332
0,7,1.264197587966919,1.5645238161087036,-0.21318985521793365,-0.29390373826026917,302,330
0,8,1.2825192213058472,1.5835084915161133,-0.24181728065013885,-0.29390373826026917,281,334
 , , , , , , , 
0,0,1.3695473670959473,1.3246833086013794,0.017918812111020088,-0.6857753992080688,305,337
0,1,1.3906172513961792,1.3447270393371582,0.03513796627521515,-0.6857753992080688,338,339
0,2,1.3503094911575317,1.4199912548065186,0.13388536870479584,-0.5878074765205383,324,357
0,3,1.3704633712768555,1.4421184062957764,0.12559276819229126,-0.5878074765205383,283,381
0,4,1.2119805812835693,1.3914231061935425,0.07626880705356598,-0.3918716609477997,271,331
0,5,1.1725889444351196,1.4387085437774658,0.27397656440734863,-0.3918716609477997,298,330
0,6,1.1909106969833374,1.4386824369430542,0.3777451813220978,-0.3918716609477997,299,340
0,7,1.1359455585479736,1.4140641689300537,-0.11577550321817398,-0.19593583047389984,241,342
0,8,1.1542673110961914,1.437994360923767,-0.10301283746957779,-0.19593583047389984,281,341
0,9,1.1725889444351196,1.459604263305664,-0.12041956931352615,-0.19593583047389984,280,341
 , , , , , , , 
0,0,1.4071067571640015,1.2265232801437378,-0.18868334591388702,-0.7837433218955994,306,345
0,1,1.4290928840637207,1.2468187808990479,-0.18412882089614868,-0.7837433218955994,329,348
0,2,1.4510788917541504,1.2653214931488037,-0.1915036141872406,-0.7837433218955994,317,353
0,3,1.47306489944458,1.2801716327667236,-0.2210797518491745,-0.7837433218955994,262,366
0,4,1.3503094911575317,1.4261102676391602,-0.022583017125725746,-0.4898395836353302,240,399
0,5,1.192742943763733,1.3574657440185547,0.1949477195739746,-0.3918716609477997,280,342
0,6,1.2119805812835693,1.3716580867767334,0.24582426249980927,-0.3918716609477997,321,343
0,7,1.2312184572219849,1.391433596611023,0.26062220335006714,-0.3918716609477997,335,344
0,8,1.2504562139511108,1.4168779850006104,0.24409662187099457,-0.3918716609477997,318,357
0,9,1.330155611038208,1.3881714344024658,0.21681296825408936,-0.3918716609477997,274,385
0,10,1.1735050678253174,1.3438284397125244,-0.12109389901161194,-0.29390373826026917,232,337
 , , , , , , , 
0,0,1.3063374757766724,1.2634950876235962,-0.020395705476403236,-0.5878074765205383,298,342
0,1,1.3274073600769043,1.284036636352539,-0.0034736688248813152,-0.5878074765205383,342,340
0,2,1.3484773635864258,1.304384469985962,0.010021023452281952,-0.5878074765205383,356,341
0,3,1.3695473670959473,1.3246897459030151,0.01743362285196781,-0.5878074765205383,333,352
0,4,1.3906172513961792,1.3435413837432861,0.06649984419345856,-0.4898395836353302,260,399
0,5,1.192742943763733,1.3538390398025513,0.21871797740459442,-0.3918716609477997,363,328
0,6,1.2119805812835693,1.376579761505127,0.21657173335552216,-0.3918716609477997,364,331
0,7,1.1542673110961914,1.3118152618408203,0.2011938840150833,-0.29390373826026917,252,344
0,8,1.1735050678253174,1.3310621976852417,0.22093434631824493,-0.29390373826026917,315,345
 , , , , , , , 
0,0,1.189078450202942,1.255871057510376,0.016981039196252823,-0.4898395836353302,315,333
0,1,1.2092323303222656,1.2772533893585205,0.007207376882433891,-0.4898395836353302,320,333
0,2,1.1157917976379395,1.262112021446228,0.2300993800163269,-0.3918716609477997,280,338
 , , , , , , , 
0,0,1.2367149591445923,0.9877547025680542,-0.02739432454109192,-0.7837433218955994,298,368
0,1,1.2596170902252197,1.0058048963546753,-0.03555646538734436,-0.7837433218955994,269,397
0,2,1.2623653411865234,0.9041834473609924,-0.05299763008952141,-0.3918716609477997,324,335
0,3,1.2861835956573486,0.9162544012069702,-0.10992413759231567,-0.3918716609477997,311,341
 , , , , , , , 
0,0,1.3695473670959473,1.3232512474060059,-0.06413256376981735,0.6857753992080688,244,385
0,1,1.3906172513961792,1.341878890991211,-0.09426877647638321,0.6857753992080688,241,373
0,2,1.2623653411865234,0.8788999319076538,-0.21884098649024963,-0.5878074765205383,277,353
0,3,1.335652232170105,0.8254098892211914,-0.20150740444660187,-0.5878074765205383,249,373
0,4,1.2614492177963257,0.8007480502128601,-0.05220839008688927,-0.29390373826026917,300,352
0,5,1.2385470867156982,0.885628342628479,-0.073172427713871,-0.29390373826026917,340,349
0,6,1.2623653411865234,0.9038817882537842,-0.05791522189974785,-0.29390373826026917,341,351
0,7,1.2861835956573486,0.9224136471748352,-0.027540571987628937,-0.29390373826026917,303,362
 , , , , , , , 
0,0,1.0113580226898193,0.8917931914329529,0.015844907611608505,-0.6857753992080688,266,339
0,1,1.033344030380249,0.9109102487564087,0.027453655377030373,-0.6857753992080688,281,339
0,2,1.0553300380706787,0.9300414323806763,0.0353676863014698,-0.6857753992080688,264,341
0,3,1.1909106969833374,0.8387795090675354,0.1629830151796341,-0.4898395836353302,281,337
0,4,1.214728832244873,0.8670129776000977,0.08887957781553268,-0.4898395836353302,316,345
0,5,1.2385470867156982,0.8881251811981201,0.030420411378145218,-0.4898395836353302,308,359
0,6,1.2623653411865234,0.9052906036376953,-0.028378913179039955,-0.4898395836353302,266,376
0,7,1.2623653411865234,0.8861712217330933,-0.18723511695861816,-0.09796791523694992,239,358
 , , , , , , , 
0,0,1.2119807004928589,0.7707092761993408,0.02041461132466793,-0.29390373826026917,230,428
0,1,1.2367149591445923,0.7863279581069946,0.024643132463097572,-0.29390373826026917,227,432
0,2,0.9765467643737793,0.6836358904838562,-0.15352791547775269,-0.19593583047389984,278,342
0,3,1.0003650188446045,0.701259195804596,-0.1529848277568817,-0.19593583047389984,329,342
0,4,1.0241832733154297,0.7192972302436829,-0.15034660696983337,-0.19593583047389984,343,344
0,5,1.0480014085769653,0.7373921275138855,-0.1471511572599411,-0.19593583047389984,320,354
0,6,1.0718196630477905,0.756416916847229,-0.13865803182125092,-0.19593583047389984,252,377
 , , , , , , , 
0,0,1.0764000415802002,0.7762771844863892,0.3702267110347748,-0.5878074765205383,227,401
0,1,1.0883091688156128,0.6245888471603394,-0.29862919449806213,-0.4898395836353302,278,362
0,2,0.9893718957901001,0.6000993251800537,-0.18970730900764465,-0.3918716609477997,241,329
0,3,1.014106273651123,0.6191440224647522,-0.18116740882396698,-0.3918716609477997,309,330
0,4,1.0388405323028564,0.6345579028129578,-0.1845143884420395,-0.3918716609477997,335,334
0,5,1.0635749101638794,0.6498855352401733,-0.18815189599990845,-0.3918716609477997,330,339
 , , , , , , , 
0,0,1.014106273651123,0.596035897731781,0.24678361415863037,-0.5878074765205383,241,363
0,1,0.9490641951560974,0.514089822769165,-0.10697225481271744,-0.4898395836353302,294,333
0,2,0.9747146368026733,0.5235425233840942,-0.12938496470451355,-0.4898395836353302,337,332
0,3,1.0003650188446045,0.5295587778091431,-0.1609765589237213,-0.4898395836353302,345,331
0,4,1.026015281677246,0.5305868983268738,-0.20182932913303375,-0.4898395836353302,310,338
0,5,0.5001825094223022,2.6199803352355957,0.04270043224096298,-0.3918716609477997,237,470
0,6,0.5056790113449097,2.6360201835632324,0.2631565034389496,-0.3918716609477997,242,475
 , , , , , , , 
0,0,0.9527285099029541,0.5900774598121643,0.3450824022293091,-0.5878074765205383,226,362
0,1,0.9234137535095215,0.5037099719047546,-0.08546824008226395,-0.3918716609477997,272,340
0,2,0.9490641951560974,0.5160058736801147,-0.09731072187423706,-0.3918716609477997,312,340
0,3,0.9747146368026733,0.52692049741745,-0.11485660076141357,-0.3918716609477997,319,339
0,4,1.0003650188446045,0.5324901938438416,-0.1509970873594284,-0.3918716609477997,281,349
0,5,0.4076578915119171,2.574768543243408,-0.1063876524567604,-0.3918716609477997,238,486
0,6,1.026015281677246,0.5472294688224792,-0.1509881168603897,-0.29390373826026917,226,353
 , , , , , , , 
0,0,0.3984970152378082,2.45491623878479,0.5648277997970581,-0.5878074765205383,257,424
0,1,0.32246196269989014,2.507434368133545,0.5134410262107849,-0.5878074765205383,243,460
0,2,0.3801753520965576,2.403209686279297,-0.011537694372236729,-0.4898395836353302,237,415
0,3,1.050749659538269,0.26759785413742065,0.027764273807406425,-0.3918716609477997,284,333
0,4,1.079148292541504,0.268989235162735,0.063163623213768,-0.3918716609477997,325,338
0,5,1.1075470447540283,0.27037957310676575,0.08550139516592026,-0.3918716609477997,324,348
0,6,1.1359455585479736,0.27316001057624817,0.0998808965086937,-0.3918716609477997,288,364
0,7,0.8464626669883728,0.46019116044044495,0.08695140480995178,-0.19593583047389984,240,333
0,8,0.872113049030304,0.4793740212917328,0.055059559643268585,-0.19593583047389984,289,333
0,9,0.8977634906768799,0.4962790906429291,0.020863492041826248,-0.19593583047389984,301,336
0,10,0.9563928246498108,0.44602257013320923,-0.009906148537993431,-0.19593583047389984,285,341
0,11,1.0168545246124268,0.37742167711257935,-0.003751114709302783,-0.19593583047389984,231,360
 , , , , , , , 
0,0,0.46720343828201294,2.4453940391540527,0.10293668508529663,-0.5878074765205383,287,383
0,1,0.296811580657959,2.3558621406555176,0.0056295013055205345,-0.4898395836353302,307,360
0,2,0.30047592520713806,2.3848578929901123,0.021379373967647552,-0.4898395836353302,344,358
0,3,0.30414026975631714,2.411761522293091,0.10482445359230042,-0.4898395836353302,344,360
0,4,0.3847557604312897,2.3985443115234375,0.40316733717918396,-0.4898395836353302,312,371
0,5,0.9893718957901001,0.3501981198787689,0.11057139933109283,-0.29390373826026917,280,343
0,6,1.0168545246124268,0.37006789445877075,0.07423563301563263,-0.29390373826026917,317,367
0,7,1.0443370342254639,0.38376322388648987,0.05469771847128868,-0.29390373826026917,309,399
0,8,1.0718196630477905,0.3957567512989044,0.04068524017930031,-0.29390373826026917,284,415
0,9,1.0993021726608276,0.40722474455833435,0.02583814039826393,-0.29390373826026917,242,418
0,10,0.8464626669883728,0.4616885781288147,0.07861366868019104,-0.19593583047389984,257,342
0,11,0.872113049030304,0.4809343218803406,0.039155568927526474,-0.19593583047389984,286,343
0,12,0.9298264384269714,0.4336627125740051,0.008184044621884823,-0.19593583047389984,282,341
 , , , , , , , 
0,0,0.5001825094223022,2.2307863235473633,-0.04140163213014603,-0.7837433218955994,260,393
0,1,0.5065951347351074,2.2588608264923096,-0.06428659707307816,-0.7837433218955994,290,393
0,2,0.5862944722175598,2.2692372798919678,-0.08173311501741409,-0.7837433218955994,290,391
0,3,0.593623161315918,2.2956936359405518,-0.12497258931398392,-0.7837433218955994,246,399
0,4,0.8501270413398743,0.38098999857902527,0.11003734916448593,-0.3918716609477997,262,338
0,5,0.8766934871673584,0.40249794721603394,0.07238377630710602,-0.3918716609477997,269,339
0,6,0.9344068765640259,0.3406098783016205,0.06542862951755524,-0.3918716609477997,258,348
0,7,0.7951619625091553,0.4015501141548157,0.17975911498069763,-0.29390373826026917,242,335
 , , , , , , , 
0,0,0.48735731840133667,2.1733148097991943,-0.053001563996076584,-0.6857753992080688,250,382
0,1,0.5643084645271301,2.1843035221099854,-0.0740152895450592,-0.6857753992080688,295,382
0,2,0.5716371536254883,2.211961269378662,-0.09360839426517487,-0.6857753992080688,305,383
0,3,0.5789658427238464,2.239736318588257,-0.10771647840738297,-0.6857753992080688,284,386
0,4,0.43972086906433105,2.303575038909912,-0.0068692672066390514,-0.4898395836353302,229,424
0,5,0.4452173709869385,2.3321571350097656,0.03224891796708107,-0.4898395836353302,228,433
0,6,0.7969940900802612,0.37091702222824097,0.025272997096180916,-0.3918716609477997,252,343
0,7,0.8235605955123901,0.3832729756832123,0.02623329684138298,-0.3918716609477997,288,343
0,8,0.8501270413398743,0.3953140377998352,0.03143921121954918,-0.3918716609477997,286,343
0,9,0.8766934871673584,0.39996984601020813,0.08525341004133224,-0.3918716609477997,245,349
 , , , , , , , 
0,0,0.28215423226356506,2.2035562992095947,0.3997916877269745,-0.4898395836353302,243,432
0,1,0.7420290112495422,0.2732503116130829,0.03457842767238617,-0.3918716609477997,330,350
0,2,0.7695115208625793,0.28313130140304565,0.03770257160067558,-0.3918716609477997,393,347
0,3,0.7969940900802612,0.2934238910675049,0.03766677528619766,-0.3918716609477997,416,348
0,4,0.8244765996932983,0.30405518412590027,0.03473564237356186,-0.3918716609477997,398,358
0,5,0.8803578615188599,0.22234182059764862,0.03704788535833359,-0.3918716609477997,333,384
0,6,0.9087564945220947,0.2303227037191391,0.03302491456270218,-0.3918716609477997,272,374
0,7,-0.9087564945220947,0.23128563165664673,-0.025419574230909348,-0.09796791523694992,245,346
 , , , , , , , 
0,0,0.27940598130226135,1.7662345170974731,0.0008925067377276719,-0.6857753992080688,272,330
0,1,0.2839863896369934,1.79501473903656,-0.02504641003906727,-0.6857753992080688,320,336
0,2,0.28856682777404785,1.8235827684402466,-0.04524620994925499,-0.6857753992080688,334,339
0,3,0.2931472361087799,1.8520307540893555,-0.06290601938962936,-0.6857753992080688,312,343
0,4,0.6046161651611328,1.830032467842102,-0.1695946753025055,-0.3918716609477997,262,371
0,5,0.5194202661514282,1.7647556066513062,0.16313453018665314,-0.29390373826026917,270,393
0,6,0.5276650190353394,1.7938098907470703,0.15403127670288086,-0.29390373826026917,294,391
0,7,0.5359098315238953,1.8250361680984497,0.11318295449018478,-0.29390373826026917,276,393
 , , , , , , , 
0,0,0.3023080825805664,1.5480057001113892,-0.3344116508960724,-0.6857753992080688,235,350
0,1,0.3078046143054962,1.5851073265075684,-0.2960105538368225,-0.6857753992080688,234,349
0,2,0.42506352066993713,1.6235607862472534,0.27246153354644775,-0.5878074765205383,234,384
0,3,0.4864411950111389,1.618194818496704,0.36909162998199463,-0.5878074765205383,238,412
0,4,0.296811580657959,1.507407307624817,-0.38144445419311523,-0.4898395836353302,233,371
0,5,0.3023080825805664,1.5126457214355469,-0.4691009521484375,-0.4898395836353302,243,380
 , , , , , , , 
0,0,0.16214707493782043,1.701154112815857,0.2668161988258362,-0.7837433218955994,272,353
0,1,0.16489532589912415,1.7393370866775513,0.20294567942619324,-0.7837433218955994,265,369
0,2,0.16764357686042786,1.7657220363616943,0.22753947973251343,-0.7837433218955994,237,386
0,3,0.28581857681274414,1.48737633228302,-0.1723659783601761,-0.4898395836353302,226,341
0,4,0.296811580657959,1.545571208000183,-0.17025355994701385,-0.4898395836353302,317,340
0,5,0.35269278287887573,1.5647345781326294,-0.16357335448265076,-0.4898395836353302,313,343
0,6,0.3591053783893585,1.5968090295791626,-0.12718334794044495,-0.4898395836353302,279,359
0,7,0.46995168924331665,1.6027929782867432,0.047311268746852875,-0.4898395836353302,282,387
0,8,0.5313293933868408,1.613598108291626,0.06967137008905411,-0.4898395836353302,284,421
0,9,0.4864411950111389,1.6597509384155273,-0.003134999657049775,-0.4898395836353302,253,459
0,10,0.28581857681274414,1.4670515060424805,-0.29959651827812195,-0.29390373826026917,228,341
0,11,0.29131507873535156,1.492866039276123,-0.3168747127056122,-0.29390373826026917,287,343
0,12,0.28581857681274414,1.4797697067260742,-0.22864845395088196,-0.09796791523694992,244,317
0,13,0.29131507873535156,1.4894537925720215,-0.3325447142124176,-0.09796791523694992,319,316
0,14,0.296811580657959,1.5058932304382324,-0.38737863302230835,-0.09796791523694992,349,319
0,15,0.3023080825805664,1.526184320449829,-0.42298269271850586,-0.09796791523694992,342,323
0,16,0.3591053783893585,1.5412988662719727,-0.43631690740585327,-0.09796791523694992,295,336
 , , , , , , , 
0,0,0.25833600759506226,1.3512212038040161,0.07599247246980667,-0.6857753992080688,295,354
0,1,0.2638325095176697,1.3797024488449097,0.08223709464073181,-0.6857753992080688,354,351
0,2,0.2693290412425995,1.4077988862991333,0.09418579936027527,-0.6857753992080688,377,348
0,3,0.2748255431652069,1.4365466833114624,0.0958511233329773,-0.6857753992080688,365,351
0,4,0.47636425495147705,1.44342839717865,0.1152479350566864,-0.6857753992080688,330,414
0,5,0.48552513122558594,1.471771240234375,0.10989796370267868,-0.6857753992080688,304,459
0,6,0.4946860074996948,1.4983075857162476,0.12741246819496155,-0.6857753992080688,247,505
 , , , , , , , 
0,0,0.41223832964897156,1.4020342826843262,0.1128811314702034,-0.6857753992080688,361,349
0,1,0.46720340847969055,1.4154964685440063,0.11518581211566925,-0.6857753992080688,377,357
0,2,0.47636425495147705,1.443791389465332,0.11060819774866104,-0.6857753992080688,345,379
0,3,0.48552513122558594,1.4724135398864746,0.1009274572134018,-0.6857753992080688,276,407
0,4,0.25283950567245483,1.3227239847183228,0.06974667310714722,-0.3918716609477997,301,338
0,5,0.25833600759506226,1.351761817932129,0.06567658483982086,-0.3918716609477997,337,340
0,6,0.2638325095176697,1.3809994459152222,0.05641276389360428,-0.3918716609477997,336,344
 , , , , , , , 
0,0,0.3380354046821594,1.152977466583252,0.030782748013734818,-0.3918716609477997,305,347
0,1,0.3078046143054962,1.1892274618148804,0.08302544802427292,-0.3918716609477997,338,354
0,2,0.31513330340385437,1.214707374572754,0.11883220076560974,-0.3918716609477997,361,365
0,3,0.2821542024612427,1.2534948587417603,0.11334510892629623,-0.3918716609477997,347,389
0,4,0.3297906517982483,1.2729384899139404,0.10514616221189499,-0.3918716609477997,296,422
0,5,0.15023796260356903,1.1865544319152832,0.1186995655298233,-0.19593583047389984,298,356
0,6,0.06779029965400696,1.0646367073059082,0.19597846269607544,-0.09796791523694992,229,335
0,7,0.0696224719285965,1.0991002321243286,0.1674434244632721,-0.09796791523694992,286,341
0,8,0.07145464420318604,1.1312837600708008,0.1488867998123169,-0.09796791523694992,314,345
0,9,0.10993021726608276,1.1579103469848633,0.1487407237291336,-0.09796791523694992,319,349
 , , , , , , , 
0,0,0.416818767786026,0.8725892901420593,-0.3428667187690735,-0.5878074765205383,257,341
0,1,0.09893719106912613,0.9725027084350586,0.39770767092704773,-0.5878074765205383,277,341
0,2,0.46170687675476074,0.7942144274711609,-0.5193954706192017,-0.5878074765205383,277,341
0,3,0.1694757491350174,1.037521243095398,0.2669866383075714,-0.5878074765205383,332,346
0,4,0.2088674157857895,1.0762015581130981,0.19766296446323395,-0.5878074765205383,355,362
0,5,0.2500912547111511,1.1025373935699463,0.17012223601341248,-0.5878074765205383,340,388
0,6,0.2565038204193115,1.1346783638000488,0.14722633361816406,-0.5878074765205383,294,419
 , , , , , , , 
0,0,0.3627697229385376,0.8916307687759399,-0.09606321156024933,-0.5878074765205383,280,326
0,1,0.4049096405506134,0.9036583304405212,-0.11341085284948349,-0.5878074765205383,317,328
0,2,0.416818767786026,0.9276835918426514,-0.1355462223291397,-0.5878074765205383,322,330
0,3,0.09618894755840302,0.8717027306556702,0.5325313210487366,-0.5878074765205383,322,330
0,4,0.16489532589912415,0.9989379644393921,0.297748327255249,-0.5878074765205383,342,341
0,5,0.1694757491350174,1.055824875831604,0.18156571686267853,-0.5878074765205383,346,368
0,6,0.17405617237091064,1.0936822891235352,0.12028861045837402,-0.5878074765205383,312,404
0,7,0.1786366105079651,1.1257885694503784,0.08812010288238525,-0.5878074765205383,253,444
0,8,0.09893719106912613,1.0423940420150757,0.1317106932401657,-0.29390373826026917,295,331
0,9,0.10168544948101044,1.0732566118240356,0.1193089410662651,-0.29390373826026917,324,334
0,10,0.10443370789289474,1.1026986837387085,0.1185545101761818,-0.29390373826026917,321,339
0,11,0.10718196630477905,1.129523754119873,0.1405854970216751,-0.29390373826026917,283,353
 , , , , , , , 
0,0,0.12825192511081696,1.017146348953247,-0.04089541360735893,-0.5878074765205383,290,340
0,1,0.0696224719285965,1.1106433868408203,0.05029604583978653,-0.5878074765205383,251,375
0,2,0.3957487642765045,0.8840963244438171,0.4189010262489319,-0.4898395836353302,302,344
0,3,0.03297906368970871,0.9504156708717346,-0.45754116773605347,-0.4898395836353302,302,344
0,4,0.37284666299819946,0.9179679155349731,0.4413328170776367,-0.4898395836353302,284,364
0,5,0.0,0.9992914199829102,-0.42174750566482544,-0.4898395836353302,284,364
0,6,0.3407836854457855,0.8411262035369873,-0.04702793434262276,-0.29390373826026917,283,339
0,7,0.35177668929100037,0.8681368827819824,-0.050685591995716095,-0.29390373826026917,358,342
0,8,0.3930005133152008,0.8824359178543091,-0.05189278721809387,-0.29390373826026917,391,344
0,9,0.4049096405506134,0.9092997908592224,-0.05132509395480156,-0.29390373826026917,387,350
0,10,0.416818767786026,0.9367583394050598,-0.03812522813677788,-0.29390373826026917,337,367
0,11,0.06595812737941742,0.26052311062812805,1.0205384492874146,-0.29390373826026917,242,402
0,12,0.46170687675476074,0.9485811591148376,0.027238860726356506,-0.29390373826026917,242,402
 , , , , , , , 
0,0,0.17314009368419647,0.7723168134689331,-0.004205325152724981,-0.19593583047389984,238,350
0,1,0.2052030712366104,0.794554591178894,-0.01753583736717701,-0.19593583047389984,324,348
0,2,0.4232313334941864,0.8691147565841675,0.036745090037584305,-0.19593583047389984,258,430
0,3,0.29223117232322693,0.7967674136161804,0.049786221235990524,-0.09796791523694992,375,344
0,4,0.3297906517982483,0.8136702179908752,0.050958432257175446,-0.09796791523694992,408,345
0,5,0.3691823184490204,0.8291782736778259,0.044789768755435944,-0.09796791523694992,402,357
0,6,0.3810914158821106,0.8565410375595093,0.03292970731854439,-0.09796791523694992,351,385
 , , , , , , , 
0,0,0.12641975283622742,0.6466735005378723,-0.14293082058429718,-0.29390373826026917,259,335
0,1,0.1539023071527481,0.676133930683136,-0.11893000453710556,-0.29390373826026917,340,334
0,2,0.1603149026632309,0.7069782018661499,-0.10759507864713669,-0.29390373826026917,375,336
0,3,0.16672749817371368,0.737069308757782,-0.09926483780145645,-0.29390373826026917,375,340
0,4,0.17314009368419647,0.765438973903656,-0.10292736440896988,-0.29390373826026917,331,355
0,5,0.4104061424732208,0.7095194458961487,0.043379612267017365,-0.19593583047389984,257,381
0,6,0.45162999629974365,0.7187879085540771,0.04571949318051338,-0.19593583047389984,248,416
0,7,0.41223829984664917,0.764030396938324,0.14048099517822266,-0.09796791523694992,274,388
 , , , , , , , 
0,0,0.3847557604312897,0.7142895460128784,0.12444360554218292,-0.29390373826026917,265,427
0,1,0.14107710123062134,0.6291133761405945,-0.015507436357438564,-0.19593583047389984,251,337
0,2,0.14748971164226532,0.657756507396698,-0.014176114462316036,-0.19593583047389984,362,332
0,3,0.1539023071527481,0.6863436698913574,-0.015291322022676468,-0.19593583047389984,419,333
0,4,0.1603149026632309,0.7148904800415039,-0.01806875504553318,-0.19593583047389984,435,337
0,5,0.16672749817371368,0.7431715130805969,-0.02864813432097435,-0.19593583047389984,407,352
0,6,0.17314009368419647,0.7663639783859253,-0.09579763561487198,-0.19593583047389984,323,385
0,7,0.3847557604312897,0.7105830907821655,0.14410944283008575,-0.19593583047389984,262,430
0,8,0.3984970450401306,0.7406217455863953,0.12407859414815903,-0.19593583047389984,230,482
 , , , , , , , 
0,0,0.13466452062129974,0.5980907678604126,0.055924978107213974,-0.3918716609477997,306,336
0,1,0.14107710123062134,0.6258742809295654,0.06561668962240219,-0.3918716609477997,347,341
0,2,0.14748971164226532,0.6515341997146606,0.09136603027582169,-0.3918716609477997,347,347
0,3,0.13191625475883484,0.670767605304718,0.166301891207695,-0.3918716609477997,306,354
0,4,0.1603149026632309,0.698370099067688,-0.15386389195919037,-0.29390373826026917,319,358
0,5,0.29772767424583435,0.6603599786758423,0.11125937849283218,-0.29390373826026917,319,358
0,6,0.30963677167892456,0.6852899193763733,0.12419916689395905,-0.29390373826026917,322,387
0,7,0.32154589891433716,0.7117058634757996,0.12865248322486877,-0.29390373826026917,296,421
0,8,0.33345499634742737,0.739756166934967,0.12369880080223083,-0.29390373826026917,236,457
 , , , , , , , 
0,0,0.3023080825805664,0.5675055384635925,0.04974054545164108,0.09796791523694992,232,363
0,1,0.109014131128788,0.48305410146713257,0.05592576041817665,-0.09796791523694992,291,328
0,2,0.11542671918869019,0.5117790699005127,0.05647313594818115,-0.09796791523694992,323,330
0,3,0.12183932960033417,0.5405281186103821,0.05666574090719223,-0.09796791523694992,323,332
0,4,0.12825191020965576,0.5697146654129028,0.052132826298475266,-0.09796791523694992,285,341
 , , , , , , , 
0,0,0.3023080825805664,0.5635973215103149,0.08303432911634445,0.09796791523694992,265,353
0,1,0.33711934089660645,0.5796762108802795,0.07017006725072861,0.09796791523694992,279,369
0,2,0.35177668929100037,0.6064063906669617,0.059260591864585876,0.09796791523694992,264,384
 , , , , , , , 
0,0,0.2500912547111511,0.544438362121582,0.14147788286209106,0.09796791523694992,267,339
0,1,0.2821542024612427,0.5725998282432556,0.0918983742594719,0.09796791523694992,301,360
0,2,0.31604939699172974,0.5928416848182678,0.057002924382686615,0.09796791523694992,304,386
0,3,0.3297906517982483,0.6198402047157288,0.0449843667447567,0.09796791523694992,276,419
 , , , , , , , 
0,0,0.2693290412425995,0.5487592816352844,0.07280009239912033,0.09796791523694992,267,345
0,1,0.2821542024612427,0.5757508873939514,0.06947503983974457,0.09796791523694992,317,364
0,2,0.29497942328453064,0.6028971076011658,0.06403146684169769,0.09796791523694992,324,388
0,3,0.3078046143054962,0.6305467486381531,0.05152171105146408,0.09796791523694992,300,411
0,4,0.34353193640708923,0.6446970105171204,0.058713607490062714,0.09796791523694992,242,434
 , , , , , , , 
0,0,0.2500912547111511,0.5510231852531433,0.11314825713634491,0.09796791523694992,245,344
0,1,0.2821542024612427,0.5629032850265503,0.13948385417461395,0.09796791523694992,289,366
0,2,0.29497942328453064,0.5876150727272034,0.14930985867977142,0.09796791523694992,293,393
0,3,0.3078046143054962,0.6113302707672119,0.16284655034542084,0.09796791523694992,268,419
 , , , , , , , 
0,0,0.12458758056163788,0.4712364375591278,0.10376516729593277,0.09796791523694992,251,335
0,1,0.13191625475883484,0.5004779100418091,0.10271488130092621,0.09796791523694992,286,335
0,2,0.15665055811405182,0.5253173112869263,0.09863457083702087,0.09796791523694992,290,333
0,3,0.16489532589912415,0.556262731552124,0.08439484238624573,0.09796791523694992,260,335
0,4,0.15665055811405182,0.5337762236595154,0.02774866111576557,-0.09796791523694992,226,336
 , , , , , , , 
0,0,0.14016102254390717,0.46575629711151123,0.1085311621427536,0.09796791523694992,254,323
0,1,0.1484057903289795,0.49657636880874634,0.09908589720726013,0.09796791523694992,293,323
0,2,0.15665055811405182,0.5276373624801636,0.08535727113485336,0.09796791523694992,297,324
0,3,0.16489532589912415,0.5597918033599854,0.05642595514655113,0.09796791523694992,267,329
0,4,0.31604939699172974,0.5759336352348328,0.1516939401626587,0.09796791523694992,228,418
 , , , , , , , 
0,0,0.2024548202753067,0.45047828555107117,0.06659136712551117,0.09796791523694992,310,322
0,1,0.2143639177083969,0.4771591126918793,0.0692652016878128,0.09796791523694992,362,323
0,2,0.22627303004264832,0.5038400888442993,0.07191774249076843,0.09796791523694992,375,326
0,3,0.23818212747573853,0.5302236676216125,0.07663755118846893,0.09796791523694992,346,336
0,4,0.2693290412425995,0.5458576679229736,0.09206507354974747,0.09796791523694992,263,364
 , , , , , , , 
0,0,0.38292360305786133,0.3617493808269501,-0.18092364072799683,0.0,268,304
0,1,0.40307745337486267,0.38201794028282166,-0.18796826899051666,0.0,293,303
0,2,0.4232313334941864,0.40147775411605835,-0.19663569331169128,0.0,286,304
0,3,0.44338518381118774,0.41922810673713684,-0.20876838266849518,0.0,233,318
0,4,0.3627696931362152,0.3753262162208557,-0.07719296962022781,0.29390373826026917,263,335
0,5,0.38292360305786133,0.39533624053001404,-0.08547074347734451,0.29390373826026917,319,337
0,6,0.40307745337486267,0.4141598045825958,-0.09869875013828278,0.29390373826026917,345,337
0,7,0.4232313334941864,0.43247920274734497,-0.11318888515233994,0.29390373826026917,332,345
0,8,0.44338518381118774,0.45129963755607605,-0.12516029179096222,0.29390373826026917,280,364
0,9,0.835469663143158,1.1302541494369507,-0.06682484596967697,0.6857753992080688,229,364
0,10,0.852875292301178,1.1489791870117188,-0.12552794814109802,0.6857753992080688,232,368
 , , , , , , , 
0,0,0.3957487642765045,0.34275367856025696,-0.06582704186439514,0.29390373826026917,245,334
0,1,0.417734831571579,0.36206716299057007,-0.06805469840765,0.29390373826026917,328,334
0,2,0.43972086906433105,0.38135576248168945,-0.0703885406255722,0.29390373826026917,367,336
0,3,0.4617069363594055,0.40062883496284485,-0.07278713583946228,0.29390373826026917,367,343
0,4,0.4836929440498352,0.4198031425476074,-0.0757187157869339,0.29390373826026917,330,356
0,5,0.5056790113449097,0.43812087178230286,-0.08328655362129211,0.29390373826026917,245,386
 , , , , , , , 
0,0,0.417734831571579,0.3680667579174042,-0.01584116742014885,0.3918716609477997,301,334
0,1,0.43972086906433105,0.3875468075275421,-0.013936763629317284,0.3918716609477997,376,335
0,2,0.4617069363594055,0.40690377354621887,-0.015190458856523037,0.3918716609477997,411,337
0,3,0.4836929440498352,0.42613518238067627,-0.019411971792578697,0.3918716609477997,407,343
0,4,0.5056790113449097,0.445105642080307,-0.027703752741217613,0.3918716609477997,357,365
0,5,0.5496510863304138,0.43789297342300415,-0.03347867727279663,0.3918716609477997,267,394
 , , , , , , , 
0,0,0.48460906744003296,0.42640218138694763,0.19476401805877686,0.09796791523694992,256,331
0,1,0.4836929440498352,0.46376127004623413,0.2143687903881073,0.19593583047389984,256,338
 , , , , , , , 
0,0,0.5688889026641846,0.5495604872703552,-0.02858525887131691,0.09796791523694992,227,387
0,1,0.5899588465690613,0.5682794451713562,-0.05234363675117493,0.09796791523694992,231,423
0,2,0.611028790473938,0.5872988104820251,-0.06663264334201813,0.09796791523694992,241,422
0,3,0.4836929440498352,0.3766023814678192,0.20034630596637726,0.19593583047389984,244,339
0,4,0.5056790113449097,0.40043532848358154,0.19631125032901764,0.19593583047389984,291,339
0,5,0.5276650190353394,0.420385479927063,0.19958214461803436,0.19593583047389984,302,337
0,6,0.5725532174110413,0.4157343804836273,0.19090163707733154,0.19593583047389984,273,343
 , , , , , , , 
0,0,0.5716371536254883,0.5041327476501465,0.0019498399924486876,0.09796791523694992,239,335
0,1,0.593623161315918,0.520580530166626,-0.05546063557267189,0.09796791523694992,297,356
0,2,0.5899588465690613,0.5676159262657166,-0.059106528759002686,0.09796791523694992,316,386
0,3,0.611028790473938,0.5883113145828247,-0.05700495466589928,0.09796791523694992,300,417
0,4,0.6320987343788147,0.6085290908813477,-0.05967693030834198,0.09796791523694992,271,427
0,5,0.5688889026641846,0.3522067070007324,0.08314830809831619,0.3918716609477997,273,334
0,6,0.593623161315918,0.3640632629394531,0.10028380900621414,0.3918716609477997,298,334
0,7,0.6183574795722961,0.37630027532577515,0.11457686871290207,0.3918716609477997,288,337
0,8,0.6430917382240295,0.39438217878341675,0.10871239751577377,0.3918716609477997,233,352
 , , , , , , , 
0,0,0.593623161315918,0.5012995600700378,-0.15092608332633972,0.09796791523694992,308,344
0,1,0.6156092286109924,0.5338030457496643,-0.09905756264925003,0.09796791523694992,342,356
0,2,0.6375952959060669,0.555420994758606,-0.08772527426481247,0.09796791523694992,336,373
0,3,0.6595813035964966,0.5751388072967529,-0.08709532767534256,0.09796791523694992,300,390
0,4,0.681567370891571,0.5931618213653564,-0.09727983921766281,0.09796791523694992,236,403
0,5,0.593623161315918,0.32943448424339294,0.18458551168441772,0.29390373826026917,229,334
0,6,0.6183574795722961,0.35274896025657654,0.17406296730041504,0.29390373826026917,265,334
0,7,0.6430917382240295,0.3735102713108063,0.16687050461769104,0.29390373826026917,269,337
0,8,0.6678261160850525,0.38873615860939026,0.17135021090507507,0.29390373826026917,238,343
 , , , , , , , 
0,0,0.6678261160850525,0.40869060158729553,0.11596845090389252,0.19593583047389984,300,335
0,1,0.6669099926948547,0.4751989543437958,0.05612332746386528,0.19593583047389984,329,345
0,2,0.6907282471656799,0.49459466338157654,0.031410060822963715,0.19593583047389984,349,370
0,3,0.7145464420318604,0.5121092796325684,0.024192120879888535,0.19593583047389984,351,388
0,4,0.7383646368980408,0.5294162631034851,0.01935073360800743,0.19593583047389984,353,377
0,5,0.7621828317642212,0.5466766357421875,0.014127527363598347,0.19593583047389984,310,379
0,6,0.7860010266304016,0.5639294981956482,0.004624387715011835,0.19593583047389984,228,389
0,7,0.6183574795722961,0.3422204852104187,0.19394558668136597,0.29390373826026917,257,347
0,8,0.6430917382240295,0.35274797677993774,0.2071824073791504,0.29390373826026917,286,346
 , , , , , , , 
0,0,0.6412596106529236,0.3238180875778198,0.14499551057815552,0.19593583047389984,234,320
0,1,0.6669099926948547,0.3395490050315857,0.14443062245845795,0.19593583047389984,275,323
0,2,0.6925603747367859,0.36586031317710876,0.11390700191259384,0.19593583047389984,281,329
0,3,0.718210756778717,0.39630332589149475,0.029151204973459244,0.19593583047389984,281,337
0,4,0.7172946929931641,0.4483807682991028,-0.08461059629917145,0.29390373826026917,322,353
0,5,0.7420289516448975,0.45654284954071045,-0.11991432309150696,0.29390373826026917,348,374
0,6,0.7667632699012756,0.46647077798843384,-0.14253941178321838,0.29390373826026917,353,385
0,7,0.7621828317642212,0.5201367735862732,-0.16885678470134735,0.29390373826026917,334,388
0,8,0.7860010266304016,0.5289551019668579,-0.19556176662445068,0.29390373826026917,272,405
 , , , , , , , 
0,0,0.6907281875610352,0.28873199224472046,0.14300723373889923,0.19593583047389984,243,338
0,1,0.7172946929931641,0.31462305784225464,0.11388172209262848,0.19593583047389984,276,339
0,2,0.7695115208625793,0.2702121436595917,0.09257539361715317,0.19593583047389984,285,340
0,3,0.7704276442527771,0.35192614793777466,0.07283706963062286,0.29390373826026917,307,330
0,4,0.7695115208625793,0.4253644347190857,0.0182994082570076,0.29390373826026917,315,350
0,5,0.7667632699012756,0.48753780126571655,-0.014810855500400066,0.29390373826026917,304,380
0,6,0.7914975881576538,0.501398503780365,-0.04592089354991913,0.29390373826026917,274,402
 , , , , , , , 
0,0,0.7438611388206482,0.2863776683807373,0.19593682885169983,0.29390373826026917,235,343
0,1,0.6540848016738892,0.7207158803939819,-0.21483449637889862,-0.7837433218955994,233,341
 , , , , , , , 
0,0,0.7420290112495422,0.2229255586862564,0.16175781190395355,0.09796791523694992,242,340
0,1,0.7695115208625793,0.22656558454036713,0.17393344640731812,0.09796791523694992,268,341
0,2,0.7969940900802612,0.2313918173313141,0.18432089686393738,0.09796791523694992,259,343
0,3,0.8501270413398743,0.387896329164505,0.08245034515857697,0.3918716609477997,255,333
0,4,0.8766934871673584,0.39949506521224976,0.08745120465755463,0.3918716609477997,275,337
0,5,0.9032599329948425,0.41491642594337463,0.07333511859178543,0.3918716609477997,265,338
0,6,0.6733226180076599,0.7466410994529724,-0.2046247273683548,-0.7837433218955994,228,338
 , , , , , , , 
0,0,0.8519591689109802,0.1414174735546112,0.1660856455564499,0.19593583047389984,259,337
0,1,0.8803578615188599,0.1683429479598999,0.14989690482616425,0.19593583047389984,262,338
 , , , , , , , 
0,0,0.8803578615188599,0.22520798444747925,0.009476035833358765,0.29390373826026917,243,329
0,1,0.9087564945220947,0.22530889511108398,-0.05809558928012848,0.29390373826026917,263,328
 , , , , , , , 
0,0,2.9314725399017334,5.077345371246338,0.03398583456873894,0.09796791523694992,243,338
0,1,2.94612979888916,5.102732181549072,-0.03418990969657898,0.09796791523694992,250,339
 , , , , , , , 
0,0,2.9314725399017334,5.077434062957764,0.01613389328122139,-0.09796791523694992,233,349
 , , , , , , , 
0,0,2.9168150424957275,5.036812782287598,-0.3923596739768982,-0.09796791523694992,251,340
0,1,2.9314725399017334,5.063108444213867,-0.38148316740989685,-0.09796791523694992,275,343
0,2,3.130262851715088,4.979971408843994,-0.3465033769607544,-0.09796791523694992,264,353
 , , , , , , , 
0,0,2.902157783508301,5.018082141876221,-0.2939567565917969,-0.09796791523694992,239,339
0,1,2.9168150424957275,5.042557716369629,-0.30990755558013916,-0.09796791523694992,284,339
0,2,2.9314725399017334,5.0665059089660645,-0.3333333432674408,-0.09796791523694992,305,336
0,3,2.94612979888916,5.089652061462402,-0.3667251467704773,-0.09796791523694992,292,344
0,4,2.960787296295166,5.1138200759887695,-0.3842228949069977,-0.09796791523694992,259,362
 , , , , , , , 
0,0,2.9754445552825928,5.153615951538086,-0.007500499486923218,-0.09796791523694992,243,386
0,1,2.803220510482788,5.282081127166748,-0.0664120689034462,-0.09796791523694992,226,409
 , , , , , , , 
0,0,2.902157783508301,5.023930072784424,-0.16639216244220734,-0.09796791523694992,228,338
0,1,2.9168150424957275,5.043455123901367,-0.29494136571884155,-0.09796791523694992,247,338
0,2,2.9314725399017334,5.0684990882873535,-0.30151721835136414,-0.09796791523694992,247,343
0,3,2.94612979888916,5.0997796058654785,-0.17688773572444916,-0.09796791523694992,227,360
 , , , , , , , 
0,0,2.9168150424957275,5.047832489013672,-0.20692725479602814,0.09796791523694992,226,344
 , , , , , , , 
0,0,2.9168150424957275,5.052026748657227,-0.021339746192097664,0.09796791523694992,249,325
0,1,2.9314725399017334,5.073789119720459,-0.19302773475646973,0.09796791523694992,244,329
0,2,2.94612979888916,5.093510627746582,-0.3085309863090515,0.09796791523694992,233,332
0,3,2.960787296295166,5.119415760040283,-0.3006061315536499,0.09796791523694992,231,345
 , , , , , , , 
0,0,2.9168150424957275,5.042172908782959,-0.3161086440086365,0.09796791523694992,249,343
0,1,2.9314725399017334,5.068602085113525,-0.29978179931640625,0.09796791523694992,246,348
 , , , , , , , 
0,0,2.9168150424957275,5.046195983886719,-0.2435871660709381,0.09796791523694992,259,354
0,1,2.9314725399017334,5.071925163269043,-0.2370029240846634,0.09796791523694992,276,357
0,2,2.94612979888916,5.095520496368408,-0.2733401358127594,0.09796791523694992,253,370
 , , , , , , , 
0,0,2.9168150424957275,5.041966915130615,-0.31936949491500854,0.09796791523694992,248,344
0,1,2.9314725399017334,5.072285175323486,-0.2291666716337204,0.09796791523694992,299,346
0,2,2.94612979888916,5.0989089012146,-0.2004297822713852,0.09796791523694992,306,357
0,3,2.960787296295166,5.124685287475586,-0.1907486915588379,0.09796791523694992,270,375
 , , , , , , , 
0,0,2.9168150424957275,5.045479774475098,-0.2580012083053589,0.09796791523694992,234,341
0,1,2.9314725399017334,5.073436737060547,-0.20207034051418304,0.09796791523694992,272,342
0,2,2.94612979888916,5.098095417022705,-0.22014789283275604,0.09796791523694992,277,350
0,3,2.960787296295166,5.1206278800964355,-0.2791981101036072,0.09796791523694992,254,364
 , , , , , , , 
0,0,3.114689588546753,4.962270259857178,-0.22070278227329254,-0.09796791523694992,252,349
0,1,2.94612979888916,5.0924577713012695,-0.32545140385627747,-0.09796791523694992,282,349
0,2,3.145836591720581,5.004003047943115,-0.3587643802165985,-0.09796791523694992,279,350
0,3,3.161409854888916,5.022372722625732,-0.4408396780490875,-0.09796791523694992,239,357
 , , , , , , , 
0,0,2.9168150424957275,5.041783809661865,-0.32225272059440613,-0.09796791523694992,266,347
0,1,2.9314725399017334,5.066961288452148,-0.3263392746448517,-0.09796791523694992,300,343
0,2,2.94612979888916,5.088406562805176,-0.38361743092536926,-0.09796791523694992,299,345
0,3,2.960787296295166,5.10249137878418,-0.5131913423538208,-0.09796791523694992,261,357
 , , , , , , , 
0,0,2.734513998031616,5.129368782043457,-0.4932015836238861,0.09796791523694992,231,341
0,1,2.9314725399017334,5.01489782333374,-0.7946042418479919,0.09796791523694992,257,347
0,2,2.94612979888916,5.035012722015381,-0.8292711973190308,0.09796791523694992,273,350
0,3,2.960787296295166,5.066981315612793,-0.7902413606643677,0.09796791523694992,251,365
0,4,2.9901018142700195,5.178585529327393,0.0661931037902832,-0.09796791523694992,229,371
 , , , , , , , 
0,0,2.902157783508301,5.025038719177246,0.12862958014011383,-0.09796791523694992,255,343
0,1,2.9168150424957275,5.051724433898926,0.05923471599817276,-0.09796791523694992,294,341
0,2,2.9314725399017334,5.07729959487915,0.04030008241534233,-0.09796791523694992,303,345
0,3,2.94612979888916,5.102819919586182,0.016476742923259735,-0.09796791523694992,278,361
 , , , , , , , 
0,0,2.960787296295166,5.120503902435303,0.28146398067474365,-0.19593583047389984,227,375
 , , , , , , , 
0,0,2.9168150424957275,5.043350696563721,0.29672476649284363,-0.09796791523694992,250,335
0,1,2.9314725399017334,5.071670055389404,0.24239793419837952,-0.09796791523694992,254,342
 , , , , , , , 
0,0,2.9314725399017334,5.073561668395996,0.1989050656557083,-0.19593583047389984,240,372
0,1,2.94612979888916,5.10122013092041,0.1288219839334488,-0.19593583047389984,248,390
0,2,2.960787296295166,5.12792444229126,0.05633523315191269,-0.19593583047389984,226,415
 , , , , , , , 
0,0,2.7207729816436768,5.125102519989014,-0.14421436190605164,-0.09796791523694992,251,342
0,1,2.734513998031616,5.148756504058838,-0.2097194939851761,-0.09796791523694992,262,343
0,2,2.748255491256714,5.1788649559021,-0.02396887168288231,-0.09796791523694992,243,360
 , , , , , , , 
0,0,2.6932902336120605,5.044773578643799,0.556196391582489,-0.09796791523694992,253,343
0,1,2.707031488418579,5.069021701812744,0.5723921656608582,-0.09796791523694992,275,345
0,2,2.7207729816436768,5.087488174438477,0.6363478302955627,-0.09796791523694992,266,347
0,3,2.734513998031616,5.133845806121826,0.44418373703956604,-0.09796791523694992,239,359
0,4,2.748255491256714,5.178763389587402,0.0403541699051857,-0.09796791523694992,231,383
 , , , , , , , 
0,0,2.6932902336120605,5.0514397621154785,0.49198657274246216,-0.09796791523694992,290,339
0,1,2.707031488418579,5.086413383483887,0.38860172033309937,-0.09796791523694992,324,339
0,2,2.7207729816436768,5.118818283081055,0.29184573888778687,-0.09796791523694992,329,343
0,3,2.734513998031616,5.1511712074279785,0.13822294771671295,-0.09796791523694992,310,353
0,4,2.748255491256714,5.177490711212158,-0.12169422209262848,-0.09796791523694992,268,380
 , , , , , , , 
0,0,2.872843027114868,4.941542625427246,0.5838138461112976,-0.09796791523694992,249,332
0,1,2.887500286102295,4.963496208190918,0.6137409806251526,-0.09796791523694992,248,331
0,2,2.734513998031616,5.152234077453613,0.09031149744987488,-0.09796791523694992,225,358
0,3,2.748255491256714,5.177579879760742,0.11783348768949509,-0.09796791523694992,232,386
 , , , , , , , 
0,0,2.679549217224121,5.048473834991455,0.09915000945329666,-0.09796791523694992,225,343
0,1,2.6932902336120605,5.073797225952148,0.12520349025726318,-0.09796791523694992,278,344
0,2,2.707031488418579,5.099820613861084,0.12017223984003067,-0.09796791523694992,300,344
0,3,2.7207729816436768,5.125598907470703,0.1253359317779541,-0.09796791523694992,298,348
0,4,2.734513998031616,5.151482582092285,0.12609727680683136,-0.09796791523694992,267,363
 , , , , , , , 
0,0,2.8435282707214355,4.914393901824951,0.32510337233543396,-0.09796791523694992,233,339
0,1,2.679549217224121,5.0457682609558105,0.19271253049373627,-0.09796791523694992,297,334
0,2,2.6932902336120605,5.074070453643799,0.11359118670225143,-0.09796791523694992,318,334
0,3,2.707031488418579,5.101236343383789,-0.00036365792038850486,-0.09796791523694992,312,333
0,4,2.902157783508301,5.021803379058838,-0.22147104144096375,-0.09796791523694992,265,348
 , , , , , , , 
0,0,2.679549217224121,5.037774085998535,0.3431515097618103,-0.09796791523694992,271,351
0,1,2.6932902336120605,5.071582794189453,0.19530834257602692,-0.09796791523694992,295,350
0,2,2.707031488418579,5.100016117095947,0.11157645285129547,-0.09796791523694992,293,350
0,3,2.7207729816436768,5.1238532066345215,0.18330061435699463,-0.09796791523694992,243,366
 , , , , , , , 
0,0,2.679549217224121,5.0243425369262695,0.5028907656669617,-0.09796791523694992,241,339
0,1,2.6932902336120605,5.067082405090332,0.2894328236579895,-0.09796791523694992,248,342
 , , , , , , , 
0,0,2.6658077239990234,5.019239902496338,0.2081194519996643,-0.09796791523694992,227,344
0,1,2.679549217224121,5.0472917556762695,0.1475294679403305,-0.09796791523694992,266,345
0,2,2.6932902336120605,5.074270248413086,0.10429447889328003,-0.09796791523694992,274,348
0,3,2.707031488418579,5.100373268127441,0.0938398540019989,-0.09796791523694992,259,352
 , , , , , , , 
0,0,2.679549217224121,5.047688007354736,0.13327500224113464,-0.09796791523694992,231,334
0,1,2.6932902336120605,5.074936866760254,0.06413710117340088,-0.09796791523694992,236,334
 , , , , , , , 
0,0,2.6932902336120605,5.07154655456543,0.1962428092956543,-0.09796791523694992,226,327
 , , , , , , , 
0,0,2.679549217224121,5.017005443572998,0.5714691281318665,0.09796791523694992,244,345
0,1,2.6932902336120605,5.050085067749023,0.5057065486907959,0.09796791523694992,252,344
0,2,2.707031488418579,5.0804948806762695,0.45954740047454834,0.09796791523694992,234,347
 , , , , , , , 
0,0,2.7207729816436768,5.111900329589844,0.3949044346809387,0.09796791523694992,232,372
0,1,2.734513998031616,5.146055698394775,0.2679218053817749,0.09796791523694992,230,390
 , , , , , , , 
0,0,2.7207729816436768,5.117919445037842,0.3072024881839752,0.09796791523694992,259,361
0,1,2.734513998031616,5.149685859680176,0.18549616634845734,0.09796791523694992,252,386
 , , , , , , , 
0,0,2.679549217224121,5.042370796203613,0.26723793148994446,0.09796791523694992,237,352
0,1,2.6932902336120605,5.072921276092529,0.15673990547657013,0.09796791523694992,262,351
0,2,2.707031488418579,5.100551128387451,0.08359575271606445,0.09796791523694992,272,356
0,3,2.7207729816436768,5.126154899597168,0.10003803670406342,0.09796791523694992,250,373
 , , , , , , , 
0,0,2.887500286102295,4.979012489318848,0.4716016948223114,0.09796791523694992,232,362
 , , , , , , , 
0,0,2.7207729816436768,5.1231489181518555,0.20203258097171783,0.09796791523694992,269,335
0,1,2.734513998031616,5.151589870452881,0.12163098901510239,0.09796791523694992,282,355
0,2,2.748255491256714,5.177969455718994,0.09924335032701492,0.09796791523694992,255,383
 , , , , , , , 
0,0,2.734513998031616,5.152968883514404,-0.024204736575484276,0.09796791523694992,240,340
0,1,2.748255491256714,5.174458980560303,-0.21492145955562592,0.09796791523694992,273,348
0,2,2.7619967460632324,5.182600498199463,-0.48036277294158936,0.09796791523694992,284,364
0,3,2.960787296295166,5.085098743438721,-0.6637400984764099,0.09796791523694992,275,380
0,4,2.9754445552825928,5.097403526306152,-0.7591373920440674,0.09796791523694992,234,403
 , , , , , , , 
0,0,2.902157783508301,5.024470806121826,0.14917242527008057,0.09796791523694992,236,349
0,1,2.9168150424957275,5.04600715637207,0.24747419357299805,0.09796791523694992,239,353
0,2,2.9314725399017334,5.076332092285156,0.10699792951345444,0.09796791523694992,237,356
 , , , , , , , 
0,0,2.902157783508301,5.026660919189453,-0.015420314855873585,0.09796791523694992,257,346
0,1,2.9168150424957275,5.051656723022461,-0.06478212028741837,0.09796791523694992,279,344
0,2,2.9314725399017334,5.076345443725586,-0.1063549742102623,0.09796791523694992,274,342
0,3,2.7619967460632324,5.204812049865723,0.005417944397777319,0.09796791523694992,244,354
 , , , , , , , 
0,0,2.902157783508301,5.026684761047363,0.0003131311386823654,0.09796791523694992,234,340
0,1,2.9168150424957275,5.051512718200684,0.07517178356647491,0.09796791523694992,253,339
0,2,2.748255491256714,5.161710262298584,0.42186057567596436,0.19593583047389984,240,351
 , , , , , , , 
0,0,2.9754445552825928,5.143795490264893,0.3180827498435974,0.09796791523694992,246,377
0,1,2.775738000869751,5.174863815307617,0.76230388879776,0.19593583047389984,236,367
0,2,2.7894792556762695,5.190310001373291,0.8322066068649292,0.19593583047389984,238,385
 , , , , , , , 
0,0,2.9314725399017334,5.075496196746826,0.14118456840515137,0.09796791523694992,247,354
0,1,2.94612979888916,5.102331161499023,0.0725380927324295,0.09796791523694992,244,356
0,2,2.960787296295166,5.119763374328613,0.2946256697177887,0.09796791523694992,237,363
0,3,2.9754445552825928,5.125338554382324,0.5391795039176941,0.09796791523694992,233,382
 , , , , , , , 
0,0,2.748255491256714,5.177700996398926,0.11239705234766006,0.09796791523694992,242,343
0,1,2.94612979888916,5.10200309753418,0.09278769046068192,0.09796791523694992,240,348
0,2,2.9754445552825928,5.146613597869873,0.26865947246551514,0.09796791523694992,231,389
 , , , , , , , 
0,0,2.94612979888916,5.080220699310303,0.4800015985965729,0.09796791523694992,227,353
 , , , , , , , 
0,0,2.9168150424957275,5.047356605529785,-0.2182244062423706,0.09796791523694992,276,354
0,1,2.9314725399017334,5.07662296295166,-0.09217184782028198,0.09796791523694992,293,354
0,2,2.94612979888916,5.101944923400879,0.09592941403388977,0.09796791523694992,278,356
0,3,2.960787296295166,5.104404449462891,0.4937989115715027,0.09796791523694992,227,374
 , , , , , , , 
0,0,2.9314725399017334,5.049446105957031,-0.5326226949691772,0.09796791523694992,242,352
0,1,2.94612979888916,5.044987678527832,-0.7662507891654968,0.09796791523694992,271,351
0,2,2.960787296295166,5.058935165405273,-0.8402138948440552,0.09796791523694992,272,351
0,3,2.9754445552825928,5.113167762756348,-0.6444591283798218,0.09796791523694992,242,361
 , , , , , , , 
0,0,2.9314725399017334,5.044898509979248,-0.5741027593612671,0.09796791523694992,233,352
0,1,2.94612979888916,5.054332256317139,-0.7019737958908081,0.09796791523694992,262,350
0,2,2.960787296295166,5.0585713386535645,-0.8424015045166016,0.09796791523694992,257,354
 , , , , , , , 
0,0,0.8794417381286621,0.32429468631744385,-0.0373198464512825,-0.5878074765205383,282,336
0,1,0.9069242477416992,0.33392924070358276,-0.04260433092713356,-0.5878074765205383,325,334
0,2,0.9344068765640259,0.3442057967185974,-0.04264234006404877,-0.5878074765205383,330,336
0,3,0.9939523935317993,0.2527276873588562,-0.029914718121290207,-0.5878074765205383,295,346
 , , , , , , , 
0,0,0.8794417381286621,0.32542482018470764,0.02566112019121647,-0.5878074765205383,232,340
0,1,0.9371550679206848,0.23827554285526276,0.028295716270804405,-0.5878074765205383,262,342
0,2,0.9655537605285645,0.24630671739578247,0.021239781752228737,-0.5878074765205383,246,356
 , , , , , , , 
0,0,0.7969940900802612,0.37145695090293884,-0.015423816628754139,-0.29390373826026917,288,327
0,1,0.8235605955123901,0.38390839099884033,-0.014167253859341145,-0.29390373826026917,330,329
0,2,0.8501270413398743,0.396305650472641,-0.01426283735781908,-0.29390373826026917,336,333
0,3,0.8766934871673584,0.40869149565696716,-0.014672455377876759,-0.29390373826026917,313,339
0,4,0.9344068765640259,0.3468230664730072,-0.0031224838458001614,-0.29390373826026917,247,362
 , , , , , , , 
0,0,0.8501270413398743,0.3843977153301239,0.09746801853179932,-0.29390373826026917,261,327
0,1,0.8766934871673584,0.3970046639442444,0.098139189183712,-0.29390373826026917,232,338
0,2,0.7695115208625793,0.4249604344367981,-0.026046277955174446,-0.09796791523694992,269,336
0,3,0.7951619625091553,0.4397640526294708,-0.012783743441104889,-0.09796791523694992,285,337
0,4,0.8208122849464417,0.4535336494445801,0.02349458634853363,-0.09796791523694992,264,337
 , , , , , , , 
0,0,0.7438611388206482,0.40584179759025574,0.06840331107378006,-0.19593583047389984,318,341
0,1,0.7695115208625793,0.4200243353843689,0.06963713467121124,-0.19593583047389984,366,343
0,2,0.7951619625091553,0.4345238208770752,0.06888303905725479,-0.19593583047389984,379,345
0,3,0.8208122849464417,0.4492928087711334,0.06618715077638626,-0.19593583047389984,358,349
0,4,0.8464626669883728,0.46430060267448425,0.061330217868089676,-0.19593583047389984,283,375
 , , , , , , , 
0,0,0.6320987939834595,0.18183794617652893,-0.14826959371566772,-0.6857753992080688,252,334
0,1,0.6595813035964966,0.1991274207830429,-0.1424364149570465,-0.6857753992080688,295,337
0,2,0.6870638728141785,0.21122978627681732,-0.14290180802345276,-0.6857753992080688,299,345
0,3,0.7145463824272156,0.2213558554649353,-0.14610852301120758,-0.6857753992080688,273,350
0,4,0.6925603747367859,0.43692076206207275,0.05650845915079117,-0.19593583047389984,309,330
0,5,0.7172946929931641,0.45216798782348633,0.061223965138196945,-0.19593583047389984,378,333
0,6,0.7420289516448975,0.46759915351867676,0.06451225280761719,-0.19593583047389984,410,334
0,7,0.7667632699012756,0.48315516114234924,0.06688474118709564,-0.19593583047389984,399,345
0,8,0.7914975881576538,0.49856990575790405,0.07026524841785431,-0.19593583047389984,341,370
0,9,0.8162318468093872,0.5131524801254272,0.07921864092350006,-0.19593583047389984,238,410
 , , , , , , , 
0,0,0.6907282471656799,0.4900907576084137,0.07363098859786987,-0.19593583047389984,250,377
0,1,0.7145464420318604,0.5053095817565918,0.08662229776382446,-0.19593583047389984,244,398
 , , , , , , , 
0,0,0.6925603747367859,0.4238000810146332,0.12035965919494629,-0.29390373826026917,245,362
0,1,0.7172946929931641,0.43377232551574707,0.14158332347869873,-0.29390373826026917,246,382
 , , , , , , , 
0,0,0.45162999629974365,0.6919905543327332,0.1997382938861847,-0.6857753992080688,229,332
0,1,0.46720343828201294,0.7195209264755249,0.19346417486667633,-0.6857753992080688,229,333
0,2,0.6183574795722961,0.42776551842689514,0.24722279608249664,-0.4898395836353302,253,335
0,3,0.6156092286109924,0.48626506328582764,0.24146296083927155,-0.4898395836353302,264,337
0,4,0.6375952959060669,0.5019118785858154,0.25352054834365845,-0.3918716609477997,237,352
 , , , , , , , 
0,0,0.5725532174110413,0.45044058561325073,0.07988610118627548,-0.4898395836353302,240,353
0,1,0.5716371536254883,0.48288416862487793,0.1448327749967575,-0.3918716609477997,252,385
0,2,0.593623161315918,0.5040093660354614,0.14161382615566254,-0.3918716609477997,243,415
0,3,0.538658082485199,0.1777445375919342,-0.23922602832317352,-0.29390373826026917,240,333
0,4,0.5643084049224854,0.18385902047157288,-0.2523464858531952,-0.29390373826026917,270,335
0,5,0.5899588465690613,0.1546509712934494,-0.28745338320732117,-0.29390373826026917,263,339
0,6,0.593623161315918,0.3301965892314911,-0.18321876227855682,-0.19593583047389984,230,343
 , , , , , , , 
0,0,0.46995168924331665,0.28782904148101807,-0.08078562468290329,-0.29390373826026917,227,326
0,1,0.49468594789505005,0.3053726255893707,-0.0759907141327858,-0.29390373826026917,305,327
0,2,0.5194202661514282,0.3214655816555023,-0.07640163600444794,-0.29390373826026917,341,329
0,3,0.5441545844078064,0.3358066976070404,-0.0840030163526535,-0.29390373826026917,342,333
0,4,0.5688889026641846,0.3463667929172516,-0.10484865307807922,-0.29390373826026917,305,343
 , , , , , , , 
0,0,0.5056790113449097,0.4666471481323242,0.14668527245521545,-0.3918716609477997,268,347
0,1,0.5267489552497864,0.49529823660850525,0.11962829530239105,-0.3918716609477997,279,363
0,2,0.5716371536254883,0.4952496290206909,0.0942414179444313,-0.3918716609477997,257,383
0,3,0.46995168924331665,0.29016244411468506,-0.07195580005645752,-0.19593583047389984,293,337
0,4,0.49468594789505005,0.3071163296699524,-0.06860455125570297,-0.19593583047389984,347,338
0,5,0.5194202661514282,0.32353994250297546,-0.06707621365785599,-0.19593583047389984,362,341
0,6,0.5441545844078064,0.33990582823753357,-0.06547264009714127,-0.19593583047389984,344,347
0,7,0.5688889026641846,0.35618942975997925,-0.06397110968828201,-0.19593583047389984,278,371
 , , , , , , , 
0,0,0.4232313334941864,0.48098233342170715,0.07387903332710266,-0.4898395836353302,257,339
0,1,0.44246912002563477,0.5029296875,0.07668483257293701,-0.4898395836353302,330,339
0,2,0.46170690655708313,0.5250527262687683,0.07831823080778122,-0.4898395836353302,361,339
0,3,0.4809447228908539,0.5472958087921143,0.07909002900123596,-0.4898395836353302,353,345
0,4,0.5001825094223022,0.5695299506187439,0.07984858006238937,-0.4898395836353302,303,360
0,5,0.46995168924331665,0.2936393618583679,-0.05610520392656326,-0.19593583047389984,279,345
0,6,0.49468594789505005,0.30945056676864624,-0.05716082453727722,-0.19593583047389984,319,344
0,7,0.5194202661514282,0.32550153136253357,-0.056798532605171204,-0.19593583047389984,324,344
0,8,0.5441545844078064,0.34185919165611267,-0.05435950309038162,-0.19593583047389984,290,353
 , , , , , , , 
0,0,0.3847557604312897,0.47823238372802734,0.0472387857735157,-0.4898395836353302,299,330
0,1,0.40307745337486267,0.5019253492355347,0.0390690416097641,-0.4898395836353302,373,328
0,2,0.42139917612075806,0.5253276824951172,0.032424286007881165,-0.4898395836353302,405,329
0,3,0.43972086906433105,0.5486948490142822,0.02380954660475254,-0.4898395836353302,397,336
0,4,0.435140460729599,0.5896999835968018,0.0015508979558944702,-0.4898395836353302,348,357
0,5,0.45254606008529663,0.612505316734314,-0.03101617656648159,-0.4898395836353302,249,396
0,6,0.48460906744003296,0.45355409383773804,0.11849279701709747,-0.19593583047389984,263,389
0,7,0.4452173709869385,0.2827219069004059,-0.01673894003033638,-0.09796791523694992,262,340
0,8,0.46995168924331665,0.29840758442878723,-0.018021849915385246,-0.09796791523694992,329,340
0,9,0.47636425495147705,0.34089162945747375,-0.024722807109355927,-0.09796791523694992,357,341
0,10,0.5001825094223022,0.3581829369068146,-0.022297412157058716,-0.09796791523694992,352,342
0,11,0.5240007042884827,0.3759174346923828,-0.0060190074145793915,-0.09796791523694992,302,359
 , , , , , , , 
0,0,0.3481123447418213,0.4698970317840576,0.041902199387550354,-0.4898395836353302,255,339
0,1,0.34628018736839294,0.5085017085075378,0.022153574973344803,-0.4898395836353302,322,339
0,2,0.3627697229385376,0.533163845539093,0.007832013070583344,-0.4898395836353302,352,338
0,3,0.37925925850868225,0.557274580001831,-0.014325729571282864,-0.4898395836353302,343,341
0,4,0.417734831571579,0.5646232962608337,-0.041055336594581604,-0.4898395836353302,291,356
0,5,0.46353909373283386,0.48806828260421753,0.03897006809711456,-0.29390373826026917,311,338
0,6,0.4836929440498352,0.5074426531791687,0.05941743403673172,-0.19593583047389984,238,416
0,7,0.4287278354167938,0.3076019883155823,0.0019568989519029856,-0.09796791523694992,280,327
0,8,0.45254606008529663,0.3246852159500122,0.0028350260108709335,-0.09796791523694992,338,325
0,9,0.47636425495147705,0.3417661786079407,0.0037661867681890726,-0.09796791523694992,358,323
0,10,0.5194202661514282,0.3302358388900757,0.011027618311345577,-0.09796791523694992,343,324
0,11,0.5441545844078064,0.34491848945617676,0.02922120876610279,-0.09796791523694992,276,344
 , , , , , , , 
0,0,0.3078046143054962,0.6309652924537659,0.04611371457576752,-0.5878074765205383,237,383
0,1,0.278489887714386,0.4822864234447479,0.00834699161350727,-0.4898395836353302,278,337
0,2,0.2931472361087799,0.5077014565467834,0.006719283293932676,-0.4898395836353302,343,336
0,3,0.3078046143054962,0.5330639481544495,0.008597679436206818,-0.4898395836353302,370,337
0,4,0.3023080825805664,0.5694904923439026,0.014740509912371635,-0.4898395836353302,362,342
0,5,0.31604939699172974,0.5939649343490601,0.043774690479040146,-0.4898395836353302,311,362
0,6,0.44338518381118774,0.46774935722351074,0.023387638852000237,-0.29390373826026917,314,319
0,7,0.44246912002563477,0.507673442363739,0.03296312317252159,-0.29390373826026917,327,325
0,8,0.46170690655708313,0.5278337001800537,0.056618690490722656,-0.29390373826026917,295,347
0,9,0.4287278354167938,0.3076077997684479,0.0005147946649231017,-0.09796791523694992,297,333
0,10,0.45254606008529663,0.32468530535697937,0.002824668074026704,-0.09796791523694992,345,330
0,11,0.47636425495147705,0.3417802155017853,0.0021439993288367987,-0.09796791523694992,353,332
0,12,0.5001825094223022,0.35883432626724243,-0.005488417576998472,-0.09796791523694992,323,339
 , , , , , , , 
0,0,0.24734297394752502,0.46610236167907715,-0.000632963958196342,-0.4898395836353302,313,336
0,1,0.26108425855636597,0.49192458391189575,-0.008465667255222797,-0.4898395836353302,365,339
0,2,0.2748255431652069,0.5175079703330994,-0.019940540194511414,-0.4898395836353302,380,341
0,3,0.28856682777404785,0.5421619415283203,-0.04200384393334389,-0.4898395836353302,356,346
0,4,0.32246196269989014,0.5511114001274109,-0.09067182242870331,-0.4898395836353302,279,371
0,5,0.3078046143054962,0.34644779562950134,0.4052221477031708,-0.19593583047389984,305,332
0,6,0.32246196269989014,0.3601032793521881,0.42693179845809937,-0.19593583047389984,317,351
0,7,0.31604939699172974,0.3224491477012634,0.5007365942001343,-0.19593583047389984,283,380
0,8,0.4287278354167938,0.30734798312187195,-0.012650587595999241,-0.09796791523694992,279,319
0,9,0.45254606008529663,0.32417359948158264,-0.018439289182424545,-0.09796791523694992,322,313
0,10,0.47636425495147705,0.3387884497642517,-0.04517411068081856,-0.09796791523694992,325,314
 , , , , , , , 
0,0,0.218028262257576,0.44812577962875366,6.031771044945344e-05,-0.3918716609477997,315,334
0,1,0.23085343837738037,0.4744340479373932,-0.007026737555861473,-0.3918716609477997,372,336
0,2,0.24367865920066833,0.5005974173545837,-0.015793966129422188,-0.3918716609477997,387,341
0,3,0.2565038204193115,0.5263254046440125,-0.030472220852971077,-0.3918716609477997,364,351
0,4,0.2693290412425995,0.5500343441963196,-0.06244054436683655,-0.3918716609477997,291,376
0,5,0.41223829984664917,0.3290943503379822,-0.013669735752046108,-0.09796791523694992,279,319
0,6,0.435140460729599,0.34762680530548096,0.00590337160974741,-0.09796791523694992,309,318
0,7,0.45804256200790405,0.36400094628334045,0.03796743229031563,-0.09796791523694992,305,320
0,8,0.44246912002563477,0.42551785707473755,0.04615575075149536,-0.09796791523694992,266,332
 , , , , , , , 
0,0,0.2088674157857895,0.5162593722343445,-0.008782320655882359,-0.29390373826026917,376,330
0,1,0.17588834464550018,0.4340324103832245,0.02595282346010208,-0.19593583047389984,287,324
0,2,0.18688136339187622,0.4611984193325043,0.026915302500128746,-0.19593583047389984,359,323
0,3,0.19787438213825226,0.48828715085983276,0.029184812679886818,-0.19593583047389984,389,322
0,4,0.20153872668743134,0.5493485331535339,-0.03659981116652489,-0.19593583047389984,323,347
 , , , , , , , 
0,0,0.13741277158260345,0.4174821078777313,0.013448061421513557,-0.19593583047389984,251,336
0,1,0.14657361805438995,0.44541624188423157,0.010721610859036446,-0.19593583047389984,352,334
0,2,0.15573447942733765,0.4733584225177765,0.005623160861432552,-0.19593583047389984,405,332
0,3,0.16489532589912415,0.501221776008606,-0.004073988180607557,-0.19593583047389984,418,334
0,4,0.17405617237091064,0.5281315445899963,-0.031748898327350616,-0.19593583047389984,388,345
0,5,0.16489532589912415,0.547558069229126,-0.12934795022010803,-0.19593583047389984,311,380
0,6,0.16489532589912415,0.5423181653022766,-0.1498056799173355,-0.09796791523694992,318,373
0,7,0.45804256200790405,0.352932870388031,0.09683291614055634,-0.09796791523694992,318,373
0,8,0.19237788021564484,0.4327535033226013,-0.3933063745498657,-0.09796791523694992,258,415
 , , , , , , , 
0,0,0.10993021726608276,0.4213733971118927,0.06094463914632797,-0.29390373826026917,267,332
0,1,0.11725889891386032,0.45153898000717163,0.04855206981301308,-0.29390373826026917,346,329
0,2,0.12458758056163788,0.48106107115745544,0.03756629303097725,-0.29390373826026917,382,328
0,3,0.13191625475883484,0.5102649331092834,0.025655215606093407,-0.29390373826026917,381,330
0,4,0.139244943857193,0.5391486287117004,0.012493511661887169,-0.29390373826026917,335,345
0,5,0.3655179738998413,0.41841110587120056,0.0394364632666111,-0.09796791523694992,345,333
0,6,0.3664340376853943,0.45336005091667175,0.06270547956228256,-0.09796791523694992,309,348
0,7,0.3078046143054962,0.5330633521080017,0.008631037548184395,-0.09796791523694992,257,375
 , , , , , , , 
0,0,0.42139914631843567,0.356892853975296,0.19695550203323364,0.09796791523694992,252,333
0,1,0.0,1.0254230499267578,-0.03485891968011856,-0.7837433218955994,233,375
0,2,0.0,1.0541585683822632,-0.04971238598227501,-0.7837433218955994,230,394
0,3,0.06412596255540848,0.4028310179710388,0.04525749757885933,-0.29390373826026917,237,334
0,4,0.06870638579130173,0.4323745369911194,0.04106252267956734,-0.29390373826026917,332,334
0,5,0.07328680902719498,0.46155837178230286,0.03984109312295914,-0.29390373826026917,379,336
0,6,0.07786723971366882,0.49059268832206726,0.04010682925581932,-0.29390373826026917,388,341
0,7,0.08244766294956207,0.5194729566574097,0.042197566479444504,-0.29390373826026917,360,352
0,8,0.08702808618545532,0.548284649848938,0.04512763395905495,-0.29390373826026917,280,383
 , , , , , , , 
0,0,0.0,0.4100513458251953,0.017062131315469742,0.09796791523694992,231,332
0,1,0.0,0.43855124711990356,0.03205073997378349,0.09796791523694992,312,326
0,2,0.01465736236423254,0.4680039882659912,0.027419250458478928,0.09796791523694992,344,329
0,3,0.295895516872406,0.3878666162490845,-0.10177610069513321,0.09796791523694992,356,338
0,4,0.015573447570204735,0.49714595079421997,0.030926188454031944,0.09796791523694992,356,338
0,5,0.31330111622810364,0.4208759665489197,-0.05600178241729736,0.09796791523694992,372,352
0,6,0.33070674538612366,0.4459296464920044,-0.04479152709245682,0.09796791523694992,349,382
0,7,0.3481123447418213,0.4688189625740051,-0.05260954424738884,0.09796791523694992,286,420
0,8,0.010993021540343761,0.3441691994667053,0.07192745059728622,-0.3918716609477997,256,341
0,9,0.0,0.3755575716495514,0.06470848619937897,-0.3918716609477997,253,339
 , , , , , , , 
0,0,0.26474860310554504,0.42066726088523865,0.036059390753507614,0.19593583047389984,294,330
0,1,0.28032204508781433,0.44675421714782715,0.0161431897431612,0.19593583047389984,352,333
0,2,0.295895516872406,0.4715845286846161,0.01674310676753521,0.19593583047389984,372,339
0,3,0.3114689290523529,0.49515652656555176,0.03934861347079277,0.19593583047389984,351,355
0,4,0.3270424008369446,0.5149579644203186,0.08268182724714279,0.19593583047389984,296,381
0,5,-0.043972086161375046,0.46628645062446594,0.02525453269481659,0.3918716609477997,257,328
0,6,-0.046720340847969055,0.49530425667762756,0.029050929471850395,0.3918716609477997,283,327
0,7,0.0,0.3468151092529297,0.05887370556592941,-0.3918716609477997,344,337
0,8,0.0,0.3763955235481262,0.05964136868715286,-0.3918716609477997,331,336
0,9,0.0,0.4051908850669861,0.0652192011475563,-0.3918716609477997,265,355
0,10,0.0302308090031147,0.31947553157806396,0.03167341649532318,-0.19593583047389984,245,437
0,11,0.03297906368970871,0.3487606942653656,0.03201858326792717,-0.19593583047389984,345,350
0,12,0.03572732210159302,0.3780011832714081,0.03270046412944794,-0.19593583047389984,331,347
0,13,0.03847557678818703,0.40721631050109863,0.03358130156993866,-0.19593583047389984,256,370
 , , , , , , , 
0,0,0.2024548202753067,0.4544009864330292,-0.029745999723672867,0.19593583047389984,280,331
0,1,0.2143639177083969,0.4820139706134796,-0.01187540777027607,0.19593583047389984,364,328
0,2,0.22627303004264832,0.508917510509491,-0.00547080859541893,0.19593583047389984,403,329
0,3,0.23818212747573853,0.5357292294502258,-0.0021612318232655525,0.19593583047389984,397,341
0,4,0.2500912547111511,0.5625172853469849,0.0018471600487828255,0.19593583047389984,349,364
0,5,0.2821542024612427,0.5739585161209106,0.08299101144075394,0.29390373826026917,272,386
 , , , , , , , 
0,0,-0.015573447570204735,0.3592078983783722,-0.3450799882411957,0.19593583047389984,256,320
0,1,0.17130792140960693,0.4677320420742035,-0.015276188962161541,0.19593583047389984,256,320
0,2,0.19787438213825226,0.4885881245136261,-0.023616869002580643,0.19593583047389984,364,321
0,3,0.2088674157857895,0.5154719352722168,-0.029825476929545403,0.19593583047389984,419,322
0,4,0.21986043453216553,0.5419636368751526,-0.040963441133499146,0.19593583047389984,427,332
0,5,0.23085346817970276,0.5669263601303101,-0.06539063900709152,0.19593583047389984,390,351
0,6,0.04030774533748627,0.1052413210272789,0.6350011229515076,0.19593583047389984,302,385
0,7,0.26200035214424133,0.5794835686683655,-0.10715173184871674,0.19593583047389984,302,385
0,8,0.021986043080687523,0.3380780518054962,-0.09469252079725266,-0.3918716609477997,270,345
 , , , , , , , 
0,0,-0.07786723971366882,0.492203027009964,-0.005092657636851072,0.29390373826026917,227,333
0,1,-0.08244766294956207,0.518678605556488,0.05104203522205353,0.29390373826026917,302,336
0,2,0.16489532589912415,0.5007343292236328,-0.022472798824310303,0.29390373826026917,302,336
0,3,0.17405617237091064,0.52801114320755,-0.03369177505373955,0.29390373826026917,376,339
0,4,0.18321701884269714,0.5553654432296753,-0.04173673689365387,0.29390373826026917,409,344
0,5,0.19237788021564484,0.5820070505142212,-0.05686233565211296,0.29390373826026917,399,358
0,6,0.20153872668743134,0.6052533984184265,-0.09474892169237137,0.29390373826026917,332,387
0,7,-0.021986043080687523,0.3501805067062378,0.025240231305360794,-0.29390373826026917,266,326
 , , , , , , , 
0,0,0.15665055811405182,0.5235455632209778,-0.10764344781637192,0.19593583047389984,320,345
0,1,0.16489532589912415,0.5566344857215881,-0.08190701901912689,0.19593583047389984,384,345
0,2,0.17314009368419647,0.5871865749359131,-0.06487797945737839,0.19593583047389984,407,349
0,3,0.20153872668743134,0.6113095879554749,-0.040119923651218414,0.19593583047389984,387,366
0,4,0.21069958806037903,0.6404685378074646,-0.0018779393285512924,0.19593583047389984,330,393
0,5,0.21986043453216553,0.6655171513557434,0.06111987680196762,0.19593583047389984,238,432
0,6,-0.06595812737941742,0.1921275109052658,0.6735903024673462,0.19593583047389984,238,432
0,7,-0.03297906368970871,0.34510374069213867,0.0596877820789814,-0.29390373826026917,283,340
 , , , , , , , 
0,0,0.1813848614692688,0.6124631762504578,-0.08896781504154205,0.09796791523694992,351,393
0,1,0.18962962925434113,0.6438160538673401,-0.06433737277984619,0.09796791523694992,316,406
0,2,0.21986043453216553,0.6683003902435303,-0.0048348745331168175,0.09796791523694992,244,431
0,3,0.1484057903289795,0.5057696104049683,-0.02456091344356537,0.19593583047389984,228,347
0,4,0.15665055811405182,0.5330763459205627,-0.03894433006644249,0.19593583047389984,307,342
0,5,0.16489532589912415,0.5604460835456848,-0.04950711131095886,0.19593583047389984,368,339
0,6,0.17314009368419647,0.5887099504470825,-0.0491718091070652,0.19593583047389984,401,339
0,7,0.021986043080687523,0.349088579416275,-0.037424929440021515,-0.19593583047389984,235,363
 , , , , , , , 
0,0,0.15665055811405182,0.5344709753990173,-0.005273972637951374,0.29390373826026917,242,343
0,1,0.16489532589912415,0.5625150799751282,-0.011292208917438984,0.29390373826026917,290,340
0,2,0.05496510863304138,0.3388311564922333,-0.07693585753440857,-0.09796791523694992,262,378
 , , , , , , , 
0,0,0.19787438213825226,0.6706882119178772,-0.07752692699432373,0.09796791523694992,256,396
0,1,0.14657361805438995,0.5654686093330383,-0.05002662166953087,0.19593583047389984,285,392
0,2,-0.07328680902719498,0.12384536862373352,0.5683595538139343,0.19593583047389984,285,392
0,3,0.17314009368419647,0.5892781019210815,-0.04181531444191933,0.19593583047389984,332,384
0,4,-0.05771336704492569,0.08703313767910004,-0.6066870093345642,0.19593583047389984,332,384
0,5,0.1813848614692688,0.6175117492675781,-0.04129970446228981,0.19593583047389984,347,376
0,6,0.18962962925434113,0.6455458402633667,-0.04369167611002922,0.19593583047389984,323,378
0,7,0.20153872668743134,0.5486359000205994,0.046065155416727066,0.3918716609477997,261,349
0,8,0.19237788021564484,0.5830196738243103,0.04531622305512428,0.3918716609477997,298,350
0,9,0.20153872668743134,0.6107591986656189,0.04777275025844574,0.3918716609477997,303,349
0,10,0.21069958806037903,0.6383536458015442,0.05203962326049805,0.3918716609477997,273,353
0,11,0.043972086161375046,0.3361019492149353,-0.0940679982304573,-0.09796791523694992,248,393
0,12,-0.07695115357637405,0.18946264684200287,0.2862328886985779,-0.09796791523694992,248,393
 , , , , , , , 
0,0,0.19237788021564484,0.5843910574913025,0.02127491682767868,0.09796791523694992,265,414
0,1,0.20153872668743134,0.6123318672180176,0.018939007073640823,0.09796791523694992,305,397
0,2,0.18962962925434113,0.6470222473144531,0.0007793531403876841,0.09796791523694992,306,389
0,3,0.19787438213825226,0.6750494241714478,0.011890863068401814,0.09796791523694992,267,395
 , , , , , , , 
0,0,0.2500912547111511,0.5620420575141907,0.023191185668110847,0.09796791523694992,245,417
0,1,0.26200035214424133,0.588446855545044,0.031828176230192184,0.09796791523694992,288,395
0,2,0.27390944957733154,0.6145508885383606,0.04357362166047096,0.09796791523694992,282,387
 , , , , , , , 
0,0,0.22169259190559387,0.6020039916038513,0.06610937416553497,0.09796791523694992,269,403
0,1,0.23176954686641693,0.6311847567558289,0.049865204840898514,0.09796791523694992,276,391
0,2,0.2418464720249176,0.6597626805305481,0.03479800373315811,0.09796791523694992,235,396
 , , , , , , , 
0,0,0.20153872668743134,0.6103234887123108,-0.05304977670311928,0.09796791523694992,227,354
0,1,-0.08061549067497253,0.4494195282459259,-0.4554669260978699,0.09796791523694992,227,354
0,2,0.18962962925434113,0.6468918323516846,-0.013012467883527279,0.09796791523694992,246,346
0,3,0.17588834464550018,0.6786816716194153,0.058667320758104324,0.09796791523694992,225,355
 , , , , , , , 
0,0,2.707031488418579,5.100272178649902,-0.099173903465271,0.09796791523694992,233,366
 , , , , , , , 
0,0,2.872843027114868,4.975799083709717,-0.033262014389038086,0.09796791523694992,247,357
0,1,2.887500286102295,4.999930381774902,-0.11691738665103912,0.09796791523694992,243,361
0,2,0.21069958806037903,0.6235045790672302,-0.1464429348707199,-0.09796791523694992,236,360
 , , , , , , , 
0,0,0.21069958806037903,0.63006192445755,-0.11500191688537598,-0.09796791523694992,228,368
 , , , , , , , 
0,0,2.9168150424957275,5.050464630126953,-0.12743137776851654,0.09796791523694992,235,344
0,1,2.9314725399017334,5.075287818908691,-0.1484794318675995,0.09796791523694992,258,346
0,2,2.94612979888916,5.096078395843506,-0.2627316117286682,0.09796791523694992,247,355
 , , , , , , , 
0,0,2.9314725399017334,5.04704475402832,-0.5549160242080688,-0.09796791523694992,235,340
 , , , , , , , 
0,0,2.7619967460632324,5.127033710479736,-0.8964505791664124,-0.29390373826026917,234,342
0,1,2.775738000869751,5.1498517990112305,-0.9161610007286072,-0.29390373826026917,231,346
0,2,2.9168150424957275,5.026351451873779,-0.5091392993927002,-0.09796791523694992,253,334
0,3,2.9314725399017334,5.0510735511779785,-0.5169613361358643,-0.09796791523694992,257,337
0,4,3.130262851715088,4.955645561218262,-0.6014606952667236,-0.09796791523694992,235,343
 , , , , , , , 
0,0,2.7619967460632324,5.104639530181885,-1.0162456035614014,-0.29390373826026917,258,349
0,1,2.775738000869751,5.130827903747559,-1.0173139572143555,-0.29390373826026917,257,352
 , , , , , , , 
0,0,2.748255491256714,5.099772930145264,-0.9019607305526733,-0.19593583047389984,252,356
0,1,2.7619967460632324,5.131744384765625,-0.8690769076347351,-0.19593583047389984,261,363
0,2,2.775738000869751,5.157683372497559,-0.8709900379180908,-0.19593583047389984,226,379
 , , , , , , , 
0,0,2.9168150424957275,4.985921859741211,-0.8148687481880188,-0.09796791523694992,233,339
0,1,2.9314725399017334,5.008018970489502,-0.8368621468544006,-0.09796791523694992,246,340
0,2,2.94612979888916,5.039409160614014,-0.8021208643913269,-0.09796791523694992,230,345
 , , , , , , , 
0,0,2.9168150424957275,5.0493035316467285,-0.16721931099891663,0.09796791523694992,226,347
