frame,DetObj#,x,y,z,v,snr,noise
 , , , , , , , 
0,0,-0.3028797507286072,0.48863282799720764,0.19090938568115234,0.2420928180217743,138,348
0,1,-0.28394976258277893,0.5228807926177979,0.11363442987203598,-0.2420928180217743,130,347
 , , , , , , , 
0,0,-0.3028797507286072,0.49135345220565796,0.18379396200180054,0.2420928180217743,126,358
 , , , , , , , 
0,0,-0.3218097388744354,0.5011162757873535,0.11075019836425781,0.2420928180217743,141,372
0,1,-0.3028797507286072,0.5231072306632996,0.03958865627646446,-0.2420928180217743,145,355
 , , , , , , , 
0,0,-0.3218097388744354,0.5005375742912292,0.11333669722080231,0.2420928180217743,134,380
0,1,-0.3028797507286072,0.5224153399467468,0.047860775142908096,-0.2420928180217743,143,356
 , , , , , , , 
0,0,-0.3218097388744354,0.49792149662971497,0.12432731688022614,0.2420928180217743,162,375
0,1,-0.3028797507286072,0.5232743620872498,0.03731469437479973,-0.2420928180217743,159,362
 , , , , , , , 
0,0,-0.3123447299003601,0.32784783840179443,-0.036917347460985184,0.2420928180217743,131,358
0,1,-0.3218097388744354,0.49362990260124207,0.14040152728557587,0.2420928180217743,161,383
0,2,-0.3028797507286072,0.520329475402832,0.06682585179805756,-0.2420928180217743,171,358
0,3,1.1665602922439575,1.7798062562942505,-0.5415790677070618,-0.2420928180217743,114,367
 , , , , , , , 
0,0,-0.2981472611427307,0.3401259779930115,-0.04276523366570473,0.2420928180217743,133,362
0,1,-0.3218097388744354,0.4858236312866211,0.1654040515422821,0.2420928180217743,167,371
0,2,-0.3218097388744354,0.5037563443183899,0.09804389625787735,-0.2420928180217743,166,360
 , , , , , , , 
0,0,-0.2981472611427307,0.33983105421066284,-0.045048799365758896,0.2420928180217743,130,357
0,1,-0.3218097388744354,0.48462608456611633,0.16888055205345154,0.2420928180217743,127,379
0,2,-0.3218097388744354,0.5072082877159119,0.07824866473674774,-0.2420928180217743,133,361
 , , , , , , , 
0,0,-0.33127474784851074,0.18311746418476105,0.007923073135316372,0.2420928180217743,120,370
 , , , , , , , 
0,0,0.46141839027404785,0.1563655138015747,0.06988314539194107,0.2420928180217743,161,363
 , , , , , , , 
0,0,0.4803483486175537,0.2240576595067978,0.0023569506593048573,0.2420928180217743,132,360
 , , , , , , , 
0,0,0.49691206216812134,0.16634538769721985,0.07968404144048691,0.2420928180217743,125,367
 , , , , , , , 
0,0,0.5501526594161987,0.13900534808635712,0.022791510447859764,0.2420928180217743,154,382
 , , , , , , , 
0,0,0.5324057936668396,0.17470312118530273,0.09237298369407654,0.2420928180217743,127,363
0,1,0.7808618545532227,0.25974342226982117,-0.12861822545528412,0.2420928180217743,161,437
 , , , , , , , 
0,0,0.7808618545532227,0.2821168303489685,-0.06647848337888718,0.2420928180217743,189,410
 , , , , , , , 
0,0,0.7548331022262573,0.34818825125694275,-0.05240686237812042,0.2420928180217743,145,394
0,1,1.739192247390747,0.6427477598190308,-0.06020204350352287,0.2420928180217743,147,402
0,2,1.7971653938293457,0.3123980164527893,-0.33784979581832886,-0.2420928180217743,158,367
 , , , , , , , 
0,0,0.8163555860519409,0.30112725496292114,-0.033800769597291946,0.2420928180217743,180,385
 , , , , , , , 
0,0,1.681219220161438,0.7608516812324524,-0.19011910259723663,0.2420928180217743,140,406
0,1,1.681219220161438,0.6885755062103271,-0.3753722608089447,-0.2420928180217743,139,411
 , , , , , , , 
0,0,0.9050898551940918,1.0244382619857788,-1.3636541366577148,0.2420928180217743,126,446
0,1,1.5084830522537231,1.0910580158233643,0.5121380090713501,0.2420928180217743,126,446
0,2,1.086107850074768,1.49479341506958,-0.5605146288871765,-0.2420928180217743,128,404
 , , , , , , , 
0,0,0.49691206216812134,0.5842658281326294,-0.20935878157615662,0.2420928180217743,131,448
0,1,0.2129623293876648,0.2612878382205963,-0.0497923269867897,0.4841856360435486,180,503
 , , , , , , , 
0,0,0.364402174949646,0.35706427693367004,0.14372925460338593,0.2420928180217743,203,451
0,1,0.17746861279010773,0.33255934715270996,-0.0353117473423481,0.7262784242630005,186,455
0,2,1.681219220161438,0.7600152492523193,-0.1934356838464737,-0.2420928180217743,190,412
 , , , , , , , 
0,0,0.35493719577789307,0.4423452615737915,-0.029328245669603348,0.2420928180217743,312,421
0,1,1.0068385601043701,0.9662694931030273,-0.12203607708215714,0.2420928180217743,115,507
0,2,1.3913538455963135,1.2099946737289429,-0.20392592251300812,0.2420928180217743,128,518
0,3,1.680036187171936,2.0672268867492676,-0.36014866828918457,0.2420928180217743,121,473
0,4,0.0,4.721310615539551,-7.451566696166992,0.4841856360435486,151,410
0,5,4.353896617889404,6.9147629737854,3.009202718734741,0.7262784242630005,145,381
0,6,-3.537540912628174,7.680087089538574,2.080319404602051,0.7262784242630005,145,381
0,7,0.18456734716892242,0.41459572315216064,0.02125144563615322,0.9683712720870972,394,346
0,8,0.19994796812534332,0.4492063522338867,0.021799569949507713,0.9683712720870972,384,356
0,9,0.6625494360923767,1.1160677671432495,0.26703527569770813,1.2104641199111938,193,419
 , , , , , , , 
0,0,0.34073972702026367,0.49534404277801514,-0.07399529218673706,0.2420928180217743,316,464
0,1,-1.3605927228927612,4.6725687980651855,7.220910549163818,0.9683712720870972,136,381
0,2,2.9933040142059326,2.835441827774048,-7.6698150634765625,0.9683712720870972,136,381
0,3,0.6294220089912415,1.2383047342300415,0.3744678497314453,1.2104641199111938,154,482
0,4,0.45431962609291077,1.123083233833313,0.007481118198484182,1.6946496963500977,214,431
0,5,2.6975228786468506,0.9547145962715149,-0.30179092288017273,-0.2420928180217743,148,420
 , , , , , , , 
0,0,0.37859970331192017,0.47271713614463806,-0.012056469917297363,0.2420928180217743,390,431
0,1,0.2366248071193695,0.7054568529129028,-0.14032216370105743,0.2420928180217743,130,560
0,2,-0.48981332778930664,0.7130990028381348,0.09914268553256989,0.2420928180217743,127,538
0,3,0.4353896379470825,0.7488937973976135,-0.08860325813293457,0.2420928180217743,127,538
0,4,-1.9545209407806396,8.682426452636719,0.7929043769836426,0.2420928180217743,118,434
0,5,6.701214790344238,4.676607131958008,3.613370418548584,0.2420928180217743,118,434
0,6,2.2361044883728027,2.5268137454986572,-0.47476860880851746,0.7262784242630005,126,490
0,7,2.9660918712615967,2.8482542037963867,-0.3459782600402832,0.7262784242630005,133,482
0,8,3.047727346420288,2.906585931777954,-0.49335649609565735,0.7262784242630005,127,480
0,9,0.6306051015853882,1.3525961637496948,0.4269986152648926,1.2104641199111938,215,455
0,10,2.6975228786468506,0.9996322393417358,-0.05738554149866104,-0.2420928180217743,160,422
0,11,2.934147596359253,0.7033349275588989,0.2640322148799896,-0.2420928180217743,124,431
 , , , , , , , 
0,0,1.1239678859710693,0.5535468459129333,1.419057846069336,0.2420928180217743,173,520
0,1,0.05915620177984238,1.850570559501648,-0.3941218852996826,0.2420928180217743,173,520
0,2,0.3821490705013275,0.5083499550819397,-0.09893643110990524,0.4841856360435486,285,527
0,3,0.1609048694372177,0.43615806102752686,0.4451087415218353,0.4841856360435486,285,527
0,4,0.9938241243362427,1.2378827333450317,-0.09185321629047394,0.9683712720870972,151,505
0,5,0.397529661655426,0.5785341858863831,1.4267956018447876,0.9683712720870972,151,505
0,6,0.6246894598007202,1.4498692750930786,0.5316582918167114,0.9683712720870972,130,501
0,7,1.7746859788894653,2.160421848297119,-0.49579524993896484,0.9683712720870972,120,519
0,8,2.8394978046417236,0.9193253517150879,0.5154691934585571,-0.2420928180217743,114,446
 , , , , , , , 
0,0,1.4197487831115723,1.2517722845077515,0.02868131548166275,0.2420928180217743,132,548
0,1,-0.014197488315403461,0.4484793245792389,-0.0712113156914711,0.4841856360435486,383,361
0,2,0.3821490705013275,0.6055575609207153,-0.06863894313573837,0.4841856360435486,269,580
0,3,-1.107404112815857,8.746655464172363,0.8693007826805115,0.4841856360435486,133,417
0,4,0.579730749130249,1.191483974456787,-0.012853813357651234,0.7262784242630005,116,519
0,5,0.9370341897010803,1.3713507652282715,0.12799298763275146,1.2104641199111938,126,480
0,6,2.1355388164520264,2.868974447250366,-0.3803810179233551,1.2104641199111938,116,480
0,7,2.6620290279388428,0.9643474221229553,-0.21536372601985931,-0.2420928180217743,188,427
 , , , , , , , 
0,0,1.5084830522537231,1.0567996501922607,-0.5795407891273499,0.2420928180217743,155,544
0,1,-0.016563735902309418,0.527886688709259,-0.044757261872291565,0.4841856360435486,409,352
0,2,0.37859970331192017,0.6542060375213623,-0.04503023996949196,0.4841856360435486,226,584
0,3,0.612858235836029,1.2543132305145264,0.11574333906173706,0.9683712720870972,129,500
0,4,1.2067865133285522,2.2630653381347656,-0.22391393780708313,0.9683712720870972,122,489
 , , , , , , , 
0,0,1.1464471817016602,0.8867805600166321,1.2757322788238525,0.2420928180217743,129,546
0,1,0.0,0.5654909014701843,-0.05224902555346489,0.4841856360435486,364,353
0,2,0.28631600737571716,0.779930830001831,0.05903935804963112,0.4841856360435486,220,567
0,3,1.159461498260498,2.3697643280029297,-0.2518211007118225,0.7262784242630005,162,513
0,4,2.5839428901672363,1.3398131132125854,0.49880582094192505,-0.2420928180217743,123,451
 , , , , , , , 
0,0,0.39043092727661133,0.7338610291481018,-0.05259472504258156,0.2420928180217743,280,532
0,1,0.35493719577789307,0.8768950700759888,0.030584456399083138,0.2420928180217743,218,546
0,2,0.0,0.604105532169342,-0.04473369941115379,0.4841856360435486,354,359
0,3,0.5678995847702026,1.4038065671920776,0.014863855205476284,0.4841856360435486,135,537
0,4,0.2508223056793213,1.2632496356964111,1.5387156009674072,0.9683712720870972,135,461
0,5,1.0659947395324707,1.5724945068359375,-0.6459668874740601,0.9683712720870972,135,461
 , , , , , , , 
0,0,-0.06033932417631149,0.6384511590003967,-0.054638057947158813,0.2420928180217743,363,364
0,1,0.14197488129138947,0.895959734916687,0.05219739302992821,0.2420928180217743,194,564
0,2,0.30761224031448364,0.9340988397598267,-0.04239267483353615,0.2420928180217743,200,556
0,3,1.1499965190887451,1.6836074590682983,0.1506711095571518,0.2420928180217743,119,554
 , , , , , , , 
0,0,0.36913469433784485,0.8262665867805481,-0.08153804391622543,0.2420928180217743,257,531
0,1,-0.728804349899292,0.7697844505310059,-0.006624129600822926,0.2420928180217743,183,554
0,2,-0.06388869881629944,0.678320050239563,-0.014641870744526386,0.4841856360435486,322,354
 , , , , , , , 
0,0,2.5839428901672363,1.4228237867355347,0.139566108584404,0.2420928180217743,117,524
0,1,-0.022479357197880745,0.7182298302650452,-0.03301103785634041,0.4841856360435486,357,365
0,2,0.2957810163497925,0.8986307382583618,-0.0289350226521492,0.4841856360435486,244,532
0,3,0.09583304822444916,1.0175378322601318,0.019099611788988113,0.4841856360435486,219,544
 , , , , , , , 
0,0,-0.04969120770692825,0.7663759589195251,-0.20571322739124298,0.0,219,347
0,1,-0.3028797507286072,0.49956756830215454,0.16012707352638245,0.2420928180217743,117,376
0,2,0.25555479526519775,0.9868036508560181,-0.07643479853868484,0.4841856360435486,271,540
0,3,0.8305530548095703,0.9875054359436035,-1.5857939720153809,0.4841856360435486,146,582
0,4,-0.04969120770692825,0.7922195792198181,-0.04514695703983307,0.7262784242630005,328,369
0,5,1.8882660865783691,4.144540786743164,-2.147613525390625,0.9683712720870972,166,464
0,6,0.6921275854110718,1.1875487565994263,-1.0066163539886475,1.2104641199111938,168,376
0,7,0.1064811646938324,1.6437243223190308,0.43522530794143677,1.2104641199111938,168,376
 , , , , , , , 
0,0,0.16563735902309418,1.033707857131958,-0.16667310893535614,0.0,245,411
0,1,-0.2981472611427307,0.34092962741851807,-0.03579841926693916,0.2420928180217743,142,364
0,2,-0.3218097388744354,0.4940943717956543,0.13875819742679596,0.2420928180217743,113,407
0,3,-3.5576539039611816,0.9014489054679871,0.1308976411819458,0.2420928180217743,118,512
0,4,3.383734703063965,7.124481678009033,-2.677229404449463,0.2420928180217743,114,408
0,5,0.9275692105293274,1.8239684104919434,-0.55482017993927,0.4841856360435486,172,577
0,6,-0.08163555711507797,0.8668581247329712,0.012214960530400276,0.7262784242630005,296,365
0,7,0.137242391705513,1.08659827709198,-0.07706556469202042,0.7262784242630005,257,525
 , , , , , , , 
0,0,-0.30761224031448364,0.3840123414993286,-0.012247507460415363,0.2420928180217743,174,365
0,1,-0.3218097388744354,0.5035274028778076,0.09921322762966156,0.2420928180217743,130,411
0,2,3.520977020263672,0.9000428318977356,0.05146762728691101,0.2420928180217743,116,522
0,3,0.17746859788894653,1.114113211631775,-0.1315154731273651,0.4841856360435486,328,479
0,4,-0.11831240355968475,0.9338485598564148,-0.09894329309463501,0.7262784242630005,311,369
0,5,0.5040108561515808,5.352082252502441,0.06172914430499077,1.452556848526001,124,411
0,6,-0.29223164916038513,0.3904385566711426,-0.06632619351148605,-0.2420928180217743,149,357
 , , , , , , , 
0,0,-0.1597217470407486,0.9754045009613037,-0.26078158617019653,0.0,165,397
0,1,-0.30761224031448364,0.38311341404914856,-0.0289753545075655,0.2420928180217743,219,357
0,2,0.0757199376821518,1.1853035688400269,-0.23895691335201263,0.4841856360435486,300,499
0,3,-0.1597217470407486,1.008134365081787,-0.055551934987306595,0.7262784242630005,314,362
0,4,-0.29223164916038513,0.3849360942840576,-0.09308941662311554,-0.2420928180217743,183,359
 , , , , , , , 
0,0,-0.31471097469329834,0.4243558347225189,-0.04267406463623047,0.2420928180217743,202,382
0,1,3.362438440322876,1.5679948329925537,0.03942657262086868,0.2420928180217743,145,555
0,2,-0.23189230263233185,3.7025370597839355,-0.05999239906668663,0.2420928180217743,145,555
0,3,-0.30761224031448364,0.9342114329338074,-0.03983357548713684,0.4841856360435486,131,454
0,4,-0.198764830827713,1.032038688659668,-0.13840681314468384,0.4841856360435486,224,418
0,5,0.03904309123754501,1.2478108406066895,-0.048904258757829666,0.4841856360435486,322,480
0,6,-0.31471097469329834,0.41112637519836426,-0.1134638711810112,-0.2420928180217743,183,359
0,7,-0.3218097388744354,0.5534301400184631,0.06632950901985168,-0.2420928180217743,122,398
 , , , , , , , 
0,0,-0.29223164916038513,0.39434128999710083,-0.03655629605054855,0.2420928180217743,216,370
0,1,-0.3419228494167328,0.5291547179222107,0.13164378702640533,0.2420928180217743,124,443
0,2,0.08281867951154709,1.1877622604370117,-0.581591784954071,0.2420928180217743,288,462
0,3,0.5678995251655579,0.6937976479530334,2.0871734619140625,0.2420928180217743,133,592
0,4,-0.11712928116321564,3.725362539291382,-0.39558178186416626,0.2420928180217743,147,548
0,5,-0.2058635950088501,1.0723392963409424,-0.11479981988668442,0.4841856360435486,244,409
0,6,-0.29223164916038513,0.38396674394607544,-0.09701017290353775,-0.2420928180217743,170,365
0,7,-0.3419228494167328,0.5432778596878052,0.04673260822892189,-0.2420928180217743,129,382
0,8,-1.916661024093628,0.6786602139472961,0.2134452909231186,-0.2420928180217743,141,429
 , , , , , , , 
0,0,-0.29223164916038513,0.3947889506816864,-0.031354401260614395,0.2420928180217743,222,363
0,1,-0.36203595995903015,0.574831485748291,0.05397205427289009,0.2420928180217743,182,379
0,2,0.27685102820396423,1.4499518871307373,-0.03405536338686943,0.2420928180217743,193,510
0,3,-0.11831240355968475,3.7826833724975586,-0.10527091473340988,0.2420928180217743,168,546
0,4,3.5493721961975098,1.3172115087509155,-0.026136288419365883,0.2420928180217743,168,546
0,5,0.041409339755773544,1.3204323053359985,-0.10310591757297516,0.4841856360435486,374,422
0,6,-0.22006107866764069,1.147573709487915,-0.11010557413101196,0.7262784242630005,282,364
0,7,-0.09464992582798004,3.011777877807617,0.3063509166240692,0.7262784242630005,137,506
0,8,-0.29223164916038513,0.3848299980163574,-0.09352695941925049,-0.2420928180217743,177,351
0,9,-1.7888835668563843,0.9894937872886658,0.022927099838852882,-0.2420928180217743,141,435
 , , , , , , , 
0,0,-0.29223164916038513,0.3905267119407654,-0.06580518186092377,0.2420928180217743,209,360
0,1,-0.34073972702026367,0.5652176737785339,0.16982248425483704,0.2420928180217743,176,377
0,2,-0.6294220089912415,0.4803965389728546,1.2011843919754028,0.4841856360435486,320,435
0,3,-0.04495871439576149,1.2978909015655518,-0.6190757155418396,0.4841856360435486,320,435
0,4,-0.09819929301738739,3.129682779312134,-0.2645329535007477,0.7262784242630005,122,516
0,5,0.3880646824836731,2.9667065143585205,-0.82830411195755,1.452556848526001,221,372
0,6,0.5466033220291138,5.574702739715576,-1.6179890632629395,1.452556848526001,193,381
0,7,-1.8527722358703613,0.846686601638794,0.1734497845172882,-0.2420928180217743,149,442
 , , , , , , , 
0,0,-0.31471097469329834,0.409549742937088,-0.11902914941310883,0.2420928180217743,167,369
0,1,-0.30169662833213806,0.5170392990112305,0.23642240464687347,0.2420928180217743,216,375
0,2,0.649535059928894,0.4120306968688965,2.1775975227355957,0.2420928180217743,155,566
0,3,0.13487614691257477,1.4308080673217773,-0.0662824809551239,0.4841856360435486,436,370
0,4,-0.24135729670524597,3.849883556365967,-0.18165557086467743,0.4841856360435486,150,541
0,5,-0.14907363057136536,1.5794248580932617,-0.10803401470184326,0.7262784242630005,170,523
0,6,-0.07690306007862091,2.4596073627471924,-0.020866235718131065,0.7262784242630005,116,524
0,7,0.0,4.964685916900635,-1.0438475608825684,1.2104641199111938,120,392
0,8,-0.30169662833213806,0.5472376942634583,0.15413008630275726,-0.2420928180217743,172,359
 , , , , , , , 
0,0,-0.3218097388744354,0.5116462111473083,0.22113938629627228,0.2420928180217743,218,355
0,1,0.09228367358446121,1.4684555530548096,-0.12364742159843445,0.4841856360435486,417,381
0,2,-0.3218097388744354,0.539357602596283,0.14063377678394318,-0.2420928180217743,177,357
 , , , , , , , 
0,0,-0.31471097469329834,0.42399775981903076,-0.046095818281173706,0.2420928180217743,162,340
0,1,-0.38333219289779663,0.5165854692459106,0.22496697306632996,0.2420928180217743,166,363
0,2,0.04850808531045914,1.5109246969223022,-0.35250672698020935,0.2420928180217743,396,362
0,3,0.5300395488739014,0.2039753645658493,2.355539321899414,0.2420928180217743,118,564
0,4,-0.37859970331192017,2.3479201793670654,-0.463731586933136,0.2420928180217743,118,564
0,5,-0.24608980119228363,3.929079532623291,-0.07198121398687363,0.2420928180217743,117,533
0,6,-0.36203595995903015,0.5582455992698669,0.1473299264907837,-0.2420928180217743,137,363
0,7,2.470362901687622,2.1618571281433105,0.2700255513191223,-0.2420928180217743,120,408
 , , , , , , , 
0,0,-0.29223164916038513,0.3956710696220398,-0.01690644584596157,0.2420928180217743,147,344
0,1,-0.34073972702026367,0.5153658986091614,0.28759118914604187,0.2420928180217743,174,357
0,2,0.09701617062091827,1.541284203529358,-0.15664660930633545,0.2420928180217743,430,360
0,3,-0.34073972702026367,0.5479432940483093,0.21924613416194916,-0.2420928180217743,127,373
 , , , , , , , 
0,0,0.04850808531045914,1.5513240098953247,-0.023413410410284996,0.2420928180217743,445,352
0,1,-0.052057456225156784,1.5937957763671875,-0.4817918539047241,0.2420928180217743,346,426
 , , , , , , , 
0,0,0.0,1.575412631034851,-0.21576032042503357,0.2420928180217743,444,360
 , , , , , , , 
0,0,0.0,1.6275691986083984,-0.03651367500424385,0.2420928180217743,381,367
0,1,0.28394976258277893,1.793488621711731,-0.07261151075363159,0.2420928180217743,117,550
0,2,-0.34073972702026367,1.1272696256637573,1.3840739727020264,0.2420928180217743,117,550
0,3,-0.31589409708976746,3.3546106815338135,-0.024066975340247154,-0.2420928180217743,129,479
 , , , , , , , 
0,0,0.0,1.6275913715362549,0.035511936992406845,0.2420928180217743,464,374
0,1,-0.47561585903167725,2.489854097366333,-0.09406037628650665,0.2420928180217743,127,574
0,2,-0.31589409708976746,3.354112386703491,-0.06262345612049103,-0.2420928180217743,197,481
0,3,3.6771492958068848,2.0343780517578125,0.02279021218419075,-0.2420928180217743,127,454
 , , , , , , , 
0,0,-0.36913469433784485,0.26215848326683044,-0.037667449563741684,0.2420928180217743,139,359
0,1,-0.10411491245031357,1.6577811241149902,0.12625442445278168,0.2420928180217743,387,381
0,2,-0.3218097388744354,2.5508925914764404,-0.13161174952983856,-0.2420928180217743,186,514
0,3,-0.4164596498012543,3.305543899536133,-0.003665369236841798,-0.2420928180217743,148,502
 , , , , , , , 
0,0,-0.4424884021282196,0.46722379326820374,0.01232801005244255,0.2420928180217743,117,363
0,1,-0.15617236495018005,1.6574499607086182,-0.05906006693840027,0.2420928180217743,458,357
0,2,-0.24490666389465332,2.59328031539917,-0.19805532693862915,0.4841856360435486,124,552
0,3,-0.24845603108406067,2.6385254859924316,-0.0012275996850803494,0.4841856360435486,127,549
0,4,-0.3963465690612793,2.5053346157073975,0.025282112881541252,-0.2420928180217743,188,522
0,5,4.4449968338012695,3.8308186531066895,9.234930038452148,-0.2420928180217743,113,379
0,6,-4.786920070648193,9.830391883850098,0.40731045603752136,-0.2420928180217743,113,379
 , , , , , , , 
0,0,-0.21769481897354126,1.726090431213379,-0.0790378749370575,0.2420928180217743,448,371
0,1,-0.55488520860672,2.4641518592834473,-0.23342998325824738,-0.2420928180217743,118,498
 , , , , , , , 
0,0,-0.25437167286872864,1.5931605100631714,0.21782827377319336,0.2420928180217743,156,361
0,1,-0.34073972702026367,1.7791532278060913,-0.1449529081583023,0.2420928180217743,372,387
0,2,3.1565749645233154,1.4718490839004517,-0.042424678802490234,0.2420928180217743,121,509
 , , , , , , , 
0,0,-0.27803415060043335,1.7572253942489624,-0.03444543853402138,0.2420928180217743,439,354
 , , , , , , , 
0,0,-0.28394976258277893,1.7748702764511108,-0.2677859961986542,0.2420928180217743,404,366
 , , , , , , , 
0,0,-0.45431962609291077,1.7595709562301636,-0.002163712866604328,0.2420928180217743,362,373
 , , , , , , , 
0,0,-0.4353896379470825,0.382326602935791,-0.17665448784828186,0.2420928180217743,137,355
0,1,-0.48981335759162903,0.38070622086524963,0.28206363320350647,0.2420928180217743,131,345
0,2,-0.6507182121276855,1.7765462398529053,0.06238863989710808,0.2420928180217743,329,406
 , , , , , , , 
0,0,-0.36913469433784485,0.3189588189125061,-0.06515837460756302,0.2420928180217743,152,341
0,1,-0.46260151267051697,0.4458425045013428,-0.03834475576877594,0.2420928180217743,201,355
0,2,-0.5217576622962952,1.7691155672073364,0.19884082674980164,0.2420928180217743,335,377
0,3,-1.0269516706466675,4.580293655395508,-0.07673471421003342,0.2420928180217743,133,436
 , , , , , , , 
0,0,-0.42237526178359985,1.8785308599472046,-0.1446893811225891,0.2420928180217743,326,419
0,1,-0.667281985282898,3.363436698913574,-0.9525500535964966,0.4841856360435486,188,470
0,2,-1.0884740352630615,1.3353142738342285,-0.25531622767448425,-0.2420928180217743,236,358
 , , , , , , , 
0,0,-0.35375410318374634,0.34143489599227905,-0.02282543294131756,0.2420928180217743,131,354
0,1,-0.4353896379470825,0.4062574505805969,-0.11106447130441666,0.2420928180217743,158,362
0,2,-0.30169662833213806,1.8281632661819458,0.5431504249572754,0.2420928180217743,275,453
0,3,-1.1121366024017334,1.3465312719345093,-0.34108099341392517,-0.2420928180217743,392,357
0,4,3.5990633964538574,2.5778024196624756,-0.1522456705570221,-0.2420928180217743,143,448
0,5,-2.910485029220581,3.557016372680664,-0.7498486638069153,-0.2420928180217743,128,438
 , , , , , , , 
0,0,-0.36913469433784485,0.32083258032798767,-0.05519780144095421,0.2420928180217743,136,356
0,1,-0.6637325882911682,1.809606909751892,-0.11399923264980316,0.2420928180217743,307,475
0,2,-1.0884740352630615,1.3213013410568237,-0.32002079486846924,-0.2420928180217743,348,354
0,3,-2.204160213470459,1.0412534475326538,-1.8606067895889282,-0.2420928180217743,132,477
 , , , , , , , 
0,0,-1.0565297603607178,1.4186840057373047,-0.1934199035167694,0.2420928180217743,360,395
0,1,-0.43065714836120605,1.9177167415618896,-0.11291161924600601,0.2420928180217743,187,573
0,2,1.7249948978424072,2.5185859203338623,-0.29241281747817993,-0.2420928180217743,122,424
0,3,-1.916661024093628,1.3675271272659302,1.9648582935333252,-0.2420928180217743,122,424
 , , , , , , , 
0,0,-1.0565297603607178,1.412244200706482,-0.23588526248931885,0.2420928180217743,371,378
0,1,-0.36913469433784485,1.933785319328308,-0.008115933276712894,0.2420928180217743,188,585
0,2,3.4606378078460693,2.505614995956421,-1.1693508625030518,-0.2420928180217743,146,405
 , , , , , , , 
0,0,-0.37741655111312866,0.17497453093528748,0.019475525245070457,0.2420928180217743,115,404
0,1,-1.0790090560913086,1.4538072347640991,-0.15711604058742523,0.2420928180217743,410,396
0,2,-0.49217960238456726,1.8894007205963135,-0.25253984332084656,0.2420928180217743,199,555
0,3,1.6291618347167969,2.5952601432800293,0.12184218317270279,-0.2420928180217743,136,441
0,4,3.4014816284179688,2.694714307785034,0.3533448874950409,-0.2420928180217743,215,420
0,5,-1.7640379667282104,7.854307651519775,-0.47845521569252014,-0.2420928180217743,117,386
 , , , , , , , 
0,0,-0.9654291868209839,1.537467360496521,-0.08149777352809906,0.4841856360435486,419,365
0,1,-0.5111095905303955,1.9693297147750854,-0.20058754086494446,0.4841856360435486,181,571
0,2,-0.3644022047519684,0.1932341754436493,-0.057534486055374146,-0.2420928180217743,126,373
0,3,3.4014816284179688,2.7176477909088135,-0.02699241042137146,-0.2420928180217743,268,452
 , , , , , , , 
0,0,1.5522587299346924,2.6882827281951904,-0.040714047849178314,0.2420928180217743,123,532
0,1,3.237027168273926,2.841456174850464,0.2755899131298065,0.2420928180217743,131,500
0,2,-1.0056554079055786,1.5961835384368896,-0.1558796614408493,0.4841856360435486,427,374
0,3,-0.4555027484893799,1.9519859552383423,-0.5641222596168518,0.4841856360435486,186,568
0,4,-0.4259246587753296,2.2309696674346924,-0.0389922671020031,0.4841856360435486,118,586
0,5,3.5683021545410156,2.559584856033325,-0.057187121361494064,0.4841856360435486,116,499
0,6,-0.9606967568397522,4.278611660003662,-0.24097952246665955,0.4841856360435486,116,499
0,7,3.371903419494629,2.6830718517303467,-0.24405086040496826,-0.2420928180217743,244,442
0,8,-1.4978350400924683,7.826911449432373,-0.5579756498336792,-0.2420928180217743,120,390
0,9,3.9942266941070557,2.1629199981689453,-6.571401596069336,-0.2420928180217743,120,390
 , , , , , , , 
0,0,-0.8944417834281921,7.099322319030762,0.03562371805310249,0.2420928180217743,115,448
0,1,-0.9843592047691345,1.6992424726486206,-0.13951320946216583,0.4841856360435486,442,376
0,2,-0.6175907850265503,2.107201337814331,-0.01286003552377224,0.4841856360435486,156,577
0,3,5.643501281738281,8.2166109085083,-1.1389042139053345,0.4841856360435486,131,412
 , , , , , , , 
0,0,1.7462910413742065,2.538332462310791,-0.3812680244445801,0.2420928180217743,140,545
0,1,-0.8944417238235474,3.0095858573913574,-0.5062358379364014,0.2420928180217743,141,542
0,2,-0.9405836462974548,1.7673580646514893,-0.1345536708831787,0.4841856360435486,429,372
0,3,-0.4720664620399475,2.1030969619750977,-0.10572818666696548,0.4841856360435486,247,519
0,4,-1.8279266357421875,3.437211036682129,-0.22575512528419495,1.2104641199111938,168,386
 , , , , , , , 
0,0,-0.7808618545532227,1.930329442024231,-0.00698850816115737,0.2420928180217743,322,364
0,1,-0.274484783411026,2.1748764514923096,-0.1282665729522705,0.2420928180217743,236,466
0,2,3.801377534866333,2.4100000858306885,-0.19870701432228088,0.2420928180217743,133,508
0,3,-2.347318172454834,4.061269760131836,-0.18919731676578522,-0.4841856360435486,124,400
0,4,0.0,1.7107524871826172,-6.440001487731934,-0.2420928180217743,132,427
0,5,-2.7069876194000244,5.458427906036377,-2.69779109954834,-0.2420928180217743,132,427
0,6,-3.1068837642669678,6.969886302947998,-0.5054566264152527,-0.2420928180217743,168,405
 , , , , , , , 
0,0,-0.3490215837955475,2.182065963745117,-0.32612577080726624,0.2420928180217743,293,431
0,1,3.6913468837738037,2.6456849575042725,-0.12223821878433228,0.2420928180217743,116,492
0,2,5.366650581359863,3.372514247894287,-0.5299480557441711,0.7262784242630005,118,402
0,3,2.5768442153930664,2.6643011569976807,-0.5566893815994263,-0.7262784242630005,124,444
0,4,-0.14197488129138947,2.257636785507202,-0.20755140483379364,-0.4841856360435486,145,499
0,5,-0.8944417834281921,1.8143383264541626,-0.29644283652305603,-0.2420928180217743,393,357
 , , , , , , , 
0,0,-0.4188259243965149,2.1618447303771973,0.3749645948410034,0.2420928180217743,186,501
0,1,3.0205156803131104,2.828493356704712,-0.7326327562332153,-0.9683712720870972,198,435
0,2,2.0124940872192383,2.3059678077697754,-0.19175273180007935,-0.7262784242630005,172,438
0,3,-0.8151724934577942,1.8313521146774292,-0.08944593369960785,-0.2420928180217743,465,361
 , , , , , , , 
0,0,-0.4969120919704437,2.2165815830230713,0.0015908288769423962,0.2420928180217743,235,464
0,1,3.0382626056671143,2.6618056297302246,-0.30738991498947144,-0.9683712720870972,123,421
0,2,2.9933037757873535,2.893413543701172,0.11025352776050568,-0.9683712720870972,131,401
0,3,2.056269407272339,2.1632657051086426,-0.1942802518606186,-0.7262784242630005,135,444
0,4,-0.6377038359642029,1.7402443885803223,-0.08013556897640228,-0.2420928180217743,236,353
0,5,-0.6767469644546509,1.8445227146148682,-0.12490780651569366,-0.2420928180217743,393,360
0,6,-0.2650197744369507,2.099719285964966,0.12654872238636017,-0.2420928180217743,117,477
0,7,-0.9938241243362427,0.958057701587677,-1.6091954708099365,-0.2420928180217743,117,477
 , , , , , , , 
0,0,-0.4637846052646637,1.778946876525879,-0.24857647716999054,0.2420928180217743,230,356
0,1,-0.5051939487457275,2.109612464904785,0.7924076914787292,0.2420928180217743,152,456
0,2,-1.1417146921157837,7.213714122772217,0.22513148188591003,0.2420928180217743,121,375
0,3,-0.49217960238456726,1.9061199426651,0.017842616885900497,-0.2420928180217743,400,360
0,4,2.5851259231567383,2.4549951553344727,-0.47576504945755005,-0.2420928180217743,131,478
 , , , , , , , 
0,0,-0.49217960238456726,1.9046626091003418,0.07662832736968994,0.2420928180217743,309,349
0,1,-0.5678995251655579,2.161045789718628,-0.4093036949634552,0.2420928180217743,127,472
0,2,-1.3830718994140625,6.132169246673584,-0.6775467395782471,0.2420928180217743,214,427
0,3,3.1352787017822266,2.476203680038452,-0.37930387258529663,-0.4841856360435486,113,430
0,4,-2.193511962890625,7.444341659545898,-0.7727124094963074,-0.4841856360435486,126,395
0,5,-0.5537020564079285,1.8810689449310303,-0.17562976479530334,-0.2420928180217743,317,350
0,6,-2.044438362121582,6.929226398468018,-0.8038120865821838,-0.2420928180217743,117,410
 , , , , , , , 
0,0,-0.49217960238456726,1.9056545495986938,-0.04574040323495865,0.2420928180217743,395,363
0,1,-0.36085280776023865,2.2754738330841064,-0.16000327467918396,0.2420928180217743,136,482
0,2,4.706467628479004,3.273172378540039,-0.8303214907646179,0.4841856360435486,133,397
0,3,5.86356258392334,3.1828773021698,-0.627852201461792,0.4841856360435486,125,397
 , , , , , , , 
0,0,-0.43065714836120605,1.911014437675476,-0.1959851235151291,0.2420928180217743,372,347
0,1,-0.3028797507286072,2.3949997425079346,0.20821385085582733,0.2420928180217743,137,468
0,2,-0.7217056155204773,2.1937313079833984,0.01673773303627968,-0.2420928180217743,150,531
0,3,2.3993754386901855,1.7042632102966309,-0.24321062862873077,-0.2420928180217743,163,510
 , , , , , , , 
0,0,-0.43893903493881226,1.7551912069320679,0.8677518963813782,0.2420928180217743,320,359
0,1,-0.2981472611427307,2.363633394241333,0.1158406063914299,0.2420928180217743,126,487
0,2,-0.7938761711120605,2.1586618423461914,-0.2086530476808548,-0.2420928180217743,155,491
0,3,2.186413288116455,1.9201358556747437,-0.17654797434806824,-0.2420928180217743,170,481
0,4,-0.955964207649231,3.6826887130737305,-0.38185930252075195,-0.2420928180217743,119,446
0,5,3.1068837642669678,2.1945104598999023,-0.3915080428123474,-0.2420928180217743,119,446
 , , , , , , , 
0,0,-0.37623345851898193,1.9630506038665771,0.1767432987689972,0.2420928180217743,397,350
0,1,-0.2981472611427307,2.3643951416015625,0.09908809512853622,0.2420928180217743,221,487
0,2,-0.3360072374343872,2.623807907104492,-0.4778984785079956,0.7262784242630005,146,413
0,3,-0.38333219289779663,3.0379440784454346,-0.16834533214569092,0.7262784242630005,167,410
0,4,-0.6199569702148438,4.900763511657715,-0.4431191086769104,0.7262784242630005,123,413
0,5,-0.6377038359642029,2.8355929851531982,-0.22636522352695465,-0.2420928180217743,216,495
0,6,-0.589195728302002,6.234651565551758,-0.5292518734931946,-0.2420928180217743,152,433
 , , , , , , , 
0,0,-0.3135278820991516,1.9752652645111084,-0.16243292391300201,0.2420928180217743,408,357
0,1,-0.3028797507286072,2.399523973464966,0.14717784523963928,0.2420928180217743,204,503
0,2,-0.47561585903167725,2.4898769855499268,0.0934528112411499,0.4841856360435486,143,498
0,3,-0.2591041624546051,2.7226459980010986,-0.39815911650657654,0.9683712720870972,265,399
0,4,-0.294597864151001,3.100919246673584,-0.4147852063179016,1.2104641199111938,133,475
0,5,-0.34783846139907837,3.6822028160095215,-0.2941851317882538,1.2104641199111938,187,453
0,6,-0.44722089171409607,4.739583969116211,-0.3043592870235443,1.2104641199111938,127,410
0,7,-0.6294220089912415,2.791151285171509,-0.3041222095489502,-0.4841856360435486,140,425
 , , , , , , , 
0,0,-0.12541115283966064,2.002654790878296,-0.001726902206428349,0.2420928180217743,437,354
0,1,-0.38451528549194336,2.4288203716278076,-0.09486111998558044,0.2420928180217743,132,514
0,2,-0.48981332778930664,2.4826903343200684,-0.6485678553581238,0.7262784242630005,122,465
0,3,-0.42237526178359985,4.481548309326172,-0.1880984902381897,0.7262784242630005,202,521
0,4,6.095455169677734,3.3692240715026855,-0.1489061713218689,0.9683712720870972,113,423
0,5,-0.397529661655426,3.1500794887542725,-0.1813260167837143,1.2104641199111938,159,437
0,6,-0.6483519673347473,5.145904541015625,0.048589836806058884,1.2104641199111938,161,417
0,7,-0.3797828257083893,2.462777853012085,3.1939361095428467,1.452556848526001,123,461
0,8,-0.10411491245031357,3.321770191192627,-0.23468171060085297,1.6946496963500977,208,424
0,9,-0.24845604598522186,3.967524290084839,0.0021380451507866383,1.6946496963500977,155,442
0,10,-0.15735550224781036,5.023094654083252,-0.3142830431461334,1.6946496963500977,156,390
0,11,-0.5678995251655579,2.1760215759277344,-0.3202793002128601,-0.2420928180217743,115,466
 , , , , , , , 
0,0,-0.7217056155204773,2.165604591369629,-0.35056206583976746,0.2420928180217743,156,516
0,1,0.0,2.042065382003784,-0.09847592562437057,0.4841856360435486,454,350
0,2,-0.420009046792984,2.6200287342071533,-0.4297636151313782,0.9683712720870972,140,467
0,3,-0.13960863649845123,4.465291500091553,-0.005010322201997042,0.9683712720870972,143,469
0,4,4.188259124755859,1.5281810760498047,-0.28546905517578125,0.9683712720870972,143,469
0,5,-0.9346679449081421,2.84114408493042,-0.002071501687169075,1.452556848526001,157,423
0,6,6.1948370933532715,3.4061334133148193,-0.3821142911911011,1.452556848526001,151,385
0,7,-0.9275692105293274,4.133459091186523,-0.18551044166088104,-1.9367425441741943,157,432
0,8,0.6625494360923767,1.25147545337677,3.9968888759613037,-1.9367425441741943,157,432
0,9,-1.010387897491455,4.5042033195495605,-0.16017496585845947,-1.9367425441741943,219,384
0,10,0.7217056155204773,1.255090594291687,4.38614559173584,-1.9367425441741943,219,384
 , , , , , , , 
0,0,-0.806890606880188,2.2032620906829834,0.06683191657066345,0.2420928180217743,210,495
0,1,0.13250988721847534,2.1113076210021973,-0.1410388946533203,0.4841856360435486,407,392
0,2,-0.5253070592880249,2.7518303394317627,-0.02559882216155529,0.9683712720870972,162,431
0,3,0.128960520029068,4.121345520019531,-0.16684186458587646,0.9683712720870972,135,445
0,4,0.8991742730140686,7.080286502838135,-0.8977445960044861,1.2104641199111938,122,416
0,5,3.9090418815612793,2.1601099967956543,-0.1079908013343811,1.452556848526001,121,400
0,6,-0.698043167591095,4.403071403503418,-0.289900541305542,1.452556848526001,121,400
 , , , , , , , 
0,0,0.3431059718132019,2.088060140609741,-0.5866555571556091,0.0,354,333
0,1,-0.5134758353233337,2.2904679775238037,-0.0009555730503052473,0.2420928180217743,242,422
0,2,0.6909444332122803,1.3991302251815796,2.2811176776885986,0.4841856360435486,122,498
0,3,0.45905211567878723,3.642441511154175,-0.0923924371600151,0.4841856360435486,159,478
0,4,0.274484783411026,2.1783835887908936,-0.03442325443029404,0.9683712720870972,456,363
0,5,-0.5537020564079285,2.895801305770874,-0.16857026517391205,0.9683712720870972,121,470
0,6,-3.691347122192383,1.3678436279296875,0.07980523258447647,0.9683712720870972,114,451
0,7,-0.22715981304645538,2.4110569953918457,-0.07947155088186264,-0.2420928180217743,115,488
0,8,0.344289094209671,3.647413730621338,-0.25393861532211304,-0.2420928180217743,119,455
 , , , , , , , 
0,0,-0.7571994066238403,2.3013486862182617,-0.039459433406591415,0.2420928180217743,249,403
0,1,0.35493719577789307,2.243618965148926,-0.018749311566352844,0.9683712720870972,472,354
 , , , , , , , 
0,0,-0.692127525806427,2.3419320583343506,-0.30386170744895935,0.2420928180217743,233,400
0,1,0.44722089171409607,2.3422272205352783,-0.05513131618499756,0.9683712720870972,402,358
 , , , , , , , 
0,0,-0.4886302351951599,2.177337884902954,0.10013356059789658,0.2420928180217743,199,355
0,1,0.0,2.455604314804077,0.16132494807243347,0.2420928180217743,280,444
0,2,0.46141836047172546,2.4161369800567627,0.07343924790620804,0.9683712720870972,407,348
0,3,-0.4969120919704437,2.208372116088867,-0.19060185551643372,-0.2420928180217743,181,354
 , , , , , , , 
0,0,-0.5051939487457275,2.2534539699554443,0.017905840650200844,0.2420928180217743,184,370
0,1,0.47561585903167725,2.4915759563446045,-0.016422566026449203,0.4841856360435486,352,423
0,2,-0.5051939487457275,2.2219767570495605,-0.37575873732566833,-0.2420928180217743,176,361
 , , , , , , , 
0,0,-0.4188259243965149,2.1917552947998047,-0.10188273340463638,0.2420928180217743,202,349
0,1,0.48271459341049194,2.528477668762207,0.041511934250593185,0.2420928180217743,277,489
0,2,-0.4188259243965149,2.1565849781036377,-0.40411999821662903,-0.2420928180217743,181,348
 , , , , , , , 
0,0,-0.4969120919704437,2.1882832050323486,-0.3530624210834503,0.2420928180217743,149,360
0,1,0.0,2.474571466445923,0.3468233048915863,0.2420928180217743,136,425
0,2,0.5631670355796814,2.5027196407318115,0.21719452738761902,0.2420928180217743,133,446
0,3,-0.4259246587753296,2.128788948059082,-0.6685835123062134,-0.2420928180217743,149,353
0,4,-0.7571994066238403,2.244246482849121,-0.5109992623329163,-0.2420928180217743,205,379
0,5,0.5631670355796814,2.5076839923858643,-0.14933085441589355,-0.2420928180217743,149,433
 , , , , , , , 
0,0,-0.4259246587753296,2.2231743335723877,-0.190374955534935,0.2420928180217743,141,351
0,1,0.48271459341049194,2.5178990364074707,0.23475010693073273,0.2420928180217743,174,446
0,2,-0.08873429894447327,2.7931272983551025,0.5033019185066223,0.2420928180217743,158,428
0,3,-0.4259246587753296,2.174910545349121,-0.4985085129737854,-0.2420928180217743,131,357
0,4,0.5631670355796814,2.510122060775757,-0.10033001750707626,-0.2420928180217743,225,440
 , , , , , , , 
0,0,-0.36085280776023865,2.281080961227417,0.007163275498896837,0.2420928180217743,143,348
0,1,-0.6814794540405273,2.2971954345703125,-0.35998865962028503,0.2420928180217743,173,348
0,2,1.4079176187515259,6.280313968658447,0.0058873482048511505,-0.4841856360435486,218,400
0,3,-0.36085280776023865,2.264521360397339,-0.2744533121585846,-0.2420928180217743,145,353
0,4,0.48271459341049194,2.526149272918701,0.1161613017320633,-0.2420928180217743,279,422
0,5,1.1168690919876099,1.8190383911132812,-3.924544334411621,-0.2420928180217743,132,446
0,6,-1.1168690919876099,2.3074142932891846,-3.6587960720062256,-0.2420928180217743,132,446
 , , , , , , , 
0,0,-0.36085280776023865,2.280351161956787,0.058141354471445084,0.2420928180217743,118,367
0,1,-0.2886822521686554,2.262160539627075,-0.36453893780708313,-0.2420928180217743,128,359
0,2,0.48271459341049194,2.5288145542144775,0.0045403908006846905,-0.2420928180217743,306,423
0,3,-1.2458295822143555,1.7060933113098145,-3.893411874771118,-0.2420928180217743,112,419
 , , , , , , , 
0,0,0.47561585903167725,2.4913291931152344,-0.03871775418519974,-0.2420928180217743,318,428
 , , , , , , , 
0,0,-0.4969120919704437,2.0298895835876465,0.8903844356536865,0.2420928180217743,128,363
0,1,-1.4197487831115723,0.5299907922744751,-1.6922119855880737,0.2420928180217743,128,363
0,2,-0.8199049830436707,2.228905439376831,-0.22093160450458527,0.2420928180217743,121,391
0,3,-0.4969120919704437,2.122303009033203,0.639583170413971,-0.2420928180217743,134,365
0,4,0.47561585903167725,2.491529703140259,0.02236895076930523,-0.2420928180217743,333,464
0,5,-3.7102768421173096,2.0515570640563965,0.07240821421146393,-0.2420928180217743,144,447
 , , , , , , , 
0,0,-0.4969120919704437,2.1710031032562256,0.44719427824020386,0.2420928180217743,143,382
0,1,-0.4259246587753296,2.228013753890991,0.12124764174222946,-0.2420928180217743,159,371
0,2,0.46851709485054016,2.4438459873199463,0.22781333327293396,-0.2420928180217743,304,468
0,3,0.08636805415153503,2.7615468502044678,0.06975727528333664,-0.2420928180217743,120,495
0,4,0.950048565864563,1.057132363319397,-2.370305061340332,-0.2420928180217743,120,495
 , , , , , , , 
0,0,-0.649535059928894,2.2147457599639893,-0.08124857395887375,0.2420928180217743,127,385
0,1,0.46141836047172546,2.4172208309173584,-0.012451063841581345,-0.4841856360435486,453,382
 , , , , , , , 
0,0,-0.5678995251655579,2.1967856884002686,0.10854038596153259,0.2420928180217743,154,374
0,1,0.45431962609291077,2.379885196685791,-0.029215075075626373,-0.4841856360435486,427,390
 , , , , , , , 
0,0,0.6743807196617126,3.5319974422454834,-0.08021514862775803,-0.4841856360435486,122,448
0,1,0.3726840615272522,2.3535115718841553,0.1056601032614708,-0.2420928180217743,405,419
 , , , , , , , 
0,0,0.366768479347229,2.318385601043701,0.0217297226190567,-0.2420928180217743,453,408
 , , , , , , , 
0,0,0.36085280776023865,2.280968189239502,0.023782847449183464,-0.2420928180217743,467,372
 , , , , , , , 
0,0,0.28394976258277893,2.253767490386963,0.007948371581733227,-0.2420928180217743,468,377
 , , , , , , , 
0,0,0.198764830827713,2.1107547283172607,-0.016656003892421722,-0.2420928180217743,234,366
0,1,0.27921727299690247,2.2155354022979736,-0.055014029145240784,-0.2420928180217743,424,374
0,2,0.955964207649231,7.587725639343262,0.009021302685141563,-0.2420928180217743,122,435
 , , , , , , , 
0,0,0.19521546363830566,2.065664529800415,-0.1757456511259079,-0.2420928180217743,145,353
0,1,0.27921727299690247,2.2067997455596924,-0.20410358905792236,-0.2420928180217743,346,355
0,2,0.9228367209434509,7.31967830657959,-0.2735790014266968,-0.2420928180217743,139,418
0,3,1.177208423614502,7.441516876220703,0.03432999923825264,-0.2420928180217743,165,422
 , , , , , , , 
0,0,0.20941296219825745,2.2231814861297607,0.05653676390647888,0.2420928180217743,287,370
0,1,0.9512317180633545,7.5456695556640625,0.2605762779712677,0.2420928180217743,122,401
0,2,0.27921727299690247,2.204899787902832,-0.2236994057893753,-0.2420928180217743,255,361
 , , , , , , , 
0,0,0.27921727299690247,2.213592767715454,-0.1078476756811142,0.2420928180217743,439,367
0,1,1.189039707183838,7.516296863555908,0.03665566444396973,0.4841856360435486,151,425
 , , , , , , , 
0,0,0.473249614238739,3.748013734817505,-0.24939781427383423,0.2420928180217743,117,449
0,1,0.35493719577789307,2.242037296295166,-0.08629094064235687,0.4841856360435486,477,363
0,2,-1.6918673515319824,1.7850666046142578,0.08450142294168472,0.7262784242630005,145,491
 , , , , , , , 
0,0,-0.3644022047519684,0.20054656267166138,-0.02075435221195221,0.2420928180217743,130,381
0,1,-0.479165256023407,3.0172343254089355,-0.26662158966064453,0.4841856360435486,116,449
0,2,0.366768479347229,2.3183608055114746,-0.024220824241638184,0.7262784242630005,496,359
0,3,-0.38333219289779663,0.23922428488731384,-0.0472705140709877,-0.2420928180217743,137,354
 , , , , , , , 
0,0,-0.397529661655426,0.21991752088069916,0.003575314301997423,0.2420928180217743,141,359
0,1,-0.4117271900177002,2.1566429138183594,-0.03539812192320824,0.2420928180217743,142,384
0,2,2.058635950088501,0.6306422352790833,-0.4314972758293152,0.2420928180217743,142,384
0,3,-0.4850808382034302,3.065962791442871,0.050966776907444,0.2420928180217743,134,448
0,4,0.46141836047172546,2.415734052658081,0.0856722965836525,0.7262784242630005,386,375
0,5,-0.8636805415153503,0.5394652485847473,-2.56933856010437,0.7262784242630005,130,483
0,6,0.8636805415153503,1.140679121017456,-2.3646087646484375,0.7262784242630005,130,483
0,7,0.6104919910430908,3.1738836765289307,0.3937268555164337,1.2104641199111938,138,373
0,8,1.164194107055664,6.098506927490234,0.07060698419809341,1.452556848526001,133,371
0,9,-0.38333219289779663,0.23739954829216003,-0.05571543797850609,-0.2420928180217743,139,345
0,10,-0.3431059718132019,2.1482019424438477,-0.29897841811180115,-0.2420928180217743,124,370
0,11,-0.4969120919704437,2.2030043601989746,0.24496567249298096,-0.2420928180217743,114,381
 , , , , , , , 
0,0,-0.5051939487457275,2.249087333679199,-0.14135506749153137,0.2420928180217743,118,412
0,1,0.0,2.8012843132019043,0.04449344053864479,0.4841856360435486,136,508
0,2,0.47561585903167725,2.4915835857391357,0.015238950960338116,0.7262784242630005,409,369
0,3,-0.5051939487457275,2.211522102355957,-0.43306440114974976,-0.2420928180217743,147,394
 , , , , , , , 
0,0,-0.4330233931541443,2.268162965774536,-0.03904107213020325,0.2420928180217743,113,401
0,1,-2.1000452041625977,1.6693779230117798,0.169241800904274,0.7262784242630005,263,409
0,2,0.5040108561515808,2.633326768875122,0.19291946291923523,0.7262784242630005,263,409
0,3,0.48981332778930664,2.5598366260528564,0.1778426319360733,1.2104641199111938,402,358
0,4,0.9725279808044434,5.083428382873535,0.3405938744544983,1.6946496963500977,169,365
0,5,-0.8329192996025085,2.2466702461242676,-0.3603214621543884,-0.2420928180217743,138,428
 , , , , , , , 
0,0,0.5040108561515808,2.6192429065704346,-0.3334590196609497,0.0,222,458
0,1,-0.649535059928894,2.214198589324951,-0.09499814361333847,0.2420928180217743,156,385
0,2,0.420009046792984,2.650563955307007,0.1541365385055542,0.7262784242630005,417,386
0,3,-0.397529661655426,0.42137959599494934,-0.17707057297229767,-0.2420928180217743,134,344
0,4,-0.649535059928894,2.1831319332122803,-0.3816218972206116,-0.2420928180217743,189,380
 , , , , , , , 
0,0,-0.5678995251655579,2.199416160583496,-0.014742209576070309,0.2420928180217743,190,371
0,1,0.4259246587753296,2.6924359798431396,-0.002223637420684099,0.2420928180217743,316,517
0,2,-0.4969120919704437,2.2003867626190186,-0.26746004819869995,-0.2420928180217743,200,363
0,3,-0.7453681230545044,2.2577311992645264,-0.19013240933418274,-0.2420928180217743,214,386
 , , , , , , , 
0,0,-0.7217056155204773,2.1880171298980713,-0.15911765396595,0.2420928180217743,175,377
0,1,0.43184027075767517,2.728822946548462,0.07420606911182404,0.2420928180217743,301,495
0,2,-0.6601832509040833,2.2065987586975098,-0.4527496099472046,-0.2420928180217743,228,360
 , , , , , , , 
0,0,-0.5678995251655579,2.1701948642730713,-0.357634574174881,0.2420928180217743,128,369
0,1,-0.5678995251655579,2.1009812355041504,-0.6507886648178101,-0.2420928180217743,159,343
0,2,-0.7453681230545044,2.253471612930298,-0.23530173301696777,-0.2420928180217743,129,358
0,3,0.43184027075767517,2.7297980785369873,-0.013547172769904137,-0.2420928180217743,343,433
 , , , , , , , 
0,0,-0.5678995251655579,2.198075532913208,-0.07818176597356796,0.2420928180217743,172,359
0,1,-0.6708313226699829,2.279266119003296,0.20977599918842316,0.2420928180217743,116,368
0,2,-1.46943998336792,1.623888611793518,4.743518352508545,0.2420928180217743,125,366
0,3,1.3061689138412476,6.832218170166016,0.37833625078201294,-1.452556848526001,137,362
0,4,1.0458816289901733,8.291425704956055,0.40739789605140686,-0.9683712720870972,121,384
0,5,0.4259246587753296,2.6884422302246094,0.14660851657390594,-0.4841856360435486,377,425
0,6,-0.4969120919704437,2.184194326400757,-0.3775333762168884,-0.2420928180217743,182,353
0,7,-0.6708313226699829,2.288893938064575,-0.004932341631501913,-0.2420928180217743,118,361
 , , , , , , , 
0,0,0.33127471804618835,2.5392746925354004,0.6825608611106873,0.0,311,353
0,1,-0.5868295431137085,2.272383213043213,0.042518652975559235,0.2420928180217743,153,361
0,2,0.8163555860519409,5.159851551055908,-0.0820336788892746,-1.452556848526001,128,369
0,3,0.49691206216812134,2.6006927490234375,0.11412377655506134,-0.9683712720870972,385,367
0,4,0.33127471804618835,2.626657485961914,0.12031518667936325,-0.4841856360435486,329,381
0,5,-0.5134758353233337,2.2597341537475586,-0.37396010756492615,-0.2420928180217743,163,347
 , , , , , , , 
0,0,-0.5678995251655579,2.199355125427246,-0.022043859586119652,0.2420928180217743,182,356
0,1,-2.070466995239258,1.6521562337875366,0.08422708511352539,-1.452556848526001,236,432
0,2,0.47561585903167725,2.4878957271575928,0.13636596500873566,-1.2104641199111938,395,352
0,3,-0.3880646824836731,3.080157518386841,-0.008081987500190735,-0.4841856360435486,129,426
0,4,-0.4969120919704437,2.2002315521240234,-0.26873263716697693,-0.2420928180217743,177,354
 , , , , , , , 
0,0,-0.5678995251655579,2.1994547843933105,-0.006837010383605957,0.2420928180217743,191,354
0,1,0.45431962609291077,2.3787436485290527,0.07928477227687836,-1.2104641199111938,496,367
0,2,0.07808618247509003,2.496900796890259,0.05638861656188965,-0.4841856360435486,368,392
0,3,-0.4969120919704437,2.1984007358551025,-0.28332117199897766,-0.2420928180217743,180,357
 , , , , , , , 
0,0,0.4330233931541443,2.2682745456695557,0.031905025243759155,-1.2104641199111938,498,364
0,1,0.0,2.4589171409606934,0.09871728718280792,-0.4841856360435486,205,412
 , , , , , , , 
0,0,0.2673860192298889,0.17411865293979645,4.266260623931885,1.452556848526001,205,356
0,1,0.3431059718132019,2.168848752975464,0.015952790156006813,-1.2104641199111938,501,372
0,2,0.0,2.574398994445801,0.020152034237980843,-0.4841856360435486,127,476
0,3,-0.3028797507286072,4.836190223693848,0.06311426311731339,-0.4841856360435486,138,410
0,4,-0.1514398753643036,2.4164040088653564,0.09576668590307236,-0.2420928180217743,213,454
 , , , , , , , 
0,0,0.6388869881629944,4.035750389099121,0.1531447172164917,-1.9367425441741943,149,379
0,1,0.3253591060638428,2.0549583435058594,0.08516772091388702,-0.9683712720870972,481,373
0,2,-1.7451080083847046,1.3780713081359863,0.2123769372701645,-0.9683712720870972,153,483
0,3,-0.4874471127986908,7.776925563812256,-0.32957884669303894,-0.4841856360435486,137,392
0,4,-0.14907363057136536,2.380408763885498,0.022492237389087677,-0.2420928180217743,123,491
 , , , , , , , 
0,0,-0.5773645043373108,2.2306134700775146,-0.15687596797943115,0.2420928180217743,112,480
0,1,0.4874471127986908,3.8682398796081543,0.07626139372587204,-1.452556848526001,159,367
0,2,0.2508223056793213,1.9899979829788208,0.05791063606739044,-0.7262784242630005,475,381
0,3,0.5146589279174805,3.247523307800293,0.19481076300144196,-0.7262784242630005,115,472
0,4,-0.22361044585704803,2.369600534439087,0.15513351559638977,-0.2420928180217743,139,527
0,5,0.6625494360923767,0.6055845022201538,2.493560552597046,-0.2420928180217743,123,555
 , , , , , , , 
0,0,-0.7453681230545044,2.2657177448272705,-0.0048863207921385765,0.2420928180217743,179,428
0,1,0.18101796507835388,1.922045111656189,0.03448299318552017,-0.4841856360435486,482,358
 , , , , , , , 
0,0,-0.6708313226699829,2.2870864868164062,-0.09108051657676697,0.2420928180217743,139,446
0,1,-0.9618798494338989,10.21190071105957,-0.246035635471344,0.2420928180217743,120,362
0,2,0.17746859788894653,1.884376049041748,-0.03278373181819916,-0.2420928180217743,469,352
0,3,0.591562032699585,3.738727569580078,-0.0757766142487526,-0.2420928180217743,113,479
0,4,0.5584345459938049,4.431776523590088,0.076500803232193,-0.2420928180217743,120,547
0,5,0.45431962609291077,4.823388576507568,-0.1138816699385643,-0.2420928180217743,166,472
0,6,0.37623342871665955,6.0076446533203125,-0.06214934214949608,-0.2420928180217743,160,483
0,7,0.4022621810436249,6.423606872558594,0.0081080486997962,-0.2420928180217743,129,420
 , , , , , , , 
0,0,0.1668204963207245,1.7713502645492554,0.028626520186662674,0.2420928180217743,198,353
0,1,0.17746859788894653,1.8777903318405151,0.16078421473503113,0.2420928180217743,396,357
0,2,0.5584345459938049,4.430700778961182,0.1240423396229744,0.2420928180217743,141,472
0,3,0.6057595014572144,4.803369522094727,-0.21247586607933044,0.2420928180217743,127,450
0,4,0.43065714836120605,6.876345634460449,-0.0979384034872055,0.2420928180217743,137,428
 , , , , , , , 
0,0,0.5643501281738281,5.9916181564331055,0.13865748047828674,0.2420928180217743,138,450
0,1,0.18101796507835388,1.9218871593475342,0.042383283376693726,0.4841856360435486,481,357
0,2,0.473249614238739,3.7548131942749023,0.1057579442858696,0.4841856360435486,115,492
0,3,0.49217960238456726,3.9039833545684814,0.14170926809310913,0.4841856360435486,131,486
0,4,-0.44012215733528137,2.277315378189087,-0.36059698462486267,-0.2420928180217743,117,438
0,5,-0.44722089171409607,2.3067188262939453,-0.4100196957588196,-0.2420928180217743,121,434
 , , , , , , , 
0,0,0.30761224031448364,1.9098204374313354,-0.3658040165901184,0.0,333,333
0,1,0.34073972702026367,3.618483066558838,0.021937867626547813,0.2420928180217743,115,484
0,2,0.24608980119228363,1.953233003616333,0.013137576170265675,0.7262784242630005,491,357
0,3,0.5962945222854614,3.1229119300842285,0.07591728866100311,0.7262784242630005,137,474
0,4,0.6175907254219055,3.230038642883301,0.1861840784549713,0.7262784242630005,169,460
0,5,0.5205745697021484,3.2871649265289307,0.15369386970996857,0.7262784242630005,158,471
 , , , , , , , 
0,0,-0.07335369288921356,2.342247724533081,0.1356383115053177,0.2420928180217743,163,459
0,1,-0.2425404191017151,7.757165908813477,-0.0722663477063179,0.2420928180217743,138,383
0,2,-0.1609048694372177,2.557612657546997,0.24629893898963928,0.4841856360435486,114,514
0,3,0.3253591060638428,2.0549564361572266,0.08521833270788193,0.9683712720870972,477,359
0,4,-0.11949552595615387,3.798211097717285,0.425669401884079,0.9683712720870972,140,444
0,5,1.4126501083374023,7.400343894958496,0.05002123489975929,1.6946496963500977,144,363
0,6,2.4419679641723633,2.1535446643829346,-0.017192289233207703,-0.2420928180217743,121,390
 , , , , , , , 
0,0,-0.07335369288921356,2.342996597290039,0.12202108651399612,0.2420928180217743,262,428
0,1,0.4046283960342407,2.1197171211242676,0.010846763849258423,0.9683712720870972,455,361
 , , , , , , , 
0,0,-0.07453681528568268,2.378612995147705,0.16037242114543915,0.2420928180217743,303,397
0,1,0.08281867951154709,2.6470654010772705,0.09865966439247131,0.7262784242630005,119,462
0,2,0.4969120919704437,2.215837240219116,0.05745991691946983,1.2104641199111938,505,356
0,3,-1.7959822416305542,1.7295178174972534,-0.1643371284008026,1.2104641199111938,120,458
 , , , , , , , 
0,0,0.5217577219009399,2.322321891784668,0.15383346378803253,1.2104641199111938,469,360
 , , , , , , , 
0,0,0.546603262424469,2.4380743503570557,0.028441190719604492,0.7262784242630005,428,360
 , , , , , , , 
0,0,0.3963465690612793,2.5043320655822754,0.07524144649505615,0.4841856360435486,368,372
0,1,0.958330512046814,5.016037464141846,0.2104036808013916,0.9683712720870972,167,412
 , , , , , , , 
0,0,0.48981332778930664,2.556152582168579,0.22466829419136047,0.2420928180217743,275,422
0,1,-0.8199049830436707,2.2173635959625244,-0.31643205881118774,-0.2420928180217743,137,386
0,2,0.48981332778930664,2.5635063648223877,-0.11325663328170776,-0.2420928180217743,269,387
 , , , , , , , 
0,0,-0.4330233931541443,2.268496036529541,-0.003685216885060072,0.2420928180217743,142,386
0,1,0.48271459341049194,2.528198003768921,0.056015800684690475,-0.4841856360435486,417,409
0,2,-0.4330233931541443,2.242899179458618,-0.3398382365703583,-0.2420928180217743,152,373
 , , , , , , , 
0,0,-0.4117271602153778,0.19122996926307678,-0.017837198451161385,0.2420928180217743,138,356
0,1,1.9557039737701416,0.766719400882721,0.494373619556427,0.2420928180217743,119,379
0,2,1.093206524848938,4.874711036682129,0.13135145604610443,-1.9367425441741943,146,390
0,3,0.6246894598007202,2.4194116592407227,0.0011771346908062696,-1.2104641199111938,389,363
0,4,-1.8504060506820679,1.7884418964385986,0.07354837656021118,-0.9683712720870972,331,399
0,5,0.6436194777488708,2.492600679397583,0.02513252943754196,-0.9683712720870972,331,399
0,6,-1.9592533111572266,1.7263094186782837,0.07410087436437607,-0.9683712720870972,292,438
0,7,2.023141860961914,0.6197509765625,0.4240846633911133,-0.2420928180217743,123,363
0,8,-0.4259246587753296,2.2136154174804688,-0.28045201301574707,-0.2420928180217743,129,375
 , , , , , , , 
0,0,-0.397529661655426,0.21954074501991272,0.013355097733438015,0.2420928180217743,185,357
0,1,2.023141860961914,0.36862635612487793,0.654258131980896,0.2420928180217743,157,430
0,2,0.5217577219009399,2.3267621994018555,0.05496644601225853,-1.2104641199111938,483,351
0,3,-0.397529661655426,0.212548166513443,-0.05656659975647926,-0.2420928180217743,151,363
0,4,2.023141860961914,0.639569103717804,0.3935612440109253,-0.2420928180217743,158,397
0,5,-0.4969120919704437,2.2156567573547363,-0.06404586136341095,-0.2420928180217743,136,414
0,6,-0.07690306007862091,2.450326442718506,0.2144877016544342,-0.2420928180217743,219,439
0,7,-0.4850808382034302,3.026449680328369,-0.49328234791755676,-0.2420928180217743,113,439
 , , , , , , , 
0,0,-0.397529661655426,0.21981211006641388,-0.007689944934099913,0.2420928180217743,196,355
0,1,-1.523863673210144,0.5456575155258179,-1.3693678379058838,0.2420928180217743,150,452
0,2,0.4259246587753296,2.2297987937927246,0.08211847394704819,-1.2104641199111938,500,363
0,3,-0.397529661655426,0.21042993664741516,-0.06399799138307571,-0.2420928180217743,165,355
0,4,0.0,2.3814046382904053,0.1341143250465393,-0.2420928180217743,181,456
0,5,-0.30761224031448364,1.5167710781097412,1.9133212566375732,-0.2420928180217743,185,443
 , , , , , , , 
0,0,0.4046283960342407,2.119603395462036,0.024487053975462914,-1.2104641199111938,468,358
0,1,-0.07453681528568268,2.381089925765991,0.1180248036980629,-0.2420928180217743,194,471
0,2,-1.1357991695404053,3.647423505783081,4.701140880584717,-0.2420928180217743,124,409
 , , , , , , , 
0,0,0.25555479526519775,1.9735114574432373,0.4686925411224365,0.0,352,354
0,1,-1.540427565574646,1.7135725021362305,-0.44794487953186035,-0.9683712720870972,153,472
0,2,0.3194434940814972,2.018911123275757,0.04101186245679855,-0.7262784242630005,497,362
0,3,0.7926931381225586,0.4642016589641571,2.3644418716430664,-0.7262784242630005,134,460
0,4,0.8281868100166321,2.100691556930542,3.038910150527954,-0.7262784242630005,123,455
0,5,-0.397529661655426,0.21468132734298706,-0.04783755913376808,-0.2420928180217743,205,357
0,6,-0.4495871365070343,0.5923250317573547,0.14273564517498016,-0.2420928180217743,136,381
0,7,-0.2425404191017151,7.7476606369018555,0.3906380832195282,-0.2420928180217743,123,396
 , , , , , , , 
0,0,0.913371741771698,7.24943733215332,-0.057233650237321854,-0.9683712720870972,171,399
0,1,0.24608980119228363,1.9532324075698853,-0.013225970789790154,-0.4841856360435486,417,426
0,2,-0.397529661655426,0.3356943428516388,-0.10110106319189072,-0.2420928180217743,185,349
0,3,-0.42237529158592224,0.4802244007587433,-0.07231646776199341,-0.2420928180217743,130,412
0,4,-0.473249614238739,0.5783623456954956,0.12199495732784271,-0.2420928180217743,163,373
0,5,0.7560162544250488,0.4870144724845886,-2.5331623554229736,-0.2420928180217743,123,536
0,6,-0.1680036187171936,2.6401114463806152,0.4766986668109894,-0.2420928180217743,123,536
 , , , , , , , 
0,0,-0.4259246587753296,0.3609931170940399,-0.10383657366037369,-0.2420928180217743,205,384
0,1,-0.5170252323150635,0.33350324630737305,0.3727059066295624,-0.2420928180217743,150,373
0,2,-0.17983485758304596,0.335610568523407,-0.6103066205978394,-0.2420928180217743,150,373
0,3,0.22715981304645538,1.8002763986587524,-0.09952148050069809,-0.2420928180217743,158,465
0,4,0.24135729670524597,1.9151721000671387,0.04557060822844505,-0.2420928180217743,276,510
 , , , , , , , 
0,0,0.22715981304645538,1.8029940128326416,0.010590687394142151,0.2420928180217743,251,382
0,1,0.18101796507835388,1.9222030639648438,0.02412378042936325,0.2420928180217743,379,409
0,2,0.7631149888038635,4.81973123550415,0.2016931176185608,0.2420928180217743,128,491
0,3,-0.41409340500831604,0.307506263256073,-0.12210030853748322,-0.2420928180217743,226,362
 , , , , , , , 
0,0,0.24608980119228363,1.9531660079956055,-0.02084357477724552,0.4841856360435486,460,393
0,1,0.5678995251655579,3.588610887527466,0.09678441286087036,0.7262784242630005,168,467
0,2,-0.5324058532714844,0.40668317675590515,0.12476790696382523,-0.4841856360435486,152,367
0,3,-0.4472208619117737,0.23843084275722504,-0.15519720315933228,-0.2420928180217743,135,381
 , , , , , , , 
0,0,0.38333219289779663,1.9498218297958374,-0.48060324788093567,0.0,296,401
0,1,-1.2422802448272705,0.96527498960495,-0.23121659457683563,0.2420928180217743,116,366
0,2,-0.4850808382034302,7.7344794273376465,-0.4245024025440216,0.2420928180217743,115,420
0,3,0.3194434940814972,2.019005060195923,0.03609088063240051,0.9683712720870972,474,367
0,4,1.165377140045166,7.365948677062988,0.11240667849779129,1.6946496963500977,151,373
0,5,-0.4637846052646637,0.2450372278690338,-0.07617433369159698,-0.2420928180217743,197,375
 , , , , , , , 
0,0,-1.2209839820861816,1.024251937866211,-0.33229589462280273,0.2420928180217743,133,362
0,1,-0.07335369288921356,2.3458499908447266,0.03885447978973389,0.2420928180217743,226,467
0,2,0.4046283960342407,2.1196372509002686,0.021349551156163216,1.2104641199111938,479,371
0,3,-0.44603776931762695,0.1663021743297577,-0.12503859400749207,-0.2420928180217743,206,346
0,4,-0.49217960238456726,0.311642050743103,0.1660814732313156,-0.2420928180217743,151,361
 , , , , , , , 
0,0,-1.4055513143539429,0.8274380564689636,-0.33880677819252014,0.2420928180217743,130,360
0,1,-0.0757199376821518,2.4191672801971436,0.11405713856220245,0.4841856360435486,275,400
0,2,0.4259246587753296,2.230499744415283,0.060142286121845245,1.452556848526001,499,360
0,3,-0.4969120919704437,0.26969775557518005,0.0533982515335083,-0.2420928180217743,149,343
 , , , , , , , 
0,0,0.07690306007862091,2.4593238830566406,0.04277679696679115,0.7262784242630005,385,365
0,1,0.45431962609291077,2.379605293273926,0.04674837738275528,1.452556848526001,475,369
0,2,-0.649535059928894,2.21201753616333,-0.1366707980632782,-0.2420928180217743,234,379
 , , , , , , , 
0,0,-0.649535059928894,2.2140722274780273,-0.09790240228176117,0.2420928180217743,219,366
0,1,0.7039588093757629,2.7587645053863525,1.4999372959136963,1.2104641199111938,116,434
0,2,0.0,4.381436347961426,-0.6515499353408813,1.2104641199111938,149,446
0,3,0.55488520860672,2.4746646881103516,0.05067724362015724,1.452556848526001,412,362
0,4,-0.3194434940814972,5.0963287353515625,0.2206619530916214,-1.452556848526001,248,381
0,5,-0.7453681230545044,2.245001792907715,-0.3057253956794739,-0.2420928180217743,269,378
 , , , , , , , 
0,0,-0.4969120919704437,2.191793203353882,-0.3305748999118805,0.2420928180217743,184,353
0,1,-0.8199049830436707,2.230034112930298,0.20923173427581787,0.2420928180217743,148,383
0,2,0.41409340500831604,2.6165778636932373,-0.07480117678642273,0.7262784242630005,419,383
0,3,0.8234543204307556,2.547473430633545,1.9187325239181519,0.7262784242630005,133,447
0,4,-0.5146589279174805,0.20829540491104126,0.11936961114406586,-0.2420928180217743,136,351
0,5,-0.4969120919704437,2.0286638736724854,-0.8931739330291748,-0.2420928180217743,169,363
0,6,-0.7453681230545044,2.2433931827545166,-0.3173139989376068,-0.2420928180217743,206,390
 , , , , , , , 
0,0,-0.5051939487457275,2.2327260971069336,0.30546659231185913,0.2420928180217743,155,368
0,1,0.4259246587753296,2.6923327445983887,-0.023665765300393105,0.4841856360435486,362,426
0,2,0.9441330432891846,4.946021556854248,-0.02225233055651188,0.9683712720870972,180,414
0,3,-0.4969120919704437,2.214977502822876,-0.08432823419570923,-0.2420928180217743,155,364
0,4,-0.8199049830436707,2.2079873085021973,-0.3763267993927002,-0.2420928180217743,182,374
 , , , , , , , 
0,0,-0.4969120919704437,2.208970546722412,0.18353621661663055,0.2420928180217743,136,363
0,1,0.4259246587753296,2.684028387069702,0.21262025833129883,0.2420928180217743,240,401
0,2,0.4259246587753296,2.6896297931671143,-0.12291020900011063,-0.2420928180217743,273,403
0,3,0.7926931381225586,5.008423805236816,-0.1582893282175064,-0.2420928180217743,118,395
 , , , , , , , 
0,0,-0.6601832509040833,2.2469398975372314,0.15912577509880066,0.2420928180217743,179,367
0,1,0.420009046792984,2.654751777648926,0.03924454748630524,-0.4841856360435486,320,442
0,2,-0.4969120919704437,2.1622533798217773,-0.4877462387084961,-0.2420928180217743,142,363
0,3,-0.5868295431137085,2.269744873046875,-0.11743949353694916,-0.2420928180217743,148,371
 , , , , , , , 
0,0,2.8572444915771484,2.76361346244812,0.039733026176691055,0.2420928180217743,120,428
0,1,0.5134758353233337,2.2903902530670166,-0.018903177231550217,-1.452556848526001,458,370
0,2,-2.378079414367676,0.8825606107711792,0.01600935123860836,-0.7262784242630005,180,423
0,3,0.07926931232213974,2.5188558101654053,-0.28898555040359497,-0.7262784242630005,180,423
 , , , , , , , 
0,0,-0.6601832509040833,2.249941349029541,0.10874105244874954,0.2420928180217743,239,415
0,1,0.6175907254219055,0.7480851411819458,6.515817642211914,1.2104641199111938,152,376
0,2,0.4803483784198761,2.140469551086426,-0.09765830636024475,-1.452556848526001,516,354
0,3,-0.22361044585704803,2.364651679992676,0.2179335355758667,-0.2420928180217743,203,447
 , , , , , , , 
0,0,-0.7690305709838867,2.3368818759918213,0.05994706228375435,0.2420928180217743,159,463
0,1,0.3951634168624878,1.0017284154891968,6.230236053466797,1.6946496963500977,140,372
0,2,0.39043092727661133,2.0423526763916016,-0.11102098971605301,-1.2104641199111938,500,369
0,3,-0.22006107866764069,2.3355674743652344,0.0812419056892395,-0.2420928180217743,166,510
 , , , , , , , 
0,0,-0.6057595014572144,2.345491409301758,0.053272590041160583,0.2420928180217743,165,430
0,1,0.731170654296875,3.8278207778930664,0.1409902572631836,-1.452556848526001,137,383
0,2,0.37623345851898193,1.9704034328460693,-0.048125285655260086,-0.7262784242630005,519,369
0,3,-0.44012215733528137,4.659395217895508,-0.36869901418685913,-0.4841856360435486,136,440
0,4,-1.1357991695404053,3.94393253326416,4.455313682556152,-0.2420928180217743,176,420
 , , , , , , , 
0,0,0.30169662833213806,1.9071197509765625,-0.009354086592793465,-0.2420928180217743,523,365
 , , , , , , , 
0,0,0.30169662833213806,1.9071322679519653,0.006288876291364431,0.2420928180217743,515,357
0,1,-0.7571994066238403,2.2611753940582275,-0.42993971705436707,-0.2420928180217743,122,429
 , , , , , , , 
0,0,0.36913469433784485,1.8996835947036743,-0.3616545796394348,0.0,421,326
0,1,0.5714489221572876,1.1863082647323608,2.256197690963745,0.2420928180217743,160,476
0,2,0.0,5.911056041717529,1.1386929750442505,0.2420928180217743,133,423
0,3,0.30761224031448364,1.944520354270935,0.008219469338655472,0.7262784242630005,521,349
0,4,0.731170654296875,3.828097343444824,-0.13326890766620636,1.2104641199111938,178,356
0,5,-0.7690305709838867,2.333134412765503,-0.1452375054359436,-0.2420928180217743,160,434
 , , , , , , , 
0,0,-0.4259246587753296,2.2313098907470703,0.0016853695269674063,0.2420928180217743,117,464
0,1,-1.5143988132476807,1.2333393096923828,5.734102725982666,0.2420928180217743,190,417
0,2,1.1843072175979614,2.059729814529419,4.864777565002441,0.9683712720870972,117,432
0,3,-1.1843072175979614,2.5878353118896484,-4.605611324310303,0.9683712720870972,117,432
0,4,0.39043092727661133,2.045168876647949,-0.028534915298223495,1.2104641199111938,513,365
0,5,-0.2531885504722595,4.039332866668701,-0.17442308366298676,-1.6946496963500977,144,403
0,6,1.2659428119659424,0.36019670963287354,3.831238031387329,-1.6946496963500977,144,403
0,7,-0.397529661655426,6.342079162597656,-0.2750260531902313,-1.6946496963500977,152,378
0,8,1.9876482486724854,1.0573389530181885,5.948690891265869,-1.6946496963500977,152,378
0,9,-0.4969120919704437,2.1921603679656982,-0.3281300365924835,-0.2420928180217743,127,469
 , , , , , , , 
0,0,-0.07335369288921356,2.345759630203247,0.04396740719676018,0.4841856360435486,327,372
0,1,0.4117271900177002,2.15555477142334,-0.07710389047861099,1.452556848526001,509,357
0,2,1.8634203672409058,1.076049566268921,6.266335487365723,-0.9683712720870972,129,370
0,3,-0.41409340500831604,6.6122612953186035,-0.060861822217702866,-0.9683712720870972,129,370
0,4,-0.6601832509040833,2.2525486946105957,0.009210296906530857,-0.2420928180217743,273,402
 , , , , , , , 
0,0,0.44012215733528137,2.305687189102173,-0.0013950439170002937,1.6946496963500977,494,349
 , , , , , , , 
0,0,-0.22715981304645538,2.412160634994507,0.0315091498196125,0.2420928180217743,207,402
0,1,0.47561585903167725,2.4883580207824707,-0.12765362858772278,1.452556848526001,404,383
0,2,-0.649535059928894,2.199791431427002,-0.2694772481918335,-0.2420928180217743,292,360
0,3,3.2654223442077637,3.105738401412964,-0.576228141784668,-0.2420928180217743,116,437
 , , , , , , , 
0,0,-0.37859970331192017,2.3915913105010986,0.08981528878211975,0.2420928180217743,206,397
0,1,0.41409340500831604,2.6126599311828613,-0.16150051355361938,1.2104641199111938,481,361
0,2,0.7288044095039368,1.9230073690414429,2.6212515830993652,1.2104641199111938,126,456
0,3,-0.48981332778930664,5.201326847076416,-0.05931254103779793,-1.2104641199111938,135,378
0,4,-0.6601832509040833,2.2289493083953857,-0.3253379762172699,-0.2420928180217743,314,361
0,5,2.9814724922180176,2.614229917526245,-0.2821478843688965,-0.2420928180217743,117,452
0,6,3.238210439682007,3.1134142875671387,-0.34452852606773376,-0.2420928180217743,116,431
 , , , , , , , 
0,0,-0.37859970331192017,2.383784294128418,0.21295109391212463,0.2420928180217743,161,398
0,1,0.43184027075767517,2.727121114730835,-0.12161809206008911,0.9683712720870972,405,359
0,2,-8.951516151428223,6.316584587097168,1.1623001098632812,1.2104641199111938,114,372
0,3,-0.649535059928894,2.215001344680786,-0.07395368814468384,-0.2420928180217743,277,353
 , , , , , , , 
0,0,-0.5678995251655579,2.109969139099121,-0.6210300326347351,0.2420928180217743,175,351
0,1,-0.5134758353233337,2.2850897312164307,-0.15687625110149384,0.2420928180217743,173,357
0,2,0.35493719577789307,2.8115439414978027,-0.17884863913059235,0.4841856360435486,310,445
0,3,0.6720144748687744,5.330204010009766,-0.19985519349575043,1.2104641199111938,139,388
0,4,0.8021580576896667,8.514163970947266,-0.277006059885025,1.2104641199111938,138,353
0,5,-0.5678995251655579,2.0823333263397217,-0.7081921696662903,-0.2420928180217743,180,350
0,6,-0.6601832509040833,2.227454662322998,-0.33542001247406006,-0.2420928180217743,214,352
0,7,2.953077554702759,2.5487163066864014,-0.5355244278907776,-0.2420928180217743,159,413
0,8,-1.107404112815857,3.7196972370147705,-0.6640158295631409,-0.2420928180217743,159,413
 , , , , , , , 
0,0,-0.649535059928894,2.1845333576202393,-0.373515784740448,0.2420928180217743,132,359
0,1,0.26975229382514954,2.864651679992676,-0.013828489929437637,0.2420928180217743,294,421
0,2,-0.733536958694458,2.134944438934326,-0.6433022618293762,-0.2420928180217743,155,358
0,3,2.953077554702759,2.538055658340454,-0.5839648246765137,-0.2420928180217743,113,372
0,4,-1.107404112815857,3.7164156436920166,-0.6821435689926147,-0.2420928180217743,113,372
 , , , , , , , 
0,0,-0.649535059928894,2.215742826461792,-0.046735990792512894,0.2420928180217743,201,345
0,1,2.8300328254699707,2.731384515762329,-0.18401488661766052,0.2420928180217743,118,382
0,2,-1.107404112815857,3.7781105041503906,-0.054277654737234116,0.2420928180217743,118,382
0,3,0.26975229382514954,2.858748435974121,-0.18433211743831635,-0.4841856360435486,342,404
0,4,-0.5051939487457275,2.2202930450439453,-0.385582834482193,-0.2420928180217743,176,359
 , , , , , , , 
0,0,-0.5678995251655579,2.1984572410583496,0.06659122556447983,0.2420928180217743,234,364
0,1,-0.7571994066238403,2.2913806438446045,-0.21757060289382935,0.2420928180217743,147,408
0,2,3.238210439682007,3.1208386421203613,-0.26910021901130676,0.2420928180217743,134,400
0,3,0.8518493175506592,6.7540669441223145,-0.3136235177516937,-1.6946496963500977,170,367
0,4,0.3502047061920166,2.7795166969299316,-0.02858925051987171,-0.7262784242630005,371,369
0,5,-0.4969120919704437,2.1941967010498047,-0.31422504782676697,-0.2420928180217743,206,360
 , , , , , , , 
0,0,-0.7453681230545044,2.2589404582977295,-0.1751820594072342,0.2420928180217743,249,376
0,1,2.953077554702759,2.603975772857666,-0.045303527265787125,0.2420928180217743,126,451
0,2,0.5040108561515808,2.638176918029785,-0.10793977230787277,-1.452556848526001,381,357
0,3,0.2520054280757904,2.6761956214904785,-0.011176380328834057,-0.9683712720870972,346,373
0,4,-0.07926931232213974,2.534050226211548,-0.08207494020462036,-0.7262784242630005,215,372
0,5,-0.4969120919704437,2.1520869731903076,-0.5308092832565308,-0.2420928180217743,212,353
0,6,-0.23070918023586273,2.446876287460327,0.12485381215810776,-0.2420928180217743,188,423
0,7,-0.40699467062950134,3.2002205848693848,0.44068267941474915,-0.2420928180217743,126,444
0,8,2.8489627838134766,1.5742201805114746,0.08062607049942017,-0.2420928180217743,126,444
 , , , , , , , 
0,0,-0.733536958694458,2.2276105880737305,-0.09786354005336761,0.2420928180217743,293,360
0,1,3.5493719577789307,2.835918426513672,0.012559499591588974,0.2420928180217743,125,446
0,2,0.32417598366737366,1.0743207931518555,5.063971042633057,0.9683712720870972,137,404
0,3,0.47561585903167725,2.487515687942505,-0.14312824606895447,-1.6946496963500977,384,367
 , , , , , , , 
0,0,0.44722089171409607,2.3423006534576416,-0.05192271247506142,-1.6946496963500977,474,366
0,1,-2.484560489654541,1.984162449836731,-0.06298597157001495,-1.452556848526001,113,457
0,2,0.49691206216812134,3.135348320007324,0.19125428795814514,-1.452556848526001,113,457
0,3,-0.3123447299003601,4.987515926361084,0.04785260558128357,-1.2104641199111938,166,435
 , , , , , , , 
0,0,0.3431059718132019,1.995547890663147,0.8496753573417664,0.0,360,324
0,1,-0.5868295431137085,2.2376420497894287,0.39811038970947266,0.2420928180217743,256,401
0,2,0.41409340500831604,0.7204066514968872,6.573181629180908,0.7262784242630005,131,394
0,3,0.4117271900177002,2.1538500785827637,-0.11529004573822021,-1.6946496963500977,509,351
0,4,1.756939172744751,0.1189323216676712,5.993556499481201,-0.9683712720870972,115,400
0,5,-0.585646390914917,6.212446689605713,0.2936294972896576,-0.9683712720870972,115,400
0,6,-0.29341477155685425,2.3272252082824707,0.08850668370723724,-0.2420928180217743,272,405
 , , , , , , , 
0,0,-0.5962945222854614,2.3042283058166504,-0.15504755079746246,0.2420928180217743,134,487
0,1,-0.7808618545532227,2.368622064590454,-0.1538686603307724,0.2420928180217743,120,475
0,2,0.397529661655426,0.5240638852119446,-6.3263702392578125,1.452556848526001,162,385
0,3,0.39043092727661133,2.044706106185913,-0.05202583596110344,-1.2104641199111938,494,376
0,4,0.612858235836029,1.7638773918151855,2.088615655899048,-1.2104641199111938,113,465
0,5,-0.29341477155685425,2.3286712169647217,-0.03317377716302872,-0.2420928180217743,144,493
0,6,-1.1287002563476562,2.0738418102264404,5.5373663902282715,-0.2420928180217743,127,430
 , , , , , , , 
0,0,0.30761224031448364,1.9154973030090332,0.3348085582256317,0.0,397,331
0,1,-0.5134758353233337,2.28977108001709,0.056507889181375504,0.2420928180217743,121,475
0,2,-0.7808618545532227,2.3712120056152344,0.10676757246255875,0.2420928180217743,155,435
0,3,0.7169731855392456,3.749669313430786,-0.21865686774253845,-1.6946496963500977,239,356
0,4,0.30761224031448364,1.9440138339996338,-0.04513493552803993,-0.7262784242630005,508,378
0,5,-0.29104849696159363,4.636735439300537,-0.31865283846855164,-0.4841856360435486,183,442
0,6,-0.7205225229263306,7.630523204803467,-0.5692102909088135,-0.2420928180217743,124,394
 , , , , , , , 
0,0,2.367431163787842,2.287299394607544,-0.11298058182001114,0.2420928180217743,132,405
0,1,0.4637846052646637,3.6752548217773438,-0.2087097018957138,-0.4841856360435486,121,464
0,2,0.6010270118713379,4.769165992736816,-0.11297476291656494,-0.4841856360435486,129,438
0,3,0.2957810163497925,1.8691966533660889,-0.0453941747546196,-0.2420928180217743,529,357
 , , , , , , , 
0,0,0.30169662833213806,1.9044172763824463,-0.10192112624645233,0.2420928180217743,493,377
0,1,0.4637846052646637,3.6754395961761475,-0.20542797446250916,0.4841856360435486,113,453
0,2,0.6057595014572144,4.784167766571045,-0.47879758477211,0.4841856360435486,115,439
0,3,0.7524668574333191,5.971310615539551,0.1202135756611824,0.4841856360435486,122,418
 , , , , , , , 
0,0,0.36913469433784485,1.8741285800933838,-0.47669050097465515,0.0,381,334
0,1,0.6436194777488708,0.8922789096832275,2.3275585174560547,0.2420928180217743,126,513
0,2,-0.3218097388744354,2.548959493637085,0.16486509144306183,0.2420928180217743,126,513
0,3,-0.24845603108406067,2.015591859817505,-1.7027058601379395,0.2420928180217743,140,489
0,4,-0.18811671435832977,5.834668159484863,1.4691731929779053,0.2420928180217743,121,452
0,5,-1.1287002563476562,4.241970062255859,4.1193366050720215,0.2420928180217743,121,452
0,6,-0.14670738577842712,4.685486793518066,-0.25358033180236816,0.4841856360435486,127,435
0,7,4.401221752166748,1.5940736532211304,-0.3574727773666382,0.4841856360435486,127,435
0,8,0.30761224031448364,1.941391110420227,-0.11057858914136887,0.7262784242630005,500,370
0,9,0.7631149888038635,4.819214344024658,-0.21368733048439026,1.452556848526001,119,400
0,10,0.9299354553222656,4.869236946105957,-0.15470336377620697,1.452556848526001,115,403
0,11,0.6033932566642761,3.8128819465637207,-0.10346091538667679,1.6946496963500977,195,357
0,12,0.7666643857955933,6.085158348083496,0.025035977363586426,1.6946496963500977,166,388
 , , , , , , , 
0,0,-0.22006107866764069,2.331421136856079,0.16109277307987213,0.2420928180217743,216,478
0,1,-1.5143988132476807,1.1051270961761475,5.760186672210693,0.2420928180217743,144,414
0,2,-0.2957810163497925,4.723064422607422,-0.041182152926921844,0.7262784242630005,144,438
0,3,5.466032981872559,3.0114073753356934,-0.2785780727863312,0.9683712720870972,148,410
0,4,0.39043092727661133,2.0416462421417236,-0.12333089113235474,1.2104641199111938,479,368
0,5,-0.5998438596725464,6.369165897369385,-0.11221256852149963,-1.2104641199111938,135,378
 , , , , , , , 
0,0,-0.5608007907867432,2.9356930255889893,-0.11364678293466568,0.2420928180217743,113,460
0,1,-0.14670738577842712,2.3416452407836914,0.07125483453273773,0.4841856360435486,359,359
0,2,1.0411491394042969,1.6888309717178345,-3.6616556644439697,0.9683712720870972,136,436
0,3,5.813871383666992,3.642820358276367,-0.6387055516242981,1.2104641199111938,114,391
0,4,0.4188259243965149,2.192732810974121,-0.0780666247010231,1.6946496963500977,485,366
0,5,-0.7382693886756897,5.85422945022583,-0.2561738193035126,-1.6946496963500977,165,355
0,6,1.4765387773513794,1.49310302734375,5.5202484130859375,-1.6946496963500977,165,355
 , , , , , , , 
0,0,-0.2366248071193695,7.462609767913818,-1.2603782415390015,0.9683712720870972,137,376
0,1,-0.3123447299003601,4.98734712600708,0.06302129477262497,1.452556848526001,133,426
0,2,-0.22361044585704803,2.3739559650421143,-0.058364879339933395,-1.9367425441741943,456,368
0,3,-0.649535059928894,2.1880955696105957,-0.352047860622406,-0.2420928180217743,306,363
 , , , , , , , 
0,0,-0.5678995251655579,2.18463397026062,0.25499600172042847,0.2420928180217743,232,363
0,1,-0.3726840615272522,2.3528873920440674,-0.11875199526548386,0.2420928180217743,183,403
0,2,-0.4022621810436249,3.192528486251831,0.04580196738243103,0.2420928180217743,121,468
0,3,0.38451528549194336,2.42887282371521,-0.09350933134555817,1.6946496963500977,325,347
0,4,-0.1609048694372177,2.5694050788879395,-0.01426888257265091,-1.9367425441741943,392,371
0,5,-0.4969120919704437,2.2165145874023438,-0.017318597063422203,-0.2420928180217743,270,358
0,6,-0.6708313226699829,2.2582943439483643,-0.3730504512786865,-0.2420928180217743,230,392
0,7,3.2654223442077637,3.1146621704101562,-0.5258606672286987,-0.2420928180217743,126,439
 , , , , , , , 
0,0,-0.4188259243965149,2.191850185394287,-0.0998186394572258,0.2420928180217743,230,350
0,1,-0.366768479347229,2.2615089416503906,-0.5108431577682495,0.2420928180217743,197,365
0,2,-0.44722089171409607,2.2973392009735107,-0.45967450737953186,0.2420928180217743,176,386
0,3,-0.479165256023407,3.023937463760376,-0.17490607500076294,0.2420928180217743,132,457
0,4,-0.4850808382034302,3.0579748153686523,-0.22697016596794128,0.2420928180217743,132,457
0,5,-0.08045243471860886,2.572505235671997,-0.060665469616651535,0.7262784242630005,174,391
0,6,0.25555479526519775,2.7125418186187744,-0.08623520284891129,1.452556848526001,430,367
0,7,0.0,2.549006938934326,-10.679400444030762,1.452556848526001,133,399
0,8,-1.3487613201141357,8.517144203186035,-0.3895658552646637,-1.2104641199111938,146,389
0,9,1.88826584815979,0.9496245384216309,8.369309425354004,-1.2104641199111938,146,389
0,10,-0.6601832509040833,2.2225470542907715,-0.36653128266334534,-0.2420928180217743,243,363
0,11,-0.7571994066238403,2.2673161029815674,-0.39628300070762634,-0.2420928180217743,210,400
0,12,2.9814724922180176,2.619886636734009,-0.22360751032829285,-0.2420928180217743,140,439
0,13,3.379002094268799,2.9643774032592773,-0.304741233587265,-0.2420928180217743,141,421
 , , , , , , , 
0,0,-0.5773645043373108,2.232272148132324,0.1311800479888916,0.2420928180217743,220,358
0,1,-0.4850808382034302,3.0584723949432373,-0.22016438841819763,0.2420928180217743,153,462
0,2,0.25555479526519775,2.708531379699707,-0.1708141416311264,0.9683712720870972,310,364
0,3,0.2662028968334198,2.8218295574188232,-0.17076347768306732,0.9683712720870972,410,382
0,4,-1.3487613201141357,8.509747505187988,-0.5269809365272522,-1.9367425441741943,166,406
0,5,1.88826584815979,2.547872304916382,8.028416633605957,-1.9367425441741943,166,406
0,6,1.9462389945983887,3.7111527919769287,7.848423957824707,-1.9367425441741943,132,378
0,7,-1.3901708126068115,8.785849571228027,-0.18587419390678406,-1.9367425441741943,132,378
0,8,-1.532145619392395,9.64587116241455,-0.8729721307754517,-1.9367425441741943,133,356
0,9,2.1450037956237793,1.1680504083633423,9.496683120727539,-1.9367425441741943,133,356
0,10,-1.3700575828552246,7.174209117889404,-0.21339091658592224,-1.6946496963500977,182,390
0,11,1.3700575828552246,2.0870838165283203,6.8672332763671875,-1.6946496963500977,182,390
0,12,-0.733536958694458,2.195220947265625,-0.390935480594635,-0.2420928180217743,232,356
0,13,2.8300328254699707,2.7146315574645996,-0.3536916673183441,-0.2420928180217743,123,423
 , , , , , , , 
0,0,-0.4969120919704437,2.2159669399261475,-0.05222398787736893,0.2420928180217743,255,356
0,1,-0.6708313226699829,2.282013416290283,0.17741179466247559,0.2420928180217743,139,394
0,2,0.1822011023759842,2.9028854370117188,-0.1963495910167694,0.4841856360435486,284,456
0,3,0.5016446113586426,8.001985549926758,-0.37187108397483826,0.9683712720870972,148,370
0,4,0.622323215007782,9.910853385925293,-0.7300422191619873,0.9683712720870972,116,370
0,5,0.44722089171409607,4.741374492645264,-0.2750626802444458,1.2104641199111938,118,425
0,6,0.15380612015724182,4.915583610534668,-0.19353608787059784,1.2104641199111938,129,428
0,7,-0.4259246587753296,2.2065906524658203,-0.3312166929244995,-0.2420928180217743,234,358
0,8,-0.5962945222854614,2.306551456451416,-0.11544795334339142,-0.2420928180217743,168,387
 , , , , , , , 
0,0,-0.4969120919704437,2.214557409286499,-0.09472105652093887,0.2420928180217743,203,357
0,1,0.18456734716892242,2.945908308029175,-0.09070039540529251,0.2420928180217743,308,398
0,2,0.5678995251655579,9.06606674194336,-0.21552930772304535,0.2420928180217743,121,383
0,3,0.6246894598007202,9.971526145935059,0.2812183201313019,0.2420928180217743,121,360
0,4,-0.4259246587753296,2.197819709777832,-0.3851433992385864,-0.2420928180217743,189,355
0,5,0.18456734716892242,2.9095993041992188,-0.46992963552474976,-0.2420928180217743,258,397
 , , , , , , , 
0,0,-0.6814794540405273,2.2692480087280273,0.5071609020233154,0.2420928180217743,129,391
0,1,2.8300328254699707,2.7372634410858154,-0.041377171874046326,0.2420928180217743,148,401
0,2,0.622323215007782,9.910543441772461,-0.7342333197593689,-0.7262784242630005,139,369
0,3,-0.5134758353233337,2.2121992111206055,0.5936493277549744,-0.2420928180217743,137,362
0,4,0.1822011023759842,2.907829761505127,-0.09910982847213745,-0.2420928180217743,311,479
 , , , , , , , 
0,0,0.17983485758304596,2.8360514640808105,0.4512854218482971,0.0,197,471
0,1,-0.5678995251655579,2.184396982192993,0.25701746344566345,0.2420928180217743,199,355
0,2,-0.6708313226699829,2.287022829055786,-0.09266218543052673,0.2420928180217743,241,365
0,3,0.0,1.5882827043533325,4.337250709533691,1.6946496963500977,179,376
0,4,0.3028797507286072,4.8340535163879395,-0.1569882184267044,-1.6946496963500977,135,423
0,5,0.6069426536560059,6.438525199890137,-0.30067315697669983,-1.452556848526001,139,375
0,6,0.21532857418060303,3.326141357421875,-0.8719022274017334,-0.9683712720870972,117,498
0,7,0.26975229382514954,2.8632571697235107,-0.09043564647436142,-0.7262784242630005,393,412
0,8,-0.35493719577789307,2.2396514415740967,-0.13468040525913239,-0.2420928180217743,145,355
0,9,-0.5868295431137085,2.257667303085327,-0.26167261600494385,-0.2420928180217743,207,355
0,10,-0.4850808382034302,3.051290988922119,-0.3038897216320038,-0.2420928180217743,140,461
 , , , , , , , 
0,0,-0.733536958694458,2.2297585010528564,0.0016325566684827209,0.2420928180217743,257,366
0,1,0.22242732346057892,2.755167245864868,6.559029579162598,0.7262784242630005,115,414
0,2,0.34547221660614014,2.7304139137268066,-0.2528958022594452,-1.452556848526001,414,356
0,3,0.34547221660614014,2.740755081176758,-0.0858934223651886,-1.2104641199111938,409,361
0,4,-0.15853862464427948,2.531034469604492,-0.05622342973947525,-0.4841856360435486,146,395
 , , , , , , , 
0,0,-0.5773645043373108,2.2357637882232666,0.04007919505238533,0.2420928180217743,293,367
0,1,-0.8329192996025085,2.2750816345214844,0.0369047112762928,0.2420928180217743,180,417
0,2,0.26265352964401245,2.985161066055298,7.852540493011475,0.2420928180217743,137,384
0,3,0.40817779302597046,2.5723674297332764,-0.20155777037143707,-1.6946496963500977,423,370
0,4,-0.4969120919704437,2.1992011070251465,-0.277039110660553,-0.2420928180217743,264,347
 , , , , , , , 
0,0,-0.6601832509040833,2.2494258880615234,-0.11892613768577576,0.2420928180217743,296,359
0,1,0.46141836047172546,2.413855791091919,-0.12811103463172913,-1.6946496963500977,403,367
0,2,-0.2366248071193695,7.451777458190918,-1.32291841506958,-0.9683712720870972,117,391
 , , , , , , , 
0,0,-0.7571994066238403,2.294968843460083,-0.17572999000549316,0.2420928180217743,240,408
0,1,0.4330233931541443,2.2671008110046387,-0.07963450253009796,-1.452556848526001,493,360
0,2,-0.14907363057136536,2.3798019886016846,0.0582587756216526,-0.4841856360435486,344,369
 , , , , , , , 
0,0,-0.5868295431137085,2.2617459297180176,0.22369380295276642,0.2420928180217743,191,443
0,1,0.2046804577112198,1.5911269187927246,6.350273132324219,1.6946496963500977,123,390
0,2,0.4046283960342407,2.1171302795410156,-0.10525137186050415,-1.2104641199111938,489,369
0,3,0.0,2.3086659908294678,0.06047485023736954,-0.4841856360435486,240,397
0,4,-0.2981472611427307,2.366447687149048,0.010391836054623127,-0.2420928180217743,177,471
 , , , , , , , 
0,0,-0.5217577219009399,2.3271493911743164,0.03491411358118057,0.2420928180217743,118,452
0,1,0.7666643857955933,4.015641212463379,-0.07590726763010025,-1.2104641199111938,162,374
0,2,0.39043092727661133,2.0453457832336426,-0.009511454962193966,-0.4841856360435486,509,366
0,3,-0.14789050817489624,4.729938983917236,0.04824235290288925,-0.2420928180217743,146,434
 , , , , , , , 
0,0,0.38333219289779663,2.005369186401367,-0.10620275884866714,-0.2420928180217743,477,353
0,1,0.7524669170379639,3.941929578781128,-0.02036658674478531,-0.2420928180217743,149,410
0,2,0.9879085421562195,6.240771293640137,-0.22861722111701965,-0.2420928180217743,114,420
 , , , , , , , 
0,0,0.38333219289779663,2.008087396621704,-0.019214661791920662,0.2420928180217743,513,355
 , , , , , , , 
0,0,0.39043092727661133,2.0444507598876953,-0.061249248683452606,0.2420928180217743,485,377
0,1,0.9654291868209839,5.056041240692139,0.1270337700843811,0.4841856360435486,139,423
0,2,1.1925890445709229,6.237472057342529,-0.35680004954338074,0.4841856360435486,127,401
0,3,-0.4259246587753296,2.2275729179382324,-0.12909434735774994,-0.2420928180217743,134,435
 , , , , , , , 
0,0,0.39043092727661133,2.0453357696533203,-0.011452884413301945,0.2420928180217743,492,361
0,1,-0.44012215733528137,2.304356575012207,-0.07832992076873779,0.2420928180217743,167,509
0,2,-0.366768479347229,2.288033962249756,-0.37454524636268616,-0.2420928180217743,193,439
 , , , , , , , 
0,0,0.397529661655426,2.0825512409210205,-0.0046105533838272095,0.2420928180217743,477,366
0,1,-0.4969120919704437,2.215344190597534,-0.07407278567552567,0.2420928180217743,193,522
 , , , , , , , 
0,0,0.397529661655426,2.082531213760376,-0.010238731279969215,0.2420928180217743,495,356
0,1,-0.5051939487457275,2.2506372928619385,-0.11405061930418015,0.2420928180217743,166,559
 , , , , , , , 
0,0,0.4046283960342407,2.1194348335266113,-0.036246608942747116,0.2420928180217743,485,372
0,1,-0.44012215733528137,2.302718162536621,-0.11698071658611298,0.2420928180217743,191,577
0,2,-0.8861598968505859,3.9461216926574707,-0.23147769272327423,0.2420928180217743,115,533
 , , , , , , , 
0,0,0.4803483784198761,2.139547824859619,-0.11611063033342361,0.2420928180217743,499,373
0,1,-0.366768479347229,2.3184709548950195,0.008689040318131447,0.2420928180217743,167,560
0,2,-1.0269516706466675,4.539274215698242,-0.6164167523384094,0.2420928180217743,114,506
0,3,-1.159461498260498,5.167428016662598,-0.21800658106803894,0.4841856360435486,126,480
 , , , , , , , 
0,0,-0.3726840615272522,2.3547518253326416,-0.07297294586896896,0.2420928180217743,266,519
0,1,0.4886302351951599,2.1781163215637207,-0.08146022260189056,0.4841856360435486,498,371
 , , , , , , , 
0,0,-0.46141836047172546,2.3564908504486084,-0.5385746955871582,0.2420928180217743,197,504
0,1,0.4969120919704437,2.214507579803467,-0.09587962180376053,0.4841856360435486,502,356
0,2,1.3818888664245605,5.338709831237793,-0.37739816308021545,0.9683712720870972,119,414
 , , , , , , , 
0,0,-0.9110054969787598,4.047489643096924,-0.3629874885082245,0.2420928180217743,164,505
0,1,3.2535910606384277,2.5479202270507812,-0.5158606767654419,0.2420928180217743,164,505
0,2,-0.546603262424469,2.376702070236206,-0.5443370342254639,0.4841856360435486,184,521
0,3,-1.1925890445709229,5.316695213317871,-0.18164607882499695,0.4841856360435486,113,461
0,4,0.5134758353233337,2.2899715900421143,-0.047703325748443604,0.7262784242630005,495,372
 , , , , , , , 
0,0,-0.3218097388744354,2.551523447036743,-0.1187569797039032,0.4841856360435486,264,498
0,1,-0.7879605889320374,4.0876336097717285,-0.5753338932991028,0.4841856360435486,129,509
0,2,3.2831690311431885,2.542686939239502,-0.6451240181922913,0.4841856360435486,129,509
0,3,0.5300395488739014,2.3635594844818115,-0.06129666790366173,0.7262784242630005,495,364
0,4,-1.3523107767105103,0.9357914924621582,4.518239974975586,1.2104641199111938,168,407
 , , , , , , , 
0,0,-0.8021580576896667,4.166378974914551,-0.5482866764068604,0.4841856360435486,120,515
0,1,0.546603262424469,2.4373538494110107,-0.06573577970266342,0.7262784242630005,484,373
0,2,-0.4779821038246155,3.7128517627716064,-0.7798370122909546,1.2104641199111938,126,431
 , , , , , , , 
0,0,0.5631670355796814,2.511557102203369,-0.05347746983170509,0.7262784242630005,475,383
0,1,-0.8092567920684814,4.1872334480285645,-0.663587749004364,0.7262784242630005,135,516
0,2,1.743924856185913,2.4376344680786133,4.093212604522705,1.452556848526001,141,419
 , , , , , , , 
0,0,0.6530844569206238,2.4780685901641846,-0.5069177150726318,0.0,377,331
0,1,0.5714489221572876,2.548953056335449,-0.02435734122991562,0.7262784242630005,501,351
 , , , , , , , 
0,0,-0.7808618545532227,4.825441837310791,-1.0394853353500366,0.4841856360435486,118,492
0,1,4.060481548309326,2.911747455596924,0.09684397280216217,0.4841856360435486,118,492
0,2,0.5880126953125,2.6216020584106445,-0.08425745368003845,0.7262784242630005,485,370
 , , , , , , , 
0,0,0.6909444332122803,2.6274499893188477,-0.5075134038925171,0.0,391,334
0,1,0.6045763492584229,2.69683575630188,0.005612136796116829,0.7262784242630005,485,362
 , , , , , , , 
0,0,0.7098743915557861,2.747440814971924,-0.10194993764162064,0.4841856360435486,465,378
 , , , , , , , 
0,0,0.7193394303321838,2.7846269607543945,-0.08712249249219894,0.4841856360435486,471,368
0,1,0.6388869881629944,2.5514183044433594,9.878020286560059,-0.2420928180217743,119,375
 , , , , , , , 
0,0,0.7382693886756897,2.8591010570526123,0.03413579985499382,0.7262784242630005,462,367
0,1,-0.46141836047172546,4.895732879638672,-0.20727810263633728,1.2104641199111938,128,406
0,2,-0.48271459341049194,2.9693009853363037,4.178753852844238,-0.2420928180217743,147,393
 , , , , , , , 
0,0,0.8412011861801147,2.870149850845337,0.01809142902493477,0.7262784242630005,468,356
0,1,-1.320366382598877,6.822564601898193,-1.1394562721252441,-0.2420928180217743,114,418
0,2,-1.1180522441864014,6.907783508300781,-1.4947080612182617,-0.2420928180217743,140,409
 , , , , , , , 
0,0,-0.548969566822052,0.17048294842243195,0.19108261168003082,0.2420928180217743,170,332
0,1,2.165116786956787,0.8001205921173096,-0.07531624287366867,0.2420928180217743,130,363
0,2,5.830435276031494,3.1196649074554443,-0.8209781050682068,0.4841856360435486,115,440
0,3,0.8624974489212036,2.9428231716156006,-0.016681410372257233,0.7262784242630005,454,367
 , , , , , , , 
0,0,-0.5832801461219788,0.23701907694339752,0.133612260222435,0.2420928180217743,152,350
0,1,0.9819929599761963,2.9846017360687256,0.048757899552583694,0.7262784242630005,442,366
0,2,2.1580183506011963,1.4142249822616577,-5.143896579742432,0.7262784242630005,131,436
 , , , , , , , 
0,0,1.0056554079055786,3.0548229217529297,0.11342553794384003,0.7262784242630005,417,372
0,1,-1.3736070394515991,0.8446669578552246,-0.2237318754196167,-0.2420928180217743,147,362
0,2,3.5848658084869385,1.094761610031128,-0.7563831806182861,-0.2420928180217743,131,420
 , , , , , , , 
0,0,0.09701617062091827,3.1028459072113037,0.031046049669384956,0.2420928180217743,232,407
0,1,1.1192353963851929,3.056666612625122,0.07321279495954514,0.2420928180217743,306,469
0,2,0.09701617062091827,3.1023385524749756,-0.06413485109806061,-0.2420928180217743,133,450
0,3,3.7043612003326416,0.7394600510597229,-0.5939599275588989,-0.2420928180217743,138,449
 , , , , , , , 
0,0,-1.1535459756851196,0.8892531991004944,-0.24233686923980713,0.2420928180217743,123,362
0,1,1.1322497129440308,3.0930545330047607,-0.016036411747336388,0.2420928180217743,269,477
0,2,-0.38333219289779663,0.16645264625549316,-0.17820289731025696,-0.2420928180217743,141,356
0,3,-1.18312406539917,0.7434483766555786,-0.5838714241981506,-0.2420928180217743,141,357
0,4,-1.3736070394515991,0.4253171384334564,-0.7632977962493896,-0.2420928180217743,135,371
0,5,-0.09701617062091827,3.0913243293762207,-0.2689459025859833,-0.2420928180217743,179,443
 , , , , , , , 
0,0,-0.3123447299003601,0.30742400884628296,-0.11973963677883148,0.2420928180217743,129,366
0,1,-0.6152245402336121,0.4381946921348572,-0.05324599891901016,0.2420928180217743,123,361
0,2,1.029317855834961,3.1272764205932617,0.09940005838871002,0.2420928180217743,156,488
0,3,-1.0943896770477295,6.897565841674805,-0.532193124294281,0.2420928180217743,165,434
0,4,-0.5631670355796814,0.2960370182991028,0.0972161740064621,-0.2420928180217743,202,361
0,5,0.6104919910430908,1.272125244140625,-0.8119799494743347,-0.2420928180217743,131,373
0,6,0.0,3.1411964893341064,-0.08614009618759155,-0.2420928180217743,251,442
 , , , , , , , 
0,0,1.1582783460617065,3.1628458499908447,0.09261921048164368,0.2420928180217743,286,477
0,1,-1.6327111721038818,0.47067272663116455,4.940643310546875,0.2420928180217743,128,457
0,2,-0.24135729670524597,7.711663246154785,-0.3513115644454956,0.2420928180217743,116,425
0,3,-1.3274650573730469,6.952138900756836,-0.17135168612003326,0.4841856360435486,167,417
0,4,-1.334563970565796,6.983060836791992,-0.3421899676322937,0.4841856360435486,167,417
0,5,-0.5844632983207703,0.4185291826725006,-0.026175951585173607,-0.2420928180217743,169,375
0,6,0.18929985165596008,3.0180530548095703,-0.1706952452659607,-0.2420928180217743,249,447
 , , , , , , , 
0,0,1.1582783460617065,3.159719467163086,0.16836145520210266,0.2420928180217743,115,447
0,1,-2.176948070526123,2.715787410736084,-0.13229155540466309,0.2420928180217743,124,432
0,2,-0.4779821038246155,7.624176979064941,-0.3619171679019928,0.2420928180217743,117,451
0,3,-0.4850808382034302,7.713923931121826,-0.7055160403251648,0.2420928180217743,142,426
0,4,-1.1121366024017334,7.025394916534424,-0.2612873315811157,0.4841856360435486,124,417
0,5,-0.5844632983207703,0.4056689441204071,-0.10622882097959518,-0.2420928180217743,195,365
0,6,0.27685102820396423,2.932798147201538,-0.20667563378810883,-0.2420928180217743,367,428
0,7,-3.328127861022949,1.4712920188903809,-0.4954899251461029,-0.2420928180217743,116,476
0,8,0.11476302891969681,3.572659492492676,-0.8423660397529602,-0.2420928180217743,116,476
 , , , , , , , 
0,0,1.1582783460617065,3.1558902263641357,0.2291908711194992,0.2420928180217743,204,442
0,1,-1.4800881147384644,3.550929546356201,3.5908939838409424,0.2420928180217743,114,454
0,2,-0.24017417430877686,7.663934230804443,-0.523904025554657,0.2420928180217743,170,442
0,3,-0.5537020564079285,0.3814193308353424,-0.11111956834793091,-0.2420928180217743,176,355
0,4,0.36913469433784485,2.9246175289154053,-0.17612148821353912,-0.2420928180217743,302,414
0,5,1.2635763883590698,3.113112449645996,-0.2562936842441559,-0.2420928180217743,154,523
 , , , , , , , 
0,0,0.27685102820396423,2.939832925796509,0.037453826516866684,0.2420928180217743,199,413
0,1,1.2635763883590698,3.117098808288574,0.2021152675151825,0.2420928180217743,187,480
0,2,-1.1239678859710693,7.102268218994141,-0.1984909474849701,0.2420928180217743,126,465
0,3,-0.24135729670524597,7.6967597007751465,-0.594188392162323,0.2420928180217743,166,453
0,4,3.6026127338409424,3.8827834129333496,-1.4428894519805908,0.9683712720870972,206,375
0,5,0.36913469433784485,2.9071316719055176,-0.36468127369880676,-0.2420928180217743,264,393
0,6,0.479165256023407,2.97247052192688,-0.582415759563446,-0.2420928180217743,178,418
0,7,1.368874430656433,3.0705764293670654,-0.22698919475078583,-0.2420928180217743,135,496
 , , , , , , , 
0,0,0.27685102820396423,2.9343245029449463,0.18373672664165497,0.2420928180217743,250,358
0,1,1.2635763883590698,3.1183724403381348,0.18140791356563568,0.2420928180217743,176,517
0,2,-0.6057595014572144,4.762175559997559,0.6627159714698792,0.2420928180217743,125,479
0,3,-1.1298834085464478,7.14228630065918,0.04631455987691879,0.2420928180217743,114,445
0,4,-0.2425404191017151,7.741336345672607,-0.5005557537078857,0.2420928180217743,123,442
0,5,-0.24490667879581451,7.801546096801758,-0.7033377885818481,0.2420928180217743,137,437
0,6,0.8447505235671997,2.502040147781372,3.6502392292022705,0.7262784242630005,140,384
0,7,2.9566268920898438,1.8740086555480957,2.8362834453582764,0.7262784242630005,140,384
0,8,0.36913469433784485,2.9216439723968506,-0.22000648081302643,-0.2420928180217743,208,363
0,9,1.368874430656433,3.071495532989502,-0.2141924649477005,-0.2420928180217743,173,470
 , , , , , , , 
0,0,0.18693359196186066,2.982215642929077,-0.13096752762794495,0.2420928180217743,322,365
0,1,1.368874430656433,3.0693066120147705,0.24355512857437134,0.2420928180217743,117,539
0,2,-0.2437235563993454,7.782129764556885,-0.4537118375301361,0.4841856360435486,167,442
0,3,1.368874430656433,3.0743155479431152,-0.16896066069602966,-0.2420928180217743,142,488
 , , , , , , , 
0,0,-0.5832801461219788,0.20775902271270752,0.17568854987621307,0.2420928180217743,139,344
0,1,0.46141836047172546,2.910593271255493,-0.1902809888124466,0.2420928180217743,391,372
0,2,0.589195728302002,3.085249423980713,-0.09284400939941406,0.2420928180217743,128,499
0,3,1.4741724729537964,3.015662670135498,0.29389679431915283,0.2420928180217743,146,535
0,4,-0.24608980119228363,7.849738121032715,-0.5785195827484131,0.4841856360435486,154,436
0,5,1.4741724729537964,3.0242607593536377,-0.18558701872825623,-0.2420928180217743,183,465
 , , , , , , , 
0,0,0.5608007907867432,2.9298205375671387,-0.21762536466121674,0.2420928180217743,399,375
0,1,-0.24727292358875275,7.904437065124512,-0.26472920179367065,0.7262784242630005,153,415
 , , , , , , , 
0,0,-0.5832801461219788,0.17635409533977509,0.20719438791275024,0.2420928180217743,125,348
0,1,0.5678995847702026,2.965994358062744,-0.23234109580516815,0.2420928180217743,403,372
0,2,1.5794705152511597,2.9590625762939453,0.3209379315376282,0.2420928180217743,137,535
0,3,-1.620879888534546,3.014472484588623,3.8972761631011963,0.2420928180217743,154,507
0,4,-0.6483519673347473,5.004916191101074,1.1972936391830444,0.2420928180217743,154,507
0,5,1.739192247390747,2.98215389251709,4.365296840667725,0.2420928180217743,125,507
0,6,0.0,7.934728622436523,-0.5020151734352112,0.4841856360435486,136,438
0,7,1.684768557548523,2.914609909057617,-0.1427759975194931,-0.2420928180217743,254,460
 , , , , , , , 
0,0,0.6625494956970215,2.955423593521118,-0.010742883197963238,0.2420928180217743,379,362
0,1,-0.4637846052646637,0.19667914509773254,-0.16481228172779083,-0.2420928180217743,134,341
0,2,1.684768557548523,2.9123620986938477,-0.18298135697841644,-0.2420928180217743,138,452
 , , , , , , , 
0,0,0.5749982595443726,3.0065853595733643,-0.18495959043502808,0.2420928180217743,333,366
0,1,0.49691206216812134,3.133010149002075,-0.22635194659233093,0.2420928180217743,212,399
0,2,1.684768557548523,2.9130728244781494,0.17129427194595337,0.2420928180217743,132,509
0,3,-0.2508223056793213,7.9919657707214355,-0.6980580687522888,0.2420928180217743,124,432
0,4,1.7900665998458862,2.8446872234344482,-0.2391587346792221,-0.2420928180217743,201,427
 , , , , , , , 
0,0,-0.3644022047519684,0.17420731484889984,-0.10149618983268738,0.2420928180217743,116,359
0,1,0.582097053527832,3.0490550994873047,-0.049555324018001556,0.2420928180217743,267,390
0,2,1.7900665998458862,2.8353450298309326,0.332055926322937,0.2420928180217743,147,480
0,3,-0.2508223056793213,8.018125534057617,-0.2616432011127472,0.2420928180217743,115,426
0,4,-0.2520054280757904,8.052655220031738,-0.3494747281074524,0.2420928180217743,119,422
0,5,1.7900665998458862,2.8483829498291016,-0.19014935195446014,-0.2420928180217743,229,453
0,6,2.4206717014312744,2.55557918548584,-0.08149916678667068,-0.2420928180217743,134,424
 , , , , , , , 
0,0,-0.4117271602153778,0.1380261927843094,-0.13355086743831635,0.2420928180217743,189,367
0,1,0.7666643857955933,2.9674527645111084,0.10410735011100769,0.2420928180217743,208,406
0,2,0.49691206216812134,3.140777587890625,-0.050038110464811325,0.2420928180217743,146,426
0,3,1.684768557548523,2.915083885192871,0.13274537026882172,0.2420928180217743,128,508
0,4,0.0,8.063910484313965,0.06514817476272583,0.2420928180217743,135,401
0,5,0.8624974489212036,2.932056427001953,-0.25205305218696594,-0.2420928180217743,203,355
0,6,0.49099647998809814,3.0238418579101562,-0.6998844146728516,-0.2420928180217743,159,365
0,7,1.7900665998458862,2.8486742973327637,-0.18573327362537384,-0.2420928180217743,235,437
 , , , , , , , 
0,0,-0.397529661655426,0.14340585470199585,-0.16676709055900574,0.2420928180217743,158,364
0,1,0.6791132092475891,3.007366418838501,-0.36411577463150024,0.2420928180217743,127,423
0,2,1.684768557548523,2.9098360538482666,0.2195204496383667,0.2420928180217743,185,476
0,3,-0.2520054280757904,8.059446334838867,-0.11274907737970352,0.2420928180217743,113,384
0,4,0.6791132092475891,2.9527103900909424,-0.6770049929618835,-0.2420928180217743,148,369
0,5,1.7900665998458862,2.848087787628174,-0.19452203810214996,-0.2420928180217743,260,463
 , , , , , , , 
0,0,0.6708313226699829,2.9547829627990723,-0.47289592027664185,0.2420928180217743,187,354
0,1,0.6708313226699829,2.909740924835205,-0.6984130144119263,-0.2420928180217743,158,360
0,2,1.7900665998458862,2.8510475158691406,-0.14481210708618164,-0.2420928180217743,274,428
 , , , , , , , 
0,0,0.6791132092475891,3.0258731842041016,-0.14465756714344025,0.2420928180217743,190,344
0,1,0.7761293649673462,2.9491567611694336,-0.581486701965332,-0.2420928180217743,174,366
0,2,1.665838599205017,2.8833014965057373,-0.10782564431428909,-0.2420928180217743,271,439
0,3,1.9734508991241455,3.318610906600952,3.5758347511291504,-0.2420928180217743,114,457
 , , , , , , , 
0,0,0.582097053527832,3.0189173221588135,-0.4305013120174408,0.2420928180217743,248,363
0,1,-0.4803483486175537,0.19031840562820435,-0.11826367676258087,-0.2420928180217743,139,340
0,2,2.02077579498291,0.6179691553115845,-0.9317594170570374,-0.2420928180217743,117,361
0,3,0.6708313226699829,2.9491970539093018,-0.50656658411026,-0.2420928180217743,243,375
0,4,1.7699534893035889,2.81994891166687,-0.12339577823877335,-0.2420928180217743,212,496
0,5,-0.2520054280757904,8.047017097473145,-0.46142271161079407,-0.2420928180217743,118,435
 , , , , , , , 
0,0,-0.4969120919704437,0.2743326723575592,-0.01816144771873951,-0.2420928180217743,145,349
0,1,-0.5631670355796814,0.2860197424888611,0.12361884862184525,-0.2420928180217743,153,353
0,2,0.6791132092475891,2.9953842163085938,-0.4522249102592468,-0.2420928180217743,238,416
0,3,1.6469086408615112,2.8523664474487305,-0.030509578064084053,-0.2420928180217743,176,517
0,4,-1.46943998336792,3.0758979320526123,3.959398031234741,-0.2420928180217743,126,506
0,5,-0.16327111423015594,5.202937126159668,0.44723808765411377,-0.2420928180217743,126,506
0,6,0.0,8.023112297058105,-0.22666200995445251,-0.2420928180217743,129,447
 , , , , , , , 
0,0,0.3880646824836731,3.07120943069458,-0.23475082218647003,0.2420928180217743,277,366
0,1,1.7888835668563843,7.954489707946777,-0.6337514519691467,0.4841856360435486,137,409
0,2,-0.24963916838169098,7.974606037139893,-0.39839968085289,-0.4841856360435486,167,447
0,3,0.6708313226699829,2.9636476039886475,-0.4137231409549713,-0.2420928180217743,294,375
0,4,1.235181450843811,3.0500991344451904,0.14301827549934387,-0.2420928180217743,128,516
0,5,-0.9725279808044434,4.588693141937256,2.2138516902923584,-0.2420928180217743,121,516
 , , , , , , , 
0,0,1.8054473400115967,8.017489433288574,-0.7615966200828552,0.7262784242630005,152,387
0,1,-0.24845604598522186,7.9344916343688965,-0.4405112564563751,-0.4841856360435486,147,440
0,2,1.4244813919067383,2.9248952865600586,0.13076597452163696,-0.2420928180217743,339,395
0,3,-1.6090487241744995,2.7348883152008057,4.055008411407471,-0.2420928180217743,146,504
 , , , , , , , 
0,0,1.4079176187515259,2.892594337463379,-0.08257146179676056,-0.4841856360435486,353,400
0,1,0.479165256023407,2.9441487789154053,-0.711883544921875,-0.2420928180217743,290,363
0,2,-1.2872389554977417,4.106290340423584,2.827214479446411,-0.2420928180217743,159,501
0,3,-1.6445423364639282,0.5618604421615601,4.9673004150390625,-0.2420928180217743,113,530
0,4,0.16445423662662506,5.257022857666016,0.17591261863708496,-0.2420928180217743,113,530
 , , , , , , , 
0,0,1.2919714450836182,2.905832290649414,-0.029258793219923973,-0.4841856360435486,359,400
0,1,-0.24608980119228363,7.828601837158203,-0.8161296844482422,-0.4841856360435486,130,432
0,2,-0.7690305709838867,4.850943088531494,0.31783050298690796,-0.2420928180217743,140,476
0,3,-1.1003053188323975,6.921093463897705,-0.690585196018219,-0.2420928180217743,130,451
 , , , , , , , 
0,0,0.27685102820396423,2.8086423873901367,-0.8692223429679871,-0.2420928180217743,208,355
0,1,1.178391456604004,2.9128432273864746,0.03569067642092705,-0.2420928180217743,414,397
0,2,-1.0932066440582275,3.042194128036499,-4.852208614349365,-0.2420928180217743,117,468
0,3,-1.313267707824707,6.8700480461120605,-0.36756712198257446,-0.2420928180217743,127,452
0,4,-0.7418187856674194,7.8699541091918945,-0.35337960720062256,-0.2420928180217743,114,424
 , , , , , , , 
0,0,-0.32417598366737366,3.690751552581787,3.629920244216919,0.2420928180217743,136,454
0,1,1.1346158981323242,5.017997741699219,-0.6598502397537231,0.2420928180217743,136,454
0,2,1.0671778917312622,2.915165662765503,-0.031148627400398254,-0.2420928180217743,450,364
 , , , , , , , 
0,0,1.0541635751724243,2.8784587383270264,-0.08719076216220856,-0.4841856360435486,434,361
 , , , , , , , 
0,0,0.946499228477478,2.873814344406128,-0.13764332234859467,-0.4841856360435486,450,360
0,1,-0.6365207433700562,10.12597370147705,-0.8832399249076843,-0.4841856360435486,127,378
0,2,0.11831240355968475,3.7757062911987305,-0.25262024998664856,-0.2420928180217743,147,465
 , , , , , , , 
0,0,0.3218097388744354,6.159376621246338,-8.24654483795166,0.2420928180217743,138,377
0,1,0.9346679449081421,2.8402445316314697,0.07151351124048233,-0.4841856360435486,450,369
 , , , , , , , 
0,0,0.8305530548095703,2.83217191696167,-0.09824107587337494,-0.4841856360435486,461,367
 , , , , , , , 
0,0,-0.6436194777488708,2.973698377609253,4.153867721557617,0.2420928180217743,113,447
0,1,0.0,5.709137916564941,-8.615910530090332,0.2420928180217743,174,398
0,2,0.7288044095039368,2.822606325149536,0.015230415388941765,-0.2420928180217743,485,360
 , , , , , , , 
0,0,0.6294220089912415,2.807656764984131,0.008863155730068684,-0.2420928180217743,485,359
 , , , , , , , 
0,0,0.6211401224136353,2.7691240310668945,-0.09424784779548645,-0.2420928180217743,463,349
0,1,-0.5678995847702026,2.946394920349121,-0.41214433312416077,-0.2420928180217743,131,511
0,2,-0.8660467863082886,4.512547016143799,-0.47039279341697693,-0.2420928180217743,114,485
 , , , , , , , 
0,0,-0.3596697151660919,2.789340019226074,-0.6077884435653687,-0.2420928180217743,288,357
0,1,-0.5678995847702026,2.894564390182495,-0.6874610185623169,-0.2420928180217743,261,429
 , , , , , , , 
0,0,0.44367149472236633,2.8041841983795166,0.04952410236001015,0.2420928180217743,453,359
0,1,-0.8589479923248291,4.4908928871154785,-0.2831331193447113,-0.2420928180217743,133,481
 , , , , , , , 
0,0,0.3596697151660919,2.851806879043579,0.13047249615192413,0.2420928180217743,327,359
0,1,-0.32299286127090454,2.368199348449707,-10.055619239807129,0.2420928180217743,130,391
0,2,0.4495871365070343,2.8333346843719482,-0.22197693586349487,-0.2420928180217743,319,351
0,3,3.379002094268799,2.3691928386688232,-1.8075745105743408,-0.2420928180217743,142,479
0,4,-0.9855422973632812,4.363112926483154,-0.5385245084762573,-0.2420928180217743,142,479
 , , , , , , , 
0,0,3.8759143352508545,1.358751893043518,9.484684944152832,0.2420928180217743,120,401
0,1,0.3596697151660919,2.8535029888153076,-0.08570551872253418,-0.2420928180217743,461,357
 , , , , , , , 
0,0,0.1751023530960083,2.7460505962371826,0.5269908308982849,0.0,346,326
0,1,-0.6294220089912415,2.805673837661743,0.10587708652019501,0.2420928180217743,320,351
0,2,0.29104849696159363,4.568536758422852,-0.8540058135986328,-0.9683712720870972,118,420
0,3,0.1751023530960083,2.7960245609283447,-0.027570815756917,-0.7262784242630005,474,358
 , , , , , , , 
0,0,-0.8092568516731262,2.761209011077881,0.003967782482504845,0.2420928180217743,212,411
0,1,-1.968718409538269,1.3037434816360474,4.2318854331970215,0.2420928180217743,130,471
0,2,-0.7571994066238403,4.661446571350098,1.0872067213058472,0.2420928180217743,130,471
0,3,0.08518493175506592,2.720752000808716,-0.14449602365493774,-0.7262784242630005,448,362
0,4,1.029317855834961,1.8604804277420044,-10.771543502807617,-0.7262784242630005,119,379
0,5,4.850808620452881,3.8424875736236572,-0.5070122480392456,-0.2420928180217743,133,450
 , , , , , , , 
0,0,-0.1680036187171936,2.6818623542785645,-0.07102475315332413,0.2420928180217743,351,356
0,1,-0.2437235563993454,7.713973045349121,-1.1233949661254883,-0.4841856360435486,160,422
0,2,-0.0840018093585968,2.6852197647094727,-0.09052106738090515,-0.2420928180217743,397,358
0,3,-0.798608660697937,2.662518262863159,-0.57962566614151,-0.2420928180217743,131,472
0,4,4.628381252288818,4.0567169189453125,-0.4522551894187927,-0.2420928180217743,144,469
 , , , , , , , 
0,0,-0.0840018093585968,2.681018114089966,-0.17532868683338165,0.2420928180217743,470,374
0,1,-0.4874471127986908,7.772227764129639,-0.4262244701385498,-0.4841856360435486,126,419
0,2,4.408320426940918,4.250267505645752,-0.34567514061927795,-0.2420928180217743,143,445
 , , , , , , , 
0,0,0.0,2.6682980060577393,-0.5575064420700073,0.0,364,323
0,1,-0.08518493175506592,2.714052200317383,-0.23935814201831818,0.4841856360435486,434,357
0,2,-0.8991742730140686,3.481142044067383,-0.09677226841449738,0.4841856360435486,133,435
 , , , , , , , 
0,0,0.0,2.8000011444091797,-0.09574536234140396,0.4841856360435486,471,378
0,1,-0.8991742730140686,2.7168776988983154,-0.2987450659275055,-0.2420928180217743,377,354
0,2,-1.1499965190887451,2.654695749282837,1.0170975923538208,-0.2420928180217743,129,524
0,3,4.381108283996582,4.220694065093994,-0.3823719918727875,-0.2420928180217743,154,444
 , , , , , , , 
0,0,-0.9760773181915283,2.6571497917175293,-0.2226535677909851,-0.2420928180217743,379,361
0,1,-1.2304490804672241,2.7543933391571045,0.27005282044410706,-0.2420928180217743,148,514
0,2,3.4559054374694824,3.34022855758667,-0.13613751530647278,-0.2420928180217743,135,493
0,3,4.190625190734863,4.404587268829346,-0.43913960456848145,-0.2420928180217743,137,439
 , , , , , , , 
0,0,-0.08755117654800415,2.796287775039673,0.14927367866039276,0.2420928180217743,356,365
0,1,-0.08755117654800415,2.7973647117614746,-0.12751317024230957,-0.2420928180217743,429,354
0,2,4.1645965576171875,4.362410545349121,-0.5656617283821106,-0.2420928180217743,176,451
 , , , , , , , 
0,0,-0.08755117654800415,2.8002688884735107,-0.001733669312670827,0.2420928180217743,428,357
0,1,4.330233573913574,1.607252836227417,0.014148672111332417,0.2420928180217743,127,422
0,2,-0.9760773181915283,2.654388189315796,0.25346070528030396,-0.2420928180217743,406,344
 , , , , , , , 
0,0,-0.08873429894447327,2.8364555835723877,-0.09691827744245529,0.2420928180217743,463,371
0,1,-0.16918674111366272,5.386165142059326,-0.5212810635566711,0.2420928180217743,169,427
0,2,-1.0281347036361694,2.7942018508911133,-0.2847491502761841,-0.2420928180217743,156,466
0,3,3.2796199321746826,3.458303928375244,-0.20131002366542816,-0.2420928180217743,143,494
 , , , , , , , 
0,0,-0.08873429894447327,2.8378593921661377,-0.03777103126049042,0.2420928180217743,460,363
0,1,4.220203399658203,1.9585429430007935,-0.19888676702976227,0.2420928180217743,115,440
0,2,-0.43657273054122925,4.5246052742004395,1.0113924741744995,0.2420928180217743,115,440
0,3,-0.17036986351013184,5.4489641189575195,-0.047708284109830856,0.2420928180217743,179,429
0,4,3.2796199321746826,3.4264984130859375,-0.5094107389450073,-0.2420928180217743,136,486
 , , , , , , , 
0,0,-0.08991742879152298,2.8751001358032227,-0.07000629603862762,0.2420928180217743,470,367
0,1,-0.17155298590660095,5.483825206756592,-0.1870538890361786,0.2420928180217743,195,415
0,2,3.105700731277466,3.5447449684143066,-0.4311935007572174,-0.2420928180217743,145,484
0,3,3.7386717796325684,4.638895034790039,-0.5346152186393738,-0.2420928180217743,121,446
 , , , , , , , 
0,0,-0.1822011023759842,2.907278537750244,0.1141398698091507,0.2420928180217743,354,402
0,1,-1.1227847337722778,2.5147945880889893,-0.23158077895641327,-0.2420928180217743,312,349
0,2,-0.1822011023759842,2.899790048599243,-0.23772644996643066,-0.2420928180217743,251,458
0,3,3.105700731277466,3.5610811710357666,-0.26428014039993286,-0.2420928180217743,170,476
0,4,3.9007599353790283,4.209663391113281,-1.5472946166992188,-0.2420928180217743,120,431
0,5,-2.662029266357422,9.079769134521484,-0.23973874747753143,-0.2420928180217743,149,394
 , , , , , , , 
0,0,-0.1822011023759842,2.8974721431732178,0.26448383927345276,0.2420928180217743,288,413
0,1,-1.0080217123031616,2.4795756340026855,-0.2474903017282486,-0.2420928180217743,230,352
0,2,-0.1822011023759842,2.9068195819854736,-0.12528401613235474,-0.2420928180217743,318,443
0,3,2.934147834777832,3.6248886585235596,0.5390437841415405,-0.2420928180217743,144,488
 , , , , , , , 
0,0,-1.107404112815857,2.49045991897583,0.04350519925355911,0.2420928180217743,217,356
0,1,-1.022219181060791,2.5125954151153564,-0.2693690359592438,-0.2420928180217743,270,349
0,2,-0.17983485758304596,2.871483325958252,0.03781019151210785,-0.2420928180217743,393,425
0,3,3.080855131149292,3.5177814960479736,-0.4161190092563629,-0.2420928180217743,122,464
 , , , , , , , 
0,0,-0.8897092938423157,7.060153961181641,0.1546918749809265,0.2420928180217743,146,379
0,1,-0.9938241243362427,2.450700283050537,-0.17300383746623993,-0.2420928180217743,124,356
0,2,-0.26975229382514954,2.8639414310455322,-0.06526734679937363,-0.2420928180217743,385,393
 , , , , , , , 
0,0,-1.107404112815857,2.486826181411743,0.14134849607944489,0.2420928180217743,222,345
0,1,-0.26975229382514954,2.851442337036133,0.275133341550827,0.2420928180217743,229,389
0,2,-1.107404112815857,2.4843342304229736,-0.17990776896476746,-0.2420928180217743,245,354
0,3,-0.26975229382514954,2.862963914871216,-0.09929249435663223,-0.2420928180217743,239,401
0,4,-0.5619839429855347,3.5162136554718018,0.5066012144088745,-0.2420928180217743,116,448
0,5,-0.6436194777488708,5.108552932739258,-0.013659604825079441,-0.2420928180217743,127,421
 , , , , , , , 
0,0,-1.1925890445709229,2.4465107917785645,-0.1514706015586853,0.2420928180217743,170,360
0,1,-0.26975229382514954,2.8498339653015137,0.29132094979286194,0.2420928180217743,253,392
0,2,-1.107404112815857,2.4422237873077393,-0.48972150683403015,-0.2420928180217743,198,356
0,3,-0.26975229382514954,2.863656759262085,-0.07675017416477203,-0.2420928180217743,267,405
 , , , , , , , 
0,0,-0.2662028968334198,2.813539981842041,0.27545419335365295,0.2420928180217743,306,369
0,1,-0.2662028968334198,2.825061559677124,-0.10444691777229309,-0.2420928180217743,371,352
 , , , , , , , 
0,0,-0.2662028968334198,2.817939519882202,0.22604964673519135,0.2420928180217743,310,369
0,1,-0.2662028968334198,2.823763132095337,-0.13507044315338135,-0.2420928180217743,358,370
 , , , , , , , 
0,0,-1.107404112815857,2.4902942180633545,-0.052143409848213196,0.2420928180217743,199,353
0,1,-0.2662028968334198,2.8165218830108643,0.24307803809642792,0.2420928180217743,293,373
0,2,-0.2662028968334198,2.8238093852996826,-0.13410122692584991,-0.2420928180217743,321,380
 , , , , , , , 
0,0,-1.092023491859436,2.4525651931762695,-0.13440287113189697,0.2420928180217743,170,357
0,1,-0.2662028968334198,2.8221054077148438,0.1661423146724701,0.2420928180217743,234,384
0,2,-1.092023491859436,2.4092752933502197,-0.4780506193637848,-0.2420928180217743,187,356
0,3,-0.17746859788894653,2.8281712532043457,-0.18082667887210846,-0.2420928180217743,241,390
 , , , , , , , 
0,0,-1.176025390625,2.3702943325042725,0.4736291468143463,0.2420928180217743,156,354
0,1,-0.2662028968334198,2.81896710395813,0.2128535360097885,0.2420928180217743,239,391
0,2,-1.092023491859436,2.451209306716919,0.15720272064208984,-0.2420928180217743,172,353
0,3,-0.2662028968334198,2.8233649730682373,-0.14315085113048553,-0.2420928180217743,224,392
 , , , , , , , 
0,0,-1.092023491859436,2.4554941654205322,0.0607304647564888,0.2420928180217743,248,347
0,1,-0.2662028968334198,2.821014642715454,0.18373318016529083,0.2420928180217743,324,386
0,2,-1.0080217123031616,2.4831318855285645,-0.20881344377994537,-0.2420928180217743,248,357
0,3,-0.17746859788894653,2.829219341278076,-0.16361236572265625,-0.2420928180217743,270,399
 , , , , , , , 
0,0,-0.2662028968334198,2.8231091499328613,0.14811088144779205,0.2420928180217743,356,390
0,1,-1.1925890445709229,2.4455034732818604,0.16694821417331696,-0.2420928180217743,239,352
0,2,-0.17746859788894653,2.825387477874756,-0.22008240222930908,-0.2420928180217743,314,380
0,3,-2.6809592247009277,7.138722896575928,-1.636427402496338,-0.2420928180217743,113,383
 , , , , , , , 
0,0,-1.022219181060791,2.525225877761841,-0.09450201690196991,0.2420928180217743,272,344
0,1,-0.2662028968334198,2.8238797187805176,0.13261133432388306,0.2420928180217743,384,384
0,2,-1.092023491859436,2.452923059463501,-0.12770333886146545,-0.2420928180217743,283,347
0,3,-1.022219181060791,2.5126638412475586,-0.2687315344810486,-0.2420928180217743,285,345
 , , , , , , , 
0,0,-0.17983485758304596,2.870945453643799,0.067221999168396,0.2420928180217743,368,425
0,1,-1.1925890445709229,2.4157116413116455,-0.4155672490596771,-0.2420928180217743,309,342
 , , , , , , , 
0,0,-0.17983485758304596,2.871142625808716,0.058185823261737823,0.2420928180217743,390,426
0,1,-1.1925890445709229,2.3481922149658203,-0.7031014561653137,-0.2420928180217743,283,359
 , , , , , , , 
0,0,-0.0911005511879921,2.913195848464966,0.05903007835149765,0.2420928180217743,344,457
0,1,-1.0080217123031616,2.4293746948242188,-0.554693877696991,-0.2420928180217743,304,344
0,2,-2.360332489013672,4.4395599365234375,0.27230527997016907,-0.2420928180217743,131,450
 , , , , , , , 
0,0,-0.840018093585968,2.5532469749450684,-0.03090030886232853,0.2420928180217743,343,354
0,1,-0.0911005511879921,2.9106409549713135,0.13551348447799683,0.2420928180217743,248,524
 , , , , , , , 
0,0,-0.840018093585968,2.5531742572784424,-0.03642449155449867,0.2420928180217743,314,359
0,1,-0.7004094123840332,2.663116693496704,-0.5161484479904175,0.2420928180217743,287,388
0,2,-0.6377038359642029,2.188847541809082,-1.8168034553527832,0.2420928180217743,155,494
0,3,-1.8220109939575195,2.012669563293457,-1.0620410442352295,0.2420928180217743,155,494
0,4,-1.0801922082901,2.8557348251342773,-0.7433034181594849,0.4841856360435486,123,489
0,5,0.0911005511879921,2.910182237625122,-0.14503318071365356,-0.2420928180217743,189,467
0,6,-4.862639904022217,9.125476837158203,-0.8322465419769287,-0.2420928180217743,114,392
 , , , , , , , 
0,0,-0.6814794540405273,2.639327049255371,-0.012914316728711128,0.2420928180217743,233,357
0,1,-0.7560162544250488,2.539694309234619,-0.45171576738357544,-0.2420928180217743,265,354
0,2,0.1822011023759842,2.908633232116699,-0.07176024466753006,-0.2420928180217743,308,488
 , , , , , , , 
0,0,-0.6720144748687744,2.5939831733703613,0.2128462791442871,0.2420928180217743,288,357
0,1,-0.5880126953125,2.622871160507202,-0.021037260070443153,-0.2420928180217743,328,342
0,2,0.17983485758304596,2.8715779781341553,-0.029759226366877556,-0.2420928180217743,321,497
 , , , , , , , 
0,0,-1.0600790977478027,4.714906215667725,-0.3610287606716156,-0.7262784242630005,130,421
0,1,0.5324057936668396,5.652039051055908,-0.14826571941375732,-0.4841856360435486,118,449
0,2,-0.6625494360923767,2.5637550354003906,-0.10833600908517838,-0.2420928180217743,368,356
0,3,0.26975229382514954,2.864272117614746,0.04864427447319031,-0.2420928180217743,303,528
 , , , , , , , 
0,0,-1.39608633518219,8.825077056884766,0.04834358021616936,-0.7262784242630005,150,378
0,1,-0.5714489221572876,2.445897340774536,-0.7178725600242615,-0.2420928180217743,368,367
0,2,0.2662028968334198,2.826420545578003,0.056822165846824646,-0.2420928180217743,290,543
 , , , , , , , 
0,0,-0.8731454610824585,4.56221866607666,-0.33066755533218384,-0.9683712720870972,120,431
0,1,-0.48981332778930664,2.5633461475372314,-0.11682218313217163,-0.2420928180217743,435,359
0,2,0.3502047061920166,2.7790300846099854,0.059351008385419846,-0.2420928180217743,272,530
0,3,4.183526515960693,1.284903883934021,9.321701049804688,-0.2420928180217743,143,406
0,4,-0.3218097388744354,3.1936264038085938,9.784894943237305,-0.2420928180217743,143,406
 , , , , , , , 
0,0,-0.4022621810436249,2.5321364402770996,-0.23325270414352417,-0.4841856360435486,426,355
0,1,0.43184027075767517,2.729741096496582,0.022246532142162323,-0.2420928180217743,317,514
0,2,0.0,3.919633388519287,9.604619026184082,-0.2420928180217743,133,402
 , , , , , , , 
0,0,-0.4022621810436249,2.5357141494750977,-0.19046169519424438,-0.4841856360435486,392,360
0,1,0.5182083249092102,2.7111544609069824,0.1398889720439911,-0.2420928180217743,236,542
 , , , , , , , 
0,0,-0.23425854742527008,2.471017599105835,-0.288070946931839,-0.4841856360435486,412,356
0,1,0.5962945222854614,2.6548049449920654,0.1645362228155136,-0.2420928180217743,252,543
0,2,-0.8021580576896667,4.178181171417236,-0.4495953917503357,-0.2420928180217743,123,490
 , , , , , , , 
0,0,-0.8021580576896667,4.198951244354248,0.16775645315647125,0.2420928180217743,124,410
0,1,0.6720144748687744,2.602267026901245,0.047518741339445114,-0.4841856360435486,270,537
0,2,-0.23070918023586273,2.445330858230591,0.15214593708515167,-0.2420928180217743,398,346
0,3,-0.3052459955215454,3.2416036128997803,-0.009405647404491901,-0.2420928180217743,114,508
 , , , , , , , 
0,0,-1.0021060705184937,4.211274147033691,-1.4990088939666748,-0.7262784242630005,125,459
0,1,0.6625494360923767,2.564857006072998,0.07800640910863876,-0.4841856360435486,308,548
0,2,-0.22715981304645538,2.4122116565704346,-0.027336185798048973,-0.2420928180217743,461,353
 , , , , , , , 
0,0,0.13960863649845123,4.3316521644592285,-1.084270715713501,-0.9683712720870972,140,423
0,1,0.73471999168396,2.5038223266601562,0.12397092580795288,-0.4841856360435486,324,508
0,2,-0.22715981304645538,2.40694260597229,-0.1616770327091217,-0.2420928180217743,411,351
 , , , , , , , 
0,0,0.7926931381225586,2.3628804683685303,0.47208553552627563,0.0,258,476
0,1,0.8719624280929565,2.3818612098693848,0.029150208458304405,-0.7262784242630005,385,461
0,2,-0.07453681528568268,2.383535623550415,-0.04771563783288002,-0.2420928180217743,468,364
 , , , , , , , 
0,0,0.128960520029068,4.124510765075684,-0.041652221232652664,-0.9683712720870972,129,448
0,1,0.4353896379470825,6.937772274017334,-0.45405814051628113,-0.9683712720870972,187,390
0,2,0.8459336757659912,2.310065269470215,0.06334411352872849,-0.7262784242630005,435,414
0,3,-0.07335369288921356,2.346019744873047,-0.02670021541416645,-0.2420928180217743,420,357
 , , , , , , , 
0,0,-0.6672819256782532,2.5442357063293457,4.6452741622924805,0.2420928180217743,119,442
0,1,0.8944417834281921,2.208881139755249,0.09946062415838242,-0.7262784242630005,475,360
0,2,0.1680036187171936,5.356666564941406,-0.42487338185310364,-0.4841856360435486,133,469
 , , , , , , , 
0,0,-0.3360072374343872,2.020111083984375,-4.970801830291748,0.2420928180217743,175,455
0,1,0.9382173418998718,2.1084954738616943,0.08712532371282578,-0.7262784242630005,501,358
 , , , , , , , 
0,0,0.0840018093585968,2.3222146034240723,-1.3512654304504395,-1.2104641199111938,160,403
0,1,0.9938241839408875,2.0395071506500244,0.11349794268608093,-0.7262784242630005,465,362
0,2,0.6708313226699829,2.2888009548187256,0.021202588453888893,-0.7262784242630005,196,461
0,3,0.5324058532714844,3.248295307159424,-0.880611777305603,-0.7262784242630005,117,500
 , , , , , , , 
0,0,1.5688225030899048,2.5014729499816895,0.04578276351094246,-1.452556848526001,148,425
0,1,1.0293179750442505,1.933104157447815,0.1596686691045761,-0.7262784242630005,491,361
0,2,0.4330233931541443,2.2396621704101562,-0.3605562746524811,-0.2420928180217743,288,426
 , , , , , , , 
0,0,1.0600790977478027,1.8291455507278442,0.15977956354618073,-0.7262784242630005,454,365
0,1,0.36203593015670776,3.8377161026000977,-0.2317778319120407,-0.4841856360435486,115,521
0,2,0.14197488129138947,2.266613245010376,-0.049651723355054855,-0.2420928180217743,285,410
0,3,-0.2957810163497925,4.700972080230713,-0.4581463038921356,-0.2420928180217743,159,516
0,4,0.17746859788894653,5.6661858558654785,-0.3373836874961853,-0.2420928180217743,124,482
 , , , , , , , 
0,0,1.3676913976669312,2.1778783798217773,0.11917299032211304,-1.2104641199111938,142,411
0,1,1.022219181060791,1.7637170553207397,0.15523625910282135,-0.7262784242630005,445,371
0,2,0.17628547549247742,5.635472774505615,-0.1810421347618103,-0.4841856360435486,115,476
0,3,-0.5205745697021484,4.1316914558410645,-0.04463282972574234,-0.2420928180217743,125,527
0,4,-0.44012215733528137,4.657430648803711,-0.3927353322505951,-0.2420928180217743,169,523
 , , , , , , , 
0,0,1.9048296213150024,1.8399685621261597,-0.09842837601900101,0.2420928180217743,208,422
0,1,-1.3333808183670044,5.941055774688721,0.28377649188041687,0.2420928180217743,124,406
0,2,3.3186628818511963,5.2702460289001465,0.4844358563423157,-1.452556848526001,174,371
0,3,2.2727811336517334,3.6117746829986572,0.30387750267982483,-1.2104641199111938,138,445
0,4,0.9843592047691345,1.6978720426559448,0.15530386567115784,-0.7262784242630005,447,365
0,5,0.2602872848510742,2.0606589317321777,-0.147989884018898,-0.4841856360435486,364,435
0,6,0.22715981304645538,3.6200499534606934,-0.2316063791513443,-0.4841856360435486,121,528
0,7,0.3502047061920166,5.591069221496582,-0.11830613762140274,-0.4841856360435486,124,471
 , , , , , , , 
0,0,1.9048296213150024,1.8425137996673584,-0.017761167138814926,0.2420928180217743,240,441
0,1,-1.1499965190887451,6.024455547332764,-0.031562983989715576,0.2420928180217743,175,420
0,2,2.342585563659668,3.437817335128784,0.19382736086845398,-1.2104641199111938,159,440
0,3,0.946499228477478,1.633192777633667,0.14235085248947144,-0.7262784242630005,420,373
0,4,0.4803483784198761,2.1394100189208984,-0.11862342059612274,-0.4841856360435486,152,520
0,5,0.19166609644889832,2.034078598022461,-0.07427266240119934,-0.2420928180217743,392,403
0,6,-0.2886822521686554,4.609530925750732,-0.05720619484782219,-0.2420928180217743,126,520
 , , , , , , , 
0,0,1.902463436126709,1.6709760427474976,0.1513381451368332,0.2420928180217743,173,454
0,1,4.952557563781738,3.534662961959839,-0.36456215381622314,0.2420928180217743,116,410
0,2,-1.1854902505874634,6.209959983825684,0.08041701465845108,0.2420928180217743,135,401
0,3,0.9086392521858215,1.568293571472168,0.13164730370044708,-0.7262784242630005,431,363
0,4,0.6802963614463806,4.202698707580566,-0.9115556478500366,-0.7262784242630005,120,494
0,5,0.19166609644889832,2.0347936153411865,-0.05105876177549362,-0.2420928180217743,332,451
0,6,0.386881560087204,4.102144241333008,-0.22953873872756958,-0.2420928180217743,145,528
0,7,-0.4330233931541443,4.587372779846191,-0.3207571506500244,-0.2420928180217743,128,513
 , , , , , , , 
0,0,1.9876482486724854,1.74015212059021,0.2113603800535202,0.2420928180217743,166,455
0,1,2.1296234130859375,1.7015599012374878,-0.005076117813587189,0.2420928180217743,128,481
0,2,2.2455694675445557,1.6069291830062866,0.11689260601997375,0.2420928180217743,133,476
0,3,0.870779275894165,1.4998365640640259,0.15893438458442688,-0.7262784242630005,423,371
0,4,0.2508223056793213,1.9806054830551147,-0.20161254703998566,-0.2420928180217743,320,441
0,5,-0.06625494360923767,2.052471399307251,0.5272965431213379,-0.2420928180217743,156,517
 , , , , , , , 
0,0,1.8456734418869019,1.5628011226654053,0.45514920353889465,0.4841856360435486,117,466
0,1,1.9308583736419678,1.6930416822433472,0.1825709044933319,0.4841856360435486,172,446
0,2,0.8329192996025085,1.432673454284668,0.1694416105747223,-0.7262784242630005,371,395
0,3,0.3135278820991516,1.9627819061279297,-0.27485403418540955,-0.2420928180217743,169,495
0,4,0.4555027484893799,2.030179262161255,0.08279550075531006,-0.2420928180217743,161,521
0,5,0.34073972702026367,5.435442924499512,-0.24973322451114655,-0.2420928180217743,124,458
 , , , , , , , 
0,0,2.040889024734497,1.6238595247268677,0.14886631071567535,0.4841856360435486,113,493
0,1,2.1296234130859375,1.70133376121521,-0.028196971863508224,0.7262784242630005,231,422
0,2,0.0,1.7496446371078491,-0.32415154576301575,-1.452556848526001,249,381
0,3,1.916661024093628,3.604027509689331,0.23729458451271057,-1.2104641199111938,220,414
0,4,0.6956769227981567,1.4269256591796875,0.09161895513534546,-0.7262784242630005,402,389
0,5,-3.479567766189575,5.522806167602539,0.5392280220985413,-0.7262784242630005,112,446
0,6,3.2748873233795166,5.3882832527160645,1.772304892539978,-0.7262784242630005,112,446
0,7,0.37623345851898193,1.9207141399383545,-0.44233784079551697,-0.2420928180217743,228,488
0,8,-0.1301436424255371,1.9856830835342407,0.6132631301879883,-0.2420928180217743,213,483
0,9,0.585646390914917,1.9020867347717285,-0.6124137043952942,-0.2420928180217743,213,483
 , , , , , , , 
0,0,0.6625494956970215,1.3249626159667969,0.3144932687282562,0.0,399,352
0,1,0.18456734716892242,1.9595917463302612,0.042277440428733826,0.2420928180217743,152,494
0,2,2.1296234130859375,1.701072335243225,0.04104438051581383,0.7262784242630005,188,441
0,3,1.3665082454681396,2.5559134483337402,0.3137766122817993,-1.2104641199111938,180,382
0,4,1.6066824197769165,3.2789599895477295,0.3919665813446045,-1.2104641199111938,149,449
0,5,0.7098744511604309,1.3373708724975586,0.030353324487805367,-0.7262784242630005,484,377
0,6,0.18811672925949097,1.985855221748352,-0.2175958901643753,-0.2420928180217743,186,521
 , , , , , , , 
0,0,0.37623345851898193,1.965774416923523,-0.1433062106370926,0.2420928180217743,183,422
0,1,2.218357563018799,1.7707358598709106,-0.07829716056585312,0.7262784242630005,196,443
0,2,1.3487614393234253,2.535468101501465,0.17728762328624725,-0.9683712720870972,181,395
0,3,0.5844632983207703,1.313630223274231,0.05074585601687431,-0.4841856360435486,426,359
0,4,0.38333219289779663,1.98829185962677,-0.2819221019744873,-0.2420928180217743,142,507
 , , , , , , , 
0,0,0.2508223056793213,1.981903076171875,-0.1884298175573349,0.2420928180217743,218,399
0,1,2.0953125953674316,2.0268163681030273,-0.013219351880252361,0.2420928180217743,136,433
0,2,1.5735549926757812,3.232388496398926,0.10871830582618713,-0.9683712720870972,140,420
0,3,1.4576088190078735,2.896843194961548,0.7640348672866821,-0.7262784242630005,117,450
0,4,0.5253070592880249,1.2951315641403198,0.09476366639137268,-0.2420928180217743,463,357
0,5,0.37623345851898193,1.9335544109344482,-0.3823261857032776,-0.2420928180217743,113,537
 , , , , , , , 
0,0,0.2508223056793213,1.9907273054122925,0.021223291754722595,0.2420928180217743,210,403
0,1,0.46851712465286255,1.2793442010879517,0.03777511417865753,-0.2420928180217743,395,354
0,2,0.3135278820991516,1.9733747243881226,-0.18398219347000122,-0.2420928180217743,117,548
 , , , , , , , 
0,0,0.30761224031448364,1.9388114213943481,0.14912092685699463,0.2420928180217743,179,421
0,1,0.8766948580741882,1.3811520338058472,-1.4074329137802124,0.2420928180217743,187,465
0,2,2.491659164428711,1.7831608057022095,0.12790851294994354,0.4841856360435486,116,460
0,3,0.958330512046814,2.912217378616333,0.07058622688055038,-0.7262784242630005,127,453
0,4,0.3028797507286072,1.172217607498169,-0.04413798078894615,-0.2420928180217743,199,368
0,5,0.3726840615272522,1.2714353799819946,-0.02111164480447769,-0.2420928180217743,432,363
 , , , , , , , 
0,0,1.7178959846496582,1.119277834892273,-4.557544708251953,0.2420928180217743,116,433
0,1,1.2836896181106567,2.3973302841186523,7.752499580383301,0.2420928180217743,132,381
0,2,2.4608981609344482,1.763622760772705,0.08503126353025436,0.7262784242630005,113,464
0,3,0.8624974489212036,2.9427623748779297,0.025203118100762367,-0.7262784242630005,177,444
0,4,0.9263861179351807,3.1576826572418213,0.14170902967453003,-0.7262784242630005,125,431
0,5,0.33127471804618835,1.2827496528625488,-0.026412012055516243,-0.2420928180217743,387,359
0,6,0.18456734716892242,1.4641660451889038,0.04815909266471863,-0.2420928180217743,180,449
0,7,1.0683610439300537,4.756938457489014,-0.2880485951900482,-0.2420928180217743,117,429
 , , , , , , , 
0,0,0.15617236495018005,1.2393041849136353,0.02612992189824581,0.2420928180217743,229,366
0,1,0.24845603108406067,1.2999422550201416,0.06562740355730057,0.2420928180217743,258,366
0,2,0.6388869881629944,0.49074864387512207,2.123946189880371,0.2420928180217743,213,497
0,3,0.3123447299003601,1.1988930702209473,-0.1613810807466507,-0.2420928180217743,212,354
0,4,0.24845603108406067,1.2975126504898071,-0.10304134339094162,-0.2420928180217743,255,357
 , , , , , , , 
0,0,0.20704670250415802,1.3057750463485718,0.08927604556083679,0.2420928180217743,396,352
0,1,0.7335368990898132,5.8203349113464355,-0.1500512808561325,0.2420928180217743,123,467
0,2,0.20704670250415802,1.3059062957763672,-0.08733410388231277,-0.2420928180217743,348,355
 , , , , , , , 
0,0,0.12777739763259888,1.3563495874404907,0.040569111704826355,0.2420928180217743,425,367
0,1,0.198764830827713,3.158895969390869,0.30947795510292053,0.7262784242630005,146,466
0,2,0.17036986351013184,1.3464857339859009,-0.12492869049310684,-0.2420928180217743,367,371
0,3,0.36913469433784485,1.9278706312179565,0.15134838223457336,-0.2420928180217743,138,448
 , , , , , , , 
0,0,0.08518493175506592,1.3598947525024414,-0.032965876162052155,0.2420928180217743,497,367
0,1,0.16327111423015594,2.60640549659729,-0.06558971107006073,0.4841856360435486,174,519
0,2,0.36913469433784485,1.9311771392822266,0.10072947293519974,-0.2420928180217743,138,436
0,3,0.3194434940814972,2.018484115600586,0.058356817811727524,-0.2420928180217743,135,423
0,4,-0.7027757167816162,2.852167844772339,-2.3280410766601562,-0.2420928180217743,133,461
 , , , , , , , 
0,0,0.0,1.3586024045944214,0.10888742655515671,0.2420928180217743,485,367
0,1,2.737748861312866,1.9296115636825562,-0.36757466197013855,0.7262784242630005,190,469
0,2,-0.15853862464427948,5.070727825164795,0.017638780176639557,0.9683712720870972,224,394
0,3,-0.11831240355968475,3.774393081665039,-0.2715366780757904,-0.2420928180217743,115,454
 , , , , , , , 
0,0,-0.08755117654800415,1.3979254961013794,0.020799893885850906,0.2420928180217743,455,401
0,1,-4.827146053314209,5.704886436462402,-6.112142562866211,0.4841856360435486,129,417
0,2,-0.9050898551940918,1.2403651475906372,-9.531403541564941,0.4841856360435486,129,417
0,3,0.0,5.146989345550537,-0.14228110015392303,0.7262784242630005,183,452
0,4,-0.18811671435832977,6.013621807098389,-0.19537891447544098,0.7262784242630005,121,477
0,5,2.7211852073669434,2.144440174102783,-0.3586532473564148,0.9683712720870972,198,430
0,6,5.6269378662109375,2.618504524230957,-0.18199266493320465,-0.7262784242630005,187,409
0,7,-0.11712928116321564,3.7451417446136475,0.09340153634548187,-0.2420928180217743,121,436
0,8,3.513878345489502,1.304187536239624,0.016878798604011536,-0.2420928180217743,121,436
 , , , , , , , 
0,0,-0.16563735902309418,1.3141541481018066,0.038081906735897064,0.4841856360435486,386,368
0,1,-0.26975229382514954,1.4122878313064575,0.04973374307155609,0.7262784242630005,433,395
0,2,-0.30879536271095276,3.2786502838134766,0.06580043584108353,0.7262784242630005,138,490
0,3,2.780341625213623,2.2102277278900146,-0.22342005372047424,0.9683712720870972,176,438
0,4,-0.946499228477478,5.9631853103637695,0.4888991415500641,1.2104641199111938,126,414
0,5,0.36203593015670776,1.8827412128448486,-0.2289748638868332,-0.2420928180217743,138,477
0,6,3.362438440322876,1.5683705806732178,0.019389523193240166,-0.2420928180217743,114,432
 , , , , , , , 
0,0,1.475355625152588,0.6878910064697266,0.021127644926309586,0.2420928180217743,269,446
0,1,2.9850218296051025,1.3891396522521973,0.09575094282627106,0.4841856360435486,126,500
0,2,-0.25555479526519775,1.3308193683624268,0.1458371877670288,0.7262784242630005,287,367
0,3,-0.32299286127090454,1.4374555349349976,0.0977952778339386,0.7262784242630005,391,380
0,4,-0.5714489221572876,2.5396502017974854,0.2189338505268097,0.9683712720870972,114,440
0,5,2.953077554702759,2.100708246231079,-0.2763389050960541,0.9683712720870972,139,504
0,6,-0.2531885504722595,4.037999153137207,-0.2029711902141571,0.9683712720870972,125,429
0,7,0.7098743915557861,1.5355041027069092,2.280581474304199,1.6946496963500977,208,389
 , , , , , , , 
0,0,-0.291048526763916,1.50431489944458,-0.24866630136966705,0.0,298,340
0,1,-0.33955660462379456,1.513924479484558,0.04734231159090996,0.7262784242630005,447,369
0,2,2.898653745651245,2.289266586303711,-0.35102611780166626,0.7262784242630005,161,500
0,3,0.48981332778930664,1.661429762840271,-0.1809973418712616,0.9683712720870972,144,489
0,4,-0.7855943441390991,3.0405924320220947,0.11033310741186142,0.9683712720870972,126,509
 , , , , , , , 
0,0,0.5643501877784729,1.9255300760269165,0.014132160693407059,0.2420928180217743,180,542
0,1,0.5300395488739014,2.0444376468658447,-0.18548141419887543,0.2420928180217743,140,531
0,2,2.640732765197754,2.327100992202759,-0.091705821454525,0.2420928180217743,116,521
0,3,-1.3534939289093018,10.667289733886719,-1.2733840942382812,0.4841856360435486,145,391
0,4,-1.3676913976669312,10.845748901367188,-0.46501752734184265,0.4841856360435486,113,377
0,5,-0.4578689932823181,1.5622645616531372,-0.00020390277495607734,0.7262784242630005,456,374
0,6,2.957810163497925,2.289933919906616,-0.5842383503913879,0.7262784242630005,156,505
0,7,4.536097526550293,2.8515079021453857,-0.44197529554367065,-0.2420928180217743,151,408
 , , , , , , , 
0,0,2.8607938289642334,2.0522823333740234,-0.035710059106349945,0.2420928180217743,151,514
0,1,-1.8551384210586548,7.144830226898193,-0.7579435110092163,0.4841856360435486,113,442
0,2,6.261092185974121,3.9784321784973145,0.18820373713970184,0.4841856360435486,113,442
0,3,-0.479165256023407,1.6342239379882812,0.04797840490937233,0.7262784242630005,508,373
0,4,0.5749982595443726,1.9618992805480957,0.007493387907743454,0.7262784242630005,136,518
0,5,-2.945978879928589,2.896193742752075,4.736181259155273,0.7262784242630005,126,460
0,6,0.591562032699585,1.7680389881134033,-0.3279263973236084,1.2104641199111938,192,435
0,7,-0.8944417238235474,3.051626205444336,-0.03822088614106178,1.452556848526001,219,371
0,8,-0.9370341897010803,3.19716215133667,0.01390187256038189,1.452556848526001,148,415
 , , , , , , , 
0,0,-1.8646035194396973,7.121635437011719,-1.1972898244857788,0.2420928180217743,170,437
0,1,6.625494480133057,3.638246774673462,0.44841042160987854,0.2420928180217743,125,410
0,2,2.8572444915771484,2.7403345108032227,-0.36014583706855774,0.4841856360435486,138,504
0,3,-3.180237293243408,2.40191388130188,4.957069396972656,0.4841856360435486,138,477
0,4,-0.5560683012008667,1.6900566816329956,0.028753353282809258,0.7262784242630005,504,371
0,5,0.6388869881629944,1.911619782447815,-0.34243419766426086,0.9683712720870972,134,497
0,6,-1.0411491394042969,3.164741277694702,0.022222036495804787,1.452556848526001,252,378
 , , , , , , , 
0,0,-0.579730749130249,1.7366492748260498,-0.29916584491729736,0.0,365,331
0,1,-0.579730749130249,1.7613654136657715,-0.05516170337796211,0.4841856360435486,433,357
0,2,0.6625494360923767,2.0081446170806885,-0.15314540266990662,0.4841856360435486,117,566
0,3,2.030240774154663,2.142660617828369,-0.08828738331794739,0.4841856360435486,175,525
0,4,-1.0151203870773315,2.767395257949829,-0.17810401320457458,0.4841856360435486,175,525
0,5,-1.0648117065429688,3.236710548400879,-0.015400627627968788,1.2104641199111938,185,393
0,6,-1.2493789196014404,3.413064479827881,-0.006903000641614199,1.2104641199111938,120,455
0,7,-2.165117025375366,6.581267356872559,-0.03944658860564232,1.2104641199111938,152,382
 , , , , , , , 
0,0,0.6743806600570679,2.047415256500244,-0.1017058715224266,0.2420928180217743,154,586
0,1,0.5051939487457275,0.7761005759239197,-2.115666151046753,0.2420928180217743,171,555
0,2,-1.6185137033462524,6.025522708892822,-1.7282582521438599,0.2420928180217743,127,462
0,3,-0.591562032699585,1.7976902723312378,0.042512841522693634,0.4841856360435486,490,363
0,4,2.056269407272339,2.171947956085205,0.010277125984430313,0.4841856360435486,241,516
0,5,-3.4618210792541504,9.423555374145508,-0.7952713370323181,0.4841856360435486,135,397
0,6,-3.5612032413482666,10.820257186889648,-0.32446932792663574,0.4841856360435486,146,409
0,7,-3.5966970920562744,10.92466926574707,-0.42703789472579956,0.4841856360435486,128,405
0,8,-1.448143720626831,3.5760252475738525,0.16667121648788452,0.9683712720870972,167,433
0,9,-2.165117025375366,6.578320026397705,-0.20084799826145172,0.9683712720870972,201,395
0,10,-2.200610637664795,6.687689781188965,0.14573073387145996,0.9683712720870972,155,416
 , , , , , , , 
0,0,0.5134758353233337,0.520784854888916,-2.2304770946502686,0.2420928180217743,133,582
0,1,1.962802767753601,2.2545289993286133,-0.10105127841234207,0.2420928180217743,133,544
0,2,-0.6542675495147705,2.8713462352752686,-0.5225050449371338,0.2420928180217743,133,544
0,3,-0.6152244806289673,1.8697351217269897,0.03796817362308502,0.4841856360435486,499,402
0,4,-1.3534939289093018,3.6974775791168213,-0.011101682670414448,0.7262784242630005,135,465
0,5,-1.1476303339004517,3.48768949508667,-0.07490904629230499,0.9683712720870972,156,393
0,6,-1.1949552297592163,3.6323413848876953,0.007759920787066221,0.9683712720870972,135,437
 , , , , , , , 
0,0,-0.8624974489212036,2.9396462440490723,-0.13771602511405945,0.2420928180217743,155,566
0,1,-0.6270557641983032,1.9027786254882812,0.11221297830343246,0.4841856360435486,481,393
0,2,-1.444594383239746,3.9434831142425537,0.15076008439064026,0.7262784242630005,122,477
0,3,-2.224273204803467,6.75079345703125,-0.3750811517238617,0.7262784242630005,119,424
 , , , , , , , 
0,0,-0.6388869881629944,1.9418338537216187,-0.028858812525868416,0.2420928180217743,477,393
0,1,-0.958330512046814,2.896923065185547,-0.306314080953598,0.2420928180217743,137,564
0,2,2.3958261013031006,1.909773349761963,0.13104002177715302,0.2420928180217743,137,564
0,3,-1.53569495677948,4.195069313049316,0.03717246279120445,0.4841856360435486,147,460
0,4,-2.2479357719421387,6.827058792114258,0.2880465090274811,0.7262784242630005,199,397
 , , , , , , , 
0,0,-0.585646390914917,1.9981999397277832,0.013457335531711578,0.2420928180217743,414,398
0,1,-1.4434112310409546,4.387081623077393,0.06682154536247253,0.2420928180217743,132,480
0,2,-2.2715981006622314,6.84108829498291,-0.9377477169036865,0.4841856360435486,133,423
0,3,-2.2952606678009033,6.962499618530273,0.44939932227134705,0.4841856360435486,122,426
 , , , , , , , 
0,0,-0.6507182121276855,1.9767522811889648,0.07058604061603546,0.2420928180217743,465,391
0,1,-0.8979911208152771,2.4506266117095947,-0.11113207787275314,0.2420928180217743,132,493
0,2,-1.6398099660873413,4.477232933044434,-0.14733587205410004,0.2420928180217743,169,479
0,3,-2.498757839202881,6.810784816741943,-0.4576454758644104,0.2420928180217743,177,476
0,4,-2.30709171295166,7.003479957580566,-0.3643617331981659,0.2420928180217743,138,483
0,5,-3.52689266204834,9.598444938659668,-0.8363884091377258,0.2420928180217743,115,395
0,6,-3.969381332397461,10.843489646911621,-0.051539525389671326,0.2420928180217743,121,406
 , , , , , , , 
0,0,-0.6507182121276855,1.9743198156356812,0.12080112099647522,0.2420928180217743,369,403
0,1,-1.5380611419677734,4.665829181671143,0.2974524199962616,0.2420928180217743,151,419
0,2,-2.2834293842315674,6.940486431121826,0.08641421049833298,0.2420928180217743,192,419
0,3,-2.318922996520996,7.008518695831299,0.7535805702209473,0.2420928180217743,132,428
0,4,-0.6507182121276855,1.9726487398147583,-0.1455639898777008,-0.2420928180217743,335,393
 , , , , , , , 
0,0,0.30169662833213806,1.8686946630477905,0.38101640343666077,0.2420928180217743,233,353
0,1,-0.6507182121276855,1.9759783744812012,0.0896720364689827,0.2420928180217743,264,400
0,2,-2.2834293842315674,6.940276622772217,0.10185423493385315,0.2420928180217743,128,377
0,3,-2.318922996520996,6.986378192901611,0.9368740916252136,0.2420928180217743,135,372
0,4,-0.585646390914917,1.9886976480484009,-0.19510576128959656,-0.2420928180217743,259,388
 , , , , , , , 
0,0,0.30761224031448364,1.944427490234375,-0.02070215903222561,0.2420928180217743,285,355
0,1,-0.6507182121276855,1.9730018377304077,0.1406971514225006,0.2420928180217743,242,415
0,2,-0.8979911208152771,2.449308156967163,-0.13715218007564545,0.2420928180217743,119,430
0,3,-2.2834293842315674,6.915105819702148,0.5992753505706787,0.2420928180217743,140,394
0,4,0.30761224031448364,1.917573094367981,-0.3227081298828125,-0.2420928180217743,247,363
0,5,-0.585646390914917,1.9959716796875,-0.09529657661914825,-0.2420928180217743,263,413
0,6,-0.8163555860519409,2.449970245361328,-0.39435842633247375,-0.2420928180217743,141,436
0,7,-1.4907362461090088,4.531312465667725,-0.03478818014264107,-0.2420928180217743,121,444
0,8,-1.526229977607727,4.633721351623535,-0.22820749878883362,-0.2420928180217743,127,411
0,9,-2.055086374282837,7.010257244110107,-0.1574355810880661,-0.2420928180217743,201,373
 , , , , , , , 
0,0,0.35493719577789307,1.855664849281311,0.11819809675216675,0.2420928180217743,238,354
0,1,-0.6507182121276855,1.9621689319610596,0.2498495727777481,0.2420928180217743,271,409
0,2,0.6814794540405273,5.405777454376221,-0.1888560652732849,0.2420928180217743,129,429
0,3,0.35493719577789307,1.855592131614685,-0.1193331778049469,-0.2420928180217743,192,342
0,4,-0.585646390914917,1.997452974319458,-0.05626750737428665,-0.2420928180217743,348,380
0,5,1.689501166343689,1.9425541162490845,0.002334908116608858,-0.2420928180217743,114,497
0,6,-0.8045243620872498,2.431408405303955,-0.2625455856323242,-0.2420928180217743,114,497
0,7,-1.4789050817489624,4.491992950439453,0.17708709836006165,-0.2420928180217743,124,421
0,8,-2.055086374282837,7.000462055206299,0.4025125801563263,-0.2420928180217743,164,416
0,9,-2.0870306491851807,7.1170549392700195,-0.23758643865585327,-0.2420928180217743,134,415
0,10,-2.7211854457855225,8.267022132873535,0.27775025367736816,-0.2420928180217743,120,403
 , , , , , , , 
0,0,0.36203593015670776,1.896562933921814,-0.013904805295169353,0.2420928180217743,351,356
0,1,-0.6507182121276855,1.937935709953308,0.39615297317504883,0.2420928180217743,279,429
0,2,0.3502047061920166,2.779101610183716,-0.05588870495557785,0.2420928180217743,124,508
0,3,-0.585646390914917,1.9982025623321533,-0.013070369139313698,-0.2420928180217743,382,387
0,4,2.2432031631469727,1.9678332805633545,0.20341892540454865,-0.2420928180217743,139,521
0,5,-1.3487613201141357,4.098340034484863,0.11233754456043243,-0.2420928180217743,143,473
0,6,-2.0870306491851807,7.095778465270996,0.5990358591079712,-0.2420928180217743,139,431
 , , , , , , , 
0,0,0.43893903493881226,1.8311409950256348,-0.6932621002197266,0.2420928180217743,350,358
0,1,-0.7157900333404541,1.94817316532135,0.16802430152893066,0.2420928180217743,304,408
0,2,-0.585646390914917,1.9973927736282349,-0.05836397409439087,-0.2420928180217743,390,362
0,3,2.204160213470459,2.1321258544921875,0.010273362509906292,-0.2420928180217743,172,498
0,4,2.938880205154419,2.842862844467163,-0.005057595204561949,-0.2420928180217743,120,452
0,5,-2.046804666519165,6.02725887298584,1.543465495109558,-0.2420928180217743,156,422
 , , , , , , , 
0,0,0.36913469433784485,1.9167296886444092,-0.2563958168029785,0.2420928180217743,361,364
0,1,-0.13250988721847534,2.092163562774658,0.31680241227149963,0.2420928180217743,294,430
0,2,2.2999930381774902,2.02824068069458,-0.02570241503417492,-0.2420928180217743,147,448
0,3,-0.958330512046814,2.906071424484253,-0.20184226334095,-0.2420928180217743,147,448
 , , , , , , , 
0,0,-0.585646390914917,1.970956563949585,0.32911208271980286,0.2420928180217743,418,366
0,1,0.44367149472236633,2.8016247749328613,-0.12961477041244507,0.2420928180217743,131,549
0,2,-2.076382637023926,7.036462783813477,0.8252230882644653,0.2420928180217743,122,475
0,3,3.374269962310791,3.148991823196411,-0.8589308261871338,0.7262784242630005,127,389
 , , , , , , , 
0,0,-0.585646390914917,1.995091438293457,-0.11222545057535172,0.2420928180217743,406,367
0,1,-1.8551384210586548,7.1616363525390625,0.5779621601104736,0.2420928180217743,115,462
 , , , , , , , 
0,0,-0.5962945222854614,2.03336238861084,0.07029692083597183,0.2420928180217743,452,360
0,1,0.0,6.00828218460083,1.0271899700164795,0.2420928180217743,128,481
0,2,2.2857956886291504,1.6212149858474731,5.413074493408203,0.2420928180217743,128,481
0,3,-2.055086374282837,6.985870361328125,0.6050664186477661,0.2420928180217743,120,473
 , , , , , , , 
0,0,-0.5962945222854614,2.0343728065490723,0.028829118236899376,0.2420928180217743,462,372
0,1,-3.539907217025757,9.668521881103516,-0.18899239599704742,0.2420928180217743,132,426
 , , , , , , , 
0,0,-0.6069425940513611,2.0708186626434326,-0.019307082518935204,0.2420928180217743,484,371
 , , , , , , , 
0,0,-0.6175907850265503,2.1069626808166504,0.0342232808470726,0.2420928180217743,454,372
0,1,0.5395045876502991,5.712737560272217,-0.43624964356422424,0.4841856360435486,121,479
 , , , , , , , 
0,0,-0.698043167591095,2.1217339038848877,-0.023811815306544304,0.2420928180217743,401,367
0,1,0.3028797507286072,2.3962693214416504,0.19305600225925446,0.4841856360435486,161,534
0,2,0.44485464692115784,3.483412981033325,-0.5772865414619446,0.9683712720870972,129,409
 , , , , , , , 
0,0,-0.698043167591095,2.1218340396881104,0.011933775618672371,0.2420928180217743,417,355
0,1,0.366768479347229,2.152412176132202,-0.8616875410079956,0.2420928180217743,339,415
0,2,-0.44012215733528137,2.189608573913574,0.7223640084266663,0.2420928180217743,339,415
0,3,-4.694636344909668,1.0815322399139404,-0.5245295166969299,0.2420928180217743,159,494
 , , , , , , , 
0,0,-0.6388869881629944,2.1796822547912598,0.031101657077670097,0.2420928180217743,370,362
0,1,0.14907363057136536,2.380387544631958,0.02464105188846588,0.4841856360435486,361,415
 , , , , , , , 
0,0,0.22715981304645538,2.406120777130127,-0.17347626388072968,0.4841856360435486,366,411
0,1,3.1057004928588867,2.4812076091766357,-0.034906432032585144,0.4841856360435486,115,537
0,2,-0.9938241839408875,3.8277230262756348,-0.4047642946243286,0.4841856360435486,115,537
 , , , , , , , 
0,0,0.15380612015724182,2.4345638751983643,-0.3244394361972809,0.4841856360435486,384,393
0,1,0.0,9.857341766357422,-0.68985515832901,0.4841856360435486,137,396
0,2,-0.6708313226699829,2.288743495941162,0.026698777452111244,0.7262784242630005,424,357
0,3,-0.7453681230545044,3.324847936630249,0.013030584901571274,0.9683712720870972,156,433
 , , , , , , , 
0,0,-0.6152244806289673,2.310654401779175,-0.5817162394523621,0.0,291,327
0,1,-0.6152244806289673,2.378194570541382,-0.14733658730983734,0.7262784242630005,367,368
0,2,0.23780792951583862,2.5253796577453613,-0.018332550302147865,0.7262784242630005,329,407
0,3,-0.9689785838127136,3.3051769733428955,-0.08174976706504822,1.2104641199111938,146,383
0,4,-0.7702137231826782,3.4356765747070312,0.013293184340000153,1.2104641199111938,124,408
 , , , , , , , 
0,0,-0.6246894598007202,2.3899385929107666,-0.37649354338645935,0.0,320,328
0,1,0.0,2.6178998947143555,-0.41249001026153564,0.0,217,394
0,2,-0.6246894598007202,2.4160454273223877,0.12758630514144897,0.7262784242630005,404,357
0,3,0.0,2.649013042449951,0.07923373579978943,0.7262784242630005,314,465
 , , , , , , , 
0,0,-1.0269516706466675,4.570562839508057,0.3081135153770447,0.2420928180217743,114,501
0,1,-0.579730749130249,2.5838782787323,0.10504183918237686,0.4841856360435486,404,346
0,2,0.1751023530960083,2.782522439956665,-0.27582818269729614,0.4841856360435486,320,449
0,3,-1.377156376838684,7.103152275085449,-1.2630336284637451,-0.4841856360435486,113,408
 , , , , , , , 
0,0,-0.8873430490493774,4.641615390777588,0.2540675699710846,0.2420928180217743,120,521
0,1,-0.5880126953125,2.61901593208313,0.14370794594287872,0.4841856360435486,370,353
0,2,-0.6814794540405273,2.6333954334259033,0.1773177683353424,0.4841856360435486,363,360
0,3,0.08991742879152298,2.8743112087249756,0.09714049845933914,0.4841856360435486,252,495
0,4,-1.1476303339004517,7.252229690551758,-0.18625503778457642,-0.4841856360435486,137,396
 , , , , , , , 
0,0,-0.9938241243362427,5.204137325286865,0.15317200124263763,0.2420928180217743,137,467
0,1,-0.6045763492584229,2.6955618858337402,0.08307432383298874,0.4841856360435486,342,378
0,2,-0.0911005511879921,2.913727045059204,0.01975930668413639,0.4841856360435486,238,491
0,3,-1.3416626453399658,6.998600006103516,-0.6490092873573303,-0.4841856360435486,117,397
0,4,-1.3700575828552246,7.173448085784912,0.23759956657886505,-0.4841856360435486,128,400
 , , , , , , , 
0,0,0.1822011023759842,2.893059492111206,-0.30903685092926025,0.2420928180217743,297,425
0,1,-0.7004094123840332,2.7109603881835938,0.09640354663133621,0.4841856360435486,355,367
0,2,-1.3700575828552246,7.165316104888916,-0.41600272059440613,-0.4841856360435486,139,377
 , , , , , , , 
0,0,-0.7098743915557861,2.7486565113067627,0.06092758849263191,0.4841856360435486,371,361
0,1,0.18693359196186066,2.9655609130859375,-0.3408966362476349,0.4841856360435486,294,453
0,2,-1.1062209606170654,6.9884843826293945,-0.2472311407327652,-0.4841856360435486,129,405
0,3,-1.620879888534546,2.154907703399658,4.430821418762207,-0.2420928180217743,139,400
0,4,0.0,5.182519435882568,-0.21106195449829102,-0.2420928180217743,139,400
 , , , , , , , 
0,0,-0.8341023921966553,5.2665534019470215,-0.25428307056427,0.2420928180217743,114,480
0,1,-0.6909444332122803,2.675198554992676,0.06614851951599121,0.4841856360435486,167,349
0,2,-0.7288044095039368,2.8222339153289795,0.04830377548933029,0.4841856360435486,329,373
0,3,0.09346679598093033,2.9888758659362793,-0.05994031950831413,0.4841856360435486,316,415
0,4,-1.1062209606170654,6.992137908935547,-0.10021225363016129,-0.4841856360435486,133,391
 , , , , , , , 
0,0,0.0,3.062922239303589,-0.151312917470932,0.2420928180217743,329,414
0,1,-0.6720144748687744,5.2923994064331055,-0.6644761562347412,0.2420928180217743,154,471
0,2,-0.7004094123840332,2.7126739025115967,-0.0006620535859838128,0.4841856360435486,149,363
0,3,-0.7382693886756897,2.8590340614318848,0.0393621101975441,0.4841856360435486,346,374
 , , , , , , , 
0,0,0.2874991297721863,2.9299120903015137,-0.8586893677711487,0.2420928180217743,347,373
0,1,-0.7477343678474426,2.89595103263855,0.008247447200119495,0.4841856360435486,365,357
 , , , , , , , 
0,0,-0.09819929301738739,3.118762254714966,-0.3717712461948395,0.2420928180217743,307,408
0,1,-0.7571994066238403,2.9315078258514404,0.08079098910093307,0.4841856360435486,400,360
0,2,2.5626463890075684,2.59794020652771,2.3047165870666504,0.7262784242630005,145,424
0,3,0.6743806600570679,3.1439108848571777,2.8790974617004395,0.7262784242630005,145,424
0,4,3.528075933456421,3.812957763671875,-1.384432077407837,0.7262784242630005,122,399
0,5,-0.8755117654800415,6.90805196762085,-0.7547394037246704,-0.2420928180217743,125,385
0,6,-1.1298834085464478,7.026339054107666,-1.2825592756271362,-0.2420928180217743,115,418
0,7,4.543196678161621,5.870070934295654,9.574939727783203,-0.2420928180217743,124,354
 , , , , , , , 
0,0,-0.7666643857955933,2.96280837059021,-0.1959102749824524,0.2420928180217743,389,366
0,1,0.0,3.2177159786224365,-0.049542926251888275,0.2420928180217743,195,450
 , , , , , , , 
0,0,-0.7761293649673462,3.0007407665252686,0.17665554583072662,0.2420928180217743,397,354
 , , , , , , , 
0,0,-0.8837936520576477,3.003197193145752,0.27249208092689514,0.2420928180217743,408,369
 , , , , , , , 
0,0,-0.8837936520576477,2.9617903232574463,0.5667828917503357,0.2420928180217743,339,349
0,1,-0.8837936520576477,3.009930372238159,0.1837504506111145,-0.2420928180217743,297,347
 , , , , , , , 
0,0,-0.8837936520576477,2.876207113265991,0.9060226082801819,0.2420928180217743,313,347
0,1,0.09819929301738739,3.111996650695801,-0.4246990382671356,0.2420928180217743,313,347
0,2,-0.8837936520576477,3.014443874359131,0.08106964826583862,-0.2420928180217743,348,348
 , , , , , , , 
0,0,-0.7855943441390991,3.025757074356079,0.31964194774627686,0.2420928180217743,287,350
0,1,-0.7855943441390991,3.0396971702575684,-0.13273417949676514,-0.2420928180217743,329,347
 , , , , , , , 
0,0,-0.7855943441390991,3.0285110473632812,0.2924003005027771,0.2420928180217743,165,352
0,1,0.20349733531475067,3.2492659091949463,0.046017397195100784,0.2420928180217743,154,377
0,2,-0.7855943441390991,3.037235736846924,-0.18048764765262604,-0.2420928180217743,176,352
0,3,0.3052459955215454,3.223897933959961,-0.3384753167629242,-0.2420928180217743,122,372
 , , , , , , , 
0,0,-0.8837936520576477,3.0066936016082764,-0.23073548078536987,0.2420928180217743,220,356
0,1,0.20349733531475067,3.2468225955963135,0.1341271847486496,0.2420928180217743,164,378
0,2,-0.8837936520576477,2.9633994102478027,-0.5583081841468811,-0.2420928180217743,241,355
0,3,0.20349733531475067,3.241771697998047,-0.22530728578567505,-0.2420928180217743,147,374
 , , , , , , , 
0,0,-0.8837936520576477,3.012399435043335,0.13745534420013428,0.2420928180217743,274,350
0,1,-0.7855943441390991,3.033804416656494,-0.23110125958919525,-0.2420928180217743,300,352
 , , , , , , , 
0,0,-0.7855943441390991,3.030733108520508,0.2683899998664856,0.2420928180217743,213,353
0,1,-0.7855943441390991,3.0338635444641113,-0.23032353818416595,-0.2420928180217743,225,351
 , , , , , , , 
0,0,-0.7855943441390991,3.031355619430542,-0.26126548647880554,0.2420928180217743,156,357
0,1,-0.589195728302002,3.0635385513305664,-0.37698063254356384,-0.2420928180217743,162,348
 , , , , , , , 
0,0,-0.8837936520576477,3.01104998588562,0.16438642144203186,0.2420928180217743,238,350
0,1,-0.7855943441390991,3.0339138507843018,-0.22965767979621887,-0.2420928180217743,249,355
 , , , , , , , 
0,0,-0.8837936520576477,3.013458013534546,-0.11186909675598145,0.2420928180217743,229,358
0,1,-0.7855943441390991,2.9988951683044434,-0.5138137340545654,-0.2420928180217743,240,359
 , , , , , , , 
0,0,0.09819929301738739,3.1333043575286865,-0.21747665107250214,0.2420928180217743,170,359
0,1,-0.20113109052181244,3.211033821105957,0.070424385368824,0.2420928180217743,117,374
0,2,-0.8731455206871033,2.9363677501678467,0.5033784508705139,-0.2420928180217743,217,354
0,3,-0.10056554526090622,3.1848137378692627,-0.4505554139614105,-0.2420928180217743,120,387
0,4,-1.2067865133285522,1.170946717262268,2.7438480854034424,-0.2420928180217743,120,387
 , , , , , , , 
0,0,-0.9819929599761963,2.9743640422821045,0.2517603933811188,0.2420928180217743,197,351
0,1,-0.9819929599761963,2.908163547515869,-0.6729111671447754,-0.2420928180217743,172,360
 , , , , , , , 
0,0,-0.8837936520576477,3.0155205726623535,0.008931250311434269,0.2420928180217743,243,347
0,1,-0.7855943441390991,3.0050904750823975,-0.47624409198760986,-0.2420928180217743,228,344
0,2,-0.6033932566642761,3.158637285232544,0.12279803305864334,-0.2420928180217743,218,352
 , , , , , , , 
0,0,-0.8837936520576477,3.015047788619995,-0.05414444953203201,0.2420928180217743,333,346
0,1,5.167885780334473,3.6721179485321045,-0.5139486789703369,-0.4841856360435486,155,378
 , , , , , , , 
0,0,-0.8837936520576477,3.0146312713623047,0.07377875596284866,0.2420928180217743,408,349
0,1,-2.6833252906799316,9.155595779418945,0.004786569159477949,0.2420928180217743,148,377
 , , , , , , , 
0,0,-0.8837936520576477,3.009580373764038,0.18939802050590515,0.2420928180217743,179,349
0,1,-0.8045243620872498,3.11189341545105,0.15814785659313202,0.2420928180217743,182,354
0,2,-0.7761293649673462,2.9997217655181885,-0.19318923354148865,-0.2420928180217743,162,351
0,3,-0.8045243620872498,3.0871238708496094,-0.4225611388683319,-0.2420928180217743,175,361
 , , , , , , , 
0,0,-0.8837936520576477,3.000396728515625,0.3017691969871521,0.2420928180217743,274,354
0,1,-0.8837936520576477,3.015467882156372,0.019930819049477577,-0.2420928180217743,313,361
 , , , , , , , 
0,0,-0.8837936520576477,3.013352155685425,-0.11468534916639328,-0.2420928180217743,300,357
0,1,-2.640733003616333,9.009366035461426,0.1276210993528366,-0.2420928180217743,132,394
0,2,-2.6726772785186768,9.11020565032959,0.4063878059387207,-0.2420928180217743,125,385
 , , , , , , , 
0,0,-0.8731455206871033,2.9787721633911133,-0.05061447620391846,-0.2420928180217743,425,347
 , , , , , , , 
0,0,-0.8731455206871033,2.9692320823669434,0.24352779984474182,0.2420928180217743,340,357
0,1,-0.8731455206871033,2.9733526706695557,-0.18660108745098114,-0.2420928180217743,303,353
0,2,0.10293179005384445,3.272191286087036,0.36249223351478577,-0.2420928180217743,171,430
0,3,0.0,3.935697555541992,-0.11702001094818115,-0.2420928180217743,115,412
 , , , , , , , 
0,0,-0.8837936520576477,3.0146024227142334,0.0749467983841896,0.2420928180217743,346,352
0,1,-2.640733003616333,9.008627891540527,-0.17200687527656555,0.2420928180217743,168,412
0,2,-2.3757131099700928,9.196736335754395,0.28326430916786194,0.2420928180217743,138,397
0,3,-0.7571994066238403,2.9304039478302,-0.11400532722473145,-0.2420928180217743,274,351
 , , , , , , , 
0,0,-2.337853193283081,9.051105499267578,-0.246665820479393,-0.4841856360435486,196,392
0,1,-2.662029266357422,9.082895278930664,0.026148464530706406,-0.4841856360435486,163,389
0,2,-0.8837936520576477,3.0141518115997314,-0.0912860780954361,-0.2420928180217743,480,360
 , , , , , , , 
0,0,-0.4022621810436249,3.1912713050842285,0.10061977803707123,0.2420928180217743,235,374
0,1,-0.8731455206871033,2.9781527519226074,-0.07907239347696304,-0.2420928180217743,285,357
0,2,-0.20113109052181244,3.1908230781555176,-0.3665313422679901,-0.2420928180217743,204,378
 , , , , , , , 
0,0,-0.8837936520576477,3.014807939529419,0.06616145372390747,0.2420928180217743,422,361
0,1,-2.337853193283081,9.054046630859375,-0.08719698339700699,0.2420928180217743,225,406
 , , , , , , , 
0,0,-0.3052459955215454,3.241281032562256,0.04669656231999397,0.2420928180217743,250,414
0,1,-0.8731455206871033,2.954603910446167,0.3820483684539795,-0.2420928180217743,352,360
0,2,-2.630084753036499,8.971109390258789,0.22531025111675262,-0.2420928180217743,178,405
0,3,-2.662029266357422,9.082082748413086,0.12429256737232208,-0.2420928180217743,129,396
 , , , , , , , 
0,0,-0.4117271602153778,3.267580509185791,-0.051284387707710266,0.2420928180217743,167,424
0,1,-1.1239678859710693,6.9875264167785645,-1.2868905067443848,0.2420928180217743,143,382
0,2,0.19639858603477478,3.044450044631958,-0.7531846761703491,-0.2420928180217743,326,360
 , , , , , , , 
0,0,-0.8731455206871033,2.9607627391815186,0.33095240592956543,0.2420928180217743,317,355
0,1,-0.4117271602153778,3.266528844833374,0.0974821150302887,0.2420928180217743,169,422
0,2,-0.7761293649673462,2.9420902729034424,-0.616244375705719,-0.2420928180217743,355,355
0,3,-2.2786970138549805,7.4969658851623535,-2.060581922531128,-0.2420928180217743,114,397
 , , , , , , , 
0,0,-1.1180522441864014,7.023929119110107,-0.7848878502845764,0.2420928180217743,144,395
0,1,-1.3629589080810547,6.977773189544678,-1.5142806768417358,0.2420928180217743,118,402
0,2,-2.037339448928833,9.059001922607422,0.7252411246299744,-0.4841856360435486,139,413
0,3,-0.7761293649673462,3.0056586265563965,-0.040849603712558746,-0.2420928180217743,469,380
 , , , , , , , 
0,0,-2.309458017349243,8.943788528442383,-0.11224084347486496,-0.9683712720870972,155,366
0,1,-0.7666643857955933,2.9683749675750732,-0.07324472814798355,-0.4841856360435486,477,361
0,2,-1.2777739763259888,4.9375739097595215,-0.3331054449081421,-0.2420928180217743,123,488
 , , , , , , , 
0,0,-0.7571994066238403,2.927562952041626,-0.1721602976322174,-0.7262784242630005,352,353
0,1,0.09701617062091827,3.0926055908203125,-0.2537879943847656,-0.2420928180217743,351,374
0,2,-0.40699467062950134,2.670530080795288,1.8176584243774414,-0.2420928180217743,135,495
0,3,-2.2384707927703857,0.5624686479568481,-2.29654860496521,-0.2420928180217743,135,495
 , , , , , , , 
0,0,-1.0884740352630615,6.879950046539307,-0.09964950382709503,0.2420928180217743,122,399
0,1,-0.6459857225418091,2.8815295696258545,-0.012517501600086689,-0.7262784242630005,381,371
0,2,0.0,3.101860523223877,-0.12841461598873138,-0.2420928180217743,306,429
 , , , , , , , 
0,0,-1.532145619392395,6.547889232635498,-1.9583189487457275,0.2420928180217743,119,388
0,1,-1.0577127933502197,5.539848804473877,-0.11715297400951385,-1.2104641199111938,163,382
0,2,-0.7193394303321838,2.7847273349761963,-0.08385678380727768,-0.7262784242630005,361,369
0,3,-0.11476302891969681,3.6615121364593506,-0.2584659457206726,-0.7262784242630005,132,455
0,4,0.0,3.0988693237304688,-0.18718542158603668,-0.2420928180217743,304,409
 , , , , , , , 
0,0,-0.6045763492584229,2.6963131427764893,-0.05339088663458824,-0.7262784242630005,390,365
0,1,0.0,2.997614622116089,-0.43349936604499817,-0.4841856360435486,172,562
0,2,-0.198764830827713,3.159022808074951,-0.30818256735801697,-0.4841856360435486,116,557
0,3,-0.8341023921966553,5.1949334144592285,-0.9021711945533752,-0.2420928180217743,133,461
 , , , , , , , 
0,0,-1.0943896770477295,6.792651653289795,-1.311307430267334,0.2420928180217743,124,380
0,1,-1.015120506286621,5.317787170410156,0.04248199611902237,-0.9683712720870972,132,428
0,2,-0.5040108561515808,2.637533187866211,-0.12266626954078674,-0.4841856360435486,351,353
0,3,0.0,2.9341399669647217,-0.33390018343925476,-0.4841856360435486,205,550
0,4,-1.0435154438018799,4.654705047607422,0.03312002122402191,-0.4841856360435486,137,482
0,5,4.872105121612549,2.167792558670044,-0.6825602054595947,-0.4841856360435486,126,450
 , , , , , , , 
0,0,-0.33127471804618835,2.6055195331573486,0.3536555767059326,0.0,236,337
0,1,0.0,2.950380802154541,0.12617217004299164,0.0,195,427
0,2,0.27211853861808777,8.603611946105957,-1.315091609954834,-1.2104641199111938,125,381
0,3,0.0,3.396075487136841,-0.2775372266769409,-0.9683712720870972,142,447
0,4,-0.3963465690612793,2.497224807739258,-0.20300030708312988,-0.7262784242630005,263,356
0,5,0.0911005511879921,2.9129550457000732,-0.06991948932409286,-0.7262784242630005,200,549
0,6,-0.33127471804618835,2.6292409896850586,-0.029952846467494965,-0.4841856360435486,302,372
 , , , , , , , 
0,0,0.0,3.2803406715393066,-0.297653466463089,-0.9683712720870972,152,447
0,1,0.0,2.761585235595703,0.11006532609462738,-0.7262784242630005,134,541
0,2,0.0,2.914621353149414,-0.058969706296920776,-0.7262784242630005,135,559
0,3,-0.40817779302597046,2.5800530910491943,-0.032019536942243576,-0.4841856360435486,366,381
 , , , , , , , 
0,0,-0.37859970331192017,2.388500928878784,-0.15112614631652832,-0.4841856360435486,346,350
0,1,-0.3963465690612793,2.505425453186035,0.013555425219237804,-0.4841856360435486,421,373
0,2,-0.08991742879152298,2.875922441482544,0.013129309751093388,-0.4841856360435486,119,565
0,3,0.08755117654800415,2.792754888534546,-0.20500774681568146,-0.2420928180217743,171,525
 , , , , , , , 
0,0,0.0,2.733107805252075,-0.41059568524360657,-0.7262784242630005,147,543
0,1,-0.39043092727661133,2.4672329425811768,-0.06416203826665878,-0.4841856360435486,427,361
0,2,0.1680036187171936,2.6787102222442627,0.14812344312667847,-0.4841856360435486,134,566
0,3,-0.1751023530960083,2.794085741043091,0.1076950877904892,-0.2420928180217743,146,540
 , , , , , , , 
0,0,0.24135729670524597,2.5613045692443848,-0.0969620794057846,-1.452556848526001,265,369
0,1,0.33127471804618835,2.6214025020599365,-0.20507101714611053,-1.452556848526001,263,377
0,2,-0.30761224031448364,2.439133644104004,-0.10963551700115204,-0.4841856360435486,402,371
0,3,-0.08045243471860886,2.5662319660186768,0.18951907753944397,-0.4841856360435486,220,466
0,4,0.0840018093585968,2.679530620574951,-0.19675855338573456,-0.4841856360435486,188,572
 , , , , , , , 
0,0,0.1514398753643036,2.413334369659424,-0.15490829944610596,-1.2104641199111938,303,358
0,1,-0.2981472611427307,2.364055871963501,-0.1068742498755455,-0.4841856360435486,433,349
0,2,-0.07926931232213974,2.46684193611145,0.5855240225791931,-0.4841856360435486,192,450
0,3,0.0,2.642465353012085,-0.20229902863502502,-0.4841856360435486,244,550
 , , , , , , , 
0,0,-0.09228367358446121,2.9356610774993896,-0.30666717886924744,-0.9683712720870972,116,452
0,1,-0.29341477155685425,2.3264238834381104,-0.10752685368061066,-0.4841856360435486,416,348
0,2,-0.08163555711507797,2.6012754440307617,-0.2258560210466385,-0.4841856360435486,187,548
0,3,-0.15617236495018005,2.4501945972442627,0.46470147371292114,-0.2420928180217743,194,445
 , , , , , , , 
0,0,-0.21651169657707214,2.2959673404693604,-0.12350217252969742,-0.4841856360435486,405,358
0,1,-0.08045243471860886,2.5520803928375244,-0.3291636109352112,-0.4841856360435486,192,564
 , , , , , , , 
0,0,-0.28394976258277893,2.246273994445801,-0.1838054209947586,-0.4841856360435486,497,364
0,1,-0.15380612015724182,2.453056573867798,-0.12196306139230728,-0.4841856360435486,175,562
0,2,-0.45431962609291077,4.823171138763428,0.12276341021060944,-0.4841856360435486,155,468
0,3,4.240316390991211,2.3216969966888428,-0.337480366230011,-0.4841856360435486,155,468
 , , , , , , , 
0,0,-0.1514398753643036,2.4031074047088623,-0.27065396308898926,-0.4841856360435486,177,558
0,1,-0.6010270118713379,4.74602746963501,-0.4826340675354004,-0.4841856360435486,143,473
0,2,-0.3490215837955475,2.206028461456299,-0.03476792201399803,-0.2420928180217743,468,360
 , , , , , , , 
0,0,-0.22715981304645538,2.3980250358581543,-0.26265591382980347,-0.4841856360435486,174,566
0,1,-0.3431059718132019,2.1676266193389893,-0.07452918589115143,-0.2420928180217743,431,361
 , , , , , , , 
0,0,-0.07217056304216385,2.201669454574585,-0.6935701966285706,-0.4841856360435486,195,529
0,1,-0.46851709485054016,2.3951308727264404,0.5363116264343262,-0.4841856360435486,124,548
0,2,-0.591562032699585,4.6660637855529785,-0.5238540768623352,-0.4841856360435486,118,471
0,3,-0.33719033002853394,2.13087797164917,-0.05199523642659187,-0.2420928180217743,488,369
0,4,-0.22715981304645538,2.369884967803955,-0.4507298469543457,-0.2420928180217743,126,554
 , , , , , , , 
0,0,-1.3913538455963135,7.285849571228027,-0.21248041093349457,-0.7262784242630005,122,431
0,1,-0.33127471804618835,2.088765859603882,-0.14961668848991394,-0.4841856360435486,461,360
0,2,-0.22715981304645538,2.4101219177246094,-0.10403861105442047,-0.4841856360435486,163,563
 , , , , , , , 
0,0,-0.3194434940814972,3.1622040271759033,-1.2283231019973755,-1.2104641199111938,139,385
0,1,-0.07217056304216385,2.3046247959136963,-0.13073641061782837,-0.7262784242630005,165,538
0,2,-0.3253591060638428,2.0498478412628174,-0.1680225282907486,-0.4841856360435486,409,356
 , , , , , , , 
0,0,-0.3490215837955475,2.2046735286712646,0.08476423472166061,0.0,148,442
0,1,-1.165377140045166,7.363914489746094,-0.206403449177742,-1.2104641199111938,131,407
0,2,-0.20941296219825745,2.223893880844116,-0.005353145767003298,-0.7262784242630005,186,562
0,3,-0.37623345851898193,1.970815658569336,-0.02629217319190502,-0.4841856360435486,432,358
 , , , , , , , 
0,0,-1.3274650573730469,6.947451114654541,-0.30744320154190063,-1.452556848526001,127,393
0,1,-1.3487614393234253,6.9629740715026855,-1.2011468410491943,-1.452556848526001,143,417
0,2,-1.1357990503311157,7.16179895401001,-0.5085456967353821,-1.452556848526001,152,408
0,3,-0.36203593015670776,1.891999363899231,0.13222157955169678,-0.7262784242630005,335,361
0,4,-0.19521546363830566,2.045976161956787,-0.3344230651855469,-0.7262784242630005,257,465
0,5,-0.0686211958527565,2.1895155906677246,0.15229618549346924,-0.7262784242630005,186,566
0,6,5.8966898918151855,3.2478110790252686,-0.30967047810554504,-0.2420928180217743,141,429
 , , , , , , , 
0,0,-1.2848727703094482,6.698408603668213,-0.662798285484314,-1.452556848526001,124,392
0,1,-0.35493719577789307,1.8582018613815308,-0.0674421489238739,-0.7262784242630005,388,365
0,2,-0.06507182121276855,2.079378128051758,-0.088986836373806,-0.7262784242630005,212,558
 , , , , , , , 
0,0,-0.333640992641449,1.7221451997756958,0.29871445894241333,0.0,303,339
0,1,-0.7524669170379639,3.9412145614624023,-0.07778118550777435,-1.2104641199111938,123,423
0,2,-1.465890645980835,6.53666877746582,-0.17146271467208862,-1.2104641199111938,168,394
0,3,-0.27803415060043335,1.757125735282898,-0.03919964283704758,-0.7262784242630005,412,350
0,4,-0.28394976258277893,1.7930872440338135,-0.08192487806081772,-0.7262784242630005,406,356
0,5,-0.9441330432891846,2.467654228210449,-9.71799087524414,-0.7262784242630005,117,381
0,6,-0.12541115283966064,2.0008299350738525,-0.08548863232135773,-0.4841856360435486,211,554
0,7,-0.4637846052646637,2.041166305541992,-0.33706921339035034,-0.4841856360435486,125,558
0,8,3.7102768421173096,2.046861171722412,-0.1564885824918747,-0.4841856360435486,136,521
0,9,-0.6625494360923767,4.178715705871582,-0.2822161912918091,-0.4841856360435486,136,521
 , , , , , , , 
0,0,-0.5962945222854614,0.3105204999446869,0.11146344989538193,0.2420928180217743,158,355
0,1,-1.2635763883590698,6.619554042816162,0.0017464814009144902,-0.9683712720870972,153,386
0,2,-0.3265422284603119,1.710489273071289,-0.024957478046417236,-0.4841856360435486,466,364
0,3,-0.06152245029807091,1.964206576347351,0.11815125495195389,-0.4841856360435486,171,600
 , , , , , , , 
0,0,-0.5962945222854614,0.2704218626022339,0.18899497389793396,0.2420928180217743,179,361
0,1,-0.3726840615272522,1.6624304056167603,0.004591426346451044,-0.2420928180217743,485,378
0,2,-0.17746859788894653,1.8836488723754883,-0.06176675483584404,-0.2420928180217743,178,563
 , , , , , , , 
0,0,-0.39989593625068665,0.2551244795322418,-0.13128402829170227,0.2420928180217743,202,349
0,1,-0.5631670355796814,0.3042544424533844,-0.0672171488404274,0.2420928180217743,137,368
0,2,-0.6743807196617126,3.395139694213867,-0.9769688844680786,-0.7262784242630005,126,459
0,3,-0.3726840615272522,1.6608370542526245,-0.07291148602962494,-0.2420928180217743,391,412
0,4,-0.11831240355968475,1.8876018524169922,0.08002722263336182,-0.2420928180217743,202,588
0,5,4.5999860763549805,2.905461311340332,-0.3477548360824585,-0.2420928180217743,117,492
 , , , , , , , 
0,0,-0.45431962609291077,0.3995680510997772,-0.029726136475801468,0.2420928180217743,235,348
0,1,-1.2777739763259888,0.7585033178329468,-0.29218196868896484,0.2420928180217743,140,371
0,2,-0.35493719577789307,0.4326246380805969,-0.09677503257989883,0.7262784242630005,254,345
0,3,-0.5726320147514343,0.581365168094635,-0.1669183075428009,1.452556848526001,170,363
0,4,-0.4164596498012543,1.6129233837127686,0.0076154861599206924,-0.2420928180217743,448,378
0,5,-0.23189230263233185,1.8342475891113281,-0.15264487266540527,-0.2420928180217743,165,568
0,6,4.5999860763549805,2.9132227897644043,-0.27526721358299255,-0.2420928180217743,156,479
 , , , , , , , 
0,0,-0.24608980119228363,0.5320000052452087,-0.1528409719467163,0.2420928180217743,333,338
0,1,2.811102867126465,2.460197925567627,-0.306034117937088,0.2420928180217743,142,428
0,2,-0.40581151843070984,1.7164732217788696,-0.5749565958976746,-0.4841856360435486,158,539
0,3,-0.5229408144950867,0.3750910460948944,0.009254083037376404,-0.2420928180217743,282,355
0,4,-0.40699467062950134,1.5706417560577393,-0.13324642181396484,-0.2420928180217743,377,376
0,5,4.568041801452637,2.8997106552124023,-0.18922048807144165,-0.2420928180217743,148,477
 , , , , , , , 
0,0,2.8394975662231445,2.496443271636963,0.1969704031944275,0.2420928180217743,176,433
0,1,-0.4164596498012543,0.4348889887332916,-0.06616280227899551,-0.2420928180217743,376,345
0,2,-0.397529661655426,1.539594292640686,-0.009835743345320225,-0.2420928180217743,401,411
0,3,-0.27803415060043335,1.746238350868225,-0.19919678568840027,-0.2420928180217743,218,549
 , , , , , , , 
0,0,2.811102867126465,2.4743661880493164,-0.15408694744110107,0.2420928180217743,150,434
0,1,-0.8199049830436707,3.6549220085144043,-0.13353247940540314,-0.7262784242630005,135,421
0,2,-0.397529661655426,0.4521596133708954,-0.06683148443698883,-0.2420928180217743,361,357
0,3,-0.3880646824836731,1.5026986598968506,0.028455231338739395,-0.2420928180217743,330,404
0,4,-0.3265422284603119,1.703285813331604,-0.15878930687904358,-0.2420928180217743,218,518
 , , , , , , , 
0,0,2.7483971118927,2.6507349014282227,0.20444846153259277,0.2420928180217743,133,424
0,1,-0.3726840615272522,0.3799687922000885,-0.19809135794639587,-0.2420928180217743,310,352
0,2,-0.23070918023586273,0.5187762379646301,-0.012426219880580902,-0.2420928180217743,310,352
0,3,-0.397529661655426,0.3735298812389374,-0.26342013478279114,-0.2420928180217743,311,351
0,4,-0.20822982490062714,0.5680369734764099,-0.030313871800899506,-0.2420928180217743,311,351
0,5,-0.4259246587753296,1.4532526731491089,0.006983516737818718,-0.2420928180217743,361,415
0,6,-0.17036986351013184,1.8074265718460083,0.08175929635763168,-0.2420928180217743,153,558
 , , , , , , , 
0,0,2.782707691192627,2.449711561203003,-0.146986722946167,0.2420928180217743,127,429
0,1,2.775609016418457,2.641444206237793,0.48127275705337524,0.2420928180217743,116,399
0,2,-0.3194434940814972,0.41277602314949036,-0.22378942370414734,-0.2420928180217743,361,338
0,3,-0.12422802299261093,0.5520923137664795,-0.04765906557440758,-0.2420928180217743,361,338
0,4,-0.4259246587753296,1.452749252319336,-0.03888123482465744,-0.2420928180217743,270,412
0,5,-0.4259246587753296,1.646042823791504,-0.10825949162244797,-0.2420928180217743,138,500
0,6,-0.28394976258277893,1.7940837144851685,-0.05601116269826889,-0.2420928180217743,141,560
 , , , , , , , 
0,0,2.7211852073669434,2.632251739501953,-0.013215728104114532,0.2420928180217743,117,405
0,1,2.7483971118927,2.6581711769104004,0.04817309230566025,0.2420928180217743,125,397
0,2,2.9246826171875,2.571411609649658,0.20192654430866241,0.2420928180217743,127,389
0,3,-0.35493719577789307,0.43728989362716675,-0.07284929603338242,-0.2420928180217743,369,334
0,4,-0.26975229382514954,1.4128079414367676,0.031688790768384933,-0.2420928180217743,165,442
0,5,-0.479165256023407,1.095645785331726,-1.2134867906570435,-0.2420928180217743,137,498
0,6,-0.6814794540405273,1.4844887256622314,0.7964800596237183,-0.2420928180217743,116,539
 , , , , , , , 
0,0,-0.0993824154138565,0.5016558170318604,0.1393071860074997,-0.2420928180217743,316,338
0,1,-0.2650197744369507,0.3477361798286438,-0.2996430993080139,-0.2420928180217743,316,338
0,2,-0.46141836047172546,1.4021011590957642,0.037045035511255264,-0.2420928180217743,166,408
0,3,-0.2662029266357422,1.5417978763580322,-0.6742289662361145,-0.2420928180217743,209,458
 , , , , , , , 
0,0,-0.12422802299261093,0.5541397333145142,0.0025430803652852774,0.2420928180217743,280,345
0,1,-0.585646390914917,1.5726630687713623,-0.29383379220962524,0.2420928180217743,150,406
0,2,-0.12422802299261093,0.5497320294380188,-0.06979969143867493,-0.2420928180217743,316,349
0,3,-0.3194434940814972,0.2572188675403595,0.3928157389163971,-0.2420928180217743,316,349
0,4,-0.3596697151660919,1.3916842937469482,-0.06041016802191734,-0.2420928180217743,139,408
0,5,-0.5324058532714844,1.5618234872817993,-0.42407575249671936,-0.2420928180217743,159,453
0,6,-0.27803415060043335,1.7571170330047607,-0.039590660482645035,-0.2420928180217743,143,481
 , , , , , , , 
0,0,-0.11594615131616592,0.5148203372955322,0.04958241432905197,0.2420928180217743,290,346
0,1,-0.31471097469329834,0.24819344282150269,0.34684139490127563,0.2420928180217743,290,346
0,2,-0.0993824154138565,0.5201653838157654,-0.02220415696501732,-0.2420928180217743,343,335
0,3,-0.2981472611427307,0.2887178659439087,0.32968491315841675,-0.2420928180217743,343,335
0,4,-0.4495871365070343,1.3628885746002197,-0.10101010650396347,-0.2420928180217743,159,408
0,5,-0.3809659481048584,1.693381428718567,-0.1426548957824707,-0.2420928180217743,175,474
 , , , , , , , 
0,0,-0.0993824154138565,0.5205337405204773,-0.01047243271023035,0.2420928180217743,308,347
0,1,-0.4164596498012543,1.5934278964996338,-0.25013458728790283,0.2420928180217743,140,387
0,2,-0.08281867951154709,0.5164629220962524,-0.08572663366794586,-0.2420928180217743,380,340
0,3,-0.5324058532714844,1.5748517513275146,-0.372793585062027,-0.2420928180217743,129,442
0,4,2.6975228786468506,2.367917776107788,-0.22927196323871613,-0.2420928180217743,117,469
 , , , , , , , 
0,0,-0.10766428709030151,0.47683361172676086,0.05726136267185211,0.2420928180217743,285,356
0,1,-0.3123447299003601,1.6084991693496704,-0.3003157377243042,0.2420928180217743,222,390
0,2,-0.10766428709030151,0.480144739151001,0.010497071780264378,-0.2420928180217743,341,359
0,3,-0.27685102820396423,1.237873911857605,0.7557699680328369,-0.2420928180217743,117,397
0,4,-0.2602872848510742,1.5584089756011963,-0.5278540849685669,-0.2420928180217743,155,433
0,5,2.750763416290283,2.1657791137695312,-0.3741392195224762,-0.2420928180217743,146,488
 , , , , , , , 
0,0,-0.07690306007862091,0.48416867852211,0.04367329925298691,0.2420928180217743,312,352
0,1,-0.479165256023407,1.6074609756469727,-0.29842761158943176,0.2420928180217743,192,384
0,2,-0.07690306007862091,0.48565149307250977,-0.021663693711161613,-0.2420928180217743,371,356
0,3,-0.4259246587753296,1.592226266860962,-0.4312691390514374,-0.2420928180217743,132,428
0,4,2.750763416290283,2.1601462364196777,-0.40539801120758057,-0.2420928180217743,180,476
0,5,2.928231954574585,2.328274726867676,-0.23049059510231018,-0.2420928180217743,152,487
 , , , , , , , 
0,0,-0.07690306007862091,0.4851875305175781,0.030327169224619865,0.2420928180217743,323,353
0,1,-0.4259246587753296,1.608868956565857,-0.36430472135543823,0.2420928180217743,195,391
0,2,-0.06152245029807091,0.48719537258148193,-0.03311178833246231,-0.2420928180217743,378,359
0,3,-0.08518493175506592,0.8622983694076538,-0.2735148072242737,-0.2420928180217743,127,400
0,4,-0.26975229382514954,1.3797128200531006,-0.30565178394317627,-0.2420928180217743,120,404
0,5,-0.4259246587753296,1.497319221496582,-0.6922518014907837,-0.2420928180217743,119,445
0,6,3.1305460929870605,1.9906935691833496,0.05453906208276749,-0.2420928180217743,137,476
 , , , , , , , 
0,0,-0.07690306007862091,0.48356232047080994,0.04994155466556549,0.2420928180217743,318,353
0,1,-0.3123447299003601,1.627739667892456,-0.16710026562213898,0.2420928180217743,166,409
0,2,-0.06152245029807091,0.4881783723831177,-0.011731330305337906,-0.2420928180217743,367,352
0,3,0.0,0.9030446410179138,-0.10067618638277054,-0.2420928180217743,156,387
0,4,-0.3123447299003601,1.597509503364563,-0.3541499376296997,-0.2420928180217743,146,414
0,5,2.9838387966156006,2.1387925148010254,-0.09443748742341995,-0.2420928180217743,207,471
 , , , , , , , 
0,0,-0.07690306007862091,0.4848017394542694,0.035971373319625854,0.2420928180217743,309,343
0,1,-0.3194434940814972,1.6616278886795044,-0.19884158670902252,0.2420928180217743,181,399
0,2,-0.06152245029807091,0.48748740553855896,-0.02849147655069828,-0.2420928180217743,334,348
0,3,-0.3194434940814972,1.6272341012954712,-0.39070993661880493,-0.2420928180217743,145,418
0,4,2.8690757751464844,2.286165714263916,-0.16880641877651215,-0.2420928180217743,154,462
 , , , , , , , 
0,0,-0.056789953261613846,0.450377494096756,0.018474912270903587,0.2420928180217743,299,348
0,1,-0.21887794137001038,1.3635029792785645,-0.2350432425737381,0.2420928180217743,207,366
0,2,-0.04259246587753296,0.4506199061870575,-0.03916512429714203,-0.2420928180217743,320,357
0,3,2.8394975662231445,2.1858832836151123,-0.6075959801673889,-0.2420928180217743,186,452
 , , , , , , , 
0,0,-0.04259246587753296,0.45204678177833557,0.015681831166148186,0.2420928180217743,304,356
0,1,-0.3596697151660919,1.3927699327468872,0.02502390742301941,0.2420928180217743,281,363
0,2,-0.028394976630806923,0.45167481899261475,-0.03987370431423187,-0.2420928180217743,340,356
0,3,-0.3147110044956207,1.3938353061676025,-0.16726283729076385,-0.2420928180217743,217,386
0,4,2.953077554702759,2.101395606994629,-0.2710603177547455,-0.2420928180217743,199,452
 , , , , , , , 
0,0,-0.028394976630806923,0.45298904180526733,0.020024465397000313,0.2420928180217743,292,366
0,1,-0.26975229382514954,1.4105479717254639,-0.08593451231718063,0.2420928180217743,272,377
0,2,-0.44012215733528137,2.297076463699341,-0.19908489286899567,0.2420928180217743,121,426
0,3,-0.014197488315403461,0.45252007246017456,-0.03781970217823982,-0.2420928180217743,333,357
0,4,-0.22479356825351715,1.3957985639572144,-0.2664787173271179,-0.2420928180217743,244,387
0,5,2.922316312789917,2.064725399017334,-0.36497482657432556,-0.2420928180217743,138,440
 , , , , , , , 
0,0,-0.014197488315403461,0.45314234495162964,0.029441341757774353,0.2420928180217743,299,348
0,1,-0.26975229382514954,1.4087722301483154,-0.11131586134433746,0.2420928180217743,221,362
0,2,-0.014197488315403461,0.4534282684326172,-0.024648776277899742,-0.2420928180217743,327,350
0,3,-0.26975229382514954,1.3816088438034058,-0.2969634532928467,-0.2420928180217743,219,387
 , , , , , , , 
0,0,-0.014197488315403461,0.45234453678131104,0.03986426815390587,0.2420928180217743,296,352
0,1,-0.17983485758304596,1.418317437171936,-0.16072320938110352,0.2420928180217743,179,363
0,2,-0.44722089171409607,2.341294050216675,-0.08608230948448181,0.2420928180217743,128,413
0,3,0.0,0.4539428949356079,-0.01849760115146637,-0.2420928180217743,317,361
0,4,-0.17983485758304596,1.3737554550170898,-0.3876238167285919,-0.2420928180217743,120,408
0,5,-1.6090487241744995,2.643314838409424,0.8831759691238403,-0.2420928180217743,124,411
 , , , , , , , 
0,0,-0.014197488315403461,0.4495549201965332,0.06407126784324646,0.2420928180217743,280,359
0,1,-0.26975229382514954,1.4089916944503784,-0.10850212723016739,0.2420928180217743,276,368
0,2,-0.5962945222854614,2.308312177658081,-0.07212851196527481,0.2420928180217743,166,425
0,3,-0.014197488315403461,0.45387667417526245,0.014167658984661102,-0.2420928180217743,308,367
0,4,-0.17983485758304596,1.3648483753204346,-0.41790586709976196,-0.2420928180217743,181,404
0,5,-0.5217577219009399,2.301065683364868,-0.34919965267181396,-0.2420928180217743,113,424
 , , , , , , , 
0,0,-0.014197488315403461,0.45408493280410767,0.0034093919675797224,0.2420928180217743,269,358
0,1,-0.26975229382514954,1.4082857370376587,-0.11730987578630447,0.2420928180217743,384,356
0,2,-0.014197488315403461,0.4508698582649231,-0.05404758080840111,-0.2420928180217743,305,355
0,3,-0.22479356825351715,1.3897347450256348,-0.29648301005363464,-0.2420928180217743,394,397
0,4,-0.667281985282898,1.1707829236984253,-1.1620382070541382,-0.2420928180217743,116,438
0,5,-0.05560683086514473,1.7734434604644775,0.13467399775981903,-0.2420928180217743,116,438
0,6,-0.44722089171409607,2.314918279647827,-0.3608616590499878,-0.2420928180217743,160,443
 , , , , , , , 
0,0,0.0,0.4537964463233948,-0.02179715782403946,0.2420928180217743,254,359
0,1,-0.26975229382514954,1.4099783897399902,-0.09482396394014359,0.2420928180217743,339,362
0,2,0.0,0.4476538896560669,-0.07753913104534149,-0.2420928180217743,301,354
0,3,-0.024845603853464127,0.7942338585853577,-0.02635406143963337,-0.2420928180217743,133,395
0,4,-0.22479356825351715,1.394694209098816,-0.2722001373767853,-0.2420928180217743,370,395
 , , , , , , , 
0,0,-0.014197488315403461,0.45333626866340637,0.026286859065294266,0.2420928180217743,267,361
0,1,-0.4815314710140228,1.2411853075027466,-0.4357520639896393,0.2420928180217743,193,371
0,2,0.0,0.45338174700737,-0.029177267104387283,-0.2420928180217743,292,368
0,3,-0.08755117654800415,1.3908777236938477,-0.1417299062013626,-0.2420928180217743,163,388
0,4,-0.5253070592880249,0.7663915753364563,-1.048327088356018,-0.2420928180217743,163,388
 , , , , , , , 
0,0,0.0,0.4135788381099701,0.04889984056353569,0.2420928180217743,223,381
0,1,-0.3147110044956207,1.403664469718933,-0.021901585161685944,0.2420928180217743,262,378
0,2,0.013014364056289196,0.4162134528160095,-0.005969821475446224,-0.2420928180217743,223,401
0,3,-0.3147110044956207,1.3893603086471558,-0.2010767012834549,-0.2420928180217743,296,382
0,4,-0.5134758353233337,2.2626540660858154,-0.355866938829422,-0.2420928180217743,116,420
0,5,-1.10977041721344,4.9398908615112305,-0.32188722491264343,-0.2420928180217743,121,392
 , , , , , , , 
0,0,0.03904309123754501,0.4142187833786011,0.018359823152422905,0.2420928180217743,206,366
0,1,-0.46141836047172546,1.4019962549209595,-0.040823448449373245,0.2420928180217743,201,386
0,2,2.809919595718384,2.239175319671631,-0.16332529485225677,0.2420928180217743,149,415
0,3,0.03904309123754501,0.41340285539627075,-0.03181745484471321,-0.2420928180217743,217,372
0,4,0.23425854742527008,1.2209268808364868,-0.12412933260202408,-0.2420928180217743,121,372
0,5,-0.1751023530960083,1.3522731065750122,-0.32092049717903137,-0.2420928180217743,224,375
0,6,2.809919595718384,2.1502065658569336,-0.6459046006202698,-0.2420928180217743,117,401
 , , , , , , , 
0,0,0.07808618247509003,0.40851739048957825,0.021324533969163895,0.2420928180217743,168,373
0,1,-0.5253070592880249,0.7541275024414062,-1.0571837425231934,0.2420928180217743,172,369
0,2,-0.08755117654800415,1.3977190256118774,-0.03177522122859955,0.2420928180217743,172,369
0,3,2.612337827682495,2.2981507778167725,-0.16216953098773956,0.2420928180217743,122,439
0,4,2.809919595718384,2.235623836517334,-0.2063208818435669,0.2420928180217743,193,416
0,5,0.07808618247509003,0.4078706204891205,-0.03134879842400551,-0.2420928180217743,169,390
0,6,-0.06507182121276855,0.11643428355455399,0.39452168345451355,-0.2420928180217743,169,390
0,7,-0.13132676482200623,1.362601399421692,-0.2972607910633087,-0.2420928180217743,192,379
0,8,2.7211852073669434,2.0326480865478516,-0.7717493176460266,-0.2420928180217743,113,400
 , , , , , , , 
0,0,0.0911005511879921,0.40604767203330994,0.01626734621822834,0.2420928180217743,173,372
0,1,-0.07808618247509003,0.366580992937088,0.18154770135879517,0.2420928180217743,173,372
0,2,2.8394975662231445,2.2513110637664795,-0.2808150351047516,0.2420928180217743,186,413
0,3,-0.06507182121276855,0.38975656032562256,0.13150706887245178,-0.2420928180217743,141,422
0,4,0.0911005511879921,0.4035106301307678,-0.048150770366191864,-0.2420928180217743,141,422
0,5,2.953077554702759,1.9672892093658447,-0.7868362665176392,-0.2420928180217743,146,392
 , , , , , , , 
0,0,-0.11712927371263504,0.39945751428604126,0.012372300960123539,0.2420928180217743,145,401
0,1,2.750763416290283,2.1916589736938477,-0.1649542897939682,0.2420928180217743,145,402
0,2,2.8394975662231445,2.2684688568115234,0.03616182878613472,0.2420928180217743,169,395
0,3,-0.10411491245031357,0.3963221609592438,-0.07434704154729843,-0.2420928180217743,114,451
0,4,0.03904309123754501,0.41267189383506775,0.04020179808139801,-0.2420928180217743,114,451
0,5,2.750763416290283,2.120462656021118,-0.578115701675415,-0.2420928180217743,114,401
0,6,2.8394975662231445,2.2441182136535645,-0.33345597982406616,-0.2420928180217743,137,397
 , , , , , , , 
0,0,0.0,0.4157625734806061,0.024085955694317818,0.2420928180217743,165,396
0,1,0.013014364056289196,0.4162387549877167,0.0038164607249200344,-0.2420928180217743,153,428
0,2,-0.3194434940814972,1.5885426998138428,-0.5263813138008118,-0.2420928180217743,122,409
 , , , , , , , 
0,0,-0.1822011023759842,0.3732745349407196,0.03012523427605629,0.2420928180217743,146,380
0,1,-0.26975229382514954,1.4126341342926025,0.03866981342434883,0.2420928180217743,189,360
0,2,2.750763416290283,2.1893107891082764,-0.19364096224308014,0.2420928180217743,138,393
0,3,2.953077554702759,2.117699146270752,-0.06846752762794495,0.2420928180217743,117,386
0,4,-0.18456734716892242,0.4141163229942322,-0.029136043041944504,-0.2420928180217743,173,363
0,5,-0.34073972702026367,0.08397838473320007,0.28853145241737366,-0.2420928180217743,173,363
0,6,-0.26975229382514954,1.4079352617263794,-0.12144427746534348,-0.2420928180217743,181,374
 , , , , , , , 
0,0,-0.14315800368785858,0.36041730642318726,-0.15180183947086334,0.2420928180217743,201,382
0,1,-0.026028728112578392,0.4137641191482544,-0.039502017199993134,0.2420928180217743,201,382
0,2,-0.22479356825351715,1.4198235273361206,0.05801656097173691,0.2420928180217743,137,353
0,3,2.8394975662231445,2.257780075073242,-0.22290636599063873,0.2420928180217743,116,403
0,4,-0.013014364056289196,0.40078163146972656,-0.11244265735149384,-0.2420928180217743,204,440
0,5,-0.1301436424255371,0.29245075583457947,-0.26640912890434265,-0.2420928180217743,204,440
 , , , , , , , 
0,0,-0.26265352964401245,1.3688366413116455,0.13997432589530945,0.2420928180217743,167,374
0,1,-0.19521546363830566,0.32758164405822754,0.16739124059677124,-0.2420928180217743,205,502
0,2,-0.052057456225156784,0.41132891178131104,0.03920703008770943,-0.2420928180217743,205,502
0,3,0.11239678412675858,0.7009711265563965,0.11599867045879364,-0.2420928180217743,126,423
0,4,-0.17983485758304596,0.5415899157524109,-0.4379372000694275,-0.2420928180217743,126,423
 , , , , , , , 
0,0,0.04732496291399002,0.37502744793891907,0.021272098645567894,0.2420928180217743,125,490
0,1,0.016563735902309418,0.48607200384140015,0.21071679890155792,0.2420928180217743,181,388
0,2,0.05915620177984238,0.3729639947414398,-0.027131974697113037,-0.2420928180217743,167,505
0,3,-0.12777739763259888,0.3390045762062073,0.5772027969360352,-0.2420928180217743,157,420
0,4,0.12777739763259888,0.6619709730148315,-0.09940646588802338,-0.2420928180217743,157,420
0,5,-0.26265352964401245,1.3632396459579468,-0.18677324056625366,-0.2420928180217743,258,396
 , , , , , , , 
0,0,0.07098744809627533,0.3533012270927429,0.11608943343162537,0.2420928180217743,239,447
0,1,-0.43775588274002075,1.2842216491699219,-0.3484792113304138,0.2420928180217743,197,390
0,2,-0.4495871365070343,1.306459665298462,-0.4010377824306488,0.2420928180217743,201,386
0,3,-0.21769481897354126,1.726217269897461,-0.07621891051530838,0.2420928180217743,115,469
0,4,0.4353896379470825,0.47394052147865295,1.618283748626709,0.2420928180217743,115,469
0,5,1.5049337148666382,5.763932228088379,0.8657188415527344,0.2420928180217743,119,437
0,6,-0.3064291179180145,1.3584222793579102,-0.1519327163696289,-0.2420928180217743,201,363
 , , , , , , , 
0,0,-0.16918672621250153,0.27379554510116577,0.264292448759079,0.2420928180217743,179,409
0,1,-0.026028728112578392,0.4097466766834259,0.06977684795856476,0.2420928180217743,179,409
0,2,-0.26265352964401245,1.3751007318496704,-0.049034759402275085,0.2420928180217743,252,367
0,3,-0.26265352964401245,1.3634182214736938,-0.18546487390995026,-0.2420928180217743,269,354
0,4,-0.4259246587753296,1.614037036895752,-0.3406783938407898,-0.2420928180217743,117,399
 , , , , , , , 
0,0,-0.26265352964401245,1.3759112358093262,-0.013219388201832771,0.2420928180217743,272,372
0,1,-0.3726840615272522,1.6360689401626587,-0.2949139475822449,0.2420928180217743,130,389
0,2,-0.21887794137001038,1.370498776435852,-0.19004960358142853,-0.2420928180217743,288,359
0,3,-0.3123447299003601,1.5622206926345825,-0.4867500364780426,-0.2420928180217743,152,373
 , , , , , , , 
0,0,-0.26265352964401245,1.3756693601608276,0.028986718505620956,0.2420928180217743,278,355
0,1,-0.3644022047519684,1.5895416736602783,-0.3399803340435028,0.2420928180217743,126,402
0,2,-0.16918672621250153,0.3430953323841095,0.16462105512619019,-0.2420928180217743,156,402
0,3,0.0911005511879921,0.18293160200119019,0.362870991230011,-0.2420928180217743,156,402
0,4,-0.2650197744369507,0.533420979976654,0.1103229969739914,-0.2420928180217743,121,375
0,5,0.0,0.32159876823425293,0.5133408308029175,-0.2420928180217743,121,375
0,6,-0.21887794137001038,1.3791496753692627,-0.11104924231767654,-0.2420928180217743,268,372
 , , , , , , , 
0,0,-0.26265352964401245,1.3748114109039307,-0.05657007172703743,0.2420928180217743,296,371
0,1,-0.16918672621250153,0.3805087208747864,-0.005254389252513647,-0.2420928180217743,219,436
0,2,0.06507182121276855,0.3949921429157257,0.11482815444469452,-0.2420928180217743,219,436
0,3,-0.26265352964401245,1.3378397226333618,-0.3217007517814636,-0.2420928180217743,268,405
 , , , , , , , 
0,0,-0.26265352964401245,1.3757294416427612,0.025979330763220787,0.2420928180217743,336,353
0,1,-0.07098744809627533,0.3652225136756897,0.07007879763841629,-0.2420928180217743,199,483
0,2,0.06625494360923767,0.5248590707778931,-0.03278978168964386,-0.2420928180217743,138,400
0,3,-0.380965918302536,0.3670918047428131,0.03241138905286789,-0.2420928180217743,138,400
0,4,-0.21887794137001038,1.3751139640808105,-0.15312591195106506,-0.2420928180217743,281,422
0,5,1.6930503845214844,5.766718864440918,0.34020674228668213,-0.2420928180217743,136,419
 , , , , , , , 
0,0,-0.035493724048137665,0.3686175048351288,0.07873407751321793,0.2420928180217743,195,423
0,1,-0.48271459341049194,0.4161801338195801,0.08959204703569412,0.2420928180217743,117,377
0,2,-0.26265352964401245,1.374675989151001,-0.05976991727948189,0.2420928180217743,221,368
0,3,-0.035493724048137665,0.35670384764671326,0.12182077020406723,-0.2420928180217743,165,504
0,4,-0.26265352964401245,1.3515098094940186,-0.258317232131958,-0.2420928180217743,149,435
 , , , , , , , 
0,0,0.0,0.37802302837371826,0.02088864892721176,0.2420928180217743,193,397
0,1,0.0,0.37773123383522034,-0.025629108771681786,-0.2420928180217743,191,413
 , , , , , , , 
0,0,-0.21887794137001038,1.3739365339279175,0.16335314512252808,0.2420928180217743,132,417
0,1,0.035493724048137665,0.37295907735824585,-0.05458437278866768,-0.2420928180217743,249,452
0,2,-0.10884740948677063,0.47034722566604614,-0.7246946096420288,-0.2420928180217743,114,365
0,3,-0.40817779302597046,0.5266871452331543,-0.5605783462524414,-0.2420928180217743,114,365
0,4,-0.21887794137001038,1.3791565895080566,-0.11096423864364624,-0.2420928180217743,200,375
 , , , , , , , 
0,0,0.035493724048137665,0.37244337797164917,-0.057998914271593094,0.2420928180217743,187,454
0,1,-0.09464992582798004,0.17121735215187073,0.3241353929042816,0.2420928180217743,187,454
0,2,0.0,0.48552581667900085,0.21261847019195557,0.2420928180217743,125,397
0,3,-0.26265352964401245,1.3700076341629028,0.1280059963464737,0.2420928180217743,221,416
0,4,1.5049337148666382,5.798040390014648,0.595914900302887,0.2420928180217743,146,414
0,5,0.035493724048137665,0.3747648000717163,-0.040364574640989304,-0.2420928180217743,189,408
0,6,-0.21887794137001038,1.3783882856369019,-0.12013132870197296,-0.2420928180217743,255,378
0,7,1.5049337148666382,5.826358318328857,-0.1610337644815445,-0.2420928180217743,132,367
 , , , , , , , 
0,0,0.05915620177984238,0.32464858889579773,0.1855844110250473,0.2420928180217743,204,404
0,1,-0.1064811646938324,0.037471409887075424,0.36137986183166504,0.2420928180217743,204,404
0,2,-0.26265352964401245,1.3758882284164429,0.015434371307492256,0.2420928180217743,257,391
0,3,1.316817045211792,5.7025675773620605,1.4085191488265991,0.2420928180217743,116,402
0,4,-0.21887794137001038,1.3724069595336914,-0.17574124038219452,-0.2420928180217743,277,369
 , , , , , , , 
0,0,-0.11712927371263504,0.35594913363456726,0.18171292543411255,0.2420928180217743,128,390
0,1,-0.21887794137001038,1.3821141719818115,-0.06439200043678284,0.2420928180217743,289,361
0,2,-0.21887794137001038,1.3678501844406128,-0.20825909078121185,-0.2420928180217743,303,356
0,3,-0.7761293649673462,2.9788060188293457,-0.4029472768306732,-0.2420928180217743,123,387
 , , , , , , , 
0,0,-0.26265352964401245,1.37584388256073,-0.018981697037816048,0.2420928180217743,281,369
0,1,-0.11712927371263504,0.3788314759731293,0.12730315327644348,-0.2420928180217743,117,370
0,2,0.10411491245031357,0.4028743803501129,-0.017057687044143677,-0.2420928180217743,117,370
0,3,-0.21887794137001038,1.3700096607208252,-0.19354429841041565,-0.2420928180217743,294,360
 , , , , , , , 
0,0,-0.26265352964401245,1.373529076576233,0.08200263977050781,0.2420928180217743,209,363
0,1,-0.11712927371263504,0.3859228491783142,0.10384086519479752,-0.2420928180217743,197,397
0,2,0.0,0.539918065071106,0.17606358230113983,-0.2420928180217743,120,365
0,3,-0.43775588274002075,1.269126057624817,0.39997780323028564,-0.2420928180217743,206,372
 , , , , , , , 
0,0,-0.5253070592880249,1.033044695854187,0.7868701219558716,0.2420928180217743,219,367
0,1,-0.043775588274002075,1.3808354139328003,-0.2316693812608719,0.2420928180217743,219,367
0,2,-0.035493724048137665,0.364531010389328,0.0958910584449768,-0.2420928180217743,217,437
0,3,-0.18929985165596008,0.06249898672103882,-0.32186517119407654,-0.2420928180217743,217,437
0,4,-0.4495871365070343,1.306229829788208,0.4017857611179352,-0.2420928180217743,213,418
0,5,1.4954687356948853,5.780916213989258,0.35694754123687744,-0.2420928180217743,113,419
 , , , , , , , 
0,0,-0.08281868696212769,0.2860351800918579,0.23380054533481598,0.2420928180217743,187,402
0,1,0.08281868696212769,0.356281578540802,0.09768436849117279,0.2420928180217743,187,402
0,2,-0.21887794137001038,1.3792279958724976,-0.11007267981767654,0.2420928180217743,231,376
0,3,-0.07098744809627533,0.30579429864883423,0.211632639169693,-0.2420928180217743,157,491
0,4,0.09464992582798004,0.363628089427948,0.04640850052237511,-0.2420928180217743,157,491
0,5,0.030761225149035454,0.48363426327705383,-0.08597901463508606,-0.2420928180217743,185,375
0,6,0.18456734716892242,0.3202686607837677,0.3249671459197998,-0.2420928180217743,185,375
0,7,-0.1751023530960083,1.3606176376342773,-0.2834649085998535,-0.2420928180217743,164,438
 , , , , , , , 
0,0,-0.02366248145699501,0.3737567961215973,0.055530983954668045,0.2420928180217743,194,390
0,1,-0.26265352964401245,1.3725847005844116,-0.09652842581272125,0.2420928180217743,281,369
0,2,-0.011831240728497505,0.3782741129398346,0.01031743548810482,-0.2420928180217743,189,435
0,3,-0.21887794137001038,1.3584914207458496,-0.26246342062950134,-0.2420928180217743,253,384
 , , , , , , , 
0,0,0.035493724048137665,0.3768720030784607,-0.006740102544426918,0.2420928180217743,187,390
0,1,-0.07098744809627533,0.30974313616752625,0.20580990612506866,0.2420928180217743,187,390
0,2,-0.3064291179180145,1.3326343297958374,-0.3041059374809265,0.2420928180217743,179,362
0,3,-0.3644022047519684,1.625462293624878,0.010074248537421227,0.2420928180217743,141,395
0,4,0.04732496291399002,0.370074987411499,-0.06436283886432648,-0.2420928180217743,186,422
0,5,-0.07098744809627533,0.3229471445083618,0.18440082669258118,-0.2420928180217743,186,422
0,6,-0.3064291179180145,1.2918236255645752,-0.44675081968307495,-0.2420928180217743,165,369
0,7,-0.3644022047519684,1.6214317083358765,-0.11484111100435257,-0.2420928180217743,128,399
 , , , , , , , 
0,0,-0.08281868696212769,0.3611685633659363,0.07769224792718887,0.2420928180217743,164,372
0,1,0.05915620177984238,0.37212467193603516,-0.036898523569107056,0.2420928180217743,164,372
0,2,-0.3064291179180145,1.3608992099761963,-0.12785911560058594,0.2420928180217743,308,352
0,3,-0.3644022047519684,1.6096148490905762,-0.2266482710838318,0.2420928180217743,130,380
0,4,-0.07098744809627533,0.35184887051582336,0.12041967362165451,-0.2420928180217743,161,384
0,5,0.07098744809627533,0.3605102002620697,-0.09127379208803177,-0.2420928180217743,161,384
0,6,-0.26265352964401245,1.342699646949768,-0.3007725477218628,-0.2420928180217743,278,358
 , , , , , , , 
0,0,0.08281868696212769,0.36538511514663696,-0.05452090874314308,0.2420928180217743,171,378
0,1,-0.26265352964401245,1.3721494674682617,-0.10252941399812698,0.2420928180217743,272,357
0,2,0.08281868696212769,0.3580145239830017,-0.09112858772277832,-0.2420928180217743,164,403
0,3,-0.26265352964401245,1.349959373474121,-0.26630109548568726,-0.2420928180217743,241,377
 , , , , , , , 
0,0,0.07098744809627533,0.36644992232322693,-0.063348188996315,0.2420928180217743,141,388
0,1,-0.24845606088638306,0.25357282161712646,-0.13156045973300934,0.2420928180217743,141,388
0,2,-0.26265352964401245,1.3636583089828491,-0.18369166553020477,0.2420928180217743,238,351
0,3,2.8394975662231445,2.26552152633667,0.12112405896186829,0.2420928180217743,146,370
0,4,0.08281868696212769,0.3522804081439972,-0.11125341057777405,-0.2420928180217743,138,417
0,5,-0.24845606088638306,0.23037663102149963,-0.1689199060201645,-0.2420928180217743,138,417
0,6,-0.21887794137001038,1.3423383235931396,-0.335430771112442,-0.2420928180217743,208,372
0,7,2.953077554702759,2.091799736022949,-0.3372119963169098,-0.2420928180217743,152,383
 , , , , , , , 
0,0,0.05915620177984238,0.3731395900249481,-0.024599090218544006,0.2420928180217743,146,400
0,1,-0.07098744809627533,0.15436965227127075,-0.33833199739456177,0.2420928180217743,146,400
0,2,-0.3939802944660187,1.3388627767562866,-0.12049555778503418,0.2420928180217743,224,367
0,3,-0.5962945222854614,2.2878308296203613,-0.31517916917800903,0.2420928180217743,121,409
0,4,0.05915620177984238,0.3660026490688324,-0.0766833946108818,-0.2420928180217743,158,408
0,5,-0.07098744809627533,0.12175887823104858,0.3513876795768738,-0.2420928180217743,158,408
0,6,-0.3502047061920166,1.3324313163757324,-0.25352856516838074,-0.2420928180217743,220,359
 , , , , , , , 
0,0,-0.5395045876502991,1.1695878505706787,0.6409336924552917,0.2420928180217743,249,362
0,1,-0.7867774963378906,4.972049713134766,0.12130270153284073,0.2420928180217743,123,406
0,2,-0.8045243620872498,5.085193634033203,-0.07275278121232986,0.2420928180217743,121,400
0,3,-0.9642460942268372,6.091098308563232,-0.2283628135919571,0.2420928180217743,114,403
0,4,-0.4495871365070343,1.3657865524291992,-0.04790785163640976,-0.2420928180217743,268,373
 , , , , , , , 
0,0,-0.22479356825351715,1.420788288116455,-0.025008313357830048,0.2420928180217743,293,357
0,1,-0.8045243620872498,5.085572242736816,0.03794652968645096,0.2420928180217743,124,427
0,2,-0.3939802944660187,1.3336902856826782,-0.1683538556098938,-0.2420928180217743,305,368
0,3,-1.5522587299346924,5.971462249755859,-0.6958792805671692,-0.2420928180217743,147,411
 , , , , , , , 
0,0,-0.20704670250415802,1.2949128150939941,-0.190313920378685,0.2420928180217743,277,351
0,1,-0.26975229382514954,1.3949023485183716,-0.22644609212875366,0.2420928180217743,302,373
0,2,-0.3123447299003601,2.4786248207092285,0.05148126184940338,0.2420928180217743,122,452
0,3,-0.5395045280456543,4.260687351226807,-0.4285397231578827,0.2420928180217743,128,480
0,4,-0.7276212573051453,4.572336196899414,-0.4998714029788971,0.2420928180217743,186,471
0,5,5.300395965576172,2.923901319503784,-0.22597351670265198,0.2420928180217743,168,414
0,6,-0.3502047061920166,1.3147203922271729,-0.33340734243392944,-0.2420928180217743,302,358
0,7,2.953077554702759,2.0731091499328613,-0.43767112493515015,-0.2420928180217743,179,430
0,8,-1.3534939289093018,5.217782020568848,-0.5039209127426147,-0.2420928180217743,152,426
0,9,-1.5427937507629395,5.9469828605651855,-0.580159068107605,-0.2420928180217743,120,415
 , , , , , , , 
0,0,0.04259246587753296,0.29344210028648376,0.16787251830101013,0.2420928180217743,150,364
0,1,-0.26975229382514954,1.4120157957077026,-0.05693843588232994,0.2420928180217743,354,358
0,2,0.07453681528568268,0.31135886907577515,0.11663392186164856,-0.2420928180217743,160,403
0,3,-0.26975229382514954,1.3912954330444336,-0.24764376878738403,-0.2420928180217743,323,377
0,4,2.953077554702759,2.027132034301758,-0.61650151014328,-0.2420928180217743,120,424
 , , , , , , , 
0,0,0.0532405823469162,0.31462952494621277,0.119487464427948,0.2420928180217743,195,375
0,1,-0.07453681528568268,0.3310847580432892,-0.03050762042403221,0.2420928180217743,195,375
0,2,-0.3147110044956207,1.3975427150726318,-0.1327708512544632,0.2420928180217743,330,364
0,3,-0.4637846052646637,3.6800620555877686,-0.09055547416210175,0.2420928180217743,133,398
0,4,-0.06388869881629944,0.33327630162239075,-0.030801018700003624,-0.2420928180217743,169,452
0,5,0.06388869881629944,0.32801973819732666,0.06651946902275085,-0.2420928180217743,169,452
0,6,-0.26975229382514954,1.3764123916625977,-0.3201867341995239,-0.2420928180217743,297,382
 , , , , , , , 
0,0,0.02129623293876648,0.33465978503227234,0.06043882295489311,0.2420928180217743,172,396
0,1,-0.26975229382514954,1.4088410139083862,-0.11044234037399292,0.2420928180217743,307,387
0,2,-0.582097053527832,3.0363709926605225,-0.2822113335132599,0.2420928180217743,129,428
0,3,0.02129623293876648,0.3394659757614136,0.020319687202572823,-0.2420928180217743,124,472
0,4,0.015380612574517727,0.26941150426864624,0.41160860657691956,-0.2420928180217743,128,395
0,5,-0.26975229382514954,1.3838201761245728,-0.2864823341369629,-0.2420928180217743,286,400
 , , , , , , , 
0,0,0.04259246587753296,0.33736488223075867,0.021780459210276604,0.2420928180217743,137,395
0,1,-0.26975229382514954,1.4103912115097046,-0.08847186714410782,0.2420928180217743,273,375
0,2,-0.26975229382514954,1.386735439300537,-0.2720209062099457,-0.2420928180217743,258,390
 , , , , , , , 
0,0,0.02129623293876648,0.32526057958602905,-0.09927532076835632,0.2420928180217743,115,388
0,1,0.12777739763259888,0.30793479084968567,0.07037520408630371,0.2420928180217743,115,388
0,2,-0.26975229382514954,1.409075140953064,-0.10741336643695831,0.2420928180217743,146,380
0,3,-0.397529661655426,0.4332467019557953,-0.6927429437637329,-0.2420928180217743,189,378
0,4,0.397529661655426,0.09388246387243271,-0.8116536140441895,-0.2420928180217743,189,378
0,5,-0.26975229382514954,1.3846001625061035,-0.28268852829933167,-0.2420928180217743,138,390
 , , , , , , , 
0,0,-0.08518493175506592,0.28437650203704834,0.16726355254650116,0.2420928180217743,166,419
0,1,-0.08518493175506592,0.2978883683681488,0.14180833101272583,-0.2420928180217743,169,397
0,2,-0.028394976630806923,0.901240885257721,-0.1121780052781105,-0.2420928180217743,124,365
 , , , , , , , 
0,0,-0.01064811646938324,0.3280705213546753,0.09143248200416565,0.2420928180217743,115,464
0,1,-0.3147110044956207,1.4001567363739014,-0.1015624925494194,0.2420928180217743,254,380
0,2,0.0,0.33837613463401794,0.040064431726932526,-0.2420928180217743,133,427
0,3,-0.26975229382514954,1.382409930229187,-0.29321208596229553,-0.2420928180217743,288,356
 , , , , , , , 
0,0,-0.11712928116321564,0.3170163929462433,0.04341547563672066,0.2420928180217743,119,446
0,1,0.0,0.3406519293785095,0.007733819540590048,0.2420928180217743,119,446
0,2,-0.3147110044956207,1.4016448259353638,-0.07839441299438477,0.2420928180217743,277,378
0,3,-0.11712928116321564,0.31028875708580017,0.07813563197851181,-0.2420928180217743,132,417
0,4,0.0,0.3289400637149811,-0.08889316022396088,-0.2420928180217743,132,417
0,5,-0.26975229382514954,1.3907814025878906,-0.2505146265029907,-0.2420928180217743,297,367
 , , , , , , , 
0,0,-0.07453681528568268,0.29590678215026855,0.15161468088626862,0.2420928180217743,114,432
0,1,0.06388869881629944,0.31599161028862,0.11032266914844513,0.2420928180217743,114,432
0,2,-0.26975229382514954,1.4112510681152344,0.07349013537168503,0.2420928180217743,298,363
0,3,-0.26975229382514954,1.4078221321105957,-0.12274905294179916,-0.2420928180217743,296,358
 , , , , , , , 
0,0,-0.26975229382514954,1.4121252298355103,-0.054155927151441574,0.2420928180217743,187,373
0,1,-0.26975229382514954,1.3880354166030884,-0.2653074562549591,-0.2420928180217743,195,367
 , , , , , , , 
0,0,-0.3147110044956207,1.403489589691162,-0.031155258417129517,0.2420928180217743,230,362
0,1,-0.26975229382514954,1.3987936973571777,-0.2010142207145691,-0.2420928180217743,249,348
 , , , , , , , 
0,0,-0.3147110044956207,1.4022326469421387,-0.06706272065639496,0.2420928180217743,290,358
0,1,-0.07453681528568268,0.20949189364910126,0.258187860250473,-0.2420928180217743,139,403
0,2,0.03194434940814972,0.32807040214538574,0.08633031696081161,-0.2420928180217743,139,403
0,3,-0.26975229382514954,1.389892339706421,-0.2554013431072235,-0.2420928180217743,289,363
 , , , , , , , 
0,0,-0.3147110044956207,1.3990870714187622,-0.11536560207605362,0.2420928180217743,306,365
0,1,-0.09583304822444916,0.26164841651916504,0.19611144065856934,-0.2420928180217743,129,417
0,2,0.02129623293876648,0.30883631110191345,0.14237329363822937,-0.2420928180217743,129,417
0,3,-0.26975229382514954,1.3801496028900146,-0.3036735951900482,-0.2420928180217743,299,375
 , , , , , , , 
0,0,-0.04259246587753296,0.32778656482696533,0.0827370211482048,0.2420928180217743,119,431
0,1,-0.10884740948677063,0.7490321397781372,-0.4305342435836792,0.2420928180217743,134,378
0,2,-0.26975229382514954,1.413034200668335,0.019101766869425774,0.2420928180217743,260,365
0,3,-0.03194434940814972,0.33720895648002625,0.03705725446343422,-0.2420928180217743,139,452
0,4,-0.26975229382514954,1.405707597732544,-0.14497117698192596,-0.2420928180217743,244,386
 , , , , , , , 
0,0,0.06388869881629944,0.3326980471611023,-0.03652128949761391,0.2420928180217743,200,469
0,1,-0.26975229382514954,1.4102689027786255,-0.09039948135614395,0.2420928180217743,251,384
0,2,-0.5726320147514343,0.6111457943916321,1.4400041103363037,0.2420928180217743,136,486
0,3,0.46851709485054016,0.5471831560134888,1.5020321607589722,0.2420928180217743,136,486
0,4,0.0,0.4478299021720886,-0.07651593536138535,-0.2420928180217743,120,396
0,5,-0.26975229382514954,1.3896992206573486,-0.25645026564598083,-0.2420928180217743,229,409
 , , , , , , , 
0,0,0.14197489619255066,0.30668264627456665,-0.17066523432731628,0.2420928180217743,141,464
0,1,-0.17746861279010773,0.31254348158836365,0.11899241805076599,0.2420928180217743,141,464
0,2,-0.16563737392425537,0.34030184149742126,0.009831936098635197,-0.2420928180217743,169,395
0,3,-0.17983485758304596,1.400591254234314,-0.2753187417984009,-0.2420928180217743,127,371
 , , , , , , , 
0,0,0.02129623293876648,0.3387170135974884,-0.03034500777721405,0.2420928180217743,133,410
0,1,-0.07453681528568268,0.2603676915168762,-0.206776425242424,0.2420928180217743,133,410
0,2,-0.26975229382514954,1.4131489992141724,0.006359252147376537,0.2420928180217743,123,373
0,3,0.02129623293876648,0.33220207691192627,-0.07274480909109116,-0.2420928180217743,127,398
0,4,-0.08518493175506592,0.1544874608516693,-0.29151451587677,-0.2420928180217743,127,398
0,5,-0.26265352964401245,1.368569254875183,-0.14256465435028076,-0.2420928180217743,141,348
 , , , , , , , 
0,0,0.03194434940814972,0.3207527697086334,-0.11045709997415543,0.2420928180217743,187,395
0,1,-0.09583304822444916,0.1581130027770996,0.28621646761894226,0.2420928180217743,187,395
0,2,-0.3064291179180145,1.3629413843154907,-0.10385233163833618,0.2420928180217743,157,383
0,3,0.03194434940814972,0.3000048100948334,-0.15836739540100098,-0.2420928180217743,149,389
0,4,-0.09583304822444916,0.19776707887649536,0.2603992521762848,-0.2420928180217743,149,389
0,5,-0.26265352964401245,1.3534748554229736,-0.24781525135040283,-0.2420928180217743,154,374
 , , , , , , , 
0,0,-0.09583304822444916,0.2922905683517456,-0.14658036828041077,0.2420928180217743,195,423
0,1,-0.26975229382514954,1.3810752630233765,-0.29943570494651794,0.2420928180217743,255,385
0,2,-0.8246374726295471,1.2680659294128418,0.3485526740550995,0.2420928180217743,128,430
0,3,-0.26975229382514954,1.3525007963180542,-0.40959981083869934,-0.2420928180217743,245,363
 , , , , , , , 
0,0,-0.23425854742527008,0.2953837811946869,-0.17694629728794098,0.2420928180217743,213,420
0,1,-0.5844632983207703,0.8558210730552673,-0.9978826642036438,0.2420928180217743,248,376
 , , , , , , , 
0,0,-0.26975229382514954,0.5098639726638794,1.3179792165756226,0.2420928180217743,245,378
0,1,2.1296231746673584,0.4733741879463196,0.6330718994140625,0.2420928180217743,116,521
0,2,-0.3265422284603119,0.28958287835121155,-0.12616756558418274,0.4841856360435486,295,358
0,3,-0.26975229382514954,1.408392071723938,-0.11602640897035599,-0.2420928180217743,233,359
 , , , , , , , 
0,0,-0.4259246587753296,0.8593534827232361,1.1719657182693481,0.2420928180217743,285,381
0,1,-0.4472208619117737,0.281404048204422,-0.04179944843053818,0.4841856360435486,290,340
0,2,-0.26265352964401245,1.361906886100769,-0.19625502824783325,-0.2420928180217743,208,373
 , , , , , , , 
0,0,-0.4637846052646637,0.23458866775035858,-0.10399004071950912,0.2420928180217743,233,349
0,1,-0.5832801461219788,0.27190476655960083,-0.00990325678139925,0.2420928180217743,184,358
0,2,-0.5335889458656311,0.7836422920227051,1.2291033267974854,0.2420928180217743,230,410
0,3,-1.4055513143539429,0.7775771021842957,-0.4413814842700958,0.4841856360435486,140,456
0,4,2.163933753967285,0.5097842812538147,-0.21701903641223907,0.4841856360435486,168,472
0,5,3.655853271484375,1.3539485931396484,-0.09088730812072754,0.4841856360435486,131,453
0,6,-0.26975229382514954,1.3956608772277832,-0.22172299027442932,-0.2420928180217743,223,363
 , , , , , , , 
0,0,-0.548969566822052,0.22627100348472595,0.1199100986123085,0.2420928180217743,176,360
0,1,-0.3147110044956207,1.4032186269760132,-0.04160940274596214,0.2420928180217743,245,349
0,2,-0.26265352964401245,1.3633215427398682,-0.18617406487464905,-0.2420928180217743,224,363
0,3,-0.479165256023407,1.5858354568481445,-0.39763766527175903,-0.2420928180217743,120,385
 , , , , , , , 
0,0,-0.5832801461219788,0.20918616652488708,0.17398686707019806,0.2420928180217743,119,365
0,1,-0.3147110044956207,1.4030731916427612,-0.046255599707365036,0.2420928180217743,223,358
0,2,2.2372875213623047,0.5705721378326416,0.0508737713098526,0.2420928180217743,119,421
0,3,-0.26975229382514954,1.3995544910430908,-0.19564706087112427,-0.2420928180217743,225,352
0,4,-0.479165256023407,1.5566390752792358,-0.4998648464679718,-0.2420928180217743,121,387
 , , , , , , , 
0,0,-0.4259246587753296,0.15795990824699402,-0.006570692639797926,0.2420928180217743,142,343
0,1,-0.26975229382514954,1.4127106666564941,-0.035764556378126144,0.2420928180217743,238,361
0,2,-0.26975229382514954,1.3951811790466309,-0.2247219979763031,-0.2420928180217743,229,365
0,3,-0.479165256023407,1.5647215843200684,-0.47395798563957214,-0.2420928180217743,115,391
 , , , , , , , 
0,0,-0.3147110044956207,1.4021960496902466,-0.06782404333353043,0.2420928180217743,208,354
0,1,-0.5324058532714844,1.603230595588684,-0.2208726704120636,0.2420928180217743,140,397
0,2,-0.26975229382514954,1.3949618339538574,-0.2260793298482895,-0.2420928180217743,201,359
0,3,-0.479165256023407,1.5961612462997437,-0.35391977429389954,-0.2420928180217743,148,384
 , , , , , , , 
0,0,-0.3147110044956207,1.4036784172058105,-0.020993942394852638,0.2420928180217743,208,349
0,1,-0.479165256023407,1.6334128379821777,-0.07037317007780075,0.2420928180217743,177,433
0,2,5.4896955490112305,2.56052565574646,0.03758787363767624,0.2420928180217743,126,378
0,3,-0.4803483486175537,0.11339234560728073,-0.19326035678386688,-0.2420928180217743,169,341
0,4,-0.3064291179180145,1.35942804813385,-0.14265291392803192,-0.2420928180217743,227,346
0,5,-0.5324058532714844,1.6126563549041748,-0.1359134316444397,-0.2420928180217743,197,439
 , , , , , , , 
0,0,-0.3064291179180145,1.3660022020339966,0.049322329461574554,0.2420928180217743,330,356
0,1,-0.26975229382514954,1.4125497341156006,0.041640717536211014,0.2420928180217743,325,361
0,2,5.4896955490112305,2.5251293182373047,-0.42594271898269653,0.2420928180217743,191,398
0,3,-0.44603776931762695,0.14951132237911224,-0.14469771087169647,-0.2420928180217743,218,343
0,4,-0.26265352964401245,1.3714216947555542,-0.11184434592723846,-0.2420928180217743,357,359
0,5,-0.46851709485054016,1.5951430797576904,0.10501633584499359,-0.2420928180217743,236,506
0,6,-0.6388869881629944,3.9942786693573,-0.5970540046691895,-0.2420928180217743,137,466
 , , , , , , , 
0,0,-0.26975229382514954,1.4029617309570312,-0.16949546337127686,0.2420928180217743,317,358
0,1,-0.17036986351013184,1.7989509105682373,0.19300609827041626,0.2420928180217743,124,472
0,2,-0.44603776931762695,0.1674107313156128,-0.1235504224896431,-0.2420928180217743,188,339
0,3,-0.22479356825351715,1.3702783584594727,-0.37630024552345276,-0.2420928180217743,325,361
0,4,-0.4259246587753296,1.5097978115081787,-0.6645960211753845,-0.2420928180217743,149,554
0,5,2.612337827682495,2.289228916168213,-0.25928157567977905,-0.2420928180217743,145,522
 , , , , , , , 
0,0,-0.24135729670524597,2.5549139976501465,-0.20517778396606445,-0.4841856360435486,113,552
0,1,2.750763416290283,2.1843080520629883,-0.24367524683475494,-0.4841856360435486,169,497
0,2,-0.4259246587753296,0.08081062883138657,-0.13588285446166992,-0.2420928180217743,119,358
0,3,-0.17983485758304596,1.4025845527648926,-0.2649770677089691,-0.2420928180217743,463,371
0,4,-0.3123447299003601,1.5968339443206787,-0.357183575630188,-0.2420928180217743,113,620
0,5,2.318922996520996,1.2761523723602295,-0.1325874775648117,-0.2420928180217743,139,541
0,6,-0.6625494360923767,2.5657269954681396,-0.040274184197187424,-0.2420928180217743,139,541
 , , , , , , , 
0,0,-0.440122127532959,0.09153591841459274,-0.0657268613576889,0.2420928180217743,119,357
0,1,5.59262752532959,2.5401322841644287,-0.594681441783905,0.4841856360435486,149,427
0,2,2.799271583557129,1.9818222522735596,-0.3259696662425995,-0.7262784242630005,182,489
0,3,-0.08755117654800415,1.3734456300735474,-0.26129579544067383,-0.2420928180217743,478,348
0,4,-0.35612034797668457,1.5388656854629517,-0.39418938755989075,-0.2420928180217743,177,567
0,5,-0.37859970331192017,2.3795509338378906,-0.2559545934200287,-0.2420928180217743,139,557
0,6,2.2857956886291504,1.2550673484802246,0.15573300421237946,-0.2420928180217743,117,547
 , , , , , , , 
0,0,-0.46141839027404785,0.11483024805784225,-0.12707416713237762,0.2420928180217743,148,354
0,1,-0.11831240355968475,3.769092082977295,-0.3372233211994171,0.2420928180217743,129,481
0,2,5.466032981872559,3.000924825668335,-0.3750091791152954,0.4841856360435486,220,409
0,3,2.750763416290283,2.1715073585510254,-0.3393148183822632,-0.4841856360435486,132,509
0,4,0.0,1.3879796266555786,-0.18922479450702667,-0.2420928180217743,480,367
0,5,-0.24845603108406067,1.570407748222351,0.02380196936428547,-0.2420928180217743,171,596
0,6,-0.2981472611427307,2.3640353679656982,-0.10732851177453995,-0.2420928180217743,127,591
0,7,-0.17036986351013184,2.697505235671997,-0.35364940762519836,-0.2420928180217743,152,549
 , , , , , , , 
0,0,5.499160289764404,3.037554979324341,0.17503586411476135,0.2420928180217743,126,402
0,1,0.0,2.6435060501098633,-0.1882106065750122,-0.4841856360435486,143,571
0,2,0.0,1.3899606466293335,-0.17407725751399994,-0.2420928180217743,520,383
0,3,-0.18929985165596008,1.501395344734192,-0.05815046280622482,-0.2420928180217743,283,509
0,4,2.2988100051879883,1.0642393827438354,-0.13152264058589935,-0.2420928180217743,136,573
 , , , , , , , 
0,0,0.08163555711507797,2.6085116863250732,-0.11537415534257889,-0.7262784242630005,150,537
0,1,0.04259246587753296,1.3497487306594849,-0.18444830179214478,-0.4841856360435486,497,381
0,2,-0.18456734716892242,1.454138994216919,0.1777125746011734,-0.4841856360435486,281,509
0,3,2.2988100051879883,1.0719348192214966,-0.029320186004042625,-0.2420928180217743,135,582
 , , , , , , , 
0,0,0.1514398753643036,2.4005930423736572,-0.2921164631843567,-1.2104641199111938,222,404
0,1,0.18456734716892242,2.9239678382873535,-0.37015414237976074,-1.2104641199111938,119,501
0,2,0.15025675296783447,4.751482963562012,-0.720954179763794,-0.9683712720870972,153,450
0,3,-0.2425404191017151,1.5232419967651367,-0.17439939081668854,-0.7262784242630005,113,568
0,4,0.08045243471860886,1.2787771224975586,-0.12345217168331146,-0.4841856360435486,520,372
0,5,-0.05087433382868767,1.6270785331726074,-0.018480775877833366,-0.4841856360435486,115,575
0,6,-0.546603262424469,2.342038869857788,0.6781371235847473,-0.4841856360435486,160,564
 , , , , , , , 
0,0,0.44012215733528137,4.632349491119385,-0.6222856640815735,-0.9683712720870972,145,451
0,1,-0.08518493175506592,1.3586899042129517,-0.06604745239019394,-0.7262784242630005,322,470
0,2,0.15617236495018005,1.2279808521270752,-0.1691771149635315,-0.4841856360435486,488,368
0,3,-0.20941296219825745,2.2188608646392822,-0.14962947368621826,-0.4841856360435486,126,536
0,4,-0.5300395488739014,2.3523361682891846,0.23808829486370087,-0.4841856360435486,141,560
0,5,2.7152698040008545,1.7010780572891235,-0.2996576428413391,-0.4841856360435486,117,557
0,6,-0.2366248071193695,3.7568140029907227,-0.40513041615486145,-0.2420928180217743,151,510
 , , , , , , , 
0,0,-0.7453681230545044,0.9611456394195557,2.051755428314209,-1.452556848526001,203,439
0,1,-0.07453681528568268,2.3194398880004883,0.5511059165000916,-1.452556848526001,203,439
0,2,0.18929985165596008,1.1850301027297974,-0.1662754863500595,-0.4841856360435486,480,386
0,3,2.6833252906799316,1.6990711688995361,-0.16380295157432556,-0.4841856360435486,184,551
 , , , , , , , 
0,0,0.24845604598522186,1.1077769994735718,0.033753588795661926,0.0,378,351
0,1,-0.5300395488739014,0.28662851452827454,0.06202215701341629,0.2420928180217743,141,357
0,2,0.0,2.253939151763916,0.2826946973800659,-1.452556848526001,203,450
0,3,0.5111095905303955,1.9318766593933105,-0.4316798150539398,-1.2104641199111938,138,447
0,4,0.6069425940513611,2.051755905151367,-0.28099924325942993,-0.9683712720870972,124,491
0,5,0.24845604598522186,1.0896179676055908,-0.20258747041225433,-0.7262784242630005,483,377
0,6,0.08045243471860886,1.2843258380889893,-0.03191573917865753,-0.7262784242630005,205,534
0,7,2.651381015777588,1.6844099760055542,-0.08647055178880692,-0.2420928180217743,168,554
 , , , , , , , 
0,0,-0.49691206216812134,0.18416036665439606,-0.01026122085750103,0.2420928180217743,172,355
0,1,-0.5631670355796814,0.28142133355140686,0.13375696539878845,0.2420928180217743,123,379
0,2,0.30879539251327515,1.0431196689605713,-0.14838120341300964,-0.4841856360435486,405,411
0,3,-0.0686211958527565,0.8256794214248657,0.7204269170761108,-0.4841856360435486,405,411
0,4,0.17036986351013184,1.3513290882110596,-0.0504046306014061,-0.4841856360435486,144,566
 , , , , , , , 
0,0,-0.4803483486175537,0.22283253073692322,-0.023517189547419548,0.2420928180217743,183,338
0,1,0.08281867951154709,2.632695198059082,0.2925827205181122,-1.2104641199111938,122,444
0,2,0.5040108561515808,5.3524322509765625,-0.0077769700437784195,-1.2104641199111938,113,441
0,3,0.0,5.444701194763184,0.27881544828414917,-1.2104641199111938,126,432
0,4,0.0,4.286282539367676,0.7643285989761353,-0.9683712720870972,119,477
0,5,0.0,1.0932598114013672,-0.10125908255577087,-0.4841856360435486,371,441
 , , , , , , , 
0,0,-0.4803483486175537,0.2207813858985901,0.03824879229068756,0.2420928180217743,148,349
0,1,-0.543053925037384,0.34438177943229675,0.027196552604436874,0.2420928180217743,123,363
0,2,0.8163555860519409,5.13470458984375,-0.5153700709342957,-1.2104641199111938,132,438
0,3,0.31707724928855896,4.9627909660339355,1.00393807888031,-0.9683712720870972,149,457
0,4,0.6625494360923767,0.6888996362686157,1.8924894332885742,-0.4841856360435486,148,577
0,5,2.617070198059082,1.4381805658340454,-0.1681891679763794,-0.4841856360435486,148,565
0,6,0.13250988721847534,0.4010617434978485,-4.219226837158203,-0.4841856360435486,131,525
0,7,2.3851780891418457,1.5679473876953125,-3.1357216835021973,-0.4841856360435486,131,525
0,8,-7.536499977111816,5.384666442871094,0.49496737122535706,-0.4841856360435486,146,420
0,9,0.3123447299003601,0.8526766896247864,-0.03175753727555275,-0.2420928180217743,303,394
0,10,0.41527652740478516,0.932970404624939,-0.04520712047815323,-0.2420928180217743,398,436
0,11,0.03194434940814972,0.7409408688545227,-0.7035042643547058,-0.2420928180217743,398,436
0,12,1.6859517097473145,3.157423257827759,-0.35280922055244446,-0.2420928180217743,149,533
0,13,0.3371903598308563,0.24081721901893616,-3.572749614715576,-0.2420928180217743,149,533
 , , , , , , , 
0,0,-0.5146589279174805,0.23476479947566986,-0.05021525174379349,0.2420928180217743,143,352
0,1,1.320366382598877,3.194139242172241,-0.6718528270721436,-0.7262784242630005,124,527
0,2,1.334563970565796,3.2236170768737793,-0.7018219232559204,-0.7262784242630005,119,532
0,3,2.212441921234131,3.4052529335021973,-0.9236974716186523,-0.7262784242630005,150,527
0,4,2.3733468055725098,3.7179901599884033,-0.7086049914360046,-0.7262784242630005,182,504
0,5,0.18456734716892242,0.9587628841400146,-0.12518659234046936,-0.4841856360435486,385,435
0,6,0.6625494360923767,0.11568865925073624,2.010650396347046,-0.4841856360435486,122,563
 , , , , , , , 
0,0,-0.4969120919704437,0.2698307931423187,-0.05272187292575836,0.2420928180217743,125,354
0,1,-4.472208499908447,2.8344643115997314,-0.24363118410110474,0.2420928180217743,121,439
0,2,0.0,2.642963409423828,4.594446182250977,0.2420928180217743,121,439
0,3,3.0347132682800293,4.077906608581543,-0.5333762168884277,-1.2104641199111938,116,459
0,4,1.1180522441864014,3.3619611263275146,3.6838128566741943,-1.2104641199111938,116,459
0,5,0.5111095905303955,1.6343379020690918,3.713033676147461,-0.9683712720870972,178,485
0,6,0.16563737392425537,0.7341910004615784,-0.08293881267309189,-0.7262784242630005,293,350
0,7,0.10884740948677063,2.250765323638916,2.6559956073760986,-0.7262784242630005,174,487
0,8,2.176948070526123,0.2650652229785919,-2.706056594848633,-0.7262784242630005,174,487
0,9,0.7666643857955933,0.46920982003211975,1.836245059967041,-0.4841856360435486,184,543
0,10,-6.612480163574219,6.336302280426025,0.8751404285430908,-0.4841856360435486,115,437
0,11,0.49217960238456726,0.8513563275337219,-0.04375610128045082,-0.2420928180217743,393,448
0,12,2.607605457305908,1.2096847295761108,-0.12745139002799988,-0.2420928180217743,154,537
0,13,3.080854892730713,7.58536958694458,-0.683225154876709,-0.2420928180217743,175,426
 , , , , , , , 
0,0,0.6388869881629944,0.9260978102684021,-0.15558208525180817,0.2420928180217743,156,450
0,1,0.7288044095039368,1.4069321155548096,-0.5142025947570801,-0.9683712720870972,135,388
0,2,0.27685102820396423,0.6069988012313843,-0.13899703323841095,-0.7262784242630005,361,344
0,3,2.911668300628662,2.7346067428588867,-0.6744265556335449,-0.7262784242630005,156,494
0,4,2.5732946395874023,1.1752339601516724,-0.24438895285129547,-0.4841856360435486,118,545
0,5,0.5324057936668396,0.7757024765014648,-0.10339450091123581,-0.2420928180217743,369,459
 , , , , , , , 
0,0,0.3821490705013275,0.4958864152431488,-0.14934787154197693,-0.4841856360435486,314,356
0,1,0.2721185088157654,0.8092666864395142,-0.17115937173366547,-0.2420928180217743,314,462
 , , , , , , , 
0,0,-0.6069426536560059,0.3432285189628601,0.17681629955768585,0.2420928180217743,134,380
0,1,0.8329192996025085,0.779901921749115,-0.4071568548679352,0.2420928180217743,133,404
0,2,0.4164596498012543,0.7682667970657349,0.8391101360321045,0.2420928180217743,133,404
0,3,0.39043092727661133,0.3819664418697357,-0.15548379719257355,-0.4841856360435486,309,347
0,4,0.35375407338142395,0.7805307507514954,-0.15455207228660583,-0.2420928180217743,195,525
0,5,1.4422283172607422,1.3906329870224,-0.11168952286243439,-0.2420928180217743,116,541
0,6,0.7524669170379639,0.38412314653396606,-1.8200550079345703,-0.2420928180217743,116,541
0,7,2.5910415649414062,0.9236153960227966,-0.2681523561477661,-0.2420928180217743,119,537
 , , , , , , , 
0,0,0.9760772585868835,0.7540911436080933,-0.1989155113697052,0.2420928180217743,181,410
0,1,1.9486052989959717,3.9564247131347656,5.343408107757568,0.2420928180217743,114,423
0,2,-3.8972105979919434,5.707666397094727,0.4864806532859802,0.2420928180217743,114,423
0,3,0.4637846052646637,0.21298623085021973,-0.14311756193637848,-0.2420928180217743,259,347
0,4,0.3726840615272522,0.575254499912262,-0.4028748869895935,-0.2420928180217743,212,478
 , , , , , , , 
0,0,2.79217267036438,3.3196659088134766,-1.068613886833191,-0.9683712720870972,117,414
0,1,0.43065714836120605,0.2845996916294098,-0.12033028900623322,-0.4841856360435486,263,361
0,2,0.397529661655426,0.6754926443099976,-0.1334133744239807,-0.4841856360435486,303,495
0,3,2.640732765197754,0.6510413885116577,-0.18249164521694183,-0.2420928180217743,200,506
0,4,3.5576539039611816,0.8898712396621704,-0.1946112960577011,-0.2420928180217743,150,450
 , , , , , , , 
0,0,2.2857956886291504,2.302476406097412,4.095238208770752,0.2420928180217743,127,427
0,1,-1.7959822416305542,4.471057891845703,2.020228385925293,0.2420928180217743,127,427
0,2,-1.9734508991241455,4.670406818389893,1.4096362590789795,0.2420928180217743,123,431
0,3,2.466813564300537,2.278212547302246,4.052019119262695,0.2420928180217743,123,431
0,4,-2.5839428901672363,6.31530237197876,0.9588456153869629,0.2420928180217743,119,411
0,5,4.3065714836120605,5.346688270568848,0.5878378748893738,0.2420928180217743,119,411
0,6,2.5851261615753174,3.3961076736450195,-0.8602272272109985,-1.2104641199111938,131,388
0,7,0.4259246587753296,0.6182398200035095,-0.09858350455760956,-0.4841856360435486,183,538
0,8,0.43065714836120605,0.22542385756969452,-0.07719630748033524,-0.2420928180217743,320,345
 , , , , , , , 
0,0,0.8092568516731262,1.1874479055404663,0.06976846605539322,-0.9683712720870972,140,437
0,1,2.1580183506011963,1.8695687055587769,-0.3561703562736511,-0.9683712720870972,148,421
0,2,0.48981335759162903,0.4692419171333313,-0.06564394384622574,-0.4841856360435486,246,483
0,3,0.4259246587753296,0.1519596129655838,-0.043620891869068146,-0.2420928180217743,300,361
0,4,0.7666643857955933,0.6589321494102478,-0.15154580771923065,-0.2420928180217743,117,517
 , , , , , , , 
0,0,0.8991742730140686,1.1229897737503052,-0.013284862041473389,-0.9683712720870972,178,399
0,1,2.2763304710388184,1.631003499031067,-0.08556265383958817,-0.9683712720870972,162,411
0,2,1.3724238872528076,1.7109843492507935,0.10424221307039261,-0.7262784242630005,148,442
0,3,0.3218097388744354,0.5182023048400879,0.2053067982196808,-0.4841856360435486,248,483
0,4,0.12067864835262299,0.3098578453063965,-0.5510633587837219,-0.4841856360435486,248,483
0,5,0.7690306305885315,0.6005992293357849,-0.12975150346755981,-0.2420928180217743,130,523
0,6,1.6895010471343994,0.59474116563797,0.7211679816246033,-0.2420928180217743,123,466
 , , , , , , , 
0,0,3.224013090133667,2.5515589714050293,-0.3538936674594879,-0.9683712720870972,171,391
0,1,0.40817779302597046,0.39473211765289307,-0.00934495311230421,-0.4841856360435486,390,393
0,2,0.7690306305885315,0.5364892482757568,-0.12896494567394257,-0.4841856360435486,135,513
0,3,-1.3842551708221436,8.735312461853027,-0.513965368270874,-0.4841856360435486,127,407
 , , , , , , , 
0,0,0.4791652262210846,0.25101175904273987,-0.17292675375938416,-0.2420928180217743,305,377
0,1,0.8163555860519409,0.27559906244277954,-0.12595747411251068,-0.2420928180217743,254,502
0,2,-1.0932066440582275,8.657255172729492,0.5859111547470093,-0.2420928180217743,126,408
0,3,7.917466163635254,4.239279747009277,1.10370934009552,-0.2420928180217743,123,424
0,4,-1.1310665607452393,8.974888801574707,0.21908928453922272,-0.2420928180217743,123,424
 , , , , , , , 
0,0,1.022219181060791,0.6378828883171082,-0.12630021572113037,-0.4841856360435486,117,454
0,1,3.2902679443359375,2.0848336219787598,0.18521927297115326,-0.4841856360435486,134,427
0,2,3.644021987915039,1.9806991815567017,0.37656185030937195,-0.4841856360435486,130,414
0,3,0.43065714836120605,0.3086826503276825,-0.013834242708981037,-0.2420928180217743,333,363
0,4,0.8163555860519409,0.2342688888311386,-0.1921931505203247,-0.2420928180217743,132,537
0,5,0.48981332778930664,0.5670437216758728,0.4436224699020386,-0.2420928180217743,132,537
0,6,1.2304489612579346,1.5132596492767334,-0.2681276202201843,-0.2420928180217743,113,488
0,7,-1.625612497329712,8.516151428222656,-0.017308009788393974,-0.2420928180217743,118,390
 , , , , , , , 
0,0,0.39989593625068665,0.07616668939590454,0.27662724256515503,-0.2420928180217743,277,347
0,1,1.0600790977478027,0.5801376700401306,-0.08631822466850281,-0.2420928180217743,127,441
0,2,1.1464471817016602,1.5502903461456299,-0.10233544558286667,-0.2420928180217743,131,432
0,3,3.345874786376953,1.8486415147781372,0.09761341661214828,-0.2420928180217743,113,430
 , , , , , , , 
0,0,3.7055444717407227,1.717947006225586,0.19107630848884583,-0.2420928180217743,141,387
 , , , , , , , 
0,0,1.3274651765823364,1.3703584671020508,-0.29693058133125305,-0.2420928180217743,120,395
 , , , , , , , 
0,0,0.39989593625068665,0.1169675961136818,0.2619972825050354,0.2420928180217743,228,347
0,1,0.843567430973053,0.18109549582004547,-0.11770705878734589,0.2420928180217743,132,437
0,2,1.3274651765823364,1.3341169357299805,-0.43148839473724365,-0.2420928180217743,113,400
 , , , , , , , 
0,0,0.43065714836120605,0.2548750340938568,0.17468567192554474,0.2420928180217743,250,338
0,1,0.4472208619117737,0.2607648968696594,0.11374135315418243,-0.2420928180217743,196,348
 , , , , , , , 
0,0,0.4803483486175537,0.21927256882190704,0.04611869156360626,0.2420928180217743,161,342
0,1,0.843567430973053,0.17030152678489685,-0.1328454613685608,0.2420928180217743,156,374
 , , , , , , , 
0,0,-0.843567430973053,0.2045709639787674,-0.06929107010364532,0.2420928180217743,138,361
0,1,-0.843567430973053,0.12752005457878113,-0.1743248850107193,-0.2420928180217743,159,371
 , , , , , , , 
0,0,-0.843567430973053,0.21571213006973267,0.010899834334850311,0.2420928180217743,178,375
0,1,-0.843567430973053,0.19503875076770782,-0.09279230982065201,-0.2420928180217743,120,388
0,2,1.0636285543441772,0.4940095543861389,0.04609202221035957,-0.2420928180217743,123,360
 , , , , , , , 
0,0,0.4637846052646637,0.25532156229019165,0.025625694543123245,-0.2420928180217743,134,348
 , , , , , , , 
0,0,0.4472208619117737,0.20837973058223724,0.19368356466293335,0.2420928180217743,131,349
0,1,0.4637846052646637,0.24067598581314087,0.08899912238121033,-0.2420928180217743,140,348
 , , , , , , , 
0,0,0.5134758353233337,0.11893148720264435,-0.05603403598070145,-0.2420928180217743,177,344
 , , , , , , , 
0,0,0.4637846052646637,0.25554364919662476,0.023307159543037415,0.2420928180217743,134,358
 , , , , , , , 
0,0,0.44603776931762695,0.15314547717571259,0.14084574580192566,0.2420928180217743,159,350
 , , , , , , , 
0,0,0.4637846052646637,0.254795640707016,-0.03041314333677292,0.2420928180217743,167,354
0,1,0.4472208619117737,0.28415563702583313,-0.013820594176650047,-0.2420928180217743,168,341
 , , , , , , , 
0,0,0.4637846052646637,0.251725435256958,0.04980039224028587,0.2420928180217743,251,342
0,1,3.691347122192383,1.3694592714309692,0.04411693662405014,0.2420928180217743,132,363
0,2,0.4637846052646637,0.2532886862754822,-0.0411171056330204,-0.2420928180217743,223,336
 , , , , , , , 
0,0,0.4637846052646637,0.23105238378047943,0.11162690818309784,0.2420928180217743,211,356
0,1,0.4637846052646637,0.24402980506420135,0.07934246212244034,-0.2420928180217743,169,355
 , , , , , , , 
0,0,0.4969120919704437,0.2706131637096405,-0.04854660853743553,0.2420928180217743,275,339
0,1,0.5111095905303955,0.38892462849617004,0.22785711288452148,0.2420928180217743,118,375
0,2,1.086107850074768,0.6832591891288757,0.10252173244953156,0.2420928180217743,114,379
0,3,0.5324057936668396,0.1460842788219452,-0.13309143483638763,-0.2420928180217743,216,348
 , , , , , , , 
0,0,0.46141836047172546,0.3138435184955597,-0.10538139194250107,0.2420928180217743,264,372
0,1,0.48271459341049194,0.3806048333644867,0.19071607291698456,0.2420928180217743,169,407
0,2,5.006980895996094,4.810922145843506,-0.5599913001060486,-0.2420928180217743,130,389
0,3,-3.2654223442077637,0.2670215368270874,-6.147693634033203,-0.2420928180217743,130,389
 , , , , , , , 
0,0,0.46141836047172546,0.3307492434978485,0.01441932376474142,0.2420928180217743,309,380
0,1,1.0600790977478027,0.5858474373817444,-0.028166497126221657,0.2420928180217743,128,412
0,2,-0.7808618545532227,0.2788388431072235,-0.07910869270563126,-0.2420928180217743,122,378
0,3,0.7098744511604309,0.4651980400085449,1.25422203540802,-0.2420928180217743,144,378
 , , , , , , , 
0,0,0.8577648997306824,0.39987751841545105,0.014075955376029015,0.2420928180217743,124,406
0,1,3.7398550510406494,1.6950879096984863,0.412450909614563,0.2420928180217743,133,409
0,2,0.39989593625068665,0.28692054748535156,-0.0007771156961098313,0.4841856360435486,313,350
0,3,0.38451531529426575,0.3066239356994629,0.01924782618880272,0.7262784242630005,301,362
 , , , , , , , 
0,0,0.44367149472236633,0.3544869124889374,-0.0021253391169011593,0.2420928180217743,297,366
0,1,0.7690306305885315,0.6131606698036194,-0.03986049070954323,0.2420928180217743,117,425
0,2,1.2671258449554443,1.4540935754776,-0.09065514802932739,0.2420928180217743,118,435
0,3,-1.0636285543441772,0.19519701600074768,-0.18990196287631989,0.9683712720870972,146,386
0,4,0.3667684495449066,0.07186086475849152,0.06045376509428024,-0.2420928180217743,114,490
0,5,-0.7808618545532227,0.2724762260913849,-0.09882306307554245,-0.2420928180217743,136,422
 , , , , , , , 
0,0,0.543053925037384,0.3447912037372589,0.021389052271842957,0.2420928180217743,267,437
0,1,-0.7453681230545044,0.15186181664466858,-0.23126530647277832,-0.2420928180217743,194,408
0,2,2.936513900756836,2.0727856159210205,-4.1993231773376465,-0.2420928180217743,126,432
0,3,-1.3818888664245605,5.200960159301758,1.262642741203308,-0.2420928180217743,126,432
0,4,4.546745777130127,5.211045742034912,-0.41770079731941223,-0.2420928180217743,115,376
 , , , , , , , 
0,0,0.5229408144950867,0.3745253384113312,0.022576607763767242,0.2420928180217743,320,415
 , , , , , , , 
0,0,0.5749982595443726,0.3591550290584564,-0.06927409023046494,0.2420928180217743,281,414
 , , , , , , , 
0,0,0.6069426536560059,0.38582316040992737,-0.014502196572721004,0.2420928180217743,194,453
0,1,0.4803483486175537,0.19468043744564056,-0.11093654483556747,0.4841856360435486,247,350
 , , , , , , , 
0,0,0.5395045876502991,0.47251418232917786,0.05580650642514229,0.2420928180217743,267,418
0,1,0.5324057936668396,0.1480265110731125,-0.13092784583568573,0.4841856360435486,257,358
 , , , , , , , 
0,0,0.5229408144950867,0.3584609925746918,-0.11083608865737915,0.2420928180217743,254,351
0,1,0.591562032699585,0.4718376696109772,0.02783038653433323,0.2420928180217743,221,407
0,2,1.1003053188323975,0.17763236165046692,-0.21866527199745178,-0.2420928180217743,115,382
 , , , , , , , 
0,0,0.5832801461219788,0.24383121728897095,-0.12073366343975067,0.2420928180217743,198,363
0,1,0.6152245402336121,0.4394666254520416,-0.04145853593945503,0.2420928180217743,213,400
 , , , , , , , 
0,0,0.6862119436264038,0.2853260934352875,-0.14509707689285278,0.2420928180217743,200,399
0,1,1.7036986351013184,2.246546745300293,-1.1063697338104248,-0.7262784242630005,180,373
0,2,-1.0269516706466675,0.1995207667350769,-0.1712586134672165,-0.2420928180217743,151,435
 , , , , , , , 
0,0,0.591562032699585,0.472628653049469,-0.005242422688752413,0.2420928180217743,115,412
0,1,1.5688225030899048,2.283327579498291,-1.022681713104248,-0.7262784242630005,225,362
 , , , , , , , 
0,0,0.5217576622962952,0.5504757165908813,-0.23846326768398285,0.2420928180217743,195,420
0,1,-1.7238117456436157,0.41088080406188965,-0.16118521988391876,-0.4841856360435486,148,434
0,2,-0.7335368990898132,0.08686887472867966,-0.16651836037635803,-0.2420928180217743,189,425
 , , , , , , , 
0,0,-0.39989593625068665,0.2812785804271698,-0.05662471428513527,0.2420928180217743,207,359
0,1,2.7140865325927734,0.5599013566970825,0.41160449385643005,0.2420928180217743,148,473
 , , , , , , , 
0,0,-0.38451531529426575,0.30610018968582153,-0.02629437856376171,0.2420928180217743,161,349
0,1,0.4022621810436249,0.6385400891304016,0.06166594475507736,0.2420928180217743,270,440
0,2,2.6620290279388428,0.7768447399139404,0.6106224060058594,0.2420928180217743,133,461
0,3,0.5868295431137085,0.0794215276837349,-0.12754566967487335,-0.2420928180217743,242,367
 , , , , , , , 
0,0,-0.35375410318374634,0.34148871898651123,0.022005662322044373,0.2420928180217743,134,352
0,1,0.397529661655426,0.6448096632957458,0.24147456884384155,0.2420928180217743,260,468
0,2,2.6620290279388428,0.9219683408737183,0.3554178476333618,0.2420928180217743,151,491
0,3,0.6743807196617126,0.20643451809883118,-0.14157912135124207,-0.2420928180217743,328,396
 , , , , , , , 
0,0,0.5217576622962952,0.5912129282951355,-0.10176192224025726,0.2420928180217743,225,510
0,1,0.27685102820396423,0.9421631693840027,0.06815505772829056,0.2420928180217743,132,521
0,2,1.6563736200332642,0.8379271626472473,-0.371143639087677,0.2420928180217743,130,499
0,3,2.030240774154663,1.4419517517089844,-0.20661096274852753,-0.2420928180217743,157,507
0,4,3.7268407344818115,2.9610962867736816,-0.3144277334213257,-0.2420928180217743,155,485
 , , , , , , , 
0,0,0.6069426536560059,0.3515072166919708,-0.15972627699375153,0.2420928180217743,137,602
0,1,0.3123447299003601,0.7656826972961426,0.09962578117847443,0.2420928180217743,198,579
0,2,0.30761224031448364,0.9289583563804626,-0.10664944350719452,0.2420928180217743,161,543
0,3,2.8607938289642334,0.7069951891899109,-0.1915295273065567,0.2420928180217743,172,520
0,4,0.6069426536560059,0.2979811728000641,-0.24551381170749664,-0.2420928180217743,295,391
0,5,3.5493721961975098,3.0126230716705322,-0.8500471711158752,-0.2420928180217743,121,456
 , , , , , , , 
0,0,0.5844632983207703,0.39344343543052673,-0.14510034024715424,0.2420928180217743,192,561
0,1,0.4424883723258972,0.7053753733634949,0.02010379359126091,0.2420928180217743,202,565
0,2,0.38333219289779663,0.9431235194206238,-0.09223072230815887,0.2420928180217743,166,550
0,3,-2.188779354095459,1.6674920320510864,-0.5271512866020203,0.7262784242630005,127,479
0,4,0.5844632983207703,0.3487832546234131,-0.23281343281269073,-0.2420928180217743,285,412
 , , , , , , , 
0,0,0.5619839429855347,0.4397437572479248,-0.09082236886024475,0.2420928180217743,225,528
0,1,0.40817779302597046,0.7691066861152649,0.01106188539415598,0.2420928180217743,159,573
0,2,-0.5749982595443726,0.8451575636863708,-0.004209219943732023,0.2420928180217743,132,577
0,3,0.38333219289779663,0.9273285865783691,-0.19506458938121796,0.2420928180217743,132,577
0,4,-0.34073972702026367,0.48825252056121826,-0.11158173531293869,0.7262784242630005,179,444
0,5,0.5619839429855347,0.40858912467956543,-0.18622080981731415,-0.2420928180217743,315,391
 , , , , , , , 
0,0,0.591562032699585,0.4596518278121948,-0.11011596769094467,0.2420928180217743,206,522
0,1,-0.6956769227981567,0.7992416620254517,0.031846191734075546,0.2420928180217743,139,584
0,2,-0.38333219289779663,0.2436765432357788,-0.00919242762029171,0.4841856360435486,332,353
0,3,-0.3726840615272522,0.42844605445861816,-0.00710283312946558,0.4841856360435486,211,387
0,4,0.591562032699585,0.42535266280174255,-0.20610786974430084,-0.2420928180217743,298,397
 , , , , , , , 
0,0,-0.39989593625068665,0.2867777347564697,-0.009084009565412998,0.2420928180217743,341,350
0,1,0.591562032699585,0.46362200379371643,-0.09197798371315002,0.2420928180217743,156,546
0,2,0.591562032699585,0.43477725982666016,-0.18540246784687042,-0.2420928180217743,251,433
0,3,0.48981332778930664,0.7090657949447632,-0.12476029992103577,-0.2420928180217743,180,468
 , , , , , , , 
0,0,-0.397529661655426,0.35029202699661255,0.014408094808459282,0.2420928180217743,339,345
0,1,0.5678995847702026,0.4926539957523346,-0.09018351137638092,0.2420928180217743,151,519
0,2,0.5501527190208435,1.033090353012085,0.08678656816482544,0.2420928180217743,127,564
0,3,0.591562032699585,0.4379153251647949,-0.1778637021780014,-0.2420928180217743,260,421
 , , , , , , , 
0,0,-0.364402174949646,0.3838110566139221,0.029018383473157883,0.2420928180217743,324,348
0,1,-0.4424884021282196,0.4430728554725647,-0.14878332614898682,0.2420928180217743,309,367
0,2,0.5619839429855347,0.4431033730506897,-0.07268188893795013,0.2420928180217743,252,441
0,3,-0.7453681230545044,0.8319528698921204,0.20571894943714142,0.2420928180217743,143,562
0,4,-1.4836374521255493,1.567039132118225,-0.01582380384206772,0.7262784242630005,188,452
0,5,0.5619839429855347,0.41845086216926575,-0.16285614669322968,-0.2420928180217743,346,368
 , , , , , , , 
0,0,-0.3726840615272522,0.4181167483329773,0.09378091245889664,0.2420928180217743,299,342
0,1,-0.36203595995903015,0.5027833580970764,-0.17431269586086273,0.2420928180217743,325,352
0,2,0.5619839429855347,0.43885186314582825,-0.09503836184740067,0.2420928180217743,290,411
0,3,0.5619839429855347,0.41145405173301697,-0.17980217933654785,-0.2420928180217743,373,356
0,4,0.5170251727104187,0.6977735757827759,-0.06366774439811707,-0.2420928180217743,121,454
 , , , , , , , 
0,0,-0.34073972702026367,0.4932803213596344,0.086692214012146,0.2420928180217743,362,337
0,1,0.5619839429855347,0.43676304817199707,-0.10421759635210037,0.2420928180217743,327,386
0,2,0.5619839429855347,0.40819668769836426,-0.18707944452762604,-0.2420928180217743,394,358
0,3,0.5170251727104187,0.6990373730659485,-0.04783561825752258,-0.2420928180217743,181,477
 , , , , , , , 
0,0,0.5844632983207703,0.39166170358657837,-0.14984311163425446,-0.2420928180217743,453,354
 , , , , , , , 
0,0,0.7098743915557861,0.8864431977272034,-0.018339766189455986,0.2420928180217743,132,543
0,1,0.28394976258277893,0.31607961654663086,-1.0533307790756226,0.2420928180217743,132,543
0,2,-0.5962945222854614,0.6838131546974182,-0.049574874341487885,0.4841856360435486,127,501
0,3,-0.3726840615272522,0.6774884462356567,-0.18502774834632874,0.7262784242630005,362,385
0,4,-3.1364617347717285,8.415815353393555,1.6089271306991577,0.7262784242630005,147,384
0,5,-0.25555479526519775,0.829018771648407,-0.27026817202568054,0.9683712720870972,187,456
0,6,-1.0009229183197021,1.4313327074050903,0.34025096893310547,0.9683712720870972,137,459
0,7,0.5844632983207703,0.3775455951690674,-0.18251349031925201,-0.2420928180217743,441,361
0,8,3.066657543182373,1.8643267154693604,-0.574371337890625,-0.2420928180217743,122,468
 , , , , , , , 
0,0,0.770213782787323,0.8855684399604797,-0.0038534305058419704,0.4841856360435486,133,557
0,1,0.3300916254520416,0.4884192943572998,-1.014870285987854,0.4841856360435486,133,557
0,2,-0.3809659481048584,0.772723376750946,-0.12657056748867035,0.7262784242630005,351,403
0,3,-0.6530844569206238,1.5943129062652588,-0.25430941581726074,1.2104641199111938,160,408
0,4,0.5962945222854614,0.2899177074432373,-0.15746363997459412,-0.2420928180217743,469,333
0,5,0.6246894598007202,0.5088857412338257,-0.21107561886310577,-0.2420928180217743,227,448
0,6,1.1263340711593628,0.6025136113166809,-0.15916335582733154,-0.2420928180217743,166,484
0,7,1.6232460737228394,0.8677741885185242,0.23147079348564148,-0.2420928180217743,139,492
 , , , , , , , 
0,0,-0.2733016312122345,0.7465929985046387,0.004945757333189249,0.4841856360435486,316,357
0,1,-0.35493719577789307,0.8402209281921387,0.2528025805950165,0.4841856360435486,259,433
0,2,-0.19166609644889832,0.9713718891143799,-0.25422972440719604,0.4841856360435486,176,510
0,3,0.870779275894165,0.8422711491584778,0.010055109858512878,0.4841856360435486,147,534
0,4,2.472729206085205,2.604679822921753,-0.1936030089855194,0.7262784242630005,121,465
0,5,-0.6377038359642029,1.7176131010055542,-0.2909942865371704,1.2104641199111938,138,456
0,6,0.5962945222854614,0.2807350754737854,-0.17330582439899445,-0.2420928180217743,235,341
0,7,1.739192247390747,0.6440913081169128,0.043535977602005005,-0.2420928180217743,158,474
0,8,3.5777671337127686,7.318458080291748,-0.717913806438446,-0.2420928180217743,119,377
 , , , , , , , 
0,0,0.6743807196617126,0.19287635385990143,-0.15955743193626404,0.2420928180217743,448,362
0,1,0.7075081467628479,0.4884827136993408,0.13810651004314423,0.2420928180217743,178,512
0,2,-0.2721185088157654,0.827040433883667,0.014566407538950443,0.2420928180217743,178,512
0,3,-0.4022621810436249,1.2058428525924683,0.20276136696338654,0.7262784242630005,132,515
0,4,1.022219181060791,0.884121835231781,-0.17622002959251404,0.7262784242630005,133,513
0,5,-0.6152244806289673,1.8376103639602661,-0.34718745946884155,1.2104641199111938,153,416
 , , , , , , , 
0,0,0.6968600749969482,0.08169670403003693,-0.15862180292606354,0.2420928180217743,446,348
0,1,0.7098743915557861,0.5657696723937988,0.040103960782289505,0.2420928180217743,171,532
0,2,-0.22715981304645538,0.8794994354248047,-0.022460002452135086,0.2420928180217743,171,532
0,3,-0.36913469433784485,0.8926474452018738,-0.1894284337759018,0.4841856360435486,161,585
0,4,-3.78363037109375,6.831021785736084,-5.075778961181641,0.4841856360435486,120,413
0,5,-4.124370574951172,4.276330947875977,-7.319384574890137,0.4841856360435486,130,414
0,6,-0.5678995251655579,0.9832893013954163,-0.02591884136199951,0.7262784242630005,138,519
0,7,0.9938241243362427,0.8762733936309814,-0.018587950617074966,0.7262784242630005,132,501
0,8,-0.5844632983207703,1.314557671546936,0.01173634547740221,0.7262784242630005,131,501
 , , , , , , , 
0,0,0.7619318962097168,0.3856727182865143,0.1702142208814621,0.2420928180217743,221,429
0,1,-0.3253591060638428,0.8887788653373718,0.00862196460366249,0.4841856360435486,191,489
0,2,-0.364402174949646,0.9891547560691833,-0.11203421652317047,0.4841856360435486,187,570
0,3,-3.506779670715332,8.510643005371094,-1.6493555307388306,0.4841856360435486,141,411
0,4,-0.8613142967224121,1.9170849323272705,0.2792738974094391,0.7262784242630005,115,494
 , , , , , , , 
0,0,0.7891437411308289,0.3228069841861725,0.17693039774894714,0.2420928180217743,225,401
0,1,-3.1660399436950684,7.76207160949707,1.0034180879592896,0.2420928180217743,113,417
0,2,-0.3431059718132019,0.9755061268806458,-0.36896663904190063,0.4841856360435486,171,533
0,3,-0.33127471804618835,1.2064757347106934,0.4365324079990387,0.4841856360435486,146,524
0,4,-2.8489627838134766,12.663492202758789,-1.0674737691879272,0.4841856360435486,128,354
0,5,-0.33837348222732544,0.9241741895675659,0.01919715665280819,0.7262784242630005,265,404
0,6,-3.829772710800171,7.092199325561523,-4.889209747314453,0.7262784242630005,135,373
0,7,1.18312406539917,0.9451329708099365,0.018574051558971405,0.9683712720870972,118,471
 , , , , , , , 
0,0,0.8305530548095703,0.5898107886314392,0.08506981283426285,0.2420928180217743,130,515
0,1,6.041031360626221,5.790151119232178,0.7890827655792236,0.2420928180217743,122,395
0,2,-2.363881826400757,8.057491302490234,0.3625822365283966,0.2420928180217743,122,395
0,3,-0.5962945222854614,2.306772232055664,0.11094625294208527,0.4841856360435486,117,513
0,4,-0.364402174949646,0.99495929479599,-0.032167479395866394,0.7262784242630005,293,397
0,5,-0.3300916254520416,1.0934702157974243,-0.269885390996933,0.7262784242630005,331,428
0,6,-4.207189083099365,6.690059661865234,-5.478908061981201,0.7262784242630005,176,399
0,7,-0.5229408144950867,1.171197772026062,0.10868718475103378,0.9683712720870972,183,488
0,8,-4.454462051391602,1.6234780550003052,8.235671997070312,0.9683712720870972,177,374
 , , , , , , , 
0,0,0.8577648997306824,0.3792756199836731,0.12747612595558167,0.2420928180217743,193,441
0,1,1.9817328453063965,1.578459620475769,-0.12502340972423553,0.4841856360435486,130,516
0,2,-0.4022621810436249,1.2198859453201294,-0.0839490294456482,0.7262784242630005,316,422
0,3,-4.543196201324463,5.013364315032959,-6.9399824142456055,0.7262784242630005,134,378
0,4,-0.44012215733528137,1.0880051851272583,-0.0035714819096028805,0.9683712720870972,328,378
0,5,-3.6061620712280273,8.894620895385742,-0.5975733399391174,0.9683712720870972,145,379
0,6,-0.7926931381225586,2.3970839977264404,-0.24506592750549316,1.6946496963500977,232,374
 , , , , , , , 
0,0,-0.4022621810436249,1.1653107404708862,-0.3704321086406708,0.0,188,434
0,1,0.8873430490493774,0.32250750064849854,0.0668729767203331,0.2420928180217743,124,423
0,2,-0.4259246587753296,1.269931435585022,-0.25203055143356323,0.7262784242630005,321,410
0,3,-0.46851709485054016,1.1577844619750977,0.031215956434607506,0.9683712720870972,370,363
0,4,-0.8624974489212036,2.797571897506714,-0.913278341293335,0.9683712720870972,120,480
0,5,-0.8755117654800415,2.6500515937805176,-0.24470172822475433,1.452556848526001,149,437
 , , , , , , , 
0,0,0.8873430490493774,0.2644546926021576,0.19633334875106812,0.2420928180217743,136,405
0,1,-0.397529661655426,1.5031132698059082,-0.3333137333393097,0.2420928180217743,125,483
0,2,-0.49691206216812134,1.2283055782318115,0.015194131061434746,0.7262784242630005,368,367
0,3,-0.5075601935386658,1.3425358533859253,0.3466222286224365,0.7262784242630005,259,430
 , , , , , , , 
0,0,2.1000452041625977,1.6603907346725464,0.2420082986354828,0.2420928180217743,137,514
0,1,-0.6720144748687744,2.6015830039978027,-0.07627268135547638,0.2420928180217743,137,514
0,2,-0.4945458471775055,1.3420857191085815,-0.15500670671463013,0.4841856360435486,364,408
0,3,-0.946499228477478,2.861677885055542,-0.2975808382034302,0.9683712720870972,178,438
 , , , , , , , 
0,0,2.070466995239258,1.6536027193069458,0.048088692128658295,0.2420928180217743,161,516
0,1,-0.6625494360923767,2.565190315246582,-0.06614645570516586,0.2420928180217743,161,516
0,2,-0.5205745697021484,1.4117597341537476,-0.1712907999753952,0.4841856360435486,400,371
0,3,-3.087953567504883,9.376501083374023,0.4345865249633789,0.4841856360435486,163,396
0,4,-1.0671778917312622,2.792616128921509,-0.8369326591491699,1.2104641199111938,126,414
 , , , , , , , 
0,0,-0.49691206216812134,1.5102795362472534,-0.02472856640815735,0.2420928180217743,333,431
0,1,-0.4353896379470825,1.634164810180664,0.4158931374549866,0.2420928180217743,131,552
0,2,-0.6814794540405273,2.6151344776153564,0.35677021741867065,0.2420928180217743,142,533
0,3,2.928231954574585,2.3031246662139893,-0.41183221340179443,0.2420928180217743,114,493
0,4,-2.0113108158111572,6.113850116729736,0.00824565440416336,0.7262784242630005,138,427
 , , , , , , , 
0,0,-0.5678995251655579,1.6026382446289062,-0.6415154337882996,0.2420928180217743,193,491
0,1,2.1012282371520996,1.84640634059906,-0.15747115015983582,0.2420928180217743,180,526
0,2,3.0465445518493652,2.425114870071411,0.20996221899986267,0.2420928180217743,112,476
0,3,-0.5726320147514343,1.5546329021453857,-0.17386023700237274,0.4841856360435486,279,409
0,4,-0.6530844569206238,1.5943511724472046,0.25406932830810547,0.4841856360435486,273,417
0,5,-2.5271530151367188,9.640911102294922,1.6882998943328857,0.4841856360435486,123,403
 , , , , , , , 
0,0,0.8920755386352539,0.4104636013507843,-0.06843886524438858,0.2420928180217743,124,418
0,1,0.9583304524421692,0.6070104837417603,0.056396160274744034,0.2420928180217743,224,395
0,2,-0.5217576622962952,1.5825231075286865,-0.8154311180114746,0.2420928180217743,208,457
0,3,-0.7098743915557861,2.7050766944885254,-0.4913088083267212,0.2420928180217743,154,543
0,4,-0.585646390914917,1.599101185798645,-0.049829740077257156,0.4841856360435486,356,378
0,5,0.958330512046814,0.143903449177742,-0.32530975341796875,-0.2420928180217743,128,389
 , , , , , , , 
0,0,0.9583304524421692,0.6082805395126343,-0.04046092554926872,0.2420928180217743,166,400
0,1,1.978183388710022,2.049407482147217,-0.4073162376880646,0.2420928180217743,129,559
0,2,-0.9086392521858215,1.4939783811569214,0.4948783218860626,0.4841856360435486,314,400
0,3,-0.6968600749969482,0.13389676809310913,-0.1179274469614029,-0.2420928180217743,340,345
0,4,0.8873429894447327,0.6782897710800171,-0.20636114478111267,-0.2420928180217743,125,385
 , , , , , , , 
0,0,0.8613142967224121,0.6179845929145813,-0.0007151350728236139,0.2420928180217743,132,363
0,1,-0.6246894598007202,1.706469178199768,0.015080827288329601,0.2420928180217743,350,408
0,2,2.1225244998931885,2.0442888736724854,0.190891295671463,0.2420928180217743,125,535
0,3,-0.8305530548095703,2.8214826583862305,-0.2647339999675751,0.2420928180217743,125,535
0,4,-2.9992194175720215,1.9190385341644287,5.316075325012207,0.2420928180217743,114,472
0,5,-0.6601831912994385,0.1580030769109726,-0.060061708092689514,-0.2420928180217743,141,354
0,6,1.0269516706466675,0.2628299593925476,-0.0076462202705442905,-0.2420928180217743,140,368
 , , , , , , , 
0,0,0.9938241839408875,0.5492480993270874,0.026067595928907394,0.2420928180217743,191,380
0,1,-0.579730749130249,1.7546308040618896,0.16346706449985504,0.2420928180217743,225,489
0,2,-0.9228367209434509,2.804497241973877,0.061923567205667496,0.2420928180217743,115,526
0,3,1.9379571676254272,2.2268636226654053,0.07789392024278641,0.2420928180217743,115,526
0,4,-2.4135730266571045,5.443853855133057,2.44207501411438,0.2420928180217743,126,450
0,5,-1.0269516706466675,0.20881150662899017,0.159799262881279,-0.2420928180217743,189,361
 , , , , , , , 
0,0,-0.6956769227981567,1.7161725759506226,-0.1110132560133934,0.2420928180217743,320,421
 , , , , , , , 
0,0,-0.6968600749969482,0.08313561975955963,-0.15787240862846375,0.2420928180217743,327,346
0,1,1.029317855834961,0.4779198467731476,0.04622724652290344,0.2420928180217743,160,373
0,2,-0.7382693886756897,1.8169023990631104,0.172267884016037,0.2420928180217743,269,414
0,3,-0.397529661655426,2.081176519393921,0.0757947713136673,0.4841856360435486,200,490
0,4,-1.0080217123031616,2.490537166595459,-0.08229023218154907,0.9683712720870972,127,472
0,5,0.9938241839408875,0.5341846346855164,-0.1303832083940506,-0.2420928180217743,189,397
 , , , , , , , 
0,0,-0.7335368990898132,0.09422729164361954,-0.16246779263019562,0.2420928180217743,379,348
0,1,-0.6897613406181335,1.8686728477478027,-0.24217364192008972,0.4841856360435486,310,405
0,2,-0.4046283960342407,2.1191773414611816,-0.04904342070221901,0.4841856360435486,199,487
0,3,2.6939735412597656,2.604602813720703,0.08415092527866364,0.4841856360435486,120,506
0,4,-1.613781213760376,4.407506465911865,-0.0959487184882164,0.9683712720870972,155,405
 , , , , , , , 
0,0,-1.3937201499938965,0.1650717705488205,-0.3163735568523407,0.2420928180217743,129,404
0,1,-0.585646390914917,1.9834823608398438,-0.24245019257068634,0.4841856360435486,369,400
0,2,-1.3629589080810547,4.648914337158203,-0.11996323615312576,0.7262784242630005,146,433
 , , , , , , , 
0,0,-0.4555027484893799,2.0301949977874756,-0.08241034299135208,0.2420928180217743,411,369
0,1,-0.27921727299690247,2.204352617263794,0.22902758419513702,0.2420928180217743,156,504
 , , , , , , , 
0,0,0.7335368990898132,0.16458337008953094,-0.09048138558864594,0.2420928180217743,168,347
0,1,0.9583304524421692,0.6062120795249939,-0.06441455334424973,0.2420928180217743,113,382
0,2,-0.5205745697021484,2.0145599842071533,-0.08072397112846375,0.2420928180217743,341,388
0,3,-0.5395045280456543,2.041633367538452,-0.44464564323425293,0.2420928180217743,345,394
 , , , , , , , 
0,0,0.7702137231826782,0.1529764086008072,-0.12445217370986938,0.2420928180217743,247,341
0,1,0.9938241839408875,0.48439261317253113,0.2602245509624481,0.2420928180217743,114,411
0,2,-0.5300395488739014,2.0487632751464844,-0.1292209029197693,0.2420928180217743,388,364
0,3,1.029317855834961,0.46296343207359314,0.12731535732746124,-0.2420928180217743,127,364
 , , , , , , , 
0,0,1.029317855834961,0.46487313508987427,0.12015525251626968,0.2420928180217743,130,389
0,1,-0.5300395488739014,2.0475988388061523,-0.1465185582637787,0.2420928180217743,370,365
0,2,-0.36085280776023865,2.275646209716797,0.15753063559532166,0.2420928180217743,197,502
0,3,-0.8755117654800415,2.638840913772583,-0.345211386680603,0.4841856360435486,119,520
0,4,1.0648115873336792,0.39510709047317505,0.010304585099220276,-0.2420928180217743,120,368
 , , , , , , , 
0,0,-0.4720664620399475,2.1052157878875732,-0.04755931347608566,0.2420928180217743,387,346
0,1,-0.36085280776023865,2.2809576988220215,-0.02477010153234005,0.2420928180217743,244,459
 , , , , , , , 
0,0,-0.4886302351951599,2.17592453956604,-0.1271992325782776,0.2420928180217743,403,372
 , , , , , , , 
0,0,0.7702137231826782,0.19184240698814392,-0.045679520815610886,0.2420928180217743,141,346
0,1,-0.4803483784198761,2.142416477203369,-0.03461889177560806,0.2420928180217743,347,362
0,2,-0.5773645043373108,2.1747894287109375,-0.5201322436332703,0.2420928180217743,324,391
 , , , , , , , 
0,0,-0.649535059928894,2.185293674468994,-0.3690427243709564,0.2420928180217743,377,375
 , , , , , , , 
0,0,0.7702137231826782,0.18724022805690765,-0.06189687177538872,0.2420928180217743,226,360
0,1,-0.4886302351951599,2.179628372192383,0.006884285248816013,0.2420928180217743,315,371
0,2,-0.8802443146705627,2.1642439365386963,0.2261003851890564,0.2420928180217743,294,387
0,3,-0.8459336757659912,2.300701856613159,0.2172231674194336,0.2420928180217743,206,485
0,4,-1.384255051612854,7.248037338256836,0.2323024719953537,0.2420928180217743,120,438
 , , , , , , , 
0,0,-0.5584345459938049,2.1544508934020996,0.18994271755218506,0.2420928180217743,213,362
0,1,-0.5868295431137085,2.237065315246582,-0.40133869647979736,0.2420928180217743,353,369
 , , , , , , , 
0,0,-0.5868295431137085,2.2699522972106934,0.11335881054401398,0.2420928180217743,363,359
 , , , , , , , 
0,0,-0.5678995251655579,2.192314863204956,0.1772100329399109,0.2420928180217743,242,360
0,1,-0.5962945222854614,2.306550979614258,-0.11545529961585999,0.2420928180217743,283,362
0,2,-0.5678995251655579,2.199232578277588,-0.032010022550821304,-0.2420928180217743,198,352
0,3,-0.5962945222854614,2.239856243133545,-0.562629222869873,-0.2420928180217743,238,353
 , , , , , , , 
0,0,-0.5962945222854614,2.301548719406128,-0.19073715806007385,0.2420928180217743,299,364
0,1,-0.7926931381225586,2.3843986988067627,0.34743577241897583,0.2420928180217743,113,459
 , , , , , , , 
0,0,-0.44722089171409607,2.3310387134552,-0.2352166771888733,0.2420928180217743,328,356
 , , , , , , , 
0,0,-0.38451528549194336,2.4231839179992676,0.19064685702323914,0.2420928180217743,260,388
 , , , , , , , 
0,0,-0.46141836047172546,2.3999454975128174,0.2887433171272278,0.2420928180217743,241,386
 , , , , , , , 
0,0,-0.3726840615272522,2.334613084793091,-0.31585246324539185,0.2420928180217743,325,370
0,1,-0.30761224031448364,2.4402098655700684,0.08227108418941498,0.2420928180217743,311,390
 , , , , , , , 
0,0,-0.44012215733528137,2.3053078651428223,-0.041837844997644424,0.2420928180217743,359,355
0,1,-0.3123447299003601,2.475580930709839,0.13315680623054504,0.2420928180217743,219,449
0,2,-0.44012215733528137,2.2823069095611572,-0.327521950006485,-0.2420928180217743,299,358
 , , , , , , , 
0,0,-0.4330233931541443,2.2654049396514893,0.11843890696763992,0.2420928180217743,247,359
0,1,-0.37859970331192017,2.3905632495880127,-0.11394169926643372,0.2420928180217743,328,358
0,2,-0.24135729670524597,2.5629825592041016,-0.02834402769804001,0.2420928180217743,114,476
0,3,-0.8944417834281921,3.96398663520813,-0.4535374343395233,0.2420928180217743,131,470
0,4,3.194434881210327,2.535727024078369,-0.2908366024494171,0.2420928180217743,131,470
0,5,-0.4330233931541443,2.2618260383605957,-0.17386749386787415,-0.2420928180217743,203,346
 , , , , , , , 
0,0,-0.44722089171409607,2.339390516281128,-0.12775030732154846,0.2420928180217743,338,370
0,1,-0.07926931232213974,2.500476360321045,0.4192434847354889,0.2420928180217743,141,471
0,2,-0.8944417834281921,3.9752776622772217,-0.340665727853775,0.2420928180217743,125,479
0,3,3.194434881210327,2.5203795433044434,-0.40272223949432373,0.2420928180217743,125,479
0,4,-0.688578188419342,7.305293083190918,0.32424023747444153,-0.2420928180217743,117,373
 , , , , , , , 
0,0,-0.44012215733528137,2.303302764892578,-0.10484055429697037,0.2420928180217743,289,348
0,1,-0.31707724928855896,2.5102038383483887,0.18102510273456573,0.2420928180217743,208,435
0,2,-0.31707724928855896,2.513165235519409,-0.13376963138580322,-0.2420928180217743,166,425
 , , , , , , , 
0,0,-0.366768479347229,2.317949056625366,-0.04995815083384514,0.2420928180217743,295,367
0,1,-0.3123447299003601,2.4694645404815674,-0.2190341353416443,0.2420928180217743,216,414
 , , , , , , , 
0,0,-0.366768479347229,2.317746639251709,0.05860069766640663,0.2420928180217743,272,373
0,1,-0.38451528549194336,2.4250986576080322,-0.1645081788301468,0.2420928180217743,277,375
 , , , , , , , 
0,0,-0.3726840615272522,2.355449676513672,0.04513854905962944,0.2420928180217743,291,354
0,1,-0.3726840615272522,2.340757131576538,-0.26652759313583374,-0.2420928180217743,235,356
 , , , , , , , 
0,0,-0.3726840615272522,2.35588002204895,-0.0032251798547804356,0.2420928180217743,258,354
0,1,-0.3218097388744354,2.5441927909851074,0.22684457898139954,0.2420928180217743,165,440
0,2,-1.0435154438018799,4.643531799316406,-0.3240153193473816,0.2420928180217743,125,409
0,3,-0.2981472611427307,2.3478591442108154,-0.29620859026908875,-0.2420928180217743,232,343
0,4,-0.46851709485054016,2.3310275077819824,-0.7685005068778992,-0.2420928180217743,227,365
 , , , , , , , 
0,0,-0.1609048694372177,2.564732551574707,0.15554264187812805,0.2420928180217743,139,418
0,1,-0.46141836047172546,2.328084707260132,-0.6504867076873779,-0.2420928180217743,323,347
0,2,-0.24135729670524597,2.5355353355407715,-0.3751581609249115,-0.2420928180217743,142,402
 , , , , , , , 
0,0,-0.08045243471860886,2.5681564807891846,0.16135691106319427,0.2420928180217743,188,387
0,1,-0.37859970331192017,2.2752480506896973,-0.7423081994056702,-0.2420928180217743,267,348
0,2,0.0,2.572340250015259,0.10488861799240112,-0.2420928180217743,126,394
 , , , , , , , 
0,0,-0.3726840615272522,2.3443572521209717,-0.23274503648281097,0.2420928180217743,249,353
0,1,-0.7039588093757629,3.021967649459839,-0.8534082174301147,0.2420928180217743,137,395
0,2,-0.37859970331192017,2.320528268814087,-0.5855969190597534,-0.2420928180217743,302,345
 , , , , , , , 
0,0,-0.3726840615272522,2.2952427864074707,-0.5310755968093872,-0.2420928180217743,331,360
0,1,-0.47561585903167725,2.483947515487671,0.19551342725753784,-0.2420928180217743,191,429
 , , , , , , , 
0,0,-0.23070918023586273,2.4482688903808594,0.09365695714950562,0.2420928180217743,242,356
0,1,-0.15380612015724182,2.4494235515594482,-0.18079417943954468,-0.2420928180217743,272,362
 , , , , , , , 
0,0,-0.29341477155685425,2.285064220428467,-0.4497685432434082,-0.2420928180217743,346,349
0,1,-0.38451528549194336,2.330242156982422,-0.691474974155426,-0.2420928180217743,255,375
0,2,-0.3963465690612793,2.487191915512085,0.3020210564136505,-0.2420928180217743,187,456
 , , , , , , , 
0,0,-0.22715981304645538,2.4121932983398438,0.028898732736706734,-0.2420928180217743,379,348
 , , , , , , , 
0,0,-0.3028797507286072,2.3844661712646484,-0.30610141158103943,-0.2420928180217743,349,370
0,1,-0.15853862464427948,2.5301077365875244,-0.08860914409160614,-0.2420928180217743,149,492
0,2,-0.47561585903167725,15.211225509643555,-0.17860816419124603,-0.2420928180217743,133,359
 , , , , , , , 
0,0,-0.3028797507286072,2.4033472537994385,-0.057437408715486526,-0.2420928180217743,309,402
 , , , , , , , 
0,0,-0.4330233931541443,2.265187978744507,-0.122516930103302,-0.4841856360435486,311,358
0,1,-0.20941296219825745,2.2088983058929443,-0.25787678360939026,-0.2420928180217743,310,348
0,2,-0.14907363057136536,2.314464569091797,-0.5568714737892151,-0.2420928180217743,279,392
 , , , , , , , 
0,0,-0.274484783411026,2.165513038635254,-0.23894178867340088,-0.4841856360435486,349,362
0,1,-0.21651169657707214,2.298336982727051,0.0660732090473175,-0.4841856360435486,291,382
0,2,-0.14907363057136536,2.37048077583313,-0.21834056079387665,-0.2420928180217743,155,453
 , , , , , , , 
0,0,-0.4259246587753296,2.226900577545166,0.1402163803577423,-0.4841856360435486,296,373
0,1,-0.26975226402282715,2.1353256702423096,-0.15703362226486206,-0.2420928180217743,335,352
 , , , , , , , 
0,0,-0.19166609644889832,2.014127016067505,-0.29374265670776367,-0.2420928180217743,311,348
0,1,-0.26975226402282715,2.130932569503784,0.20833203196525574,-0.2420928180217743,362,365
0,2,0.1443411260843277,2.3049161434173584,0.011101674288511276,-0.2420928180217743,120,516
0,3,0.21532857418060303,6.87260627746582,-0.4473251700401306,-0.2420928180217743,148,437
 , , , , , , , 
0,0,-0.25555479526519775,2.0191428661346436,-0.1936025619506836,-0.2420928180217743,396,343
0,1,-0.274484783411026,2.176288604736328,-0.10152740031480789,-0.2420928180217743,266,440
 , , , , , , , 
0,0,-0.19166609644889832,2.0353410243988037,-0.019452039152383804,-0.2420928180217743,357,348
0,1,-0.2650197744369507,2.103393793106079,0.023873114958405495,-0.2420928180217743,354,369
 , , , , , , , 
0,0,-0.25555479526519775,2.026991844177246,0.07566004991531372,0.2420928180217743,228,347
0,1,-0.25555479526519775,2.026503562927246,-0.08776929974555969,-0.2420928180217743,268,360
0,2,-0.33127471804618835,2.0852813720703125,-0.19217123091220856,-0.2420928180217743,250,373
0,3,-0.13960863649845123,2.226407527923584,0.1149134486913681,-0.2420928180217743,123,464
 , , , , , , , 
0,0,-0.2508223056793213,1.990836501121521,0.003920177463442087,0.2420928180217743,171,345
0,1,0.07098744064569473,2.2692835330963135,0.07396300882101059,0.2420928180217743,143,424
0,2,3.080855131149292,3.347750425338745,-1.1578032970428467,0.4841856360435486,128,379
0,3,-0.18811672925949097,1.9935678243637085,-0.1290607899427414,-0.2420928180217743,172,349
0,4,-0.4637846052646637,1.9896279573440552,0.5668823719024658,-0.2420928180217743,157,346
 , , , , , , , 
0,0,-0.19521546363830566,2.072995185852051,-0.023400194942951202,0.2420928180217743,347,340
0,1,-0.698043167591095,4.408655643463135,0.18664482235908508,0.2420928180217743,123,450
0,2,-0.1301436424255371,2.0509934425354004,-0.33534279465675354,-0.2420928180217743,282,350
 , , , , , , , 
0,0,-0.12777739763259888,2.03955078125,0.06028231233358383,0.2420928180217743,374,339
0,1,-0.06625494360923767,2.1189165115356445,0.02956666797399521,0.2420928180217743,349,359
0,2,-0.7039588093757629,4.448997497558594,0.09443657845258713,0.2420928180217743,121,472
0,3,-0.8045243620872498,5.058955669403076,-0.5210129022598267,0.2420928180217743,134,452
 , , , , , , , 
0,0,-0.19166609644889832,2.0326151847839355,-0.10708564519882202,0.2420928180217743,377,352
0,1,-0.33719033002853394,2.1211090087890625,0.21033494174480438,0.4841856360435486,307,378
0,2,-0.8045243620872498,5.057126045227051,-0.5384835004806519,0.4841856360435486,144,432
0,3,-1.0174866914749146,6.425563812255859,-0.28615546226501465,0.4841856360435486,118,418
 , , , , , , , 
0,0,0.07217056304216385,2.307840347290039,0.04754876345396042,0.2420928180217743,176,507
0,1,-0.13487613201141357,2.1508584022521973,0.11251337826251984,0.4841856360435486,377,361
 , , , , , , , 
0,0,-0.198764830827713,2.0999176502227783,-0.21426519751548767,0.4841856360435486,368,351
0,1,-0.26975226402282715,2.1139721870422363,-0.3397020101547241,0.4841856360435486,367,352
0,2,0.06980431824922562,2.2276694774627686,-0.1490054875612259,0.4841856360435486,319,378
0,3,0.07453681528568268,2.383171796798706,-0.06333111226558685,0.4841856360435486,131,550
 , , , , , , , 
0,0,-0.21651169657707214,6.846400737762451,-1.0403305292129517,0.2420928180217743,120,441
0,1,-0.13960863649845123,2.2017757892608643,-0.3496846556663513,0.4841856360435486,365,357
0,2,0.0,2.337019443511963,0.21964281797409058,0.4841856360435486,228,447
0,3,-0.20231419801712036,2.1364634037017822,-0.2272326797246933,0.7262784242630005,312,361
 , , , , , , , 
0,0,-0.07335369288921356,2.3227481842041016,-0.33070072531700134,0.0,304,344
0,1,-0.06980431824922562,2.22822642326355,0.140427827835083,0.4841856360435486,340,363
0,2,-0.21651169657707214,2.2637410163879395,-0.40273517370224,0.7262784242630005,362,372
 , , , , , , , 
0,0,-0.07098744064569473,2.270416021347046,0.018173661082983017,0.4841856360435486,386,352
0,1,-0.38451528549194336,2.4298880100250244,0.061729639768600464,0.7262784242630005,205,455
 , , , , , , , 
0,0,0.0,2.417003870010376,-0.17089645564556122,0.2420928180217743,377,372
 , , , , , , , 
0,0,-0.07335369288921356,2.338672161102295,-0.18744248151779175,0.2420928180217743,325,362
0,1,-0.0757199376821518,2.4182779788970947,-0.1315731704235077,0.4841856360435486,333,356
0,2,-0.31707724928855896,2.5160303115844727,-0.05902791768312454,0.4841856360435486,242,449
 , , , , , , , 
0,0,-0.0757199376821518,2.4008002281188965,-0.31864994764328003,0.2420928180217743,365,354
0,1,0.0,2.5708932876586914,0.13580751419067383,0.2420928180217743,215,464
 , , , , , , , 
0,0,-0.15617236495018005,2.493807077407837,-0.018070485442876816,0.4841856360435486,386,350
 , , , , , , , 
0,0,-0.23780792951583862,2.5253305435180664,-0.024182358756661415,0.4841856360435486,366,353
 , , , , , , , 
0,0,0.0,2.4898433685302734,-0.7905624508857727,0.2420928180217743,307,356
0,1,-0.25555479526519775,2.7044482231140137,-0.22645075619220734,0.4841856360435486,215,448
0,2,-0.40817779302597046,2.5232083797454834,-0.5395539402961731,0.7262784242630005,314,365
0,3,0.0,3.804288864135742,-0.38635069131851196,0.9683712720870972,123,400
 , , , , , , , 
0,0,-0.24135729670524597,2.56237530708313,0.06257528811693192,0.4841856360435486,328,352
0,1,-0.43775588274002075,2.7481846809387207,0.32407352328300476,0.4841856360435486,135,504
0,2,-0.579730749130249,2.5859298706054688,-0.02067740075290203,0.7262784242630005,304,366
0,3,-0.13605926930904388,4.343323230743408,-0.27100616693496704,0.9683712720870972,135,431
 , , , , , , , 
0,0,-0.24490666389465332,2.599438190460205,-0.08514788746833801,0.4841856360435486,345,359
0,1,0.0840018093585968,2.4925081729888916,-1.0029966831207275,0.4841856360435486,324,365
0,2,-0.5253070592880249,2.68884539604187,0.5859490036964417,0.4841856360435486,185,463
0,3,-0.27921727299690247,4.458737373352051,-0.006413827184587717,0.9683712720870972,159,409
 , , , , , , , 
0,0,-0.25555479526519775,2.7036685943603516,-0.23557625710964203,0.2420928180217743,339,360
0,1,0.0,2.7895822525024414,-0.530072033405304,0.2420928180217743,181,436
0,2,3.180237293243408,3.3913142681121826,-1.3673083782196045,0.2420928180217743,117,496
0,3,-0.24845603108406067,2.633444309234619,-0.16367347538471222,0.4841856360435486,297,352
0,4,2.0113108158111572,2.278252124786377,2.2578682899475098,0.4841856360435486,112,493
 , , , , , , , 
0,0,-0.25555479526519775,2.713911533355713,0.001924824551679194,0.2420928180217743,335,358
0,1,-0.08991742879152298,2.8620405197143555,-0.2825354337692261,0.2420928180217743,207,439
0,2,2.071650266647339,2.463735818862915,2.201129674911499,0.9683712720870972,175,386
 , , , , , , , 
0,0,-0.26265352964401245,2.7892255783081055,-0.020179811865091324,0.2420928180217743,379,357
0,1,-0.36913469433784485,2.9259088039398193,-0.15318305790424347,0.2420928180217743,172,496
0,2,-0.26975226402282715,8.621846199035645,-0.3219701945781708,0.2420928180217743,121,425
 , , , , , , , 
0,0,-0.3502047061920166,2.702069044113159,-0.652191162109375,0.2420928180217743,347,353
0,1,0.0,2.9127137660980225,0.12079709023237228,0.2420928180217743,243,429
0,2,-0.1751023530960083,2.7622947692871094,-0.43386703729629517,0.7262784242630005,310,368
 , , , , , , , 
0,0,-0.17273610830307007,2.7576916217803955,-0.06137513741850853,0.2420928180217743,317,355
0,1,-0.35493719577789307,2.789414882659912,-0.3948797583580017,0.2420928180217743,359,353
0,2,-0.18456734716892242,2.9462952613830566,-0.07710245251655579,0.2420928180217743,242,437
0,3,-0.8660467863082886,4.532094478607178,-0.2108721286058426,0.2420928180217743,113,493
 , , , , , , , 
0,0,-0.18693359196186066,2.985076904296875,-0.008816316723823547,0.2420928180217743,255,453
0,1,-0.08991742879152298,2.8707435131073,-0.17301540076732635,0.4841856360435486,370,366
 , , , , , , , 
0,0,-0.2733016610145569,2.893450975418091,-0.2274700552225113,0.2420928180217743,383,356
 , , , , , , , 
0,0,-0.2733016610145569,2.8859269618988037,-0.30858710408210754,0.4841856360435486,354,371
 , , , , , , , 
0,0,-0.18456734716892242,2.9466800689697266,-0.06065041944384575,0.2420928180217743,359,351
0,1,-0.09583304822444916,3.063412666320801,0.10347970575094223,0.2420928180217743,306,407
 , , , , , , , 
0,0,-0.2839497923851013,2.988180160522461,-0.4046822488307953,0.2420928180217743,356,362
0,1,-0.397529661655426,3.1547935009002686,-0.05618177354335785,0.2420928180217743,174,500
 , , , , , , , 
0,0,-0.2804003953933716,2.9614949226379395,-0.310853511095047,0.2420928180217743,337,354
0,1,0.0,3.1040735244750977,0.05250551924109459,0.2420928180217743,309,392
0,2,-0.40699467062950134,2.92319917678833,-1.3749619722366333,0.9683712720870972,155,364
 , , , , , , , 
0,0,-0.09701617062091827,3.102983236312866,-0.01062653586268425,0.2420928180217743,348,373
 , , , , , , , 
0,0,-0.18929985165596008,3.0220489501953125,0.07071628421545029,0.2420928180217743,321,353
0,1,0.0,3.1405508518218994,0.10712932795286179,0.2420928180217743,300,385
 , , , , , , , 
0,0,-0.2874991297721863,3.037076950073242,-0.3128843903541565,0.2420928180217743,396,349
 , , , , , , , 
0,0,-0.2874991297721863,3.0410778522491455,-0.2712530493736267,0.2420928180217743,386,351
 , , , , , , , 
0,0,-0.291048526763916,3.077096939086914,-0.291196346282959,0.2420928180217743,371,347
0,1,-0.10056554526090622,3.215280294418335,-0.0895027443766594,0.2420928180217743,281,414
 , , , , , , , 
0,0,-0.198764830827713,3.1632962226867676,-0.26068803668022156,0.2420928180217743,383,352
 , , , , , , , 
0,0,-0.39279717206954956,3.110813856124878,-0.2075672149658203,0.2420928180217743,376,357
 , , , , , , , 
0,0,-0.397529661655426,3.154305934906006,-0.0789501965045929,0.2420928180217743,362,349
0,1,-0.2058635801076889,3.286862850189209,-0.05818156152963638,0.2420928180217743,297,401
 , , , , , , , 
0,0,-0.4022621810436249,3.1743717193603516,-0.34307509660720825,0.2420928180217743,375,345
0,1,-0.10529803484678268,3.366079092025757,-0.11047449707984924,0.2420928180217743,227,454
 , , , , , , , 
0,0,-0.4022621810436249,3.1865146160125732,-0.2011498659849167,0.2420928180217743,317,351
0,1,-0.21059606969356537,3.3576083183288574,0.1894635409116745,0.2420928180217743,208,425
0,2,-0.30169662833213806,3.166280746459961,-0.4896913170814514,-0.2420928180217743,257,350
 , , , , , , , 
0,0,-0.30169662833213806,3.171957492828369,-0.4514607787132263,0.2420928180217743,273,355
 , , , , , , , 
0,0,-0.20349733531475067,3.1501059532165527,-0.7979219555854797,0.2420928180217743,291,354
 , , , , , , , 
0,0,-0.30879536271095276,3.2217166423797607,-0.6118986010551453,0.2420928180217743,286,346
0,1,-0.40699467062950134,3.1886675357818604,-0.5177000164985657,-0.2420928180217743,254,345
 , , , , , , , 
0,0,-0.4022621810436249,3.1921703815460205,-0.06621629744768143,0.2420928180217743,236,354
0,1,-0.21059606969356537,3.3528811931610107,0.26003313064575195,0.2420928180217743,120,402
0,2,-0.4022621810436249,3.158217668533325,-0.4690399467945099,-0.2420928180217743,280,343
0,3,-0.21059606969356537,3.3614108562469482,-0.10171615332365036,-0.2420928180217743,128,400
 , , , , , , , 
0,0,-0.30169662833213806,3.200338840484619,-0.15153558552265167,0.2420928180217743,134,359
0,1,0.0,3.360062837600708,0.2525053918361664,0.2420928180217743,184,382
0,2,-0.20113109052181244,3.1086373329162598,-0.8075095415115356,-0.2420928180217743,151,350
0,3,-0.2058635801076889,3.129894971847534,-1.00529146194458,-0.2420928180217743,152,349
 , , , , , , , 
0,0,-0.5087433457374573,3.1503498554229736,-0.6463234424591064,0.2420928180217743,181,354
0,1,-0.40699467062950134,3.1190218925476074,-0.841020405292511,-0.2420928180217743,222,354
 , , , , , , , 
0,0,-0.30879536271095276,3.279149055480957,0.0325559638440609,0.2420928180217743,195,359
0,1,-0.3123447299003601,3.3059444427490234,-0.2706391513347626,-0.2420928180217743,234,348
 , , , , , , , 
0,0,-0.6033932566642761,2.691805124282837,-1.6571825742721558,-0.2420928180217743,146,349
0,1,-0.4164596498012543,3.2984912395477295,-0.21584440767765045,-0.2420928180217743,159,343
 , , , , , , , 
0,0,-0.30879536271095276,3.2600724697113037,0.35469111800193787,0.2420928180217743,145,349
0,1,-0.2058635801076889,3.284388303756714,-0.14016751945018768,-0.2420928180217743,159,345
 , , , , , , , 
0,0,-0.40699467062950134,3.2297306060791016,0.06673745065927505,0.2420928180217743,145,353
0,1,0.0,3.404231309890747,0.14685119688510895,0.2420928180217743,128,375
0,2,-0.3052459955215454,3.21354341506958,-0.42570221424102783,-0.2420928180217743,151,360
0,3,0.0,3.3996503353118896,-0.2296404093503952,-0.2420928180217743,142,379
 , , , , , , , 
0,0,-0.10174866765737534,3.250253915786743,-0.16356776654720306,-0.2420928180217743,142,340
 , , , , , , , 
0,0,-0.3052459955215454,3.2277374267578125,-0.29965656995773315,0.2420928180217743,119,361
0,1,-0.20349733531475067,3.1881022453308105,-0.629166841506958,-0.2420928180217743,146,346
0,2,0.0,3.3695082664489746,0.013945698738098145,-0.2420928180217743,125,356
 , , , , , , , 
0,0,0.0,3.362281560897827,-0.2210049033164978,-0.2420928180217743,150,344
 , , , , , , , 
0,0,-0.20349733531475067,3.245217800140381,0.1685464233160019,0.2420928180217743,128,359
0,1,-0.10174866765737534,3.252836227416992,-0.09980751574039459,-0.2420928180217743,143,353
 , , , , , , , 
0,0,-0.3123447299003601,3.3151540756225586,-0.11076188832521439,-0.2420928180217743,123,357
 , , , , , , , 
0,0,-0.3052459955215454,3.238917112350464,-0.13228581845760345,0.2420928180217743,122,354
0,1,-0.3052459955215454,3.19311785697937,-0.5586427450180054,-0.2420928180217743,138,352
 , , , , , , , 
0,0,-0.20349733531475067,3.216956377029419,-0.4593898355960846,-0.2420928180217743,139,343
 , , , , , , , 
0,0,-0.10174866765737534,3.2534804344177246,0.07596580684185028,-0.2420928180217743,129,354
 , , , , , , , 
0,0,-0.20113109052181244,3.099755048751831,-0.840961754322052,-0.2420928180217743,132,343
 , , , , , , , 
0,0,-0.30169662833213806,3.1810145378112793,-0.38246238231658936,-0.2420928180217743,131,356
 , , , , , , , 
0,0,-0.30169662833213806,3.202040672302246,0.10984542220830917,0.2420928180217743,151,352
0,1,-0.3052459955215454,3.231666088104248,-0.2538059651851654,-0.2420928180217743,159,361
 , , , , , , , 
0,0,0.0,3.369431257247925,-0.026732400059700012,0.2420928180217743,121,366
0,1,-0.3052459955215454,3.22979736328125,-0.2765725255012512,-0.2420928180217743,169,358
0,2,-0.10529803484678268,3.3337175846099854,-0.4785603880882263,-0.2420928180217743,146,377
 , , , , , , , 
0,0,-0.10529803484678268,3.359617233276367,0.23593339323997498,0.2420928180217743,167,370
0,1,-0.30169662833213806,3.1395413875579834,-0.6390702724456787,-0.2420928180217743,275,350
0,2,0.10529803484678268,3.366966485977173,-0.07892846316099167,-0.2420928180217743,187,390
 , , , , , , , 
0,0,-0.2981472611427307,3.1647214889526367,-0.09775103628635406,0.2420928180217743,217,354
0,1,-0.2981472611427307,3.111030101776123,-0.5886489748954773,-0.2420928180217743,273,357
0,2,-0.10411491245031357,3.3290507793426514,0.08157628774642944,-0.2420928180217743,153,403
 , , , , , , , 
0,0,-0.20113109052181244,3.2094900608062744,-0.12194418162107468,-0.2420928180217743,353,339
 , , , , , , , 
0,0,-0.2981472611427307,3.1284117698669434,-0.48791128396987915,-0.2420928180217743,356,347
0,1,-0.5264901518821716,3.2594382762908936,0.6727936863899231,-0.2420928180217743,130,474
 , , , , , , , 
0,0,-0.19403234124183655,3.0967519283294678,-0.10250946134328842,-0.2420928180217743,290,339
0,1,-0.4022621810436249,3.129103422164917,-0.6348607540130615,-0.2420928180217743,339,348
0,2,-0.5205745697021484,3.2903335094451904,-0.052729517221450806,-0.2420928180217743,198,444
 , , , , , , , 
0,0,0.8068905472755432,0.15005308389663696,-0.14200790226459503,0.2420928180217743,126,361
0,1,-0.294597864151001,3.1104676723480225,-0.3357641398906708,-0.2420928180217743,393,348
 , , , , , , , 
0,0,0.7702137231826782,0.14341624081134796,-0.13535842299461365,0.2420928180217743,254,352
0,1,-0.38333219289779663,3.0387959480285645,-0.15219731628894806,-0.2420928180217743,376,380
0,2,-0.3052459955215454,3.2416157722473145,-0.0032683727331459522,-0.2420928180217743,179,491
 , , , , , , , 
0,0,0.7702137231826782,0.12950469553470612,-0.14872342348098755,0.2420928180217743,235,350
0,1,-0.38333219289779663,3.0315401554107666,-0.2592477798461914,-0.2420928180217743,341,403
0,2,-0.30169662833213806,3.1992781162261963,0.17248179018497467,-0.2420928180217743,189,496
 , , , , , , , 
0,0,0.7453681230545044,0.2136046588420868,-0.17583715915679932,0.2420928180217743,213,357
0,1,-1.173659086227417,0.2876909375190735,-0.08681374788284302,0.2420928180217743,138,371
0,2,0.7453681230545044,0.07619407773017883,-0.2659701406955719,-0.2420928180217743,216,362
0,3,-0.3738671839237213,2.9668056964874268,-0.06320503354072571,-0.2420928180217743,285,401
0,4,-0.2839497923851013,3.0137341022491455,0.10195130854845047,-0.2420928180217743,288,398
0,5,-0.397529661655426,3.1414804458618164,0.29492390155792236,-0.2420928180217743,198,471
 , , , , , , , 
0,0,0.7453681230545044,0.20028817653656006,-0.19086723029613495,0.2420928180217743,214,341
0,1,-0.3738671839237213,2.9608922004699707,-0.19760960340499878,-0.2420928180217743,300,409
0,2,-0.291048526763916,2.994131565093994,-0.7671350836753845,-0.2420928180217743,222,439
 , , , , , , , 
0,0,0.7453681230545044,0.21151256561279297,-0.17834822833538055,0.2420928180217743,244,345
0,1,1.0636285543441772,0.49106863141059875,-0.07086271792650223,0.2420928180217743,150,366
0,2,0.7453681230545044,0.060081228613853455,-0.2700664699077606,-0.2420928180217743,265,339
0,3,-0.9535979628562927,0.2160848081111908,-0.11367186903953552,-0.2420928180217743,154,434
0,4,-0.36913469433784485,2.919548273086548,-0.24626260995864868,-0.2420928180217743,253,428
0,5,-0.291048526763916,3.0907461643218994,-0.024643918499350548,-0.2420928180217743,219,474
 , , , , , , , 
0,0,0.9535979628562927,0.2378593236207962,0.05510791763663292,-0.2420928180217743,163,450
0,1,1.0293179750442505,0.36012962460517883,0.1275990754365921,-0.2420928180217743,169,427
0,2,-0.36913469433784485,2.9257020950317383,-0.1570819765329361,-0.2420928180217743,212,475
0,3,-0.09819929301738739,3.1407651901245117,-0.02205769717693329,-0.2420928180217743,121,527
 , , , , , , , 
0,0,2.2857956886291504,1.259334683418274,-0.11628793925046921,0.2420928180217743,114,376
0,1,-0.18929985165596008,2.9874165058135986,-0.46165356040000916,-0.2420928180217743,209,495
 , , , , , , , 
0,0,0.7098744511604309,0.20072253048419952,-0.17070350050926208,0.2420928180217743,139,345
0,1,0.7098744511604309,0.15275244414806366,-0.21469958126544952,-0.2420928180217743,163,337
0,2,1.029317855834961,0.44708022475242615,-0.17511023581027985,-0.2420928180217743,138,403
0,3,-0.2804003953933716,2.9434540271759033,-0.4507332742214203,-0.2420928180217743,281,449
 , , , , , , , 
0,0,-0.9169211387634277,0.21980787813663483,-0.08246763795614243,-0.2420928180217743,197,393
0,1,1.0648115873336792,0.38816604018211365,0.07445064187049866,-0.2420928180217743,115,405
0,2,-0.36913469433784485,2.92924165725708,0.0628502368927002,-0.2420928180217743,223,441
 , , , , , , , 
0,0,0.9169211387634277,0.2218988686800003,0.07666359096765518,0.2420928180217743,160,381
0,1,-0.27685102820396423,2.888582468032837,-0.547823965549469,-0.2420928180217743,267,429
0,2,-0.2804003953933716,2.9034554958343506,-0.6610819697380066,-0.2420928180217743,265,431
 , , , , , , , 
0,0,0.6862119436264038,0.2768820822238922,-0.16062521934509277,0.2420928180217743,215,351
0,1,0.880244255065918,0.210645392537117,0.08014921844005585,0.2420928180217743,167,381
0,2,-0.4555027484893799,2.876748561859131,0.12381301075220108,0.2420928180217743,203,385
0,3,0.7098744511604309,0.09493986517190933,-0.24579593539237976,-0.2420928180217743,238,360
0,4,-0.3644022047519684,2.883457660675049,-0.22666482627391815,-0.2420928180217743,221,419
 , , , , , , , 
0,0,0.7098744511604309,0.1910894811153412,-0.18142223358154297,0.2420928180217743,230,351
0,1,-0.4555027484893799,2.8789093494415283,0.05378825217485428,0.2420928180217743,234,370
0,2,-0.291048526763916,3.090580940246582,0.04037250950932503,0.2420928180217743,126,418
0,3,-0.3644022047519684,2.8802011013031006,-0.2648542523384094,-0.2420928180217743,271,381
0,4,-0.19166609644889832,3.0554111003875732,-0.179209366440773,-0.2420928180217743,139,439
 , , , , , , , 
0,0,0.7098744511604309,0.15424008667469025,-0.21363335847854614,0.2420928180217743,185,355
0,1,-0.36913469433784485,2.9062023162841797,-0.3720136284828186,0.2420928180217743,267,372
0,2,-0.46141836047172546,2.8645880222320557,-0.5494505763053894,-0.2420928180217743,301,369
0,3,-0.582097053527832,3.048229932785034,-0.08652617037296295,-0.2420928180217743,124,457
 , , , , , , , 
0,0,-0.46141836047172546,2.916625738143921,-0.03247674182057381,0.2420928180217743,268,363
0,1,-0.3644022047519684,2.8741862773895264,-0.3236646056175232,-0.2420928180217743,337,357
 , , , , , , , 
0,0,-0.3596697151660919,2.8546061515808105,0.03238184005022049,0.2420928180217743,235,361
0,1,-0.3644022047519684,2.858912467956543,-0.4385489821434021,-0.2420928180217743,299,355
0,2,-0.5749982595443726,3.0100839138031006,-0.11472214758396149,-0.2420928180217743,163,443
 , , , , , , , 
0,0,-0.4555027484893799,2.8643949031829834,-0.29369044303894043,-0.2420928180217743,318,359
0,1,-0.46141836047172546,2.9027392864227295,-0.28611886501312256,-0.2420928180217743,315,362
 , , , , , , , 
0,0,0.7098744511604309,0.19057083129882812,-0.18196697533130646,0.2420928180217743,198,344
0,1,-0.3644022047519684,2.8903696537017822,-0.10709147900342941,0.2420928180217743,238,373
0,2,-0.3644022047519684,2.8285746574401855,-0.6040453910827637,-0.2420928180217743,297,376
 , , , , , , , 
0,0,0.6388869881629944,0.38888558745384216,-0.11807789653539658,0.2420928180217743,117,351
0,1,-0.3644022047519684,2.8922743797302246,-0.021312663331627846,0.2420928180217743,212,375
0,2,-0.36913469433784485,2.8688414096832275,-0.5951093435287476,-0.7262784242630005,253,347
0,3,-0.09464992582798004,3.026395082473755,0.07476283609867096,-0.2420928180217743,258,382
 , , , , , , , 
0,0,0.7335368990898132,0.15852539241313934,-0.10071872919797897,0.2420928180217743,118,350
0,1,-0.3644022047519684,2.855192184448242,-0.4621499180793762,-0.2420928180217743,358,364
 , , , , , , , 
0,0,0.7335368990898132,0.14650750160217285,-0.11751645058393478,0.2420928180217743,151,360
0,1,-0.17983485758304596,2.871586561203003,-0.02894480712711811,-0.2420928180217743,300,381
 , , , , , , , 
0,0,0.7335368990898132,0.04452915117144585,-0.18246018886566162,0.2420928180217743,227,345
0,1,2.457348585128784,0.3464803695678711,-0.5251858234405518,-0.2420928180217743,123,377
0,2,-0.17746859788894653,2.8338098526000977,-0.027793658897280693,-0.2420928180217743,281,448
0,3,0.0,2.9909374713897705,0.0006800202536396682,-0.2420928180217743,131,511
 , , , , , , , 
0,0,0.7098744511604309,0.2238585650920868,-0.13898403942584991,0.2420928180217743,173,353
0,1,-0.9169211387634277,0.16668416559696198,0.16532635688781738,0.2420928180217743,116,397
0,2,0.7098744511604309,0.11515737324953079,-0.23699788749217987,-0.2420928180217743,208,356
0,3,-0.26265352964401245,2.787313222885132,0.10522487759590149,-0.2420928180217743,269,433
0,4,-0.18693359196186066,2.985041618347168,0.01698683574795723,-0.2420928180217743,122,525
 , , , , , , , 
0,0,0.7098744511604309,0.15526175498962402,-0.21289201080799103,0.2420928180217743,152,339
0,1,0.880244255065918,0.15578822791576385,0.16286621987819672,0.2420928180217743,123,378
0,2,-0.1822011023759842,2.900085210800171,-0.234100803732872,-0.4841856360435486,230,468
0,3,2.378079414367676,0.5672478079795837,-0.6763131618499756,-0.2420928180217743,115,392
0,4,-0.2591041624546051,2.749770164489746,-0.10048075020313263,-0.2420928180217743,229,449
 , , , , , , , 
0,0,0.9169211387634277,0.21483248472213745,0.09467533230781555,0.2420928180217743,180,398
0,1,-0.34547221660614014,2.7385449409484863,-0.13959775865077972,-0.4841856360435486,386,365
0,2,-0.17983485758304596,2.869959831237793,-0.10087744146585464,-0.4841856360435486,253,442
0,3,0.9606966972351074,0.16856804490089417,-0.41522809863090515,-0.2420928180217743,140,361
 , , , , , , , 
0,0,0.7335368990898132,0.15387940406799316,-0.10768331587314606,0.2420928180217743,295,350
0,1,0.8518493175506592,0.28587809205055237,0.13509905338287354,0.2420928180217743,158,413
0,2,0.9938241243362427,0.2819535434246063,0.23787294328212738,0.2420928180217743,115,396
0,3,-0.3360072374343872,2.6528115272521973,-0.27449163794517517,-0.4841856360435486,410,368
0,4,-0.34073972702026367,2.687373399734497,-0.3042183220386505,-0.4841856360435486,406,372
 , , , , , , , 
0,0,0.7335368990898132,0.1750905066728592,-0.06795498728752136,0.2420928180217743,322,348
0,1,0.7335368990898132,0.08838669210672379,-0.1657177060842514,-0.2420928180217743,270,352
0,2,-0.3265422284603119,2.590320348739624,-0.08899383246898651,-0.2420928180217743,370,394
0,3,-0.2591041624546051,2.749871015548706,0.09767980128526688,-0.2420928180217743,231,477
 , , , , , , , 
0,0,0.7098744511604309,0.24724477529525757,-0.09110015630722046,0.2420928180217743,294,361
0,1,0.9535979628562927,0.22628828883171082,0.0916927307844162,0.2420928180217743,156,477
0,2,0.9938241839408875,0.5423811078071594,-0.09042000025510788,0.2420928180217743,133,456
0,3,-0.3265422284603119,2.5918447971343994,-0.0043635438196361065,-0.2420928180217743,370,395
 , , , , , , , 
0,0,0.9606966972351074,0.4047231078147888,0.1924285739660263,0.2420928180217743,167,439
0,1,0.9938241839408875,0.5429324507713318,0.08704805374145508,0.2420928180217743,162,426
0,2,-0.3265422284603119,2.591603994369507,0.03560749068856239,-0.2420928180217743,319,401
 , , , , , , , 
0,0,0.995007336139679,0.3932344317436218,0.24657130241394043,0.2420928180217743,181,418
0,1,0.9902748465538025,0.588005781173706,-0.22601009905338287,0.2420928180217743,126,421
0,2,2.5307023525238037,0.39356520771980286,-0.5147436857223511,0.2420928180217743,162,468
0,3,-0.0840018093585968,2.6824233531951904,0.15232765674591064,-0.4841856360435486,298,418
0,4,-0.3963465690612793,2.4724280834198,-0.4055119454860687,-0.2420928180217743,287,383
 , , , , , , , 
0,0,0.7205225229263306,0.3222344219684601,-0.09555923938751221,0.2420928180217743,257,343
0,1,0.958330512046814,0.32138437032699585,0.1524687558412552,0.2420928180217743,138,446
0,2,1.0269516706466675,0.5575388073921204,0.10952797532081604,0.2420928180217743,147,428
0,3,-0.24490666389465332,2.6005284786224365,0.03977081924676895,-0.4841856360435486,342,375
0,4,0.7098744511604309,0.18166260421276093,-0.19086098670959473,-0.2420928180217743,218,346
0,5,-0.24490666389465332,2.588620185852051,0.25174325704574585,-0.2420928180217743,308,409
 , , , , , , , 
0,0,0.7702137231826782,0.19515936076641083,-0.028336388990283012,0.2420928180217743,217,345
0,1,0.9902748465538025,0.6192842721939087,-0.11540522426366806,0.2420928180217743,138,383
0,2,1.0269516706466675,0.5418069958686829,-0.17114649713039398,-0.2420928180217743,126,372
0,3,-0.39043092727661133,2.460754871368408,-0.18984226882457733,-0.2420928180217743,382,355
 , , , , , , , 
0,0,0.7702137231826782,0.18462270498275757,-0.06931509077548981,0.2420928180217743,192,349
0,1,1.029317855834961,0.46339812874794006,0.12572389841079712,0.2420928180217743,185,368
0,2,-0.3371903598308563,6.685887336730957,-8.462345123291016,-0.4841856360435486,137,364
0,3,0.7702137231826782,0.05649317428469658,-0.1889408528804779,-0.2420928180217743,175,359
0,4,1.0636285543441772,0.48619985580444336,-0.09889193624258041,-0.2420928180217743,150,367
0,5,-0.30761224031448364,2.385319709777832,-0.5211933255195618,-0.2420928180217743,339,371
0,6,-0.40817779302597046,2.5744943618774414,-0.17227549850940704,-0.2420928180217743,241,448
0,7,-0.6720144748687744,2.6016976833343506,-0.07225728780031204,-0.2420928180217743,135,528
 , , , , , , , 
0,0,0.7205225229263306,0.3132363557815552,-0.12185884267091751,0.2420928180217743,200,353
0,1,-0.37859970331192017,2.362933874130249,-0.3798936903476715,-0.4841856360435486,395,363
0,2,-0.7808618545532227,4.07041597366333,-0.40722715854644775,-0.4841856360435486,120,509
0,3,0.7453681230545044,0.18789690732955933,-0.20307734608650208,-0.2420928180217743,172,353
0,4,-0.47561585903167725,2.470930576324463,-0.32050424814224243,-0.2420928180217743,242,428
0,5,-0.6625494360923767,2.5650484561920166,0.07143796980381012,-0.2420928180217743,116,551
 , , , , , , , 
0,0,0.7453681230545044,0.2666774094104767,-0.07368049025535583,0.2420928180217743,245,344
0,1,-0.7702137231826782,3.4346723556518555,-0.08411303162574768,-0.7262784242630005,121,447
0,2,-0.44722089171409607,2.340078353881836,-0.11446026712656021,-0.4841856360435486,369,353
0,3,0.7453681230545044,0.20114363729953766,-0.18996550142765045,-0.2420928180217743,223,345
0,4,-0.6341544985771179,2.4005000591278076,-0.5194979310035706,-0.2420928180217743,194,443
 , , , , , , , 
0,0,-0.366768479347229,2.299494743347168,-0.2961546778678894,-0.4841856360435486,355,358
0,1,-0.38451528549194336,2.427424430847168,0.1256076544523239,-0.4841856360435486,283,393
0,2,-0.73471999168396,2.5062670707702637,-0.05585966631770134,-0.4841856360435486,116,552
 , , , , , , , 
0,0,0.7453681230545044,0.26841816306114197,-0.06706220656633377,0.2420928180217743,156,348
0,1,0.7453681230545044,0.2138657122850418,-0.17551955580711365,-0.2420928180217743,145,356
0,2,-0.4330233931541443,2.268387794494629,0.022450556978583336,-0.2420928180217743,396,362
 , , , , , , , 
0,0,0.7453681230545044,0.2698275148868561,-0.061145469546318054,0.2420928180217743,149,351
0,1,-1.1263340711593628,4.141326427459717,-1.3707085847854614,-0.7262784242630005,133,401
0,2,0.7453681230545044,0.22625598311424255,-0.15922904014587402,-0.2420928180217743,136,354
0,3,-0.5678995251655579,2.1988470554351807,-0.05215435102581978,-0.2420928180217743,387,367
0,4,-0.7453681230545044,2.2309160232543945,-0.3956194818019867,-0.2420928180217743,266,425
 , , , , , , , 
0,0,-0.4886302351951599,2.1796388626098633,-0.0008902697009034455,-0.2420928180217743,438,359
 , , , , , , , 
0,0,-0.62823885679245,2.1434295177459717,0.024740390479564667,-0.2420928180217743,382,365
0,1,-0.6601832509040833,2.235718011856079,-0.2750014662742615,-0.2420928180217743,206,432
 , , , , , , , 
0,0,-0.4188259243965149,2.1936874389648438,-0.04366018995642662,-0.2420928180217743,377,363
 , , , , , , , 
0,0,0.7453681230545044,0.27661556005477905,0.005430615972727537,0.2420928180217743,197,352
0,1,2.3958261013031006,1.9113547801971436,0.1054937094449997,0.2420928180217743,130,445
0,2,-0.5749982595443726,3.011775493621826,0.05452796444296837,0.2420928180217743,130,445
0,3,0.7702137231826782,0.16185931861400604,-0.11265736818313599,-0.2420928180217743,214,349
0,4,-0.6175907850265503,2.0992634296417236,-0.18318313360214233,-0.2420928180217743,338,355
0,5,-0.7938761711120605,2.1420929431915283,-0.33881357312202454,-0.2420928180217743,233,401
 , , , , , , , 
0,0,-0.6873950362205505,3.0662567615509033,0.00964357703924179,0.2420928180217743,115,495
0,1,-0.6956769227981567,3.102790117263794,0.05133892968297005,0.2420928180217743,116,494
0,2,-4.8803863525390625,9.008480072021484,1.8515609502792358,0.2420928180217743,122,390
0,3,2.802820920944214,2.6600823402404785,-0.5242686867713928,-0.4841856360435486,127,484
0,4,-0.6743806600570679,2.048794746398926,-0.06850463896989822,-0.2420928180217743,229,358
0,5,-0.7217056155204773,2.162142276763916,-0.3713192343711853,-0.2420928180217743,333,389
 , , , , , , , 
0,0,-0.4969120919704437,2.21170711517334,0.14693017303943634,0.2420928180217743,285,355
0,1,-0.9938241243362427,2.372915744781494,-0.6365009546279907,0.2420928180217743,128,498
0,2,-0.795059323310852,3.076526403427124,-0.12951599061489105,0.2420928180217743,114,495
0,3,-0.4259246587753296,2.2006373405456543,-0.3687024414539337,-0.2420928180217743,248,351
0,4,-1.0269516706466675,2.096783399581909,-0.24242964386940002,-0.2420928180217743,196,387
 , , , , , , , 
0,0,0.7702137231826782,0.19719381630420685,0.002172132721170783,0.2420928180217743,175,346
0,1,-0.6862119436264038,2.0585005283355713,0.33700114488601685,0.2420928180217743,183,375
0,2,2.3851780891418457,2.102898120880127,0.05151095241308212,0.2420928180217743,135,493
0,3,-5.205745697021484,8.763626098632812,2.120900869369507,0.2420928180217743,117,383
0,4,-2.1189751625061035,7.221564769744873,-0.3494584858417511,0.4841856360435486,160,398
0,5,0.7702137231826782,0.15229743719100952,-0.1252821385860443,-0.2420928180217743,179,350
0,6,-0.9938241839408875,1.949735403060913,-0.6091005206108093,-0.2420928180217743,152,364
0,7,-0.692127525806427,1.4220377206802368,-1.8854141235351562,-0.2420928180217743,162,427
 , , , , , , , 
0,0,-0.7098743915557861,2.1567771434783936,0.0674431100487709,0.2420928180217743,236,364
0,1,-0.795059323310852,3.0777978897094727,-0.09460178762674332,0.2420928180217743,129,475
0,2,2.3851780891418457,2.089982032775879,-0.23834696412086487,0.2420928180217743,129,475
0,3,-0.7098743915557861,2.113924980163574,-0.43308010697364807,-0.2420928180217743,223,352
0,4,-0.6708313226699829,1.7235876321792603,-1.5060895681381226,-0.2420928180217743,160,394
 , , , , , , , 
0,0,-0.6388869881629944,2.1762349605560303,0.12642554938793182,0.2420928180217743,262,360
0,1,-2.61588716506958,7.1396636962890625,-0.303667813539505,0.2420928180217743,141,416
0,2,-0.5678995251655579,2.171931028366089,-0.34693458676338196,-0.2420928180217743,240,360
 , , , , , , , 
0,0,-0.76784747838974,2.086987257003784,-0.21090546250343323,0.2420928180217743,266,346
0,1,2.340219259262085,2.236793279647827,0.34840720891952515,0.2420928180217743,114,454
0,2,-0.9157379865646362,3.1237852573394775,0.06817640364170074,0.2420928180217743,114,454
0,3,-2.378079414367676,7.208284854888916,-0.5433568954467773,0.2420928180217743,127,387
0,4,-0.6388869881629944,2.1768760681152344,-0.11485688388347626,-0.2420928180217743,238,352
0,5,-1.2671258449554443,2.002455949783325,-0.27136164903640747,-0.2420928180217743,123,409
 , , , , , , , 
0,0,0.7702137231826782,0.19318871200084686,-0.03960109502077103,0.2420928180217743,131,356
0,1,-0.7098743915557861,2.1466267108917236,-0.21961502730846405,0.2420928180217743,188,369
0,2,0.7702137231826782,0.16241532564163208,-0.11185431480407715,-0.2420928180217743,147,350
0,3,-0.6388869881629944,2.179572343826294,0.03802485018968582,-0.2420928180217743,211,370
0,4,-0.806890606880188,2.1863129138946533,-0.28083088994026184,-0.2420928180217743,180,401
 , , , , , , , 
0,0,0.7453681230545044,0.2746843993663788,-0.03307768329977989,0.2420928180217743,205,350
0,1,-0.8234543800354004,2.0246851444244385,0.21084286272525787,0.2420928180217743,201,364
0,2,0.7453681230545044,0.24071860313415527,-0.136382594704628,-0.2420928180217743,226,352
0,3,-0.76784747838974,2.096461057662964,0.0696263238787651,-0.2420928180217743,223,356
0,4,-0.7098743915557861,2.157825469970703,-0.00509840901941061,-0.2420928180217743,222,357
 , , , , , , , 
0,0,0.7702137231826782,0.19268158078193665,-0.041999176144599915,0.2420928180217743,265,348
0,1,-0.8766948580741882,1.9503494501113892,-0.29083552956581116,0.2420928180217743,123,360
0,2,-0.8518493175506592,2.1057541370391846,-0.01760346256196499,0.2420928180217743,150,373
0,3,0.7098744511604309,0.2423960417509079,-0.10331204533576965,-0.2420928180217743,274,348
0,4,1.100305438041687,0.30454814434051514,-0.272128701210022,-0.2420928180217743,159,404
0,5,-0.8092567920684814,1.9360069036483765,-0.5040063261985779,-0.2420928180217743,132,366
0,6,-0.8376518487930298,2.070479154586792,0.03227205201983452,-0.2420928180217743,162,375
 , , , , , , , 
0,0,0.7702137231826782,0.15683084726333618,-0.11955837905406952,0.2420928180217743,249,360
0,1,-1.0648115873336792,1.9986714124679565,-0.17789551615715027,0.2420928180217743,191,380
0,2,0.7702137231826782,0.07106290757656097,-0.1839570254087448,-0.2420928180217743,261,355
0,3,-0.9772604703903198,1.9557582139968872,-0.45777496695518494,-0.2420928180217743,220,376
 , , , , , , , 
0,0,-0.9228367209434509,2.0746781826019287,0.06512121856212616,0.2420928180217743,241,353
0,1,-0.9228367209434509,2.0604772567749023,-0.250926673412323,-0.2420928180217743,247,358
 , , , , , , , 
0,0,-0.8518493175506592,2.0900912284851074,0.25696155428886414,0.2420928180217743,174,357
0,1,-0.8518493175506592,2.1017205715179443,-0.131460040807724,-0.2420928180217743,166,361
 , , , , , , , 
0,0,0.7702137231826782,0.1777697056531906,-0.08537008613348007,0.2420928180217743,187,351
0,1,-0.9074561595916748,2.0393760204315186,-0.08399354666471481,0.2420928180217743,192,365
0,2,-0.9074561595916748,2.0028131008148193,-0.3935083746910095,-0.2420928180217743,229,348
 , , , , , , , 
0,0,0.7702137231826782,0.1679721176624298,-0.10332226008176804,0.2420928180217743,195,347
0,1,-1.0790090560913086,1.8545938730239868,0.23078830540180206,0.2420928180217743,142,360
0,2,-1.1866734027862549,1.7666621208190918,0.6784522533416748,0.2420928180217743,137,366
0,3,-1.1168690919876099,1.9187204837799072,0.24637693166732788,-0.2420928180217743,175,362
0,4,-1.173659086227417,1.9831358194351196,-0.4467654228210449,-0.2420928180217743,135,405
 , , , , , , , 
0,0,0.7702137231826782,0.17988993227481842,-0.08080678433179855,0.2420928180217743,136,355
0,1,-0.8766948580741882,1.9716566801071167,0.03190719708800316,0.2420928180217743,210,354
0,2,-0.8234543800354004,2.0071349143981934,-0.3394315838813782,-0.2420928180217743,243,359
 , , , , , , , 
0,0,0.7702137231826782,0.1629061996936798,-0.11113816499710083,0.2420928180217743,164,351
0,1,-0.8234543800354004,2.0296716690063477,0.1556830108165741,0.2420928180217743,242,348
0,2,-0.7418187260627747,2.010852813720703,-0.25143247842788696,-0.2420928180217743,284,345
0,3,-1.0671778917312622,2.8748416900634766,-0.4841972291469574,-0.2420928180217743,124,446
0,4,2.037339687347412,2.108003854751587,-1.0215656757354736,-0.2420928180217743,124,446
 , , , , , , , 
0,0,-0.8518493175506592,2.101162910461426,0.1400877833366394,0.2420928180217743,229,382
0,1,-0.8376518487930298,2.0633764266967773,-0.17436592280864716,-0.2420928180217743,312,360
 , , , , , , , 
0,0,-0.6743806600570679,1.903330683708191,-0.761305034160614,-0.2420928180217743,353,348
0,1,-0.7098743915557861,2.1578314304351807,0.000584288383834064,-0.2420928180217743,272,397
 , , , , , , , 
0,0,-0.76784747838974,2.097520351409912,-0.020127668976783752,-0.2420928180217743,330,392
 , , , , , , , 
0,0,-0.7808618545532227,1.8631136417388916,-0.5050035715103149,-0.2420928180217743,342,357
0,1,-0.8376518487930298,2.070730209350586,0.0015889882342889905,-0.2420928180217743,250,438
0,2,2.2585837841033936,2.176368236541748,-0.19172020256519318,-0.2420928180217743,120,520
 , , , , , , , 
0,0,-2.330754280090332,7.084756851196289,-0.041814036667346954,-0.7262784242630005,118,406
0,1,-0.6743806600570679,2.049919843673706,-0.009017365984618664,-0.4841856360435486,347,384
0,2,-2.0042121410369873,4.117655277252197,-0.1188393086194992,-0.2420928180217743,113,460
 , , , , , , , 
0,0,-0.6897613406181335,1.8839669227600098,-0.035430051386356354,-0.4841856360435486,375,357
0,1,-0.5962945222854614,2.0344369411468506,0.023876268416643143,-0.4841856360435486,310,396
0,2,2.2715983390808105,2.0001814365386963,-0.11283042281866074,-0.4841856360435486,144,525
 , , , , , , , 
0,0,-0.6767469644546509,1.8313974142074585,-0.2526843547821045,-0.4841856360435486,365,359
0,1,-0.5205745697021484,2.0147171020507812,-0.07670172303915024,-0.4841856360435486,288,416
0,2,-1.4244813919067383,6.3182692527771,0.6748030781745911,-0.2420928180217743,152,456
 , , , , , , , 
0,0,-0.7240718603134155,1.7898426055908203,0.019937315955758095,-0.4841856360435486,380,352
0,1,-0.44722089171409607,1.9946484565734863,0.03315151110291481,-0.2420928180217743,295,408
 , , , , , , , 
0,0,-0.6033932566642761,1.8341306447982788,-0.009764187969267368,-0.2420928180217743,407,358
0,1,2.186413288116455,1.9219863414764404,-0.1551104485988617,-0.2420928180217743,124,543
0,2,-2.8158352375030518,2.953967809677124,4.976922035217285,-0.2420928180217743,169,460
 , , , , , , , 
0,0,-0.591562032699585,1.795622706413269,-0.09610708802938461,-0.2420928180217743,410,360
 , , , , , , , 
0,0,-0.7382693886756897,1.6257166862487793,-0.3383859694004059,-0.4841856360435486,365,366
0,1,-0.48271459341049194,1.8694766759872437,-0.01605015993118286,-0.2420928180217743,289,410
0,2,2.1580183506011963,1.9031569957733154,-0.011726406402885914,-0.2420928180217743,173,543
0,3,-1.9876482486724854,5.694722652435303,2.0186686515808105,-0.2420928180217743,139,472
 , , , , , , , 
0,0,-0.585646390914917,1.5995723009109497,-0.031239820644259453,-0.4841856360435486,288,355
0,1,-0.473249614238739,1.832512378692627,-0.03710126131772995,-0.4841856360435486,307,419
0,2,2.1580183506011963,1.9031826257705688,0.006355933845043182,-0.2420928180217743,162,535
0,3,-0.8092568516731262,2.7472293376922607,-0.27752789855003357,-0.2420928180217743,162,535
 , , , , , , , 
0,0,-1.1973215341567993,3.252202033996582,0.34886860847473145,-0.9683712720870972,124,449
0,1,-0.5726320147514343,1.5639750957489014,-0.03305867686867714,-0.7262784242630005,314,358
0,2,-0.667281985282898,1.5987073183059692,-0.40644824504852295,-0.7262784242630005,357,364
0,3,-0.40581151843070984,1.7998491525650024,0.19338712096214294,-0.4841856360435486,280,435
0,4,2.0136771202087402,1.9260281324386597,-0.29102224111557007,-0.4841856360435486,119,544
0,5,-0.7879605889320374,2.654350519180298,-0.4274512529373169,-0.4841856360435486,119,544
0,6,-0.8991742730140686,2.697042465209961,-0.44343456625938416,-0.4841856360435486,118,536
 , , , , , , , 
0,0,-0.5726320147514343,1.5155835151672363,-0.38745006918907166,-0.7262784242630005,383,361
0,1,-0.397529661655426,1.7693039178848267,-0.11847017705440521,-0.7262784242630005,177,494
0,2,-1.022219181060791,0.5565153360366821,1.3956575393676758,-0.7262784242630005,177,494
0,3,-0.612858235836029,2.6963629722595215,-0.45078346133232117,-0.4841856360435486,149,542
0,4,3.7221081256866455,2.670543670654297,0.013522638007998466,-0.2420928180217743,121,445
0,5,-1.1996877193450928,6.275001049041748,0.3518463373184204,-0.2420928180217743,135,460
 , , , , , , , 
0,0,-1.2067865133285522,2.97391414642334,0.23590974509716034,-1.452556848526001,125,449
0,1,-0.3809659481048584,1.6988799571990967,0.04120614379644394,-0.9683712720870972,180,504
0,2,-0.6459857225418091,1.4364118576049805,-0.21886232495307922,-0.7262784242630005,387,367
0,3,-4.978585720062256,3.7753806114196777,-7.75277042388916,-0.7262784242630005,116,389
0,4,2.1000452041625977,1.6772781610488892,0.046938907355070114,-0.4841856360435486,156,552
0,5,2.9873881340026855,2.385802745819092,-0.0730646476149559,-0.2420928180217743,119,501
 , , , , , , , 
0,0,-1.3416626453399658,1.0099315643310547,2.566002368927002,1.6946496963500977,194,373
0,1,-0.5844632983207703,1.3128689527511597,-0.06763555109500885,-0.7262784242630005,318,387
0,2,-0.6246894598007202,1.5419340133666992,-0.08497469872236252,-0.7262784242630005,118,525
0,3,2.040889024734497,1.6261694431304932,-0.12105290591716766,-0.4841856360435486,169,547
0,4,-0.5714489221572876,2.538881301879883,-0.22767598927021027,-0.4841856360435486,169,547
0,5,-0.8376518487930298,2.020047903060913,-0.45533785223960876,-0.2420928180217743,133,500
0,6,1.465890645980835,1.5239226818084717,-0.7200074791908264,-0.2420928180217743,133,500
 , , , , , , , 
0,0,-0.41527652740478516,1.31788170337677,-0.5204804539680481,-1.2104641199111938,298,358
0,1,-0.4815314710140228,1.3150837421417236,-0.03123251534998417,-0.7262784242630005,365,384
0,2,-0.3880646824836731,1.5028340816497803,-0.02006857842206955,-0.7262784242630005,213,489
0,3,-4.596436977386475,5.774435043334961,6.456085205078125,-0.7262784242630005,162,398
0,4,-0.692127525806427,1.1475443840026855,-0.6198935508728027,-0.4841856360435486,239,453
0,5,-0.579730749130249,2.5401771068573,-0.4847271144390106,-0.4841856360435486,188,506
0,6,0.6862119436264038,0.2654187083244324,-0.1789330691099167,-0.2420928180217743,364,352
 , , , , , , , 
0,0,0.591562032699585,0.4725046455860138,0.012029282748699188,0.4841856360435486,385,361
0,1,0.7098743915557861,0.5532473921775818,-0.12498408555984497,0.4841856360435486,166,444
0,2,1.107404112815857,0.973923921585083,-0.0727672427892685,1.2104641199111938,200,383
0,3,2.2585837841033936,2.17699933052063,-0.1844136118888855,1.6946496963500977,214,416
0,4,-0.579730749130249,1.1908496618270874,-0.040944624692201614,-0.4841856360435486,306,399
0,5,-0.7004094123840332,0.8344777822494507,-0.8805491328239441,-0.4841856360435486,273,401
0,6,-4.578690052032471,4.89068603515625,7.108313083648682,-0.4841856360435486,134,429
 , , , , , , , 
0,0,1.2209839820861816,4.719065189361572,0.3040564954280853,0.4841856360435486,161,461
0,1,0.6708313226699829,0.7621467113494873,-0.11853142082691193,0.7262784242630005,241,399
0,2,3.617993116378784,1.1625049114227295,3.640465497970581,1.452556848526001,144,443
0,3,0.48271459341049194,0.769234836101532,0.02982759289443493,1.6946496963500977,476,382
0,4,-1.2600271701812744,2.37432599067688,-0.023714378476142883,1.6946496963500977,143,468
0,5,0.1360592544078827,0.8588813543319702,0.04546641930937767,-1.452556848526001,400,359
0,6,-0.46851709485054016,1.1291568279266357,-0.2577676773071289,-0.7262784242630005,328,391
0,7,-0.38333219289779663,1.2957146167755127,0.17842908203601837,-0.7262784242630005,328,418
0,8,0.9583304524421692,0.6071997284889221,-0.0543210543692112,-0.2420928180217743,123,504
0,9,-0.48271459341049194,2.5078659057617188,0.324855774641037,-0.2420928180217743,143,516
 , , , , , , , 
0,0,2.1083271503448486,3.024824857711792,-0.6737377643585205,0.4841856360435486,160,478
0,1,3.939802885055542,7.390303134918213,0.7098829746246338,0.7262784242630005,129,392
0,2,-1.39608633518219,1.7435002326965332,-0.02712937816977501,0.9683712720870972,114,485
0,3,1.258844017982483,2.586759328842163,-0.05634394660592079,1.2104641199111938,146,490
0,4,0.43065714836120605,0.9684540033340454,0.019976196810603142,1.452556848526001,496,359
0,5,-0.33127471804618835,1.2806473970413208,0.07801559567451477,-0.9683712720870972,332,413
0,6,-0.34073972702026367,1.115788221359253,-0.32663649320602417,-0.7262784242630005,346,361
0,7,-3.331677198410034,8.967677116394043,1.5551540851593018,-0.7262784242630005,136,381
0,8,0.6057595014572144,1.0957640409469604,9.610939979553223,-0.7262784242630005,136,381
0,9,-0.9855422973632812,1.55314040184021,0.24083161354064941,-0.4841856360435486,116,539
0,10,2.076382637023926,1.318101167678833,-0.08522339165210724,-0.4841856360435486,210,526
0,11,-0.5383214354515076,2.368575096130371,-0.39506906270980835,-0.4841856360435486,210,526
 , , , , , , , 
0,0,-0.7240718603134155,1.7791192531585693,-0.1966436207294464,0.0,129,513
0,1,0.46851712465286255,1.2796849012374878,-0.023563696071505547,0.7262784242630005,120,553
0,2,0.403445303440094,1.0980849266052246,0.09443008154630661,0.9683712720870972,469,369
0,3,-0.3028797507286072,1.1617532968521118,0.16239257156848907,-0.9683712720870972,348,376
0,4,3.5446395874023438,1.9383584260940552,-0.2983878254890442,-0.7262784242630005,125,471
0,5,2.617070198059082,1.411075234413147,-0.32483476400375366,-0.4841856360435486,168,537
 , , , , , , , 
0,0,0.42947399616241455,1.1691186428070068,0.09829232096672058,0.2420928180217743,470,399
0,1,0.8045243620872498,0.8643211126327515,0.9482053518295288,0.2420928180217743,125,483
0,2,2.491659164428711,1.5792884826660156,0.13471929728984833,0.2420928180217743,133,483
0,3,1.3440289497375488,5.187734603881836,0.42850807309150696,0.2420928180217743,113,493
0,4,0.7808618545532227,2.1322031021118164,-0.06420941650867462,0.4841856360435486,217,445
0,5,1.3736069202423096,4.685457229614258,-0.11191064119338989,0.4841856360435486,222,428
0,6,-0.33127471804618835,0.9700536727905273,-0.27022331953048706,-0.9683712720870972,344,366
0,7,-3.2796199321746826,8.829540252685547,1.5193778276443481,-0.9683712720870972,139,407
0,8,1.590118646621704,1.8243197202682495,0.12038922309875488,-0.4841856360435486,139,543
0,9,2.5839428901672363,1.3993433713912964,-0.29282140731811523,-0.2420928180217743,142,520
 , , , , , , , 
0,0,0.42947399616241455,1.1636161804199219,0.14999045431613922,0.2420928180217743,310,478
0,1,0.7808618545532227,2.1327145099639893,0.044064365327358246,0.2420928180217743,163,437
0,2,2.491659164428711,1.5850152969360352,-0.005280514247715473,0.2420928180217743,129,428
0,3,1.526229977607727,4.638998508453369,0.05608128383755684,0.2420928180217743,134,415
0,4,1.680036187171936,5.096133232116699,0.3309454619884491,0.2420928180217743,152,427
0,5,-1.010387897491455,2.0685784816741943,0.1835632622241974,-1.2104641199111938,140,464
0,6,-0.46141839027404785,0.8646740913391113,-0.09162312000989914,-0.7262784242630005,409,351
0,7,-0.5891957879066467,5.487179279327393,7.642940521240234,-0.7262784242630005,157,409
0,8,-4.124370574951172,7.956170082092285,2.925705671310425,-0.7262784242630005,157,409
0,9,0.42947399616241455,1.1731903553009033,-0.011141226626932621,-0.2420928180217743,298,445
 , , , , , , , 
0,0,-0.3809659481048584,0.7829821109771729,0.007778592873364687,0.0,260,324
0,1,0.7891437411308289,0.757684588432312,0.09293325990438461,0.2420928180217743,200,415
0,2,0.42947399616241455,1.1678248643875122,0.11262759566307068,0.2420928180217743,222,467
0,3,2.4301366806030273,1.7416268587112427,-0.082939013838768,0.2420928180217743,190,440
0,4,-1.6066824197769165,3.2991976737976074,-0.14322194457054138,-1.2104641199111938,142,453
0,5,-0.6862119436264038,0.7718958258628845,-0.37250542640686035,-0.9683712720870972,169,473
0,6,-0.3809659481048584,0.7625356912612915,-0.17793473601341248,-0.7262784242630005,356,368
0,7,-0.46141839027404785,0.8692761659622192,-0.02037014253437519,-0.7262784242630005,311,399
0,8,0.8234543800354004,0.7259258031845093,-0.0206135306507349,-0.2420928180217743,167,427
0,9,0.42947399616241455,1.1715458631515503,-0.06308812648057938,-0.2420928180217743,180,533
 , , , , , , , 
0,0,0.42947399616241455,1.1583619117736816,0.1862725168466568,0.2420928180217743,206,459
0,1,0.8151724934577942,1.8318971395492554,0.07748401165008545,0.2420928180217743,118,466
0,2,-0.4164596498012543,0.7015830874443054,-0.16762185096740723,-0.7262784242630005,387,359
0,3,-0.8695961236953735,3.3725192546844482,-8.59699821472168,-0.7262784242630005,126,428
 , , , , , , , 
0,0,0.42947399616241455,1.1549561023712158,0.20633994042873383,0.2420928180217743,277,468
0,1,2.5236034393310547,1.6053329706192017,0.006265966221690178,0.2420928180217743,192,426
0,2,-0.2721185088157654,0.8027219772338867,0.19961345195770264,-0.2420928180217743,371,359
0,3,0.42947399616241455,1.1726192235946655,0.038260601460933685,-0.2420928180217743,188,615
0,4,-2.60878849029541,8.521453857421875,-2.5724520683288574,-0.2420928180217743,123,408
 , , , , , , , 
0,0,0.42947399616241455,1.1601170301437378,0.17500922083854675,0.2420928180217743,282,449
0,1,2.617070198059082,1.4471769332885742,-0.04827118664979935,0.2420928180217743,138,445
0,2,-0.8234543800354004,0.7249802350997925,0.042389579117298126,-0.7262784242630005,134,477
0,3,-0.4046284258365631,0.5943358540534973,-0.02213343419134617,-0.4841856360435486,346,361
0,4,-0.4945458471775055,0.6506264805793762,-0.16082336008548737,-0.4841856360435486,297,391
0,5,-1.4315800666809082,4.180202960968018,8.02625560760498,-0.4841856360435486,123,413
0,6,0.42947399616241455,1.173179268836975,0.012249254621565342,-0.2420928180217743,191,579
0,7,1.2564777135849,1.811267614364624,0.3607765734195709,-0.2420928180217743,123,567
 , , , , , , , 
0,0,2.5236034393310547,1.5921543836593628,-0.20537137985229492,0.2420928180217743,125,435
0,1,-0.7666643857955933,0.6493356823921204,0.18846988677978516,-0.7262784242630005,142,427
0,2,-2.0018458366394043,2.9406163692474365,0.10349789261817932,-0.7262784242630005,121,467
0,3,-0.38333219289779663,0.5626943707466125,-0.029081497341394424,-0.4841856360435486,334,355
0,4,-0.34783846139907837,0.7097140550613403,-0.08621874451637268,-0.2420928180217743,331,377
0,5,-0.8755117654800415,0.7179935574531555,-0.8247774243354797,-0.2420928180217743,159,462
0,6,-0.5690826177597046,1.2796504497528076,0.03054555132985115,-0.2420928180217743,159,462
0,7,-0.6791132092475891,1.3879542350769043,0.14797146618366241,-0.2420928180217743,154,482
 , , , , , , , 
0,0,0.42947399616241455,1.1560431718826294,0.2001599669456482,0.2420928180217743,178,468
0,1,-3.045361280441284,3.214522123336792,0.1188427284359932,-1.2104641199111938,118,408
0,2,-0.4022621810436249,0.4944927394390106,-0.08892737329006195,-0.4841856360435486,340,355
0,3,-0.2733016312122345,0.7395949363708496,0.10210208594799042,-0.2420928180217743,292,419
0,4,-0.7240719199180603,1.1471832990646362,-0.13170947134494781,-0.2420928180217743,170,480
0,5,0.7666643857955933,1.1267364025115967,0.01864655129611492,-0.2420928180217743,170,480
0,6,-0.8246374726295471,1.3150159120559692,-0.014605126343667507,-0.2420928180217743,122,538
0,7,-1.4055513143539429,2.045560598373413,-0.289652019739151,-0.2420928180217743,114,528
 , , , , , , , 
0,0,0.4164596498012543,1.118611454963684,0.20748035609722137,0.2420928180217743,224,427
0,1,-0.8092568516731262,1.093827486038208,0.07938253879547119,0.2420928180217743,121,431
0,2,0.38333219289779663,1.1608505249023438,0.6026105284690857,0.2420928180217743,121,431
0,3,-1.1689265966415405,0.8269422650337219,0.1399068683385849,-0.7262784242630005,130,438
0,4,-0.4164596498012543,0.43769100308418274,-0.04396045207977295,-0.4841856360435486,385,355
0,5,-0.34783846139907837,0.7059270739555359,0.11311373114585876,-0.2420928180217743,210,476
 , , , , , , , 
0,0,0.37859970331192017,1.1356450319290161,0.1864163726568222,0.2420928180217743,201,426
0,1,-0.9192873239517212,1.0537588596343994,0.08244076371192932,0.2420928180217743,116,470
0,2,0.6566338539123535,1.224981665611267,0.17477183043956757,0.2420928180217743,116,470
0,3,-0.6306051015853882,1.3105485439300537,-0.5425004363059998,0.2420928180217743,144,447
0,4,-1.164194107055664,0.6247736811637878,0.8147498369216919,0.2420928180217743,144,447
0,5,-1.1428978443145752,2.291611909866333,0.5163412094116211,0.2420928180217743,126,479
0,6,-3.4606375694274902,7.7328338623046875,-0.8899347186088562,0.2420928180217743,125,393
0,7,-0.41409340500831604,0.32983604073524475,-0.0260146651417017,-0.4841856360435486,345,348
0,8,-0.35493722558021545,0.644770622253418,0.17788022756576538,-0.2420928180217743,183,471
0,9,-0.397529661655426,0.6816890835762024,0.0968991219997406,-0.2420928180217743,153,501
 , , , , , , , 
0,0,0.4164596498012543,1.1232020854949951,0.1809881031513214,0.2420928180217743,184,398
0,1,0.5253070592880249,1.2971715927124023,-0.060758210718631744,0.2420928180217743,167,446
0,2,-0.9630629420280457,0.9943112134933472,0.21482190489768982,0.2420928180217743,167,446
0,3,-1.164194107055664,1.026517391204834,-0.020529113709926605,0.2420928180217743,147,449
0,4,4.749059677124023,6.977514266967773,-0.20282220840454102,0.2420928180217743,132,399
0,5,1.2813231945037842,1.726943016052246,-0.18144148588180542,0.4841856360435486,121,411
0,6,-0.41527652740478516,0.26387178897857666,-0.012563517317175865,-0.2420928180217743,350,338
0,7,-0.4271077811717987,0.5522686243057251,0.17328453063964844,-0.2420928180217743,230,452
 , , , , , , , 
0,0,0.4164596498012543,1.1243685483932495,0.17359483242034912,0.2420928180217743,253,389
0,1,-0.989091694355011,1.0225129127502441,0.21438705921173096,0.2420928180217743,138,490
0,2,-1.1925890445709229,1.0490683317184448,-0.07526016235351562,0.2420928180217743,151,468
0,3,-0.43065714836120605,0.23625034093856812,-0.0309993177652359,-0.2420928180217743,297,344
0,4,-0.397529661655426,0.41660159826278687,-0.18803685903549194,-0.2420928180217743,264,378
0,5,0.4164596498012543,1.137549638748169,0.017900528386235237,-0.2420928180217743,165,466
0,6,1.9497884511947632,3.2001781463623047,-1.0788350105285645,-0.2420928180217743,135,431
0,7,2.158018112182617,3.6667816638946533,-0.725147545337677,-0.2420928180217743,130,434
 , , , , , , , 
0,0,0.4164596498012543,1.114926815032959,0.2264462411403656,0.2420928180217743,273,361
0,1,-1.0943896770477295,0.8693153858184814,-0.09431496262550354,0.2420928180217743,140,450
0,2,0.26265352964401245,1.366701602935791,0.15947803854942322,0.2420928180217743,140,450
0,3,-1.3913538455963135,0.7690292596817017,0.03472284600138664,0.2420928180217743,118,483
0,4,-0.4117271602153778,0.19075503945350647,-0.022351251915097237,-0.2420928180217743,189,362
0,5,-0.49217960238456726,0.2459648698568344,-0.2533872723579407,-0.2420928180217743,163,373
0,6,0.4164596498012543,1.134744644165039,0.08181784301996231,-0.2420928180217743,224,394
0,7,2.617070198059082,1.413122534751892,-0.31580984592437744,-0.2420928180217743,141,440
0,8,1.9308583736419678,3.211014986038208,-0.9348930716514587,-0.2420928180217743,119,419
 , , , , , , , 
0,0,0.42947399616241455,1.1727404594421387,-0.034347373992204666,0.2420928180217743,169,368
0,1,-0.4259246587753296,0.15602083504199982,-0.02553440071642399,-0.2420928180217743,173,352
0,2,0.42947399616241455,1.1693052053451538,-0.09604666382074356,-0.2420928180217743,173,386
 , , , , , , , 
0,0,0.42947399616241455,1.1587315797805786,0.18395939469337463,0.2420928180217743,281,370
0,1,-0.440122127532959,0.11149703711271286,-0.01634792983531952,-0.2420928180217743,122,349
0,2,0.42947399616241455,1.1726210117340088,0.03820744529366493,-0.2420928180217743,266,388
0,3,0.8199049830436707,2.236433982849121,-0.12326449155807495,-0.2420928180217743,135,387
0,4,2.6762266159057617,1.1897611618041992,-0.3780823349952698,-0.2420928180217743,121,391
 , , , , , , , 
0,0,0.46851709485054016,1.1437097787857056,-0.18266737461090088,0.2420928180217743,186,361
0,1,-0.5111095905303955,0.4370032846927643,0.11049597710371017,-0.2420928180217743,125,381
0,2,0.46851709485054016,1.128316044807434,-0.26142337918281555,-0.2420928180217743,211,381
0,3,0.8518493175506592,2.1054253578186035,-0.04117400944232941,-0.2420928180217743,127,401
 , , , , , , , 
0,0,2.491659164428711,1.5814578533172607,-0.10626612603664398,0.2420928180217743,131,389
0,1,-0.473249614238739,0.3781261444091797,6.073042459320277e-05,-0.2420928180217743,223,365
0,2,0.46851709485054016,1.1361368894577026,-0.22501637041568756,-0.2420928180217743,155,381
 , , , , , , , 
0,0,0.37859970331192017,1.1421467065811157,0.14121460914611816,0.2420928180217743,206,362
0,1,-0.4791652262210846,0.2902618646621704,-0.0930517315864563,-0.2420928180217743,194,347
0,2,-0.5111095905303955,0.4130406081676483,0.18049569427967072,-0.2420928180217743,130,372
0,3,0.4164596498012543,1.1371724605560303,-0.03432710841298103,-0.2420928180217743,218,373
 , , , , , , , 
0,0,0.4164596498012543,1.127898931503296,0.14894181489944458,0.2420928180217743,362,359
0,1,0.76784747838974,2.0962812900543213,0.07484597712755203,0.2420928180217743,139,394
0,2,-0.46141836047172546,0.29146692156791687,-0.1570032238960266,-0.2420928180217743,142,349
0,3,0.8234543800354004,0.7156150937080383,-0.12364571541547775,-0.2420928180217743,124,377
0,4,0.4117271900177002,0.9271319508552551,0.4199730455875397,-0.2420928180217743,124,377
0,5,0.4164596498012543,1.1376655101776123,-0.007536346558481455,-0.2420928180217743,331,369
0,6,0.8376518487930298,2.0693418979644775,-0.07582901418209076,-0.2420928180217743,116,398
 , , , , , , , 
0,0,0.42947399616241455,1.1674708127975464,0.11623988300561905,0.2420928180217743,393,385
0,1,0.7997918725013733,1.7985081672668457,0.03941178694367409,0.2420928180217743,119,438
0,2,0.8199049830436707,2.229407787322998,0.21580490469932556,0.2420928180217743,132,393
0,3,2.4301366806030273,1.7431601285934448,0.03919099271297455,0.2420928180217743,133,391
0,4,1.1180522441864014,3.8055872917175293,0.2654212415218353,0.2420928180217743,172,394
0,5,1.5120325088500977,5.128510475158691,0.5610345602035522,0.2420928180217743,135,390
0,6,1.5546250343322754,5.276386737823486,0.5447514057159424,0.2420928180217743,114,384
0,7,0.42947399616241455,1.1722708940505981,-0.047758445143699646,-0.2420928180217743,375,374
0,8,0.8613142967224121,1.7650340795516968,-0.13654406368732452,-0.2420928180217743,160,423
0,9,2.5236034393310547,1.583505392074585,-0.2639007866382599,-0.2420928180217743,146,394
0,10,1.2422802448272705,3.7641172409057617,-0.30190175771713257,-0.2420928180217743,129,385
 , , , , , , , 
0,0,-0.48981335759162903,0.45318254828453064,0.1382848024368286,0.2420928180217743,149,377
0,1,0.42947399616241455,1.1694257259368896,0.09456917643547058,0.2420928180217743,335,397
0,2,0.7997918725013733,1.7948740720748901,0.12088070809841156,0.2420928180217743,128,443
0,3,2.5236034393310547,1.602622389793396,-0.09345859289169312,0.2420928180217743,210,427
0,4,3.4499897956848145,2.1771411895751953,-0.27665621042251587,0.2420928180217743,117,413
0,5,-0.48981335759162903,0.4723881185054779,0.03669583797454834,-0.2420928180217743,114,361
0,6,0.42947399616241455,1.1711207628250122,-0.07053958624601364,-0.2420928180217743,369,390
0,7,0.7997918725013733,1.792899489402771,-0.1472971886396408,-0.2420928180217743,134,498
0,8,2.617070198059082,1.371669054031372,-0.46386975049972534,-0.2420928180217743,160,446
 , , , , , , , 
0,0,-0.48271459341049194,0.40975624322891235,0.11546631157398224,0.2420928180217743,185,353
0,1,2.5236034393310547,1.5901960134506226,-0.22002191841602325,0.2420928180217743,185,478
0,2,2.9708242416381836,1.8424848318099976,-0.42039424180984497,0.4841856360435486,131,452
0,3,3.5777671337127686,1.9678716659545898,-0.2144189327955246,0.7262784242630005,141,403
0,4,0.5749982595443726,1.9618805646896362,-0.011392381973564625,-1.2104641199111938,234,368
0,5,0.7938761711120605,2.168663263320923,-0.01602032221853733,-1.2104641199111938,205,452
0,6,1.7320935726165771,4.281579971313477,-0.04806073009967804,-1.2104641199111938,132,464
0,7,1.522680640220642,5.186124324798584,0.31095364689826965,-1.2104641199111938,185,427
0,8,0.3502047061920166,1.3561553955078125,0.022193128243088722,-0.7262784242630005,143,539
0,9,0.4164596498012543,1.1373647451400757,0.02722066082060337,-0.4841856360435486,482,393
0,10,-0.48271459341049194,0.4246205687522888,0.030496129766106606,-0.2420928180217743,160,346
 , , , , , , , 
0,0,-0.440122127532959,0.10881321132183075,0.02930068038403988,0.2420928180217743,125,362
0,1,-0.49217960238456726,0.34895095229148865,-0.05419464781880379,0.2420928180217743,136,372
0,2,0.8234543800354004,0.7093873620033264,0.1554437130689621,0.2420928180217743,265,414
0,3,2.650197982788086,1.4605976343154907,-0.12930670380592346,0.2420928180217743,227,458
0,4,0.6862119436264038,2.0857200622558594,0.02769446186721325,-1.6946496963500977,147,432
0,5,1.2103358507156372,3.2987067699432373,0.2256089597940445,-1.6946496963500977,160,423
0,6,1.2896051406860352,3.8991622924804688,0.404237300157547,-1.6946496963500977,133,434
0,7,1.3842551708221436,4.207350254058838,-0.059523116797208786,-1.6946496963500977,116,450
0,8,1.887082815170288,5.149068355560303,0.2505454123020172,-1.6946496963500977,115,417
0,9,0.35493719577789307,1.072409987449646,-0.11830483376979828,-0.9683712720870972,406,369
0,10,0.49691206216812134,1.1831114292144775,0.3304736316204071,-0.9683712720870972,120,540
0,11,0.13842551410198212,1.463206171989441,-0.14153730869293213,-0.9683712720870972,121,474
0,12,0.43657276034355164,0.6339954733848572,1.3479470014572144,-0.7262784242630005,131,468
0,13,0.8459336757659912,1.3686845302581787,1.3217658996582031,-0.4841856360435486,128,484
0,14,-0.4259246587753296,0.14765894412994385,-0.056491971015930176,-0.2420928180217743,167,361
 , , , , , , , 
0,0,0.5537020564079285,1.8765918016433716,0.218332901597023,-1.9367425441741943,213,363
0,1,0.5324057936668396,1.810556173324585,0.1478976011276245,-1.6946496963500977,192,366
0,2,1.171292781829834,3.197111129760742,0.13004060089588165,-1.452556848526001,127,428
0,3,0.2733016312122345,1.2113361358642578,0.13754528760910034,-0.9683712720870972,221,487
0,4,1.590118646621704,3.266369104385376,0.1111789345741272,-0.4841856360435486,116,460
0,5,-0.4259246587753296,0.14820143580436707,-0.055053070187568665,-0.2420928180217743,192,361
0,6,0.4637846052646637,0.9462029933929443,0.11563487350940704,-0.2420928180217743,454,397
0,7,0.6897613406181335,0.9876456260681152,1.6047251224517822,-0.2420928180217743,113,481
0,8,2.7448477745056152,1.2717783451080322,-0.1483447253704071,-0.2420928180217743,195,480
 , , , , , , , 
0,0,-0.5028277039527893,0.3922497630119324,0.08689337968826294,0.2420928180217743,115,377
0,1,0.7098743915557861,2.142254114151001,0.2588123381137848,-1.2104641199111938,158,453
0,2,1.756939172744751,4.793454170227051,0.24343685805797577,-1.2104641199111938,163,420
0,3,1.808996558189392,4.932476997375488,0.30410733819007874,-1.2104641199111938,116,403
0,4,1.010387897491455,2.0725648403167725,0.1311025768518448,-0.7262784242630005,148,465
0,5,0.39989593625068665,0.8965376019477844,0.07257114350795746,-0.4841856360435486,410,421
0,6,-0.4259246587753296,0.13566479086875916,-0.08117617666721344,-0.2420928180217743,218,367
0,7,2.617070198059082,1.4206300973892212,-0.28010907769203186,-0.2420928180217743,137,481
 , , , , , , , 
0,0,1.590118646621704,2.752826690673828,-0.08589164912700653,0.2420928180217743,122,435
0,1,1.6327111721038818,4.0296220779418945,0.2298150360584259,-0.9683712720870972,132,434
0,2,1.8456734418869019,4.562618255615234,-0.008746456354856491,-0.9683712720870972,124,397
0,3,0.8234543800354004,2.0338361263275146,0.08552893251180649,-0.7262784242630005,187,440
0,4,-0.43065714836120605,0.14353938400745392,-0.19018839299678802,-0.2420928180217743,151,350
0,5,-0.5111095905303955,0.44259244203567505,0.0854000523686409,-0.2420928180217743,116,435
0,6,0.43065714836120605,0.8849338889122009,0.019736554473638535,-0.2420928180217743,288,498
 , , , , , , , 
0,0,0.4436715245246887,0.8258894085884094,0.13008849322795868,0.2420928180217743,278,409
0,1,0.9228367209434509,2.2626264095306396,-0.2913961708545685,0.2420928180217743,123,453
0,2,-0.49217960238456726,0.3458433449268341,-0.07138778269290924,-0.2420928180217743,169,407
0,3,0.473249614238739,0.8195639848709106,0.014509999193251133,-0.2420928180217743,216,524
 , , , , , , , 
0,0,0.46141839027404785,0.8694969415664673,-0.005578919779509306,0.2420928180217743,399,412
0,1,2.014860153198242,4.531175136566162,0.08351165801286697,0.7262784242630005,213,382
0,2,-0.46141836047172546,0.3093997836112976,-0.11779121309518814,-0.2420928180217743,183,385
 , , , , , , , 
0,0,1.316817045211792,1.5097134113311768,-0.11452407389879227,0.2420928180217743,131,467
0,1,2.617070198059082,1.4470748901367188,-0.05123944580554962,0.2420928180217743,187,445
0,2,0.41527652740478516,0.9340034127235413,0.01072465069591999,0.7262784242630005,482,365
0,3,0.30761224031448364,0.9290153980255127,0.10615117102861404,1.452556848526001,377,368
0,4,0.7844111919403076,1.7590855360031128,0.13612982630729675,1.6946496963500977,190,399
0,5,0.21651169657707214,2.2961127758026123,0.12077007442712784,-1.452556848526001,297,428
0,6,-0.39989593625068665,0.26928994059562683,-0.09902994334697723,-0.2420928180217743,156,358
 , , , , , , , 
0,0,0.4637846052646637,0.9512400031089783,0.0617578960955143,0.4841856360435486,362,352
0,1,-1.313267707824707,0.33402785658836365,0.3550305664539337,0.4841856360435486,121,465
0,2,0.612858235836029,0.7929186820983887,0.9787635803222656,0.4841856360435486,121,465
0,3,-0.9110054969787598,0.9603370428085327,0.060899265110492706,0.9683712720870972,129,507
0,4,0.37741658091545105,1.0197457075119019,0.15213754773139954,1.452556848526001,393,358
0,5,0.39043092727661133,1.0584681034088135,0.13133405148983002,1.452556848526001,364,387
0,6,0.17036986351013184,2.7049150466918945,0.2916097939014435,-1.6946496963500977,219,438
0,7,0.5537020564079285,4.370579242706299,0.46147024631500244,-1.452556848526001,182,393
0,8,0.08873429894447327,2.8254168033599854,0.268127977848053,-1.2104641199111938,253,406
0,9,1.1996877193450928,0.3495759665966034,-2.675670623779297,-1.2104641199111938,181,456
0,10,0.09228367358446121,2.9353291988372803,0.30982667207717896,-1.2104641199111938,181,456
0,11,2.30709171295166,1.5817575454711914,-4.942302703857422,-1.2104641199111938,144,408
0,12,0.17746859788894653,5.612942218780518,0.8452029824256897,-1.2104641199111938,144,408
0,13,-0.39989593625068665,0.2401113659143448,-0.15706855058670044,-0.2420928180217743,127,350
 , , , , , , , 
0,0,0.9760773181915283,1.4060745239257812,-1.1858303546905518,0.2420928180217743,150,466
0,1,0.4164596498012543,1.1376008987426758,-0.014271991327404976,0.9683712720870972,489,368
0,2,0.582097053527832,0.2832140624523163,-1.4108366966247559,0.9683712720870972,143,512
0,3,0.06270557641983032,2.003829002380371,0.08423065394163132,-1.9367425441741943,337,375
0,4,0.22006107866764069,2.3341822624206543,0.11431711167097092,-1.9367425441741943,213,454
0,5,3.4783847332000732,1.9039843082427979,-0.2804774343967438,-0.9683712720870972,208,401
0,6,2.5236034393310547,1.5970269441604614,-0.1632121354341507,-0.4841856360435486,319,442
0,7,0.7157900333404541,0.13470812141895294,1.950760006904602,-0.2420928180217743,190,389
 , , , , , , , 
0,0,-5.91562032699585,7.343890190124512,-0.8116647005081177,0.2420928180217743,125,411
0,1,0.48271459341049194,1.1924455165863037,0.045214131474494934,0.4841856360435486,509,390
0,2,0.9843592047691345,2.213827610015869,0.033428341150283813,0.7262784242630005,133,406
0,3,0.9512317180633545,2.34763503074646,-0.13490252196788788,0.7262784242630005,148,428
0,4,1.377156376838684,3.404329299926758,0.02505587600171566,0.7262784242630005,127,436
0,5,1.7036986351013184,5.1775665283203125,-0.11280269920825958,0.7262784242630005,159,456
0,6,1.739192247390747,5.286218166351318,0.07039237022399902,0.7262784242630005,207,442
0,7,3.354156732559204,2.1255743503570557,-0.18587762117385864,-0.7262784242630005,147,385
0,8,3.4180455207824707,2.1343984603881836,-0.4147847890853882,-0.4841856360435486,123,416
0,9,0.7157900333404541,0.7401124835014343,1.809929370880127,-0.2420928180217743,124,412
0,10,2.459714889526367,1.5616953372955322,-0.0969771295785904,-0.2420928180217743,243,465
 , , , , , , , 
0,0,0.8163555860519409,0.7892330288887024,0.02672698348760605,0.2420928180217743,159,353
0,1,0.49691206216812134,1.226539969444275,0.06756679713726044,0.2420928180217743,308,408
0,2,2.459714889526367,1.5514912605285645,0.2029084861278534,0.2420928180217743,128,371
0,3,0.8163555860519409,0.7782759070396423,-0.13375258445739746,-0.2420928180217743,163,359
0,4,0.5383214354515076,1.2079616785049438,-0.08322152495384216,-0.2420928180217743,320,412
0,5,2.459714889526367,1.5509295463562012,-0.20715832710266113,-0.2420928180217743,122,393
 , , , , , , , 
0,0,0.4424884021282196,1.1954553127288818,0.17909452319145203,0.0,396,350
0,1,2.491659164428711,1.5808764696121216,-0.11459067463874817,0.7262784242630005,315,456
0,2,3.354156732559204,2.117337942123413,-0.2636224925518036,1.2104641199111938,157,368
0,3,0.9086392521858215,2.2461636066436768,-0.015382310375571251,-1.452556848526001,272,357
0,4,1.2233502864837646,3.3402767181396484,0.10624511539936066,-1.452556848526001,147,379
0,5,1.3629589080810547,3.363764762878418,0.19347932934761047,-1.452556848526001,196,383
0,6,1.4055514335632324,3.4726293087005615,0.11747811734676361,-1.452556848526001,130,428
0,7,1.5546250343322754,5.300320625305176,0.20883743464946747,-1.452556848526001,123,465
0,8,1.8610541820526123,5.082552909851074,0.1235574409365654,-1.2104641199111938,165,454
0,9,2.072833299636841,5.1231842041015625,-0.1010514572262764,-0.9683712720870972,135,434
0,10,0.48271459341049194,1.1931601762771606,-0.018422478809952736,-0.7262784242630005,500,404
0,11,0.8837937116622925,3.935091733932495,-8.520844459533691,-0.7262784242630005,154,409
0,12,-6.48115348815918,6.826569080352783,0.5132514834403992,-0.7262784242630005,154,409
0,13,5.979508876800537,12.28952407836914,-0.11060159653425217,-0.7262784242630005,117,382
0,14,0.9275692105293274,1.9059467315673828,0.045315228402614594,-0.4841856360435486,114,486
0,15,0.7571994066238403,0.9230998754501343,0.9316327571868896,-0.2420928180217743,170,459
 , , , , , , , 
0,0,2.5555479526519775,1.6106778383255005,-0.22024348378181458,0.4841856360435486,280,435
0,1,1.5522587299346924,1.356986165046692,-5.856722354888916,1.452556848526001,169,408
0,2,0.2957810163497925,0.42684105038642883,-1.8203744888305664,1.6946496963500977,194,368
0,3,0.3300916254520416,1.1215617656707764,-0.10302618145942688,-1.2104641199111938,460,368
0,4,0.5537020564079285,0.5115216374397278,-1.2696166038513184,-1.2104641199111938,119,497
0,5,2.1532857418060303,4.840009689331055,0.17850176990032196,-0.7262784242630005,114,431
 , , , , , , , 
0,0,0.4259246587753296,1.0882205963134766,-2.4627203941345215,1.2104641199111938,156,434
0,1,0.4495871365070343,0.9315288066864014,-2.685016393661499,1.452556848526001,200,426
0,2,0.364402174949646,0.9953444600105286,-0.016376594081521034,-1.2104641199111938,419,374
0,3,-5.4849629402160645,7.406394004821777,0.6309120655059814,-1.2104641199111938,129,392
0,4,0.24135729670524597,1.1502145528793335,-0.5251067876815796,-0.7262784242630005,125,481
0,5,0.8305530548095703,1.5739672183990479,1.0062488317489624,-0.7262784242630005,137,488
0,6,0.6033932566642761,0.9615218639373779,0.03783935308456421,-0.2420928180217743,274,371
 , , , , , , , 
0,0,0.35493719577789307,0.8492245674133301,0.22067639231681824,0.0,358,341
0,1,2.176948070526123,2.7820823192596436,6.004109859466553,0.2420928180217743,145,388
0,2,-3.48311710357666,6.0320940017700195,-0.10078239440917969,0.2420928180217743,145,388
0,3,0.7536500096321106,1.6908293962478638,0.12102185189723969,-1.2104641199111938,115,457
0,4,1.4150162935256958,3.172281503677368,-0.25780490040779114,-1.2104641199111938,134,421
0,5,-5.987790584564209,6.88313627243042,0.14414577186107635,-1.2104641199111938,153,380
0,6,2.7259178161621094,3.9747183322906494,-13.716087341308594,-1.2104641199111938,147,356
0,7,0.2886822521686554,2.7315359115600586,-8.820029258728027,-0.9683712720870972,125,395
0,8,4.330233573913574,8.155522346496582,0.2721587121486664,-0.9683712720870972,125,395
0,9,0.38451531529426575,0.8645908832550049,0.022165579721331596,-0.7262784242630005,462,355
0,10,2.4041080474853516,4.16104793548584,0.15774987637996674,-0.7262784242630005,138,450
 , , , , , , , 
0,0,0.4436715245246887,0.8286848664283752,0.11089485883712769,0.2420928180217743,360,352
0,1,0.7548331618309021,0.7906800508499146,0.10257840901613235,0.2420928180217743,149,457
0,2,1.107404112815857,1.6214574575424194,-0.14277289807796478,0.2420928180217743,128,412
0,3,0.7157900333404541,1.860222339630127,-0.6026472449302673,0.2420928180217743,124,441
0,4,0.4436715245246887,0.8359349966049194,-0.015135092660784721,-0.2420928180217743,426,348
0,5,1.5972174406051636,3.0096161365509033,0.03824495151638985,-0.2420928180217743,151,482
 , , , , , , , 
0,0,0.4436715245246887,0.8338066339492798,0.06150463968515396,0.2420928180217743,421,359
0,1,1.5972174406051636,3.009854555130005,0.005271872039884329,0.2420928180217743,160,447
0,2,0.5998438596725464,1.348469853401184,0.04453321173787117,0.4841856360435486,168,466
0,3,1.4055513143539429,2.0509660243988037,0.24850472807884216,-0.2420928180217743,155,461
 , , , , , , , 
0,0,0.764298141002655,0.9773637056350708,-0.3429178297519684,0.2420928180217743,140,523
0,1,0.38451531529426575,0.8647831678390503,0.0126019436866045,0.4841856360435486,471,353
0,2,1.5238637924194336,3.1267950534820557,0.18192635476589203,0.9683712720870972,140,422
0,3,1.902463436126709,4.6964850425720215,0.2477627396583557,1.6946496963500977,136,383
 , , , , , , , 
0,0,0.6897613406181335,0.5007773637771606,1.8165374994277954,0.2420928180217743,189,453
0,1,4.088876724243164,7.0821027755737305,-0.023686274886131287,0.2420928180217743,130,372
0,2,1.7888835668563843,3.036954879760742,7.379190444946289,0.2420928180217743,130,372
0,3,0.38333219289779663,0.9440647959709167,0.08203725516796112,0.9683712720870972,433,372
0,4,0.22006107866764069,1.1521284580230713,0.040605396032333374,1.452556848526001,189,467
0,5,0.06152245029807091,1.966306447982788,0.07554031163454056,-1.452556848526001,231,369
 , , , , , , , 
0,0,0.6306051015853882,1.4171358346939087,0.05975363776087761,0.2420928180217743,128,487
0,1,0.45431962609291077,1.1230089664459229,-0.014928733929991722,0.4841856360435486,347,366
0,2,0.4555027484893799,1.244003415107727,-0.02932337298989296,0.4841856360435486,403,413
0,3,0.5596176981925964,1.5287097692489624,-0.013737468980252743,0.4841856360435486,131,457
0,4,1.3665082454681396,3.7325239181518555,0.062486447393894196,0.9683712720870972,141,433
0,5,1.6528242826461792,4.514331817626953,-0.0890112966299057,0.9683712720870972,181,504
0,6,1.159461498260498,1.4138293266296387,-0.31348681449890137,-0.4841856360435486,154,378
0,7,2.4277706146240234,1.531215786933899,-0.20123408734798431,-0.4841856360435486,221,468
 , , , , , , , 
0,0,0.49691206216812134,1.2282599210739136,0.01851862110197544,0.2420928180217743,339,386
0,1,1.5759211778640747,3.8956093788146973,0.03660830482840538,0.2420928180217743,284,403
0,2,0.5383214354515076,1.201615810394287,-0.14905273914337158,-0.2420928180217743,312,379
0,3,0.5537020564079285,1.332136869430542,0.31463003158569336,-0.2420928180217743,130,391
0,4,1.7072479724884033,3.809113025665283,-0.48641860485076904,-0.2420928180217743,253,376
 , , , , , , , 
0,0,0.49691206216812134,1.218709111213684,0.15399181842803955,0.0,417,375
0,1,0.7891437411308289,0.761140763759613,0.05819990485906601,0.2420928180217743,151,354
0,2,2.459714889526367,1.555648922920227,-0.16808827221393585,0.4841856360435486,229,444
0,3,1.2493789196014404,3.4128613471984863,-0.037881411612033844,-1.2104641199111938,139,416
0,4,1.2754076719284058,3.4823153018951416,0.11388479173183441,-0.9683712720870972,132,427
0,5,1.3404796123504639,3.6604251861572266,0.10536383837461472,-0.9683712720870972,126,476
0,6,1.5617237091064453,3.8605573177337646,0.031308189034461975,-0.9683712720870972,113,502
0,7,1.817278504371643,4.488292217254639,0.1928381472826004,-0.9683712720870972,155,483
0,8,0.4555027484893799,1.2425745725631714,-0.06642667949199677,-0.7262784242630005,473,390
 , , , , , , , 
0,0,2.617070198059082,1.4473363161087036,-0.04322853684425354,0.4841856360435486,187,454
0,1,2.491659164428711,1.5601543188095093,-0.2796785533428192,0.9683712720870972,187,452
0,2,3.6108946800231934,1.9589273929595947,-0.3924262821674347,0.9683712720870972,159,400
0,3,0.840018093585968,1.0798838138580322,-5.1991190910339355,1.6946496963500977,289,405
0,4,0.8329192996025085,2.2753729820251465,0.006035147234797478,-1.9367425441741943,267,377
0,5,1.7155299186706543,5.214531898498535,0.04868844151496887,-1.9367425441741943,301,404
0,6,1.173659086227417,2.874850034713745,8.860937118530273,-1.2104641199111938,147,395
0,7,0.42947399616241455,1.1726309061050415,0.0379025936126709,-0.9683712720870972,437,372
0,8,0.546603262424469,1.4903004169464111,0.09330953657627106,-0.9683712720870972,119,466
0,9,0.8459336757659912,0.5204404592514038,-1.8301650285720825,-0.2420928180217743,155,479
 , , , , , , , 
0,0,2.5874922275543213,1.642580270767212,0.1058417335152626,0.4841856360435486,206,390
0,1,0.9689785838127136,1.3576326370239258,-4.103585720062256,1.452556848526001,141,412
0,2,0.35493719577789307,1.0789107084274292,0.003279985161498189,-1.2104641199111938,508,375
0,3,0.5962945222854614,1.2339283227920532,0.8064309358596802,-1.2104641199111938,131,445
 , , , , , , , 
0,0,0.8802443146705627,2.171917200088501,-0.13359613716602325,-1.9367425441741943,158,482
0,1,0.840018093585968,2.5445547103881836,-0.21275994181632996,-1.9367425441741943,150,412
0,2,0.34073972702026367,1.1281756162643433,-0.2808816134929657,-1.2104641199111938,158,495
0,3,-0.9086392521858215,0.7960792183876038,0.09171074628829956,-1.2104641199111938,158,495
0,4,0.8778780698776245,0.7720927596092224,-1.6308157444000244,-0.7262784242630005,146,475
0,5,0.44722089171409607,0.9191761016845703,0.006383347325026989,-0.4841856360435486,442,376
0,6,0.7382693886756897,0.21338002383708954,1.812533974647522,-0.2420928180217743,156,470
0,7,1.7888835668563843,4.432470798492432,6.635416030883789,-0.2420928180217743,163,375
 , , , , , , , 
0,0,0.728804349899292,1.9871346950531006,0.12333101034164429,-1.2104641199111938,180,412
0,1,0.7548331618309021,2.0600669384002686,0.09073081612586975,-1.2104641199111938,241,398
0,2,1.8030810356140137,4.456717014312744,0.07425526529550552,-0.9683712720870972,191,404
0,3,1.6918673515319824,4.620993614196777,0.08987797796726227,-0.9683712720870972,147,396
0,4,1.3996357917785645,3.1474673748016357,0.06530412286520004,-0.4841856360435486,198,465
0,5,2.6975228786468506,3.5156185626983643,9.838184356689453,-0.4841856360435486,130,384
0,6,-6.069426536560059,8.87437915802002,0.9129777550697327,-0.4841856360435486,130,384
0,7,0.38451531529426575,0.8647365570068359,0.015473220497369766,-0.2420928180217743,508,358
 , , , , , , , 
0,0,0.41409340500831604,0.8505063056945801,0.03203717991709709,0.2420928180217743,435,371
0,1,0.44603776931762695,0.9814236164093018,0.20815451443195343,0.2420928180217743,119,509
0,2,1.5073000192642212,3.0967555046081543,-0.08915270119905472,0.2420928180217743,188,445
0,3,0.6625494360923767,2.010298013687134,0.12165901809930801,0.7262784242630005,148,371
 , , , , , , , 
0,0,0.39989593625068665,0.8863811492919922,-0.1528877168893814,0.0,407,321
0,1,0.33837348222732544,0.9242887496948242,-0.012519561685621738,0.7262784242630005,476,369
0,2,1.0648115873336792,1.999604344367981,0.1670837551355362,0.7262784242630005,223,490
0,3,2.21954083442688,4.5619378089904785,-0.009261814877390862,0.7262784242630005,178,416
0,4,1.320366382598877,3.263684034347534,-0.047725580632686615,1.2104641199111938,162,421
0,5,0.6530844569206238,1.610049843788147,0.11935783177614212,1.452556848526001,210,382
0,6,0.591562032699585,1.7981864213943481,0.004802308976650238,1.6946496963500977,126,426
0,7,0.054423704743385315,1.739568829536438,0.06296563148498535,-1.9367425441741943,225,358
 , , , , , , , 
0,0,1.325098991394043,2.7233293056488037,-0.03472209721803665,0.4841856360435486,132,491
0,1,1.307352066040039,2.939697742462158,-0.07182931900024414,0.7262784242630005,119,492
0,2,1.2304490804672241,2.7659356594085693,0.09597291797399521,0.9683712720870972,121,501
0,3,0.33127471804618835,1.0055279731750488,0.05420554056763649,1.2104641199111938,502,361
0,4,0.18101796507835388,1.921826720237732,-0.04504040256142616,-1.9367425441741943,260,363
0,5,0.0840018093585968,2.6853537559509277,-0.08645481616258621,-1.6946496963500977,212,477
 , , , , , , , 
0,0,0.8459336757659912,0.7999032139778137,-1.7264174222946167,0.2420928180217743,124,450
0,1,0.403445303440094,1.1018623113632202,-0.02463538758456707,0.9683712720870972,501,363
0,2,0.5111095905303955,1.2619885206222534,-0.06171698123216629,0.9683712720870972,144,537
0,3,0.06152245029807091,1.9672915935516357,0.0427878275513649,-1.9367425441741943,283,352
0,4,0.42119213938713074,3.342391014099121,0.06928601861000061,-1.9367425441741943,175,419
0,5,0.4330233931541443,4.595963954925537,0.15488344430923462,-1.9367425441741943,140,409
0,6,2.4608981609344482,1.7656155824661255,-0.014045988209545612,-0.7262784242630005,183,419
0,7,2.617070198059082,1.4379841089248657,-0.16986137628555298,-0.2420928180217743,186,436
 , , , , , , , 
0,0,0.42947399616241455,1.1727967262268066,0.03236481547355652,0.2420928180217743,482,414
0,1,0.546603262424469,1.4660706520080566,-0.28344133496284485,0.2420928180217743,116,482
0,2,-3.961099147796631,5.776216506958008,0.7308411002159119,0.2420928180217743,113,438
0,3,0.0,3.369961977005005,8.763663291931152,0.2420928180217743,112,421
0,4,2.0018458366394043,4.947505950927734,0.10848715901374817,0.4841856360435486,177,469
0,5,2.2301888465881348,5.015925884246826,-0.059157319366931915,0.4841856360435486,142,472
0,6,0.8518493175506592,2.105377197265625,-0.043559540063142776,0.7262784242630005,300,387
0,7,1.4800881147384644,5.0487799644470215,-0.11593443900346756,0.7262784242630005,163,459
0,8,1.8575047254562378,5.639618873596191,0.2751214802265167,0.7262784242630005,121,387
0,9,3.4499897956848145,2.1812961101531982,-0.2417224496603012,-0.4841856360435486,135,407
0,10,2.617070198059082,1.4395132064819336,-0.15637318789958954,-0.2420928180217743,263,448
 , , , , , , , 
0,0,0.42947399616241455,1.1708850860595703,0.07435009628534317,0.2420928180217743,484,379
0,1,0.5962945222854614,1.4662914276123047,0.15132538974285126,0.2420928180217743,133,426
0,2,2.058635711669922,5.089084148406982,0.0009590042172931135,0.2420928180217743,154,499
0,3,1.965169072151184,5.368400573730469,0.02871239185333252,0.2420928180217743,114,436
0,4,-6.186555862426758,7.060625076293945,0.8630932569503784,0.2420928180217743,129,401
0,5,3.829772710800171,8.613089561462402,-0.13545925915241241,0.2420928180217743,129,401
0,6,2.617070198059082,1.4229023456573486,-0.26832839846611023,-0.2420928180217743,179,418
 , , , , , , , 
0,0,0.4259246587753296,1.0251386165618896,0.24024687707424164,0.2420928180217743,228,357
0,1,0.4424884021282196,1.2048895359039307,0.09710429608821869,0.2420928180217743,385,405
0,2,0.5596176981925964,1.5223538875579834,0.13993267714977264,0.2420928180217743,118,404
0,3,0.8660467863082886,2.124749183654785,0.2626793682575226,0.2420928180217743,127,402
0,4,0.8459336757659912,2.3093481063842773,0.08559365570545197,0.2420928180217743,136,425
0,5,2.5839428901672363,1.4258928298950195,0.10361354798078537,0.2420928180217743,114,397
0,6,1.6682047843933105,5.061489582061768,0.30884823203086853,0.2420928180217743,135,429
0,7,1.762854814529419,5.357255458831787,0.12068935483694077,0.2420928180217743,145,445
0,8,-6.211401462554932,7.086636066436768,0.8855276107788086,0.2420928180217743,120,375
0,9,0.46141836047172546,1.0155938863754272,0.21377988159656525,-0.2420928180217743,195,359
0,10,0.48271459341049194,1.1915968656539917,-0.06377744674682617,-0.2420928180217743,342,410
0,11,2.5839428901672363,1.420662760734558,-0.16007350385189056,-0.2420928180217743,159,391
 , , , , , , , 
0,0,0.4424884021282196,1.2002813816070557,0.14322243630886078,0.2420928180217743,308,397
0,1,0.8660467863082886,2.1349234580993652,0.16019012033939362,0.2420928180217743,115,383
0,2,0.48271459341049194,1.1932134628295898,-0.014574923552572727,-0.2420928180217743,329,399
0,3,0.8660467863082886,2.1263349056243896,-0.24951830506324768,-0.2420928180217743,142,385
0,4,2.35205078125,4.83178186416626,-0.1560783088207245,-0.2420928180217743,121,389
0,5,1.900097131729126,5.189801216125488,0.09728001058101654,-0.2420928180217743,127,389
 , , , , , , , 
0,0,0.7808618545532227,0.8227747082710266,0.057757992297410965,0.2420928180217743,197,362
0,1,0.42947399616241455,1.16141939163208,0.16614699363708496,0.2420928180217743,223,386
0,2,0.8660467863082886,2.1399059295654297,0.06603918224573135,0.2420928180217743,172,373
0,3,2.184046983718872,4.9009857177734375,0.3360031843185425,0.2420928180217743,147,388
0,4,2.2301888465881348,4.996824264526367,0.44131624698638916,0.2420928180217743,150,380
0,5,0.8163555860519409,0.7839272618293762,-0.09519007056951523,-0.2420928180217743,228,347
0,6,0.5229408144950867,1.1613413095474243,-0.1865566372871399,-0.2420928180217743,197,408
0,7,0.8660467863082886,2.1282730102539062,-0.23240600526332855,-0.2420928180217743,200,400
0,8,2.35205078125,4.821915626525879,-0.34584367275238037,-0.2420928180217743,166,404
0,9,2.2301888465881348,5.012258529663086,-0.20069468021392822,-0.2420928180217743,182,390
 , , , , , , , 
0,0,0.42947399616241455,1.1642885208129883,0.14467865228652954,0.2420928180217743,361,390
0,1,0.42947399616241455,1.1731518507003784,-0.014649085700511932,-0.2420928180217743,392,386
0,2,0.8636805415153503,2.6199753284454346,-0.16808389127254486,-0.2420928180217743,114,400
0,3,1.2233502864837646,3.34013032913208,-0.11074799299240112,-0.2420928180217743,120,395
0,4,2.184046983718872,4.912209510803223,-0.05249771103262901,-0.2420928180217743,142,450
0,5,2.058635711669922,5.071595191955566,-0.42154479026794434,-0.2420928180217743,211,426
0,6,1.751023530960083,5.320481777191162,0.15193794667720795,-0.2420928180217743,148,424
 , , , , , , , 
0,0,0.42947399616241455,1.166539192199707,0.12524409592151642,0.2420928180217743,407,371
0,1,0.4945458471775055,1.3509494066238403,-0.012524913996458054,0.2420928180217743,132,412
0,2,2.3993754386901855,1.721497893333435,-0.010464218445122242,0.2420928180217743,178,393
0,3,2.4017417430877686,4.92418098449707,0.347610205411911,0.2420928180217743,168,372
0,4,0.46851709485054016,1.1577906608581543,-0.030984746292233467,-0.2420928180217743,450,375
0,5,0.4945458471775055,1.3369591236114502,-0.19432303309440613,-0.2420928180217743,152,442
0,6,2.491659164428711,1.5100715160369873,-0.481648713350296,-0.2420928180217743,127,407
0,7,2.184046983718872,4.893046855926514,-0.43663278222084045,-0.2420928180217743,131,449
0,8,2.4017417430877686,4.916929244995117,-0.4384062886238098,-0.2420928180217743,137,455
0,9,-6.186555862426758,7.107670307159424,-0.2799682319164276,-0.2420928180217743,169,378
0,10,0.5891957879066467,3.8977270126342773,-8.563375473022461,-0.2420928180217743,169,378
 , , , , , , , 
0,0,0.42947399616241455,1.169800043106079,0.0898204818367958,0.2420928180217743,320,358
0,1,0.46851709485054016,1.1561472415924072,-0.06901471316814423,-0.2420928180217743,336,361
0,2,0.9086392521858215,2.2385501861572266,-0.18542087078094482,-0.2420928180217743,147,369
 , , , , , , , 
0,0,0.42947399616241455,1.1694505214691162,0.09426249563694,0.2420928180217743,274,354
0,1,2.491659164428711,1.5828064680099487,0.08381513506174088,0.2420928180217743,148,363
0,2,2.0160434246063232,4.969632625579834,0.3754226267337799,0.2420928180217743,126,362
0,3,1.5546250343322754,5.272247791290283,0.5834503769874573,0.2420928180217743,130,361
0,4,0.46851709485054016,1.1536465883255005,-0.10265848785638809,-0.2420928180217743,257,362
0,5,2.5839428901672363,1.4096698760986328,-0.238195538520813,-0.2420928180217743,151,358
 , , , , , , , 
0,0,0.8577649593353271,0.6781237125396729,0.09928639978170395,0.2420928180217743,161,348
0,1,0.42947399616241455,1.1692650318145752,0.09653523564338684,0.2420928180217743,297,377
0,2,0.7157900333404541,0.3431585729122162,1.925059199333191,0.2420928180217743,131,390
0,3,2.491659164428711,1.5829106569290161,-0.08182473480701447,0.2420928180217743,243,397
0,4,2.168666362762451,4.875554084777832,0.15109038352966309,0.2420928180217743,124,369
0,5,0.8577649593353271,0.6829005479812622,-0.057934340089559555,-0.2420928180217743,161,334
0,6,0.46851709485054016,1.1575684547424316,-0.03840116411447525,-0.2420928180217743,320,355
0,7,2.5839428901672363,1.35834801197052,-0.44586655497550964,-0.2420928180217743,218,380
0,8,2.168666362762451,4.875389575958252,-0.15631678700447083,-0.2420928180217743,129,366
0,9,1.7273610830307007,5.250701904296875,0.014930878765881062,-0.2420928180217743,119,393
 , , , , , , , 
0,0,0.39043092727661133,1.184221863746643,-0.07829311490058899,0.2420928180217743,277,375
0,1,2.491659164428711,1.5819604396820068,-0.0985013023018837,0.2420928180217743,283,461
0,2,3.386101245880127,2.150177478790283,-0.12838970124721527,0.2420928180217743,145,423
0,3,0.29341477155685425,1.1336266994476318,0.07920775562524796,-0.2420928180217743,310,357
0,4,0.46851709485054016,1.1081178188323975,-0.3369186818599701,-0.2420928180217743,324,371
0,5,0.4945458471775055,1.3475368022918701,-0.09677731990814209,-0.2420928180217743,114,484
0,6,0.9086392521858215,2.2461259365081787,-0.020141160115599632,-0.2420928180217743,133,459
0,7,1.6682047843933105,5.0688090324401855,0.1457338035106659,-0.2420928180217743,230,483
0,8,1.7155299186706543,5.213573932647705,0.11118847131729126,-0.2420928180217743,201,467
0,9,3.520977258682251,6.143124103546143,-6.166294574737549,-0.2420928180217743,122,415
0,10,-5.868295669555664,7.231429576873779,1.19497811794281,-0.2420928180217743,122,415
0,11,2.4183053970336914,3.9351742267608643,10.043987274169922,-0.2420928180217743,141,393
0,12,4.259246826171875,12.926219940185547,0.7330387830734253,-0.2420928180217743,122,365
 , , , , , , , 
0,0,0.46851709485054016,1.1581988334655762,-0.0038472667802125216,-0.2420928180217743,413,385
0,1,0.8802443146705627,2.1746532917022705,-0.07717358320951462,-0.2420928180217743,180,473
0,2,1.3665082454681396,3.7302467823028564,-0.1445642113685608,-0.2420928180217743,113,474
 , , , , , , , 
0,0,0.4164596498012543,1.1318702697753906,-0.11493144929409027,-0.2420928180217743,425,353
 , , , , , , , 
0,0,0.45431962609291077,1.1197627782821655,0.08662144839763641,0.2420928180217743,360,380
0,1,0.3064291179180145,1.3458309173583984,-0.23902657628059387,0.2420928180217743,135,423
0,2,0.806890606880188,2.1815664768218994,0.31559064984321594,0.2420928180217743,138,434
0,3,2.491659164428711,1.5849709510803223,0.012986544519662857,0.2420928180217743,133,456
0,4,2.2526681423187256,4.629923343658447,0.03227916359901428,0.2420928180217743,147,403
0,5,0.45431962609291077,1.120212435722351,-0.08059737086296082,-0.2420928180217743,328,394
0,6,2.5839428901672363,1.3858909606933594,-0.3510165512561798,-0.2420928180217743,203,435
 , , , , , , , 
0,0,0.37859970331192017,1.1507253646850586,0.016487520188093185,0.2420928180217743,325,362
0,1,0.25555479526519775,1.3375571966171265,0.05735380947589874,0.2420928180217743,119,390
0,2,0.806890606880188,2.203909158706665,-0.040182895958423615,0.2420928180217743,129,408
0,3,2.491659164428711,1.5850119590759277,-0.006195803172886372,0.2420928180217743,175,410
0,4,1.3665082454681396,3.725454568862915,0.2379647046327591,0.2420928180217743,141,401
0,5,0.4164596498012543,1.1306626796722412,-0.12625983357429504,-0.2420928180217743,316,351
0,6,2.5839428901672363,1.379394769668579,-0.37573426961898804,-0.2420928180217743,224,385
0,7,1.3665082454681396,3.7196741104125977,-0.315695583820343,-0.2420928180217743,138,376
 , , , , , , , 
0,0,0.4164596498012543,1.1376901865005493,0.000836217135656625,0.2420928180217743,246,367
0,1,0.45431962609291077,1.1162201166152954,-0.12419594079256058,-0.2420928180217743,253,357
 , , , , , , , 
0,0,0.4164596498012543,1.1249085664749146,0.17006000876426697,0.2420928180217743,265,352
0,1,2.491659164428711,1.5845057964324951,-0.040532875806093216,0.2420928180217743,174,381
0,2,0.4164596498012543,1.137256383895874,0.031426165252923965,-0.2420928180217743,252,364
0,3,2.5839428901672363,1.3796230554580688,-0.37489503622055054,-0.2420928180217743,169,374
 , , , , , , , 
0,0,0.34073972702026367,1.1611099243164062,-0.059148699045181274,0.2420928180217743,294,381
0,1,0.2129623293876648,1.3201087713241577,0.2638500928878784,0.2420928180217743,146,409
0,2,2.491659164428711,1.5839825868606567,-0.05745234712958336,0.2420928180217743,236,397
0,3,0.37859970331192017,1.1356322765350342,-0.18649418652057648,-0.2420928180217743,333,379
0,4,0.25555479526519775,1.335547924041748,0.09306133538484573,-0.2420928180217743,159,435
0,5,0.8802443146705627,2.1706345081329346,-0.15303057432174683,-0.2420928180217743,153,430
0,6,2.5839428901672363,1.3700790405273438,-0.40839883685112,-0.2420928180217743,178,432
0,7,1.3061689138412476,3.2271547317504883,-0.1072404757142067,-0.2420928180217743,121,462
 , , , , , , , 
0,0,0.4164596498012543,1.1330817937850952,0.10230051726102829,0.2420928180217743,297,381
0,1,0.25555479526519775,1.3338963985443115,0.11432069540023804,0.2420928180217743,146,373
0,2,2.491659164428711,1.5834290981292725,-0.07108944654464722,0.2420928180217743,262,403
0,3,0.4164596498012543,1.1358226537704468,-0.06516586989164352,-0.2420928180217743,345,352
0,4,0.25555479526519775,1.3362890481948853,-0.08173374831676483,-0.2420928180217743,154,393
0,5,2.5839428901672363,1.363124966621399,-0.43104133009910583,-0.2420928180217743,205,423
 , , , , , , , 
0,0,0.37859970331192017,1.1480138301849365,0.0806518942117691,0.2420928180217743,330,358
0,1,0.2129623293876648,1.346217155456543,-0.0018290434964001179,0.2420928180217743,164,397
0,2,2.491659164428711,1.5834470987319946,-0.07068707793951035,0.2420928180217743,224,419
0,3,0.37859970331192017,1.149977445602417,-0.04463505744934082,-0.2420928180217743,370,357
0,4,0.2129623293876648,1.3307784795761108,-0.2033044546842575,-0.2420928180217743,188,413
0,5,0.46141836047172546,1.3022679090499878,-0.52092045545578,-0.2420928180217743,113,400
0,6,0.8802443146705627,2.170366048812866,-0.15679308772087097,-0.2420928180217743,193,411
0,7,2.5839428901672363,1.360613465309143,-0.438904732465744,-0.2420928180217743,155,458
0,8,1.8764346837997437,4.2136549949646,-0.2418491095304489,-0.2420928180217743,131,431
 , , , , , , , 
0,0,0.34073972702026367,1.1556472778320312,-0.12709861993789673,0.2420928180217743,300,358
0,1,2.5236034393310547,1.6034116744995117,-0.07876812666654587,0.2420928180217743,213,390
0,2,0.34073972702026367,1.1192976236343384,-0.3144002854824066,-0.2420928180217743,333,353
0,3,0.7938761711120605,2.160100221633911,-0.19319334626197815,-0.2420928180217743,168,387
0,4,2.617070198059082,1.370793342590332,-0.46645116806030273,-0.2420928180217743,178,405
 , , , , , , , 
0,0,0.4164596498012543,1.1283094882965088,0.1457989513874054,0.2420928180217743,274,359
0,1,2.5236034393310547,1.6041547060012817,-0.06181250512599945,0.2420928180217743,175,352
0,2,0.45431962609291077,1.1230789422988892,0.008101332932710648,-0.2420928180217743,289,349
0,3,2.617070198059082,1.3997665643692017,-0.3705466687679291,-0.2420928180217743,158,361
 , , , , , , , 
0,0,0.4164596498012543,1.121796727180481,0.18950395286083221,0.2420928180217743,222,361
0,1,0.4164596498012543,1.1352330446243286,0.07473752647638321,-0.2420928180217743,222,352
 , , , , , , , 
0,0,0.4164596498012543,1.1338671445846558,0.09319344162940979,0.2420928180217743,280,368
0,1,2.5236034393310547,1.604661226272583,0.04685818776488304,0.2420928180217743,142,362
0,2,0.4164596498012543,1.1358743906021118,-0.06425699591636658,-0.2420928180217743,299,359
0,3,2.617070198059082,1.405306100845337,-0.34894949197769165,-0.2420928180217743,141,355
 , , , , , , , 
0,0,0.4164596498012543,1.1351152658462524,0.07650510966777802,0.2420928180217743,318,373
0,1,0.8660467863082886,2.1406919956207275,-0.03157671540975571,0.2420928180217743,119,374
0,2,2.5236034393310547,1.6044567823410034,-0.053398698568344116,0.2420928180217743,147,378
0,3,0.4164596498012543,1.134539246559143,-0.08461868762969971,-0.2420928180217743,315,365
0,4,2.617070198059082,1.3982875347137451,-0.3760891854763031,-0.2420928180217743,155,378
 , , , , , , , 
0,0,0.4164596498012543,1.135399580001831,0.07216346263885498,0.2420928180217743,278,365
0,1,0.4164596498012543,1.1347301006317139,-0.08202017098665237,-0.2420928180217743,292,359
 , , , , , , , 
0,0,0.4164596498012543,1.1273326873779297,0.15316903591156006,0.2420928180217743,268,356
0,1,0.8660467863082886,2.1354496479034424,0.1530146598815918,0.2420928180217743,126,380
0,2,0.45431962609291077,1.1229376792907715,-0.019567599520087242,-0.2420928180217743,261,348
 , , , , , , , 
0,0,0.4164596498012543,1.1362422704696655,0.05738682672381401,0.2420928180217743,222,360
0,1,2.5236034393310547,1.60511314868927,0.027290860190987587,0.2420928180217743,152,358
0,2,0.45431962609291077,1.1201972961425781,-0.08080839365720749,-0.2420928180217743,238,357
0,3,2.617070198059082,1.376053810119629,-0.45069605112075806,-0.2420928180217743,154,363
 , , , , , , , 
0,0,0.37859970331192017,1.14625084400177,-0.1027112603187561,0.2420928180217743,259,354
0,1,1.3534939289093018,3.675616502761841,0.40162932872772217,0.2420928180217743,123,378
0,2,0.4164596498012543,1.1152435541152954,-0.22488091886043549,-0.2420928180217743,277,351
0,3,1.4765387773513794,3.6488585472106934,-0.0952531024813652,-0.2420928180217743,145,391
 , , , , , , , 
0,0,0.4164596498012543,1.1375776529312134,0.01602565124630928,0.2420928180217743,329,361
0,1,2.491659164428711,1.5847302675247192,-0.03051573969423771,0.2420928180217743,182,406
0,2,1.3534939289093018,3.6722829341888428,0.43104714155197144,0.2420928180217743,116,396
0,3,0.4164596498012543,1.1296968460083008,-0.1346278190612793,-0.2420928180217743,372,348
0,4,2.5236034393310547,1.5511565208435059,-0.413577675819397,-0.2420928180217743,129,436
0,5,1.4907362461090088,3.685166597366333,-0.015391252003610134,-0.2420928180217743,140,431
 , , , , , , , 
0,0,2.5236034393310547,1.603482723236084,0.0773080587387085,0.2420928180217743,184,395
0,1,0.4164596498012543,1.1365259885787964,-0.05146215856075287,-0.2420928180217743,440,377
0,2,0.8376518487930298,2.0354106426239014,0.380826860666275,-0.2420928180217743,130,417
0,3,0.9382173418998718,2.1095192432403564,-0.05720875412225723,-0.2420928180217743,133,439
 , , , , , , , 
0,0,0.7808618545532227,0.724195659160614,-1.789346694946289,0.2420928180217743,170,399
0,1,2.617070198059082,1.4425715208053589,-0.12505406141281128,0.2420928180217743,270,457
0,2,1.1452640295028687,4.415696144104004,-0.41960975527763367,0.2420928180217743,115,401
0,3,0.8802443146705627,2.1753993034362793,0.05206519737839699,-0.7262784242630005,131,398
0,4,1.334563970565796,3.299081325531006,0.01799643412232399,-0.7262784242630005,122,439
0,5,2.1438207626342773,5.292212009429932,0.2810050845146179,-0.7262784242630005,122,392
0,6,0.403445303440094,1.0988099575042725,0.0855807214975357,-0.2420928180217743,431,369
 , , , , , , , 
0,0,1.2422802448272705,2.5454611778259277,0.2002829611301422,0.2420928180217743,116,449
0,1,1.3381133079528809,3.0038647651672363,0.18836648762226105,-0.9683712720870972,122,403
0,2,0.5111095905303955,1.2634919881820679,-0.0034448024816811085,-0.7262784242630005,143,436
0,3,0.39043092727661133,1.0662949085235596,0.024867137894034386,-0.2420928180217743,433,346
0,4,0.7548331618309021,1.9137054681777954,0.768010139465332,-0.2420928180217743,115,468
 , , , , , , , 
0,0,0.4259246587753296,1.021634817123413,0.25473523139953613,0.2420928180217743,422,356
0,1,1.2754076719284058,2.552440643310547,0.5973908305168152,0.2420928180217743,125,476
0,2,0.5253070592880249,1.2879165410995483,0.16618278622627258,-0.2420928180217743,135,457
0,3,0.8920755386352539,1.9875410795211792,-0.2752506732940674,-0.2420928180217743,139,470
0,4,1.2209839820861816,3.0090980529785156,0.23618927597999573,-0.2420928180217743,136,434
 , , , , , , , 
0,0,0.47679901123046875,0.9879681468009949,0.4172017574310303,0.2420928180217743,395,354
0,1,2.5839428901672363,1.421112060546875,0.15603426098823547,-0.2420928180217743,203,414
 , , , , , , , 
0,0,0.5134758353233337,0.8950548768043518,0.5591913461685181,0.2420928180217743,294,375
0,1,0.5501527190208435,0.9463539123535156,0.42334604263305664,-0.2420928180217743,353,365
 , , , , , , , 
0,0,2.5508153438568115,1.3865190744400024,0.26343899965286255,0.2420928180217743,183,372
0,1,0.5324057936668396,0.8677945733070374,0.5035039186477661,-0.2420928180217743,428,364
 , , , , , , , 
0,0,2.491659164428711,1.5404956340789795,0.37306129932403564,0.2420928180217743,196,372
0,1,-1.1925890445709229,1.0114599466323853,-0.288370281457901,-0.7262784242630005,167,394
0,2,0.5146589875221252,0.8395266532897949,0.485583633184433,-0.4841856360435486,401,355
 , , , , , , , 
0,0,2.5236034393310547,1.5297337770462036,0.48687562346458435,0.2420928180217743,147,395
0,1,0.49691206216812134,0.8076570630073547,0.47385257482528687,-0.4841856360435486,373,360
0,2,0.7418187260627747,0.735417366027832,0.6854297518730164,-0.2420928180217743,121,476
 , , , , , , , 
0,0,0.9228367209434509,0.6522694826126099,0.11382649093866348,0.2420928180217743,189,366
0,1,1.6611061096191406,1.0461796522140503,0.1486157327890396,0.2420928180217743,116,386
0,2,0.39989593625068665,0.7745096683502197,0.4573631286621094,-0.4841856360435486,340,340
0,3,0.1833842396736145,1.153242826461792,0.11779985576868057,-0.4841856360435486,158,460
 , , , , , , , 
0,0,0.49217960238456726,0.7604996562004089,0.3851785361766815,-0.2420928180217743,391,362
 , , , , , , , 
0,0,0.41409340500831604,0.7872776985168457,0.3233901858329773,-0.2420928180217743,378,366
 , , , , , , , 
0,0,0.5028277039527893,0.7018282413482666,0.38789454102516174,0.2420928180217743,316,359
0,1,0.5324057936668396,0.7306819558143616,0.2801939845085144,-0.2420928180217743,275,352
0,2,1.3582264184951782,0.7106296420097351,0.24440492689609528,-0.2420928180217743,116,391
 , , , , , , , 
0,0,0.3809659481048584,0.7284062504768372,0.28730785846710205,0.2420928180217743,165,335
0,1,0.4436715245246887,0.748930811882019,0.37164363265037537,0.2420928180217743,206,339
0,2,0.473249614238739,0.7858717441558838,0.2330261915922165,-0.2420928180217743,185,349
 , , , , , , , 
0,0,0.41409340500831604,0.7910932302474976,0.31394094228744507,0.2420928180217743,400,349
0,1,1.4197487831115723,2.3845067024230957,0.6009885668754578,0.4841856360435486,134,408
 , , , , , , , 
0,0,0.473249614238739,0.7500230669975281,0.33069777488708496,0.2420928180217743,303,345
0,1,1.2422802448272705,2.236220359802246,0.6925364136695862,0.2420928180217743,126,410
0,2,0.473249614238739,0.7936917543411255,0.2048146277666092,-0.2420928180217743,282,346
 , , , , , , , 
0,0,0.4436715245246887,0.8126113414764404,0.196670264005661,-0.2420928180217743,459,353
0,1,0.5678995251655579,0.9392755627632141,0.29204627871513367,-0.2420928180217743,156,463
 , , , , , , , 
0,0,0.473249614238739,0.796110212802887,0.19520269334316254,-0.2420928180217743,456,363
0,1,3.0122339725494385,3.9577829837799072,1.0000624656677246,-0.2420928180217743,133,423
 , , , , , , , 
0,0,0.870779275894165,1.480648159980774,0.2871427834033966,-0.7262784242630005,154,412
0,1,0.48271459341049194,0.742233395576477,0.20420943200588226,-0.2420928180217743,467,358
 , , , , , , , 
0,0,0.8648636937141418,1.349855661392212,0.2832225263118744,-0.9683712720870972,190,372
0,1,1.171292781829834,1.7190874814987183,0.09368769824504852,-0.9683712720870972,114,396
0,2,1.7794185876846313,3.040093183517456,0.5067799091339111,-0.9683712720870972,127,425
0,3,0.48981332778930664,0.7044404745101929,0.14867094159126282,-0.4841856360435486,412,373
0,4,0.7193394303321838,0.708763062953949,0.6693161129951477,-0.2420928180217743,118,500
0,5,4.5999860763549805,6.748002052307129,-0.424548476934433,-0.2420928180217743,113,404
 , , , , , , , 
0,0,1.022219181060791,1.4935733079910278,0.16373255848884583,-1.2104641199111938,116,396
0,1,0.34073972702026367,0.5873984694480896,0.057216331362724304,-0.7262784242630005,238,347
0,2,0.5205745697021484,0.6491281986236572,-0.03727281838655472,-0.2420928180217743,435,371
 , , , , , , , 
0,0,1.1973215341567993,1.156475305557251,-0.06327880918979645,-0.7262784242630005,122,384
0,1,2.7069878578186035,2.856283664703369,-0.1314115822315216,-0.7262784242630005,167,414
0,2,2.811102867126465,2.922386884689331,-0.525611162185669,-0.7262784242630005,159,453
0,3,3.1293632984161377,2.9809770584106445,-0.5265699625015259,-0.7262784242630005,171,409
0,4,4.555027484893799,4.782220363616943,-0.5284625887870789,-0.7262784242630005,115,403
0,5,1.0648117065429688,0.8382809162139893,-0.14532072842121124,-0.4841856360435486,124,441
0,6,0.591562032699585,0.44973352551460266,-0.14541345834732056,-0.2420928180217743,449,360
 , , , , , , , 
0,0,2.6620290279388428,2.0388095378875732,-0.6059816479682922,-0.7262784242630005,129,396
0,1,1.0541634559631348,0.6580103635787964,-0.12926515936851501,-0.4841856360435486,120,424
0,2,-1.6682049036026,8.6478271484375,-1.2611262798309326,-0.4841856360435486,126,381
0,3,0.6388869881629944,0.36283013224601746,-0.1831083744764328,-0.2420928180217743,417,356
 , , , , , , , 
0,0,0.6294220089912415,0.337272971868515,-0.08674135059118271,0.2420928180217743,324,347
0,1,-1.887082815170288,0.862531840801239,-0.17585010826587677,0.2420928180217743,136,418
0,2,2.2301888465881348,1.0321773290634155,-0.12994523346424103,-0.4841856360435486,127,391
0,3,0.651901364326477,0.2500186264514923,-0.17310255765914917,-0.2420928180217743,371,356
 , , , , , , , 
0,0,0.6743807196617126,0.24942085146903992,0.021191878244280815,0.2420928180217743,226,343
0,1,0.6625494956970215,0.3330824077129364,-0.15308572351932526,-0.2420928180217743,223,349
 , , , , , , , 
0,0,0.6743807196617126,0.2459305226802826,-0.04666946455836296,0.2420928180217743,331,349
0,1,-0.9535979628562927,0.23080438375473022,-0.07964470237493515,0.2420928180217743,146,490
0,2,0.6968600749969482,0.10175970196723938,-0.14656122028827667,-0.2420928180217743,291,341
 , , , , , , , 
0,0,-0.6968600749969482,0.16391029953956604,-0.07048860937356949,-0.2420928180217743,173,352
 , , , , , , , 
0,0,1.6137810945510864,0.4130687713623047,-0.010142847895622253,0.2420928180217743,155,420
 , , , , , , , 
0,0,0.6968600749969482,0.17769023776054382,-0.016168100759387016,0.2420928180217743,227,352
0,1,0.6033932566642761,0.20967304706573486,-0.07873900234699249,-0.2420928180217743,173,341
0,2,0.7335368990898132,0.17930452525615692,-0.0558968186378479,-0.2420928180217743,235,364
0,3,0.9228367805480957,0.23613758385181427,-0.248141810297966,-0.2420928180217743,164,464
0,4,1.526229977607727,0.5172050595283508,-0.2311614602804184,-0.2420928180217743,165,464
 , , , , , , , 
0,0,0.6968600749969482,0.17662179470062256,-0.02529759518802166,0.2420928180217743,290,337
 , , , , , , , 
0,0,0.6743807196617126,0.2370416820049286,-0.0804431289434433,0.2420928180217743,236,345
0,1,0.6743807196617126,0.17994774878025055,-0.17400766909122467,-0.2420928180217743,266,348
0,2,0.9938241839408875,0.5484955906867981,0.03880229964852333,-0.2420928180217743,118,394
0,3,2.342585563659668,0.5093512535095215,-0.7047302722930908,-0.2420928180217743,134,375
 , , , , , , , 
0,0,0.651901364326477,0.30052322149276733,-0.046471551060676575,0.2420928180217743,240,337
0,1,0.6743807196617126,0.2031247764825821,-0.14628800749778748,-0.2420928180217743,272,345
 , , , , , , , 
0,0,0.6968600749969482,0.17818716168403625,-0.00919595267623663,0.2420928180217743,301,347
0,1,0.6968600749969482,0.1468730866909027,-0.10130906105041504,-0.2420928180217743,333,350
0,2,1.303802728652954,0.6012834906578064,-0.09139665216207504,-0.2420928180217743,251,414
 , , , , , , , 
0,0,0.6968600749969482,0.17687761783599854,-0.023442180827260017,0.2420928180217743,385,350
0,1,1.2836894989013672,0.3282950818538666,-0.015831002965569496,0.2420928180217743,147,443
0,2,0.9938241839408875,0.5470142364501953,0.055932559072971344,-0.2420928180217743,134,417
 , , , , , , , 
0,0,0.6968600749969482,0.1772443950176239,-0.02048545330762863,0.2420928180217743,418,353
0,1,1.320366382598877,0.33385300636291504,-0.053213611245155334,0.2420928180217743,162,447
0,2,2.520054340362549,0.925582230091095,-0.1351993829011917,0.2420928180217743,119,431
0,3,1.3381133079528809,0.6189342737197876,-0.08086913824081421,0.4841856360435486,119,423
 , , , , , , , 
0,0,0.6968600749969482,0.17842373251914978,-0.0004439378099050373,0.2420928180217743,307,342
0,1,1.2777739763259888,0.47298166155815125,-0.03519958257675171,0.2420928180217743,141,371
0,2,0.6968600749969482,0.14964637160301208,-0.0971657857298851,-0.2420928180217743,273,363
 , , , , , , , 
0,0,0.7098744511604309,0.26045888662338257,-0.03987961634993553,0.2420928180217743,335,335
0,1,0.7335368990898132,0.13454094529151917,-0.13104693591594696,-0.2420928180217743,297,354
 , , , , , , , 
0,0,0.7335368990898132,0.18495477735996246,-0.032654158771038055,0.2420928180217743,207,352
0,1,1.3381133079528809,0.6212080121040344,0.060992754995822906,0.2420928180217743,175,361
0,2,0.7335368990898132,0.14031682908535004,-0.12484291195869446,-0.2420928180217743,212,346
0,3,1.3381133079528809,0.6191024780273438,-0.07957153767347336,-0.2420928180217743,160,358
 , , , , , , , 
0,0,0.7098744511604309,0.2603781223297119,-0.04040360823273659,0.2420928180217743,207,341
0,1,0.7335368990898132,0.13804174959659576,-0.1273539960384369,-0.2420928180217743,201,355
 , , , , , , , 
0,0,0.651901364326477,0.29641416668891907,-0.0679149404168129,0.2420928180217743,227,354
0,1,0.6743807196617126,0.20200280845165253,-0.1478334367275238,-0.2420928180217743,213,347
 , , , , , , , 
0,0,0.7335368990898132,0.1840442717075348,-0.03744687885046005,0.2420928180217743,245,343
0,1,0.7335368990898132,0.14250315725803375,-0.12234139442443848,-0.2420928180217743,233,350
0,2,1.384255051612854,0.4960779547691345,-0.1338333934545517,-0.2420928180217743,137,355
 , , , , , , , 
0,0,0.7335368990898132,0.17357666790485382,-0.07173357903957367,0.2420928180217743,304,356
0,1,1.7746860980987549,0.6174018979072571,-0.22966761887073517,0.2420928180217743,113,403
0,2,0.7335368990898132,0.09419349581003189,-0.16248738765716553,-0.2420928180217743,258,351
 , , , , , , , 
0,0,0.7335368990898132,0.1645956188440323,-0.09045909345149994,0.2420928180217743,288,353
0,1,1.8338422775268555,0.40297695994377136,-0.24098800122737885,0.2420928180217743,128,407
0,2,0.7335368990898132,0.07062076032161713,-0.17403239011764526,-0.2420928180217743,235,344
 , , , , , , , 
0,0,0.7335368990898132,0.1681092083454132,-0.08374878019094467,0.2420928180217743,285,357
 , , , , , , , 
0,0,0.7335368990898132,0.15874622762203217,-0.10037030279636383,0.2420928180217743,340,352
 , , , , , , , 
0,0,0.7335368990898132,0.15543612837791443,-0.10542380064725876,0.2420928180217743,225,345
 , , , , , , , 
0,0,0.7335368990898132,0.145765021443367,-0.11843615770339966,0.2420928180217743,344,353
0,1,-0.9228367805480957,0.3342031240463257,-0.07512388378381729,0.2420928180217743,124,387
 , , , , , , , 
0,0,0.7702137231826782,0.15604053437709808,-0.12058804929256439,0.2420928180217743,125,358
 , , , , , , , 
0,0,0.7702137231826782,0.17404422163963318,-0.0927293449640274,0.2420928180217743,219,352
 , , , , , , , 
0,0,0.7702137231826782,0.18437495827674866,-0.06997142732143402,0.2420928180217743,159,359
0,1,0.7702137231826782,0.05157160013914108,-0.19034309685230255,-0.2420928180217743,151,355
 , , , , , , , 
0,0,0.7702137231826782,0.17657794058322906,-0.08780863881111145,0.2420928180217743,192,355
0,1,0.7702137231826782,0.05756954848766327,-0.18861566483974457,-0.2420928180217743,217,345
 , , , , , , , 
0,0,-0.9902748465538025,0.25211066007614136,-0.026980340480804443,0.2420928180217743,130,387
0,1,0.7335368990898132,0.06309697777032852,-0.17689922451972961,-0.2420928180217743,355,341
0,2,-0.9902748465538025,0.16570813953876495,-0.1919076144695282,-0.2420928180217743,157,424
0,3,1.6504580974578857,0.3446200489997864,-0.24456945061683655,-0.2420928180217743,124,418
 , , , , , , , 
0,0,0.7335368990898132,0.16069363057613373,-0.09722203016281128,0.2420928180217743,282,354
 , , , , , , , 
0,0,0.7335368990898132,0.16852982342243195,-0.08289910852909088,0.2420928180217743,279,343
0,1,2.457348585128784,0.28617599606513977,-0.5603321194648743,-0.2420928180217743,116,415
 , , , , , , , 
0,0,0.7335368990898132,0.1635582447052002,-0.09232153743505478,0.2420928180217743,268,345
0,1,2.4206717014312744,0.3963433802127838,-0.47649866342544556,-0.2420928180217743,151,384
 , , , , , , , 
0,0,2.5673789978027344,0.3985403776168823,-0.5227606892585754,-0.2420928180217743,114,387
 , , , , , , , 
0,0,0.7335368990898132,0.17188504338264465,-0.0756973922252655,0.2420928180217743,158,353
 , , , , , , , 
0,0,0.6968600749969482,0.1697315275669098,-0.05501304566860199,0.2420928180217743,223,351
 , , , , , , , 
0,0,0.6968600749969482,0.17735694348812103,0.019486958160996437,0.2420928180217743,165,358
 , , , , , , , 
0,0,0.6968600749969482,0.17838159203529358,-0.0039031710475683212,0.2420928180217743,165,350
 , , , , , , , 
0,0,0.7335368990898132,0.18745267391204834,-0.011664430610835552,0.2420928180217743,220,361
 , , , , , , , 
0,0,0.6968600749969482,0.17826968431472778,-0.007426289841532707,0.2420928180217743,250,342
 , , , , , , , 
0,0,0.7335368990898132,0.1802702397108078,-0.052699171006679535,0.2420928180217743,244,352
 , , , , , , , 
0,0,0.7335368990898132,0.18276098370552063,-0.04327801242470741,0.2420928180217743,250,339
 , , , , , , , 
0,0,0.7335368990898132,0.17510728538036346,-0.06791174411773682,0.2420928180217743,253,358
 , , , , , , , 
0,0,0.7335368990898132,0.18428415060043335,0.03624797984957695,0.2420928180217743,129,346
0,1,0.7335368990898132,0.1672314703464508,-0.08548800647258759,-0.2420928180217743,146,350
0,2,2.023141860961914,0.6404550671577454,-0.39211779832839966,-0.2420928180217743,118,367
 , , , , , , , 
0,0,1.9213933944702148,0.8897030353546143,-0.10838282853364944,0.2420928180217743,115,356
 , , , , , , , 
0,0,1.9213933944702148,0.8309102058410645,-0.3360156714916229,0.2420928180217743,139,360
0,1,2.200610876083374,0.7527269721031189,-0.31720104813575745,0.2420928180217743,125,357
 , , , , , , , 
0,0,-0.7335368990898132,0.14415721595287323,-0.120387963950634,0.2420928180217743,270,350
 , , , , , , , 
0,0,-0.7098744511604309,0.21436633169651031,-0.15321975946426392,0.2420928180217743,268,348
 , , , , , , , 
0,0,-0.8068905472755432,0.15826041996479034,-0.13279989361763,0.4841856360435486,200,356
 , , , , , , , 
0,0,0.8163555860519409,0.28291797637939453,-0.1085243672132492,0.2420928180217743,168,357
0,1,-0.843567430973053,0.19745409488677979,-0.08753520995378494,0.7262784242630005,194,362
 , , , , , , , 
0,0,0.8518493175506592,0.2572687566280365,-0.18382276594638824,0.2420928180217743,187,355
 , , , , , , , 
0,0,0.880244255065918,0.1865129917860031,-0.12652382254600525,0.2420928180217743,162,364
 , , , , , , , 
0,0,0.880244255065918,0.20259924232959747,-0.09873662143945694,0.2420928180217743,128,355
 , , , , , , , 
0,0,0.8518493175506592,0.29409700632095337,-0.11612484604120255,0.2420928180217743,120,352
 , , , , , , , 
0,0,0.9583304524421692,0.6038872003555298,0.08344186842441559,0.2420928180217743,146,361
 , , , , , , , 
0,0,0.9583304524421692,0.5888885855674744,0.15764690935611725,0.2420928180217743,139,358
0,1,-0.8068905472755432,0.14372506737709045,-0.1484091430902481,-0.2420928180217743,184,353
 , , , , , , , 
0,0,-0.8068905472755432,0.15607671439647675,-0.13535962998867035,-0.2420928180217743,213,360
 , , , , , , , 
0,0,-0.7702137231826782,0.12601615488529205,-0.15169064700603485,-0.2420928180217743,189,351
 , , , , , , , 
0,0,-0.7702137231826782,0.18886344134807587,-0.056751444935798645,0.2420928180217743,121,357
 , , , , , , , 
0,0,-0.8068905472755432,0.18388141691684723,-0.09417958557605743,0.2420928180217743,139,353
 , , , , , , , 
0,0,0.6507182121276855,0.35113653540611267,0.3834364116191864,-0.2420928180217743,144,350
 , , , , , , , 
0,0,0.880244255065918,0.06141110509634018,-0.21685029566287994,-0.2420928180217743,150,396
0,1,1.029317855834961,0.4784320592880249,-0.040584541857242584,-0.2420928180217743,117,386
 , , , , , , , 
0,0,0.8518493175506592,0.3098512589931488,-0.06300969421863556,-0.2420928180217743,145,366
0,1,0.9583304524421692,0.5964368581771851,0.126116544008255,-0.2420928180217743,186,433
 , , , , , , , 
0,0,0.9606967568397522,0.5001674294471741,0.179901584982872,-0.2420928180217743,232,414
 , , , , , , , 
0,0,0.7098744511604309,0.23518230020999908,-0.11882132291793823,-0.9683712720870972,240,348
0,1,0.995007336139679,0.46328336000442505,0.028271323069930077,-0.2420928180217743,198,418
 , , , , , , , 
0,0,0.5832801461219788,0.25249770283699036,-0.10136663168668747,-0.9683712720870972,252,343
0,1,-0.39989593625068665,0.28462886810302734,-0.03619956970214844,-0.2420928180217743,131,357
0,2,0.9535979628562927,0.2199627161026001,-0.10597334802150726,-0.2420928180217743,117,412
0,3,0.995007336139679,0.45823246240615845,0.07384950667619705,-0.2420928180217743,170,412
0,4,-0.35257095098495483,5.628787517547607,-0.12187410891056061,-0.2420928180217743,136,421
 , , , , , , , 
0,0,0.5324057936668396,0.185807004570961,-0.06730306148529053,-0.7262784242630005,189,348
0,1,0.7666643857955933,0.4750940501689911,0.11016657948493958,-0.4841856360435486,164,412
0,2,-0.43065714836120605,0.301103413105011,-0.06937643885612488,-0.2420928180217743,170,347
0,3,1.0293179750442505,0.3820435404777527,-0.004194457083940506,-0.2420928180217743,114,422
0,4,-0.1751023530960083,5.600078582763672,-0.0717824324965477,-0.2420928180217743,125,429
0,5,5.077968120574951,2.1640610694885254,0.963209867477417,-0.2420928180217743,125,429
 , , , , , , , 
0,0,0.44603776931762695,0.20488129556179047,-0.0362590029835701,-0.4841856360435486,260,352
0,1,0.8944417238235474,0.4229498505592346,0.38059842586517334,-0.2420928180217743,121,405
 , , , , , , , 
0,0,0.397529661655426,0.21962366998195648,0.011914031580090523,-0.2420928180217743,169,363
0,1,0.473249614238739,0.3675031065940857,0.0889991745352745,-0.2420928180217743,154,373
0,2,0.9535979628562927,0.20585180819034576,0.1312972903251648,-0.2420928180217743,149,406
 , , , , , , , 
0,0,0.4117271602153778,0.18955357372760773,-0.030927402898669243,0.2420928180217743,206,351
0,1,0.9535979628562927,0.1989801526069641,0.141495019197464,-0.2420928180217743,139,399
 , , , , , , , 
0,0,0.49217960238456726,0.3237175941467285,0.14110544323921204,0.4841856360435486,148,358
0,1,0.49691206216812134,0.18442876636981964,0.002522749826312065,1.2104641199111938,227,347
 , , , , , , , 
0,0,0.5537020564079285,0.38718026876449585,0.08899275213479996,0.2420928180217743,174,365
 , , , , , , , 
0,0,0.9228367805480957,0.32012760639190674,0.12187544256448746,0.2420928180217743,145,400
0,1,0.5324057936668396,0.19632063806056976,-0.022630861029028893,-0.7262784242630005,304,362
 , , , , , , , 
0,0,0.9535979628562927,0.22225424647331238,0.10107913613319397,0.2420928180217743,148,384
0,1,0.4803483486175537,0.22159945964813232,-0.033182378858327866,-0.2420928180217743,141,349
0,2,0.9535979628562927,0.24206550419330597,-0.031909797340631485,-0.2420928180217743,124,388
 , , , , , , , 
0,0,0.5619839429855347,0.4457146227359772,0.05442178249359131,0.2420928180217743,154,388
0,1,0.5324057936668396,0.1905980110168457,-0.052214398980140686,0.9683712720870972,155,357
 , , , , , , , 
0,0,5.464849948883057,1.1721214056015015,0.7641677856445312,0.2420928180217743,143,452
0,1,0.6235063672065735,0.14846675097942352,-0.05868105962872505,0.7262784242630005,232,348
 , , , , , , , 
0,0,-0.39989593625068665,0.28393521904945374,-0.04128904640674591,0.2420928180217743,130,353
0,1,0.8613142967224121,0.4584694802761078,0.13002480566501617,0.2420928180217743,150,430
0,2,0.6601831912994385,0.13902738690376282,-0.09614451974630356,0.4841856360435486,165,359
 , , , , , , , 
0,0,0.8613142967224121,0.46364083886146545,0.11017218232154846,0.2420928180217743,210,411
0,1,-1.1180522441864014,7.040668964385986,-0.616936206817627,0.2420928180217743,118,372
 , , , , , , , 
0,0,-0.7335368990898132,0.14205443859100342,-0.12286213785409927,0.2420928180217743,121,355
 , , , , , , , 
0,0,-0.7702137231826782,0.05358511209487915,-0.18978609144687653,-0.2420928180217743,177,375
 , , , , , , , 
0,0,-0.7702137231826782,0.14681237936019897,-0.13166718184947968,-0.2420928180217743,196,385
 , , , , , , , 
0,0,-0.7335368990898132,0.11510134488344193,-0.14841242134571075,-0.2420928180217743,200,377
 , , , , , , , 
0,0,0.9938241243362427,0.31861892342567444,0.1859121173620224,0.2420928180217743,138,358
 , , , , , , , 
0,0,-0.7335368990898132,0.13011053204536438,-0.1354467272758484,0.2420928180217743,227,353
0,1,-0.7098744511604309,0.1154850497841835,-0.23683838546276093,-0.2420928180217743,168,351
 , , , , , , , 
0,0,-0.7702137231826782,0.04472319409251213,-0.19206759333610535,-0.2420928180217743,182,380
 , , , , , , , 
0,0,0.8305530548095703,0.5183354616165161,0.1023377776145935,0.2420928180217743,134,398
0,1,-0.7702137231826782,0.05691494792699814,-0.1888142228126526,-0.2420928180217743,138,352
0,2,0.8305530548095703,0.5271612405776978,0.03529425337910652,-0.2420928180217743,113,370
 , , , , , , , 
0,0,-0.7702137231826782,0.17007754743099213,-0.09981858730316162,0.2420928180217743,284,353
 , , , , , , , 
0,0,0.9263861179351807,0.42197123169898987,0.09317215532064438,0.2420928180217743,148,360
0,1,-0.7702137231826782,0.1426618993282318,-0.1361532360315323,-0.2420928180217743,159,355
0,2,0.958330512046814,0.35463738441467285,-0.027694063261151314,-0.2420928180217743,128,361
 , , , , , , , 
0,0,-0.7702137231826782,0.17950035631656647,-0.08166851103305817,-0.2420928180217743,158,345
 , , , , , , , 
0,0,0.7702137231826782,0.19533711671829224,0.02708389237523079,0.2420928180217743,198,348
0,1,0.8944417834281921,0.4935460686683655,0.03630637750029564,0.2420928180217743,140,424
 , , , , , , , 
0,0,0.6968600749969482,0.1641765534877777,-0.06986622512340546,0.2420928180217743,180,345
0,1,0.7891437411308289,0.3635048568248749,-0.058077018707990646,0.2420928180217743,126,393
0,2,0.8624974489212036,0.5468848943710327,0.0441255196928978,0.2420928180217743,140,454
 , , , , , , , 
0,0,0.8163555860519409,0.25166046619415283,-0.16878129541873932,0.2420928180217743,115,363
0,1,0.9275692105293274,0.5121865272521973,0.03237328678369522,0.2420928180217743,199,457
0,2,0.6862119436264038,0.2857816815376282,-0.14419767260551453,0.4841856360435486,204,351
 , , , , , , , 
0,0,0.7619318962097168,0.40080538392066956,-0.130657359957695,0.2420928180217743,133,361
0,1,-0.7702137231826782,0.14370955526828766,-0.13504697382450104,-0.2420928180217743,183,342
0,2,0.9275692105293274,0.4427271783351898,0.25956836342811584,-0.2420928180217743,115,400
 , , , , , , , 
0,0,0.7808618545532227,0.24176333844661713,-0.15987426042556763,0.2420928180217743,178,338
0,1,-0.7702137231826782,0.16919928789138794,-0.10130016505718231,-0.2420928180217743,141,342
 , , , , , , , 
0,0,-0.7702137231826782,0.1937960833311081,-0.03651302307844162,0.2420928180217743,173,371
0,1,-0.7453681230545044,0.23993107676506042,-0.13776333630084991,-0.2420928180217743,156,353
 , , , , , , , 
0,0,-0.7453681230545044,0.27652785181999207,-0.008831646293401718,0.2420928180217743,144,348
0,1,-0.7453681230545044,0.2515391707420349,-0.11521155387163162,-0.2420928180217743,153,351
0,2,1.0293179750442505,0.35887831449508667,-0.13107720017433167,-0.2420928180217743,125,382
 , , , , , , , 
0,0,0.7702137231826782,0.1644417643547058,-0.10885325074195862,0.2420928180217743,143,341
0,1,0.9606966972351074,0.4181394875049591,0.1612108200788498,0.2420928180217743,133,393
0,2,0.9606966972351074,0.4481242001056671,0.0037785011809319258,-0.2420928180217743,143,415
 , , , , , , , 
0,0,0.9275692105293274,0.4950193166732788,0.135421484708786,0.2420928180217743,130,382
0,1,4.855541229248047,6.580139636993408,-0.03363963961601257,0.2420928180217743,127,357
0,2,0.9606966972351074,0.4409090578556061,0.08017954230308533,-0.2420928180217743,135,391
0,3,5.111095905303955,6.229135513305664,-1.3965016603469849,-0.2420928180217743,137,356
 , , , , , , , 
0,0,4.855541229248047,6.57834005355835,-0.1575312316417694,0.2420928180217743,128,362
0,1,4.855541229248047,6.449398040771484,-1.3056150674819946,-0.2420928180217743,137,358
 , , , , , , , 
0,0,0.7453681230545044,0.2633415758609772,-0.08483439683914185,0.2420928180217743,143,360
 , , , , , , , 
0,0,0.7702137231826782,0.19581113755702972,-0.023411985486745834,0.2420928180217743,237,355
 , , , , , , , 
0,0,0.7453681230545044,0.27489256858825684,0.031300585716962814,0.2420928180217743,204,346
0,1,0.7702137231826782,0.17546997964382172,-0.09000228345394135,-0.2420928180217743,217,359
0,2,3.2654223442077637,1.1358517408370972,-0.4230397641658783,-0.2420928180217743,120,385
 , , , , , , , 
0,0,0.7335368990898132,0.1877082735300064,-0.006337971426546574,0.2420928180217743,140,364
0,1,0.795059323310852,0.6185524463653564,0.3302139639854431,0.2420928180217743,113,393
0,2,0.6743807196617126,0.23769444227218628,-0.0784933865070343,-0.2420928180217743,199,347
0,3,0.7027756571769714,0.4109727144241333,-0.1759612113237381,-0.2420928180217743,146,359
0,4,0.8281868100166321,0.6549046039581299,0.09473270922899246,-0.2420928180217743,122,416
 , , , , , , , 
0,0,0.6743807196617126,0.2502794563770294,0.004478137940168381,0.2420928180217743,166,346
0,1,0.8281868100166321,0.5175861120223999,0.4122850298881531,0.2420928180217743,145,386
0,2,0.651901364326477,0.29550570249557495,-0.07176485657691956,-0.2420928180217743,209,346
 , , , , , , , 
0,0,0.651901364326477,0.26399388909339905,0.1509338766336441,0.2420928180217743,116,356
0,1,0.6956769227981567,0.3336331844329834,-0.19194220006465912,0.2420928180217743,141,356
0,2,0.761931836605072,0.6748186349868774,0.29639068245887756,0.2420928180217743,154,372
0,3,0.7205225229263306,0.19783219695091248,-0.2717149555683136,-0.2420928180217743,163,341
0,4,0.795059323310852,0.686663031578064,0.14192353188991547,-0.2420928180217743,134,382
 , , , , , , , 
0,0,0.6294220089912415,0.34779196977615356,0.017829200252890587,0.2420928180217743,198,341
0,1,0.6459857225418091,0.4584626853466034,-0.06807149946689606,0.2420928180217743,173,345
0,2,0.728804349899292,0.7370957732200623,0.22204014658927917,0.2420928180217743,174,395
0,3,0.6388869881629944,0.23070195317268372,-0.05490240082144737,-0.2420928180217743,163,353
0,4,0.7453681230545044,0.19745714962482452,-0.19379454851150513,-0.2420928180217743,144,361
0,5,0.761931836605072,0.7311245203018188,0.09319072961807251,-0.2420928180217743,170,372
 , , , , , , , 
0,0,0.6294220089912415,0.34704115986824036,0.028975067660212517,0.2420928180217743,214,347
0,1,0.651901364326477,0.2958584129810333,-0.07029661536216736,-0.2420928180217743,201,347
0,2,0.7548331618309021,0.7969076633453369,0.025207053869962692,-0.2420928180217743,119,395
 , , , , , , , 
0,0,0.5844632983207703,0.41867566108703613,0.023717958480119705,0.2420928180217743,215,337
0,1,0.7205225229263306,0.3211438059806824,-0.09916272014379501,0.2420928180217743,187,336
0,2,0.6175907850265503,0.2803446352481842,-0.06635323911905289,-0.2420928180217743,177,350
0,3,0.7205225229263306,0.28596463799476624,-0.17660923302173615,-0.2420928180217743,170,353
 , , , , , , , 
0,0,0.6862119436264038,0.3196752667427063,0.016488563269376755,0.2420928180217743,173,348
0,1,0.6862119436264038,0.311387300491333,-0.07417606562376022,-0.2420928180217743,175,353
 , , , , , , , 
0,0,0.6956769227981567,0.38323861360549927,-0.03579213470220566,0.2420928180217743,178,358
0,1,0.6956769227981567,0.35095012187957764,-0.1580725461244583,-0.2420928180217743,198,348
 , , , , , , , 
0,0,0.5844632983207703,0.41923418641090393,0.009723412804305553,0.2420928180217743,179,343
0,1,0.5844632983207703,0.4132339060306549,-0.07134141772985458,-0.2420928180217743,196,352
 , , , , , , , 
0,0,0.6211401224136353,0.4949439465999603,0.03653387352824211,0.2420928180217743,166,353
0,1,0.6459857225418091,0.4605770707130432,-0.05187026038765907,-0.2420928180217743,174,352
 , , , , , , , 
0,0,0.6211401224136353,0.48926278948783875,-0.08322354406118393,0.2420928180217743,184,351
0,1,0.6459857225418091,0.4222278296947479,-0.19116853177547455,-0.2420928180217743,196,349
 , , , , , , , 
0,0,0.6211401224136353,0.49433520436286926,-0.0440109446644783,0.2420928180217743,193,346
0,1,1.107404112815857,0.9765496850013733,0.013173826970160007,0.2420928180217743,138,364
0,2,0.591562032699585,0.4504123628139496,-0.1432970017194748,-0.2420928180217743,201,343
0,3,1.1535459756851196,0.9077096581459045,-0.1598798930644989,-0.2420928180217743,135,375
 , , , , , , , 
0,0,0.5962945222854614,0.5244993567466736,0.03811269253492355,0.2420928180217743,213,351
0,1,0.5962945222854614,0.5199943780899048,-0.07847286760807037,-0.2420928180217743,208,352
 , , , , , , , 
0,0,0.546603262424469,0.5773189663887024,-0.006854283157736063,0.2420928180217743,188,346
0,1,0.546603262424469,0.5634998679161072,-0.12574589252471924,-0.2420928180217743,148,353
 , , , , , , , 
0,0,0.546603262424469,0.5773049592971802,0.00794698391109705,0.2420928180217743,250,343
0,1,0.5714488625526428,0.5476775765419006,-0.07493165880441666,-0.2420928180217743,242,347
 , , , , , , , 
0,0,0.4969121217727661,0.5712882280349731,0.007687526289373636,0.2420928180217743,257,356
0,1,0.5205745697021484,0.5431134700775146,-0.08591198176145554,-0.2420928180217743,257,350
 , , , , , , , 
0,0,0.473249614238739,0.591066837310791,0.005074528977274895,0.2420928180217743,182,362
0,1,0.546603262424469,0.574364185333252,-0.05873639136552811,-0.2420928180217743,199,348
 , , , , , , , 
0,0,0.49691206216812134,0.6198247075080872,0.03185920789837837,0.2420928180217743,299,355
0,1,-0.5111095905303955,8.16004467010498,0.16758312284946442,0.2420928180217743,137,363
0,2,0.49691206216812134,0.615423321723938,-0.080323226749897,-0.2420928180217743,304,345
0,3,-0.5111095905303955,8.112361907958984,-0.8966646194458008,-0.2420928180217743,139,358
 , , , , , , , 
0,0,0.4720664620399475,0.6395146250724792,0.017134808003902435,0.2420928180217743,230,351
0,1,-0.7666643857955933,8.141733169555664,0.006726952735334635,0.2420928180217743,119,365
0,2,0.49691206216812134,0.6143761277198792,-0.08797544986009598,-0.2420928180217743,229,354
 , , , , , , , 
0,0,0.4720664620399475,0.638576090335846,0.038641177117824554,0.2420928180217743,232,346
0,1,0.4720664620399475,0.6369307637214661,-0.05993126332759857,-0.2420928180217743,227,350
 , , , , , , , 
0,0,0.4472208619117737,0.6572667360305786,0.010640587657690048,0.2420928180217743,223,349
0,1,-1.2777739763259888,8.065966606140137,0.42793023586273193,0.2420928180217743,159,367
0,2,0.4259246587753296,0.6185374855995178,-0.09669822454452515,-0.2420928180217743,217,349
0,3,-1.022219181060791,8.074195861816406,-0.7987998127937317,-0.2420928180217743,167,354
 , , , , , , , 
0,0,0.42237526178359985,0.6731799244880676,0.023393219336867332,0.2420928180217743,223,355
0,1,0.42237526178359985,0.6693552732467651,-0.07537844777107239,-0.2420928180217743,226,350
 , , , , , , , 
0,0,0.397529661655426,0.6876546740531921,0.03493621200323105,0.2420928180217743,270,352
0,1,0.42237526178359985,0.6714499592781067,-0.053604137152433395,-0.2420928180217743,266,354
 , , , , , , , 
0,0,0.397529661655426,0.687018871307373,0.04576616361737251,0.2420928180217743,177,360
0,1,0.42237526178359985,0.6716422438621521,-0.05113847553730011,-0.2420928180217743,190,353
 , , , , , , , 
0,0,0.397529661655426,0.6884835958480835,0.008934351615607738,0.2420928180217743,236,360
0,1,0.397529661655426,0.6827062368392944,-0.0894520953297615,-0.2420928180217743,237,351
 , , , , , , , 
0,0,0.3726840615272522,0.7012987732887268,0.03749481216073036,0.2420928180217743,273,359
0,1,0.3726840615272522,0.6992919445037842,-0.06493546813726425,-0.2420928180217743,276,354
 , , , , , , , 
0,0,0.34783846139907837,0.7141645550727844,0.03311638906598091,0.2420928180217743,290,357
0,1,0.3726840615272522,0.6998239159584045,-0.05892689526081085,-0.2420928180217743,290,354
 , , , , , , , 
0,0,0.34783846139907837,0.7137306332588196,0.04142752289772034,0.2420928180217743,300,348
0,1,0.3726840615272522,0.7005968689918518,-0.04888696223497391,-0.2420928180217743,296,350
 , , , , , , , 
0,0,0.32299286127090454,0.7260755896568298,0.024681081995368004,0.2420928180217743,282,350
0,1,0.34783846139907837,0.7118058204650879,-0.06678467988967896,-0.2420928180217743,277,353
 , , , , , , , 
0,0,0.32299286127090454,0.7261176705360413,0.02341020293533802,0.2420928180217743,214,356
0,1,0.34783846139907837,0.7128168940544128,-0.05495292693376541,-0.2420928180217743,225,348
 , , , , , , , 
0,0,0.32299286127090454,0.7261255383491516,0.02316497452557087,0.2420928180217743,246,366
0,1,0.32299286127090454,0.7209821343421936,-0.08932902663946152,-0.2420928180217743,254,357
 , , , , , , , 
0,0,0.32299286127090454,0.726069986820221,0.024844927713274956,0.2420928180217743,255,364
0,1,0.32299286127090454,0.7216123938560486,-0.08408581465482712,-0.2420928180217743,265,355
 , , , , , , , 
0,0,0.33127474784851074,0.6769636273384094,0.07299488037824631,0.2420928180217743,126,356
 , , , , , , , 
0,0,0.2981472611427307,0.7370229959487915,0.0049553560093045235,0.2420928180217743,222,344
0,1,0.32299286127090454,0.7226395010948181,-0.07474637031555176,-0.2420928180217743,216,358
 , , , , , , , 
0,0,0.2981472611427307,0.7366828322410583,0.02293214574456215,0.2420928180217743,239,359
0,1,0.2981472611427307,0.7333171963691711,-0.07398245483636856,-0.2420928180217743,256,344
0,2,1.4410451650619507,1.655521273612976,-0.06722570210695267,-0.2420928180217743,119,367
0,3,-0.548969566822052,2.063978433609009,-0.5103981494903564,-0.2420928180217743,119,367
 , , , , , , , 
0,0,0.2733016312122345,0.7462103366851807,0.024405071511864662,0.2420928180217743,276,354
0,1,-0.548969566822052,2.0391845703125,-0.6018635034561157,0.2420928180217743,118,382
0,2,-2.811102867126465,7.67652702331543,0.21044248342514038,0.2420928180217743,133,362
0,3,0.2981472611427307,0.7342785596847534,-0.06373748928308487,-0.2420928180217743,272,355
0,4,-0.548969566822052,1.9033619165420532,-0.9474844932556152,-0.2420928180217743,117,378
0,5,0.6862119436264038,0.9072074890136719,1.8782888650894165,-0.2420928180217743,117,378
 , , , , , , , 
0,0,0.2981472611427307,0.7355588674545288,-0.04669759050011635,0.2420928180217743,179,354
0,1,0.2733016312122345,0.7283652424812317,-0.1640414148569107,-0.2420928180217743,175,352
 , , , , , , , 
0,0,0.24845603108406067,0.7550656795501709,0.01627165637910366,0.2420928180217743,256,357
0,1,0.2733016312122345,0.7429782748222351,-0.07354410737752914,-0.2420928180217743,256,357
 , , , , , , , 
0,0,0.24845603108406067,0.7544773817062378,0.0339529886841774,0.2420928180217743,289,340
0,1,0.2733016312122345,0.7439550757408142,-0.06289979815483093,-0.2420928180217743,282,347
 , , , , , , , 
0,0,0.24845603108406067,0.7548855543136597,0.023168276995420456,0.2420928180217743,212,356
0,1,0.2733016312122345,0.742895781993866,-0.07437312602996826,-0.2420928180217743,212,363
 , , , , , , , 
0,0,0.24845603108406067,0.7535122036933899,0.051071248948574066,0.2420928180217743,240,358
0,1,0.24845603108406067,0.7549077868461609,-0.022430839017033577,-0.2420928180217743,244,346
 , , , , , , , 
0,0,0.22361043095588684,0.7619109153747559,0.04011823236942291,0.2420928180217743,240,351
0,1,0.24845603108406067,0.7539914846420288,-0.04342557117342949,-0.2420928180217743,237,355
 , , , , , , , 
0,0,0.22361043095588684,0.7626474499702454,0.02205849252641201,0.2420928180217743,231,353
0,1,0.24845603108406067,0.7523744702339172,-0.06573885679244995,-0.2420928180217743,249,338
 , , , , , , , 
0,0,0.22361043095588684,0.7622384428977966,0.03332019969820976,0.2420928180217743,279,352
0,1,0.22361043095588684,0.7590121030807495,-0.07757776230573654,-0.2420928180217743,282,347
 , , , , , , , 
0,0,0.22361043095588684,0.7617155313491821,0.04367045685648918,0.2420928180217743,210,353
0,1,0.22361043095588684,0.7586464881896973,-0.08107489347457886,-0.2420928180217743,210,352
 , , , , , , , 
0,0,0.198764830827713,0.7696685194969177,0.014906949363648891,0.2420928180217743,273,355
0,1,0.22361043095588684,0.7604507207870483,-0.06190582737326622,-0.2420928180217743,270,354
 , , , , , , , 
0,0,0.198764830827713,0.7692622542381287,0.029111338779330254,0.2420928180217743,272,369
0,1,0.198764830827713,0.766012966632843,-0.07639332860708237,-0.2420928180217743,288,352
 , , , , , , , 
0,0,0.198764830827713,0.7696412801742554,-0.016252176836133003,0.2420928180217743,197,358
0,1,0.22361043095588684,0.7573361992835999,-0.09251796454191208,-0.2420928180217743,205,360
 , , , , , , , 
0,0,0.198764830827713,0.7697504758834839,-0.009800792671740055,0.2420928180217743,244,354
0,1,0.198764830827713,0.7612196803092957,-0.11470167338848114,-0.2420928180217743,243,349
 , , , , , , , 
0,0,0.17391923069953918,0.7741247415542603,0.0510123074054718,0.2420928180217743,256,347
0,1,0.198764830827713,0.7680465579032898,-0.052118152379989624,-0.2420928180217743,260,344
 , , , , , , , 
0,0,0.17391923069953918,0.7753891348838806,0.025358589366078377,0.2420928180217743,274,355
0,1,0.198764830827713,0.767182469367981,-0.06358408182859421,-0.2420928180217743,284,344
 , , , , , , , 
0,0,0.17391923069953918,0.7757304906845093,0.010655825957655907,0.2420928180217743,259,357
0,1,0.198764830827713,0.7648390531539917,-0.08736705780029297,-0.2420928180217743,266,351
 , , , , , , , 
0,0,0.198764830827713,0.7697086334228516,-0.012667740695178509,0.2420928180217743,232,358
0,1,0.198764830827713,0.761685311794281,-0.11156777292490005,-0.2420928180217743,234,356
 , , , , , , , 
0,0,0.17391923069953918,0.7751440405845642,0.0319848358631134,0.2420928180217743,229,352
0,1,0.198764830827713,0.7681319713592529,-0.0508439727127552,-0.2420928180217743,239,341
 , , , , , , , 
0,0,0.198764830827713,0.769808292388916,-0.002654238138347864,0.2420928180217743,163,356
 , , , , , , , 
0,0,0.17391923069953918,0.7757644653320312,0.007801421452313662,0.2420928180217743,298,354
0,1,0.17391923069953918,0.7699260711669922,-0.0953165590763092,-0.2420928180217743,288,363
 , , , , , , , 
0,0,0.17391923069953918,0.7743847370147705,-0.04690069332718849,0.2420928180217743,183,352
0,1,0.198764830827713,0.7604838013648987,-0.11948295682668686,-0.2420928180217743,183,353
 , , , , , , , 
0,0,0.17391923069953918,0.7754254937171936,0.02422175370156765,0.2420928180217743,222,343
0,1,0.17391923069953918,0.7724645137786865,-0.07190267741680145,-0.2420928180217743,202,356
 , , , , , , , 
0,0,0.17391923069953918,0.7752067446708679,0.03042823262512684,0.2420928180217743,265,358
0,1,0.17391923069953918,0.7725727558135986,-0.07072973251342773,-0.2420928180217743,268,357
 , , , , , , , 
0,0,0.17391923069953918,0.774817168712616,0.03911206126213074,0.2420928180217743,219,338
 , , , , , , , 
0,0,0.14907363057136536,0.7806660532951355,0.021374059841036797,0.2420928180217743,276,360
0,1,0.17391923069953918,0.7728075385093689,-0.06811709702014923,-0.2420928180217743,278,355
 , , , , , , , 
0,0,0.14907363057136536,0.7768719792366028,0.07978934794664383,0.2420928180217743,157,349
0,1,0.14907363057136536,0.7809525728225708,-0.0030724466778337955,-0.2420928180217743,181,344
 , , , , , , , 
0,0,0.14907363057136536,0.7805469632148743,0.02535325475037098,0.2420928180217743,195,352
 , , , , , , , 
0,0,0.14907363057136536,0.7806181311607361,0.02305794134736061,0.2420928180217743,312,347
0,1,0.17391923069953918,0.7725436687469482,-0.07104671001434326,-0.2420928180217743,297,356
 , , , , , , , 
0,0,0.14907363057136536,0.7805787324905396,0.024355599656701088,0.2420928180217743,268,353
0,1,0.17391923069953918,0.7733970880508423,-0.06105968728661537,-0.2420928180217743,272,347
 , , , , , , , 
0,0,0.14907363057136536,0.7801254391670227,0.03606502711772919,0.2420928180217743,246,363
0,1,0.14907363057136536,0.777728259563446,-0.07095866650342941,-0.2420928180217743,256,353
 , , , , , , , 
0,0,0.14907363057136536,0.7804838418960571,0.0272279791533947,0.2420928180217743,262,359
0,1,1.011570930480957,1.8975764513015747,0.18157652020454407,0.2420928180217743,118,410
0,2,0.14907363057136536,0.7777270078659058,-0.0709722712635994,-0.2420928180217743,278,340
0,3,1.0293179750442505,1.939583420753479,-0.020047197118401527,-0.2420928180217743,138,384
 , , , , , , , 
0,0,0.12422801554203033,0.7851752638816833,0.013656094670295715,0.2420928180217743,242,361
0,1,1.011570930480957,1.8988698720932007,0.16750869154930115,0.2420928180217743,116,395
0,2,0.14907363057136536,0.7768194675445557,-0.0802987813949585,-0.2420928180217743,244,359
0,3,1.011570930480957,1.9040324687957764,-0.09179650247097015,-0.2420928180217743,121,389
 , , , , , , , 
0,0,0.12422801554203033,0.7850151658058167,0.020926274359226227,0.2420928180217743,275,350
0,1,0.32299286127090454,1.4383420944213867,0.08375252783298492,0.2420928180217743,119,408
0,2,0.9606967568397522,1.960115909576416,0.23851348459720612,0.2420928180217743,128,407
0,3,0.12422801554203033,0.7798052430152893,-0.09268514811992645,-0.2420928180217743,259,364
0,4,0.32299286127090454,1.4391463994979858,-0.06855837255716324,-0.2420928180217743,116,396
0,5,1.011570930480957,1.9016391038894653,-0.13241876661777496,-0.2420928180217743,125,403
 , , , , , , , 
0,0,0.12422801554203033,0.7846018671989441,0.03296397626399994,0.2420928180217743,178,350
0,1,0.9606967568397522,1.9667210578918457,0.17592889070510864,0.2420928180217743,117,389
0,2,0.12422801554203033,0.781035304069519,-0.08167364448308945,-0.2420928180217743,165,358
0,3,0.9606967568397522,1.9733459949493408,-0.06963064521551132,-0.2420928180217743,123,380
 , , , , , , , 
0,0,0.0993824154138565,0.7877047657966614,0.041995592415332794,0.2420928180217743,168,351
0,1,0.12422801554203033,0.7837948203086853,-0.048501718789339066,-0.2420928180217743,195,342
 , , , , , , , 
0,0,0.12422801554203033,0.785200297832489,-0.012134447693824768,0.2420928180217743,160,350
0,1,0.8920755386352539,2.0047380924224854,0.08430427312850952,0.2420928180217743,118,393
0,2,0.14907363057136536,0.7659341096878052,-0.15245114266872406,-0.2420928180217743,145,354
0,3,-0.14907363057136536,0.2769719064235687,0.7301937341690063,-0.2420928180217743,145,354
0,4,0.8920755386352539,1.9972623586654663,-0.19242045283317566,-0.2420928180217743,113,394
 , , , , , , , 
0,0,0.0993824154138565,0.788436770439148,0.02469569258391857,0.2420928180217743,186,343
0,1,0.0993824154138565,0.7848833799362183,-0.0787430852651596,-0.2420928180217743,178,352
 , , , , , , , 
0,0,0.07453681528568268,0.7915530204772949,0.002714964561164379,0.2420928180217743,279,364
0,1,0.23070918023586273,1.4559272527694702,0.08494551479816437,0.2420928180217743,129,416
0,2,0.0993824154138565,0.7838093042373657,-0.08879973739385605,-0.2420928180217743,294,346
0,3,0.27685102820396423,1.4479546546936035,-0.08335158228874207,-0.2420928180217743,131,406
0,4,0.8766948580741882,1.9714725017547607,-0.04176868870854378,-0.2420928180217743,118,394
 , , , , , , , 
0,0,0.0993824154138565,0.7870606184005737,0.052707474678754807,0.2420928180217743,200,350
0,1,1.2777739763259888,0.43730226159095764,-0.18362298607826233,0.2420928180217743,114,392
0,2,0.0993824154138565,0.78516685962677,-0.07586488872766495,-0.2420928180217743,203,340
 , , , , , , , 
0,0,0.10411491245031357,0.700326144695282,-0.43870025873184204,0.2420928180217743,139,354
0,1,1.320366382598877,0.3106965124607086,-0.13325613737106323,0.2420928180217743,134,392
0,2,0.0993824154138565,0.7883837819099426,-0.02633298560976982,-0.2420928180217743,163,335
0,3,-0.17391923069953918,0.3466639220714569,0.6940428614616394,-0.2420928180217743,163,335
0,4,1.320366382598877,0.04721596837043762,-0.3347539007663727,-0.2420928180217743,160,383
 , , , , , , , 
0,0,0.07453681528568268,0.7912752628326416,-0.02114381268620491,0.2420928180217743,253,352
0,1,0.07453681528568268,0.7806218266487122,-0.13112235069274902,-0.2420928180217743,256,350
 , , , , , , , 
0,0,0.07453681528568268,0.7906138300895691,-0.038643233478069305,0.2420928180217743,186,352
0,1,0.8234543800354004,2.0335230827331543,0.09267280995845795,0.2420928180217743,119,375
0,2,0.07453681528568268,0.7763000726699829,-0.15466658771038055,-0.2420928180217743,185,352
0,3,0.8234543800354004,2.02142596244812,-0.24008595943450928,-0.2420928180217743,121,363
 , , , , , , , 
0,0,0.07453681528568268,0.7801476716995239,-0.13391470909118652,0.2420928180217743,169,359
0,1,0.04969120770692825,0.7239169478416443,-0.32495272159576416,-0.2420928180217743,142,361
 , , , , , , , 
0,0,0.0,0.7568948268890381,0.021476147696375847,0.2420928180217743,166,344
0,1,1.2777739763259888,0.39903733134269714,-0.25635889172554016,0.2420928180217743,131,397
0,2,0.07453681528568268,0.7898145914077759,-0.05250168964266777,-0.2420928180217743,158,348
0,3,1.2777739763259888,0.16863982379436493,-0.4432959258556366,-0.2420928180217743,129,404
0,4,0.7548331618309021,2.0460081100463867,-0.25682511925697327,-0.2420928180217743,113,375
 , , , , , , , 
0,0,0.04969120770692825,0.792837917804718,0.032528724521398544,0.2420928180217743,222,352
0,1,1.2351815700531006,0.5596234202384949,-0.13713154196739197,0.2420928180217743,117,433
0,2,0.04969120770692825,0.7899264693260193,-0.07527395337820053,-0.2420928180217743,222,355
 , , , , , , , 
0,0,0.04969120770692825,0.7928506135940552,0.0322168692946434,0.2420928180217743,231,349
0,1,0.07453681528568268,0.7883610725402832,-0.0710659921169281,-0.2420928180217743,214,363
 , , , , , , , 
0,0,0.04969120770692825,0.7911641001701355,-0.0609048493206501,0.2420928180217743,157,353
0,1,0.07453681528568268,0.782088041305542,-0.12207333743572235,-0.2420928180217743,154,348
0,2,-0.22361043095588684,0.502013623714447,0.574543297290802,-0.2420928180217743,154,348
 , , , , , , , 
0,0,0.04969120770692825,0.7934775948524475,0.006584018934518099,0.2420928180217743,228,353
0,1,0.14197489619255066,1.507565975189209,-0.022177696228027344,0.2420928180217743,119,409
0,2,0.07453681528568268,0.7855918407440186,-0.09700016677379608,-0.2420928180217743,238,346
0,3,0.14197489619255066,1.4900766611099243,-0.2300400733947754,-0.2420928180217743,126,408
 , , , , , , , 
0,0,-0.04732496291399002,0.7272059321403503,0.20562796294689178,0.2420928180217743,248,349
0,1,0.13842551410198212,1.4696825742721558,0.032217856496572495,0.2420928180217743,149,476
0,2,-0.04732496291399002,0.7406003475189209,0.15040767192840576,-0.2420928180217743,270,343
0,3,0.13842551410198212,1.460424780845642,-0.1678229719400406,-0.2420928180217743,179,491
 , , , , , , , 
0,0,0.04969120770692825,0.7934908866882324,0.0047203246504068375,0.2420928180217743,372,352
0,1,0.04969120770692825,0.7855312824249268,-0.11220809817314148,-0.2420928180217743,408,356
 , , , , , , , 
0,0,0.09464992582798004,0.7414426207542419,-0.12105846405029297,-0.2420928180217743,436,349
0,1,-0.18929985165596008,0.30140239000320435,0.6683360934257507,-0.2420928180217743,436,349
0,2,0.13842551410198212,1.46292245388031,-0.14444050192832947,-0.2420928180217743,180,598
 , , , , , , , 
0,0,0.07098744809627533,0.7479576468467712,-0.09418659657239914,-0.2420928180217743,475,360
0,1,-0.2129623293876648,0.2737201452255249,0.673108696937561,-0.2420928180217743,475,360
0,2,0.08991742879152298,1.4330713748931885,-0.08954304456710815,-0.2420928180217743,162,618
 , , , , , , , 
0,0,0.3726840615272522,3.954777479171753,-0.1543554812669754,-1.6946496963500977,165,374
0,1,0.20822982490062714,3.3244495391845703,-0.06890986859798431,-1.2104641199111938,186,446
0,2,0.1680036187171936,2.682060718536377,-0.06308706104755402,-0.9683712720870972,203,523
0,3,0.12777739763259888,2.0392630100250244,-0.06934000551700592,-0.7262784242630005,245,568
0,4,0.08755117654800415,1.396610975265503,-0.06407897919416428,-0.4841856360435486,276,605
0,5,0.04495871439576149,0.717481791973114,-0.02545156702399254,-0.2420928180217743,559,360
 , , , , , , , 
0,0,0.15853862464427948,2.5306270122528076,-0.0722716897726059,-1.452556848526001,164,454
0,1,0.18101796507835388,1.919149398803711,-0.11095917969942093,-1.2104641199111938,279,456
0,2,0.08281867951154709,1.3213173151016235,-0.056112341582775116,-0.7262784242630005,306,548
0,3,0.09701617062091827,1.5482298135757446,-0.055493831634521484,-0.7262784242630005,118,562
0,4,0.07808618247509003,2.4782538414001465,-0.30976003408432007,-0.7262784242630005,117,528
0,5,0.04495871439576149,0.7179315090179443,-0.001493247807957232,-0.2420928180217743,525,378
0,6,0.17746859788894653,1.1175947189331055,0.09760354459285736,-0.2420928180217743,159,571
0,7,1.4055514335632324,7.363288879394531,0.022918660193681717,-0.2420928180217743,134,449
 , , , , , , , 
0,0,0.15617236495018005,1.2309825420379639,-0.14573825895786285,-0.9683712720870972,263,477
0,1,0.3596697151660919,1.3912863731384277,0.0689680278301239,-0.9683712720870972,121,510
0,2,-0.13487614691257477,1.1723997592926025,-0.8228511810302734,-0.9683712720870972,121,510
0,3,0.0,2.419325828552246,-0.13407528400421143,-0.9683712720870972,163,487
0,4,-0.25555479526519775,4.074629306793213,0.2258288562297821,-0.7262784242630005,124,479
0,5,0.9346679449081421,5.9084014892578125,-0.00442740460857749,-0.7262784242630005,127,433
0,6,0.04259246587753296,0.6729105710983276,-0.09895183145999908,-0.4841856360435486,463,372
0,7,1.398452639579773,7.324435710906982,0.15782761573791504,-0.4841856360435486,151,437
0,8,0.0,6.743535995483398,6.033295631408691,-0.4841856360435486,134,414
0,9,0.17746859788894653,1.1156857013702393,0.11743047833442688,-0.2420928180217743,123,573
0,10,1.247012734413147,0.15274611115455627,-0.2803783118724823,-0.2420928180217743,169,532
 , , , , , , , 
0,0,0.07335369288921356,1.1538746356964111,0.20166373252868652,0.0,134,528
0,1,0.2591041624546051,2.7506356239318848,-0.07304523140192032,-1.6946496963500977,181,421
0,2,0.20941296219825745,2.2210910320281982,-0.11174798011779785,-1.452556848526001,211,484
0,3,0.15617236495018005,1.6583906412124634,-0.019206808879971504,-0.9683712720870972,190,589
0,4,0.1597217470407486,1.6960270404815674,-0.023886235430836678,-0.9683712720870972,197,582
0,5,0.0911005511879921,2.9106698036193848,-0.13489235937595367,-0.9683712720870972,121,430
0,6,0.1064811646938324,1.129866600036621,-0.04585739225149155,-0.7262784242630005,282,570
0,7,-0.37623345851898193,3.993995189666748,0.10899128019809723,-0.4841856360435486,124,518
0,8,1.384255051612854,7.244112491607666,0.3329276442527771,-0.4841856360435486,162,441
0,9,0.0378599688410759,0.6042928695678711,0.018475476652383804,-0.2420928180217743,563,348
 , , , , , , , 
0,0,0.13250988721847534,2.1150336265563965,-0.06438004970550537,-0.4841856360435486,159,527
0,1,0.0378599688410759,0.6042938828468323,-0.018442362546920776,-0.2420928180217743,494,364
0,2,0.0686211958527565,1.0956062078475952,-0.020209070295095444,-0.2420928180217743,167,637
0,3,0.10174866765737534,1.6240135431289673,-0.050413988530635834,-0.2420928180217743,172,601
0,4,0.9169211387634277,5.737511157989502,-0.8228663802146912,-0.2420928180217743,150,442
0,5,1.377156376838684,7.210336685180664,0.24712345004081726,-0.2420928180217743,165,419
 , , , , , , , 
0,0,0.01892998442053795,0.6043885350227356,0.03606589511036873,0.2420928180217743,361,351
0,1,0.0686211958527565,1.095245122909546,0.03463592752814293,0.2420928180217743,230,485
0,2,0.0993824154138565,1.5846885442733765,0.08580625057220459,0.2420928180217743,220,447
0,3,0.13250988721847534,2.1095635890960693,0.16508615016937256,0.2420928180217743,156,435
0,4,0.01892998442053795,0.6036897301673889,-0.04631350189447403,-0.2420928180217743,383,342
0,5,0.0686211958527565,1.089670181274414,-0.11567322909832001,-0.2420928180217743,239,507
0,6,0.0993824154138565,1.5813407897949219,-0.13402029871940613,-0.2420928180217743,225,485
0,7,0.13250988721847534,2.112001657485962,-0.13023275136947632,-0.2420928180217743,169,474
0,8,0.16327111423015594,2.601611852645874,-0.17107753455638885,-0.2420928180217743,141,428
0,9,1.384255051612854,7.251689434051514,0.03164460510015488,-0.2420928180217743,117,372
 , , , , , , , 
0,0,0.0378599688410759,0.6045341491699219,0.007049062289297581,0.2420928180217743,300,348
0,1,0.0686211958527565,1.0953105688095093,0.032501380890607834,0.2420928180217743,194,465
0,2,0.0993824154138565,1.586093783378601,0.05391281843185425,0.2420928180217743,178,438
0,3,0.06625494360923767,2.119079828262329,0.013500806875526905,0.2420928180217743,152,405
0,4,0.16327111423015594,2.6072182655334473,-0.008013391867280006,0.2420928180217743,120,379
0,5,0.0378599688410759,0.6003974676132202,-0.07095099985599518,-0.2420928180217743,295,351
0,6,0.0686211958527565,1.0900511741638184,-0.11202651262283325,-0.2420928180217743,204,448
0,7,0.0993824154138565,1.5778311491012573,-0.17043814063072205,-0.2420928180217743,184,423
0,8,0.13250988721847534,2.1056652069091797,-0.2090110182762146,-0.2420928180217743,141,405
 , , , , , , , 
0,0,0.01892998442053795,0.6049394607543945,0.02518852800130844,0.2420928180217743,353,346
0,1,0.0686211958527565,1.0950685739517212,0.03982890397310257,0.2420928180217743,233,469
0,2,0.0993824154138565,1.586155891418457,0.05205344408750534,0.2420928180217743,194,470
0,3,0.13250988721847534,2.115386962890625,0.05147652328014374,0.2420928180217743,180,431
0,4,0.08163555711507797,2.605860948562622,0.1647225022315979,0.2420928180217743,152,392
0,5,0.0378599688410759,0.6025382280349731,-0.04958735778927803,-0.2420928180217743,344,347
0,6,0.0686211958527565,1.0905803442001343,-0.10675167292356491,-0.2420928180217743,236,451
0,7,0.0993824154138565,1.5783690214157104,-0.16538313031196594,-0.2420928180217743,198,445
0,8,0.13250988721847534,2.1063308715820312,-0.20219416916370392,-0.2420928180217743,173,411
0,9,0.16327111423015594,2.6015617847442627,-0.17183519899845123,-0.2420928180217743,129,384
 , , , , , , , 
0,0,0.0378599688410759,0.6044751405715942,0.011000596918165684,0.2420928180217743,284,343
0,1,0.0686211958527565,1.0956326723098755,0.01872059516608715,0.2420928180217743,189,443
0,2,0.0993824154138565,1.5867112874984741,0.03077946975827217,0.2420928180217743,177,408
0,3,0.06625494360923767,2.1189258098602295,0.02889147214591503,0.2420928180217743,137,392
0,4,-0.5016446113586426,3.9410996437072754,0.567023515701294,0.2420928180217743,135,359
0,5,0.0378599688410759,0.6008651852607727,-0.06687472760677338,-0.2420928180217743,281,345
0,6,0.0686211958527565,1.08938729763031,-0.11830797791481018,-0.2420928180217743,194,433
0,7,0.0993824154138565,1.5785298347473145,-0.1638403981924057,-0.2420928180217743,176,401
0,8,0.13250988721847534,2.105961561203003,-0.20600467920303345,-0.2420928180217743,127,390
0,9,-0.37623345851898193,3.9950485229492188,-0.05886559188365936,-0.2420928180217743,126,362
 , , , , , , , 
0,0,0.0378599688410759,0.6045450568199158,0.00604323809966445,0.2420928180217743,385,354
0,1,0.0686211958527565,1.0955934524536133,0.020890148356556892,0.2420928180217743,210,536
0,2,0.10174866765737534,1.6247608661651611,0.010678875260055065,0.2420928180217743,176,521
0,3,0.13250988721847534,2.1159634590148926,0.014516432769596577,0.2420928180217743,170,466
0,4,0.16327111423015594,2.6060516834259033,0.07839593291282654,0.2420928180217743,123,438
0,5,-0.37623345851898193,3.969102621078491,0.4583674967288971,0.2420928180217743,143,402
0,6,0.0378599688410759,0.60049968957901,-0.07008076459169388,-0.2420928180217743,375,351
0,7,0.0686211958527565,1.0887197256088257,-0.1243007481098175,-0.2420928180217743,204,513
0,8,0.10174866765737534,1.6118727922439575,-0.20451898872852325,-0.2420928180217743,175,481
0,9,0.13250988721847534,2.0935730934143066,-0.30734971165657043,-0.2420928180217743,145,434
0,10,-0.37623345851898193,3.994169235229492,-0.10241156071424484,-0.2420928180217743,142,384
 , , , , , , , 
0,0,0.0378599688410759,0.6045488715171814,0.005645525176078081,0.2420928180217743,482,344
0,1,0.0686211958527565,1.0957883596420288,0.0030740071088075638,0.2420928180217743,225,611
0,2,0.10174866765737534,1.6245782375335693,-0.02659197896718979,0.2420928180217743,205,592
0,3,0.13250988721847534,2.1153416633605957,-0.053305525332689285,0.2420928180217743,182,544
0,4,0.16563735902309418,2.644899845123291,-0.024845704436302185,0.2420928180217743,137,506
0,5,-0.37623345851898193,3.9795498847961426,0.35645508766174316,0.2420928180217743,150,462
0,6,1.377156376838684,7.139290809631348,1.039493203163147,0.2420928180217743,116,393
0,7,0.0378599688410759,0.6003091335296631,-0.07169473171234131,-0.2420928180217743,430,353
0,8,-0.37623345851898193,3.995046377182007,-0.05901098623871803,-0.2420928180217743,159,407
 , , , , , , , 
0,0,0.0378599688410759,0.6038884520530701,-0.02880864404141903,0.2420928180217743,573,352
0,1,-0.37623345851898193,3.9914021492004395,-0.18051445484161377,0.2420928180217743,138,536
0,2,0.07098744064569473,1.131207823753357,-0.07327402383089066,0.4841856360435486,240,628
0,3,-0.37623345851898193,3.991215229034424,0.18460388481616974,0.4841856360435486,158,516
0,4,0.10411491245031357,1.6625171899795532,-0.014655159786343575,0.9683712720870972,224,574
0,5,0.137242391705513,2.191073417663574,-0.047359660267829895,1.2104641199111938,175,541
0,6,0.17036986351013184,2.7185161113739014,-0.10616953670978546,1.452556848526001,159,466
 , , , , , , , 
0,0,1.247012734413147,0.1068505123257637,-0.3008759617805481,0.2420928180217743,188,517
0,1,0.04022621735930443,0.6398826241493225,-0.056374579668045044,0.4841856360435486,475,350
0,2,-0.02957810088992119,0.8994091153144836,-0.29334142804145813,0.4841856360435486,118,614
0,3,-0.2827666401863098,7.079463958740234,5.6282477378845215,0.4841856360435486,113,400
0,4,-7.63469934463501,4.587526321411133,1.5943355560302734,0.4841856360435486,113,400
0,5,-0.25555479526519775,4.0789337158203125,0.12611228227615356,0.7262784242630005,146,502
0,6,-0.07335369288921356,2.3378612995147705,-0.1972978413105011,0.9683712720870972,126,504
0,7,-0.07690306007862091,2.4472358226776123,-0.2472681999206543,0.9683712720870972,149,501
0,8,0.11357990652322769,1.2061283588409424,-0.011502739042043686,1.2104641199111938,240,431
0,9,0.23070918023586273,1.456024169921875,-0.0832684114575386,1.2104641199111938,235,476
0,10,0.2366248071193695,1.4894649982452393,-0.1375010460615158,1.2104641199111938,239,472
0,11,0.25555479526519775,2.0283596515655518,-0.013300128281116486,1.6946496963500977,134,433
 , , , , , , , 
0,0,1.2836894989013672,0.17536844313144684,-0.2779823839664459,0.2420928180217743,182,528
0,1,0.04495871439576149,0.7176993489265442,-0.018318289890885353,0.4841856360435486,521,359
0,2,-0.2602872848510742,4.126682758331299,0.4965917766094208,0.7262784242630005,116,499
0,3,0.12777739763259888,1.3569543361663818,0.0021775970235466957,1.2104641199111938,267,502
0,4,0.25437167286872864,1.6039296388626099,-0.11410216987133026,1.2104641199111938,212,486
0,5,0.1609048694372177,2.5604138374328613,-0.21523892879486084,1.2104641199111938,115,473
0,6,0.12304490059614182,1.96446692943573,0.03977450728416443,1.6946496963500977,147,432
 , , , , , , , 
0,0,0.07098744809627533,0.7533249258995056,-0.028518859297037125,0.2420928180217743,526,358
0,1,1.2422802448272705,0.37332406640052795,-0.27065837383270264,0.2420928180217743,114,601
0,2,0.052057456225156784,1.6436504125595093,-0.2659352123737335,0.2420928180217743,130,556
0,3,0.13487614691257477,1.4322476387023926,-0.016492240130901337,0.7262784242630005,213,575
0,4,0.21769481897354126,1.7160919904708862,-0.20165185630321503,0.7262784242630005,177,494
0,5,0.0,2.667846918106079,-0.3290095329284668,0.7262784242630005,127,497
 , , , , , , , 
0,0,0.0993824154138565,0.7875338792800903,0.04508769512176514,0.2420928180217743,404,360
0,1,0.13842551410198212,1.4700323343276978,-0.0031829788349568844,0.2420928180217743,119,582
 , , , , , , , 
0,0,0.04969120770692825,0.7932389378547668,0.020543277263641357,0.2420928180217743,409,351
0,1,0.22715981304645538,1.802996277809143,0.010193489491939545,0.2420928180217743,118,498
0,2,0.0,2.611820936203003,0.0519578792154789,0.2420928180217743,147,482
0,3,0.07453681528568268,0.7870864868164062,-0.08401469886302948,-0.2420928180217743,376,340
 , , , , , , , 
0,0,0.04969120770692825,0.7930815815925598,0.02591622807085514,0.2420928180217743,344,351
0,1,0.07453681528568268,0.7882206439971924,-0.07260704785585403,-0.2420928180217743,337,340
 , , , , , , , 
0,0,0.07453681528568268,0.7915555834770203,0.0018323069671168923,0.2420928180217743,268,350
0,1,0.07453681528568268,0.7847094535827637,-0.1038971021771431,-0.2420928180217743,266,345
 , , , , , , , 
0,0,0.07453681528568268,0.7915329933166504,-0.006246731150895357,0.2420928180217743,200,346
0,1,0.10411491245031357,0.8181231617927551,-0.11657223850488663,-0.2420928180217743,199,356
 , , , , , , , 
0,0,0.07453681528568268,0.791451096534729,-0.012990434654057026,0.2420928180217743,197,345
0,1,0.07453681528568268,0.7816479802131653,-0.12486002594232559,-0.2420928180217743,196,348
 , , , , , , , 
0,0,0.07453681528568268,0.7906365394592285,0.03817544877529144,0.2420928180217743,183,342
0,1,0.07453681528568268,0.784949004650116,-0.1020718589425087,-0.2420928180217743,187,333
 , , , , , , , 
0,0,0.024845603853464127,0.7823553085327148,0.13936342298984528,0.2420928180217743,155,351
0,1,0.04969120770692825,0.7933053374290466,-0.01779630407691002,-0.2420928180217743,156,344
 , , , , , , , 
0,0,0.0993824154138565,0.7870919108390808,-0.052237361669540405,0.2420928180217743,166,347
0,1,-0.17391923069953918,0.39192795753479004,0.6695250868797302,-0.2420928180217743,170,346
0,2,0.0993824154138565,0.7748348712921143,-0.14789670705795288,-0.2420928180217743,170,346
 , , , , , , , 
0,0,0.07453681528568268,0.7904835939407349,-0.041221823543310165,-0.2420928180217743,468,362
0,1,0.22715981304645538,1.803024172782898,0.0018346119904890656,-0.2420928180217743,143,532
0,2,1.1003053188323975,5.763406753540039,-0.09676279872655869,-0.2420928180217743,134,436
 , , , , , , , 
0,0,0.20231419801712036,2.146487236022949,-0.0932900458574295,-1.452556848526001,181,496
0,1,0.23070918023586273,2.4460182189941406,-0.1406632661819458,-1.452556848526001,134,420
0,2,0.13842551410198212,1.4668760299682617,-0.09633085876703262,-0.9683712720870972,283,524
0,3,0.15617236495018005,1.655881643295288,-0.09319113194942474,-0.9683712720870972,176,522
0,4,0.0,2.572749614715576,0.09431663900613785,-0.7262784242630005,141,517
0,5,0.04732496291399002,0.7556967735290527,-0.005809055175632238,-0.4841856360435486,556,363
0,6,1.2008708715438843,0.48025596141815186,-0.28835809230804443,-0.2420928180217743,122,560
 , , , , , , , 
0,0,0.022479357197880745,0.7098893523216248,0.11402181535959244,0.0,462,326
0,1,0.18456734716892242,1.9585211277008057,-0.07734274864196777,-1.9367425441741943,225,496
0,2,0.2058635950088501,2.1852238178253174,-0.06556548178195953,-1.9367425441741943,141,466
0,3,0.12777739763259888,1.3564462661743164,-0.037196557968854904,-1.2104641199111938,278,542
0,4,0.145524263381958,1.5454212427139282,0.0017411892767995596,-1.2104641199111938,168,540
0,5,-0.07690306007862091,2.4596645832061768,-0.012410531751811504,-1.2104641199111938,161,488
0,6,0.0,2.56721568107605,-0.19323663413524628,-1.2104641199111938,154,478
0,7,0.22242732346057892,1.7654379606246948,-0.00925726629793644,-0.9683712720870972,136,499
0,8,0.7571994066238403,6.005701065063477,-0.22947773337364197,-0.9683712720870972,114,427
0,9,0.04495871439576149,0.7177042365074158,-0.018123535439372063,-0.7262784242630005,529,385
0,10,1.171292781829834,7.388464450836182,0.482480525970459,-0.7262784242630005,171,427
0,11,0.17746859788894653,1.1068456172943115,0.18285824358463287,-0.2420928180217743,183,579
 , , , , , , , 
0,0,0.05560683086514473,1.774800419807434,-0.1154208853840828,-1.6946496963500977,165,424
0,1,0.14197489619255066,1.5050115585327148,-0.09048282355070114,-1.2104641199111938,223,457
0,2,0.07808618247509003,1.2462750673294067,-0.0406045988202095,-0.9683712720870972,220,520
0,3,0.13487614691257477,1.4297242164611816,-0.08656612038612366,-0.9683712720870972,152,509
0,4,1.0234023332595825,6.468827247619629,-0.0804227665066719,-0.7262784242630005,118,443
0,5,1.3061689138412476,6.796110153198242,-0.7970149517059326,-0.7262784242630005,144,419
0,6,1.4055514335632324,7.36211633682251,0.13338689506053925,-0.7262784242630005,158,395
0,7,0.04259246587753296,0.6614308953285217,-0.15845906734466553,-0.4841856360435486,439,365
0,8,0.137242391705513,1.0721790790557861,0.1925273984670639,-0.2420928180217743,138,571
0,9,-0.2058635950088501,1.052312970161438,-0.23606736958026886,-0.2420928180217743,138,571
 , , , , , , , 
0,0,0.035493720322847366,1.1335939168930054,-0.06119338423013687,-0.4841856360435486,161,602
0,1,0.17036986351013184,1.351143479347229,-0.055155981332063675,-0.4841856360435486,115,552
0,2,0.0378599688410759,0.6017805337905884,-0.05806359648704529,-0.2420928180217743,492,348
 , , , , , , , 
0,0,0.0378599688410759,0.6036843657493591,-0.03280888870358467,0.2420928180217743,298,343
0,1,0.035493720322847366,1.1348488330841064,0.02996293269097805,0.2420928180217743,177,461
0,2,0.0378599688410759,0.590901255607605,-0.1278550624847412,-0.2420928180217743,313,349
0,3,0.035493720322847366,1.1286107301712036,-0.12254580855369568,-0.2420928180217743,174,501
0,4,0.10411491245031357,1.6280287504196167,-0.33719515800476074,-0.2420928180217743,120,469
 , , , , , , , 
0,0,0.0378599688410759,0.6039999127388,-0.02636939100921154,0.2420928180217743,307,354
0,1,0.035493720322847366,1.1345146894454956,-0.040693942457437515,0.2420928180217743,193,481
0,2,-0.14197488129138947,2.267155647277832,-0.0024606543593108654,0.2420928180217743,118,438
0,3,1.082558512687683,6.838353157043457,-0.2595398724079132,0.2420928180217743,122,371
0,4,0.0378599688410759,0.594943106174469,-0.10748901218175888,-0.2420928180217743,294,345
0,5,-0.18929985165596008,0.24033266305923462,0.5228291749954224,-0.2420928180217743,294,345
0,6,0.07098744064569473,1.1181997060775757,-0.18609105050563812,-0.2420928180217743,178,452
 , , , , , , , 
0,0,0.01892998442053795,0.6048280000686646,-0.027736827731132507,0.2420928180217743,377,337
0,1,0.035493720322847366,1.1350548267364502,-0.020743530243635178,0.2420928180217743,205,492
0,2,0.052057456225156784,1.6643651723861694,-0.04687361419200897,0.2420928180217743,154,458
0,3,1.299070119857788,6.80548620223999,-0.01202277559787035,0.2420928180217743,128,373
0,4,0.0378599688410759,0.5963830351829529,-0.09918924421072006,-0.2420928180217743,355,342
0,5,0.035493720322847366,1.1226131916046143,-0.16887642443180084,-0.2420928180217743,203,460
0,6,0.052057456225156784,1.6448172330856323,-0.2586204409599304,-0.2420928180217743,129,428
 , , , , , , , 
0,0,0.01892998442053795,0.6034345626831055,-0.04952731356024742,0.2420928180217743,231,352
0,1,0.0378599688410759,0.5939189195632935,-0.11301116645336151,-0.2420928180217743,239,344
 , , , , , , , 
0,0,0.01892998442053795,0.6054415106773376,0.0051790811121463776,0.2420928180217743,197,356
0,1,0.035493720322847366,1.1352441310882568,-0.0007525231339968741,0.2420928180217743,166,389
0,2,0.0378599688410759,0.6010839939117432,-0.06487847119569778,-0.2420928180217743,209,351
0,3,0.035493720322847366,1.1254969835281372,-0.14844591915607452,-0.2420928180217743,169,393
 , , , , , , , 
0,0,0.01892998442053795,0.6054245233535767,0.006884025875478983,0.2420928180217743,261,350
0,1,0.035493720322847366,1.1352100372314453,0.008831368759274483,0.2420928180217743,217,390
0,2,0.052057456225156784,1.6650164127349854,0.005346301477402449,0.2420928180217743,133,392
0,3,0.0378599688410759,0.6009501814842224,-0.06610654294490814,-0.2420928180217743,259,347
0,4,0.035493720322847366,1.1262247562408447,-0.14281941950321198,-0.2420928180217743,204,392
0,5,0.052057456225156784,1.6430968046188354,-0.26933473348617554,-0.2420928180217743,117,395
 , , , , , , , 
0,0,0.01892998442053795,0.605412483215332,-0.007872075773775578,0.2420928180217743,147,340
0,1,0.07098744064569473,1.1328178644180298,-0.041521988809108734,0.2420928180217743,118,368
0,2,0.0378599688410759,0.5981370806694031,-0.08799555152654648,-0.2420928180217743,165,344
 , , , , , , , 
0,0,0.01892998442053795,0.6054558753967285,0.003072484629228711,0.2420928180217743,249,339
0,1,0.035493720322847366,1.1352221965789795,0.007091819308698177,0.2420928180217743,167,401
0,2,0.0378599688410759,0.6017294526100159,-0.05859042704105377,-0.2420928180217743,245,343
0,3,0.035493720322847366,1.1291381120681763,-0.11758826673030853,-0.2420928180217743,167,407
 , , , , , , , 
0,0,0.01892998442053795,0.6050291061401367,-0.022935636341571808,0.2420928180217743,221,332
0,1,0.035493720322847366,1.13512122631073,0.016719136387109756,0.2420928180217743,153,381
0,2,0.0378599688410759,0.5973498821258545,-0.09318956732749939,-0.2420928180217743,206,341
0,3,0.07098744064569473,1.1304922103881836,-0.08359178900718689,-0.2420928180217743,155,374
 , , , , , , , 
0,0,0.01892998442053795,0.6019251346588135,-0.06536323577165604,0.2420928180217743,247,335
0,1,0.0,1.1357944011688232,-0.0032571926712989807,0.2420928180217743,128,410
0,2,0.0378599688410759,0.5888795256614685,-0.13686522841453552,-0.2420928180217743,233,341
0,3,0.035493720322847366,1.1251897811889648,-0.15075735747814178,-0.2420928180217743,138,393
 , , , , , , , 
0,0,0.0378599688410759,0.6039911508560181,-0.026568440720438957,0.2420928180217743,208,336
0,1,0.035493720322847366,1.1348103284835815,0.03138778731226921,0.2420928180217743,130,398
0,2,0.0378599688410759,0.5974213480949402,-0.09273044764995575,-0.2420928180217743,193,337
0,3,0.07098744064569473,1.1308108568191528,-0.07916576415300369,-0.2420928180217743,125,395
 , , , , , , , 
0,0,0.01892998442053795,0.6054260730743408,0.006744551006704569,0.2420928180217743,250,345
0,1,0.0,1.1357405185699463,0.011527660302817822,0.2420928180217743,170,401
0,2,0.0378599688410759,0.6003628373146057,-0.07124360650777817,-0.2420928180217743,253,337
0,3,0.035493720322847366,1.1263155937194824,-0.1421021670103073,-0.2420928180217743,165,397
 , , , , , , , 
0,0,0.01892998442053795,0.6054425239562988,0.005060380324721336,0.2420928180217743,233,342
0,1,0.035493720322847366,1.1346677541732788,0.03617807477712631,0.2420928180217743,153,397
0,2,0.0378599688410759,0.6010449528694153,-0.06523957848548889,-0.2420928180217743,235,343
0,3,0.035493720322847366,1.128058910369873,-0.12752610445022583,-0.2420928180217743,151,408
 , , , , , , , 
0,0,0.01892998442053795,0.6054562330245972,-0.002996219787746668,0.2420928180217743,226,342
0,1,0.0,1.1354469060897827,0.02828080579638481,0.2420928180217743,150,404
0,2,0.0378599688410759,0.5995409488677979,-0.07785806059837341,-0.2420928180217743,222,341
0,3,0.035493720322847366,1.130474328994751,-0.1039598137140274,-0.2420928180217743,156,394
 , , , , , , , 
0,0,0.01892998442053795,0.6051062941551208,-0.020800158381462097,0.2420928180217743,279,347
0,1,0.0,1.135791301727295,-0.004203733988106251,0.2420928180217743,158,454
0,2,0.0378599688410759,0.5970808267593384,-0.09489845484495163,-0.2420928180217743,270,350
0,3,0.035493720322847366,1.1258468627929688,-0.1457684189081192,-0.2420928180217743,148,446
 , , , , , , , 
0,0,0.01892998442053795,0.6013892292976379,-0.07012314349412918,0.2420928180217743,300,348
0,1,0.0,1.135791540145874,-0.0041312347166240215,0.2420928180217743,145,538
0,2,0.1751023530960083,1.3840099573135376,-0.12707878649234772,0.2420928180217743,128,505
0,3,0.0378599688410759,0.5898100137710571,-0.1327982395887375,-0.2420928180217743,274,349
0,4,0.035493720322847366,1.1280864477157593,-0.12728185951709747,-0.2420928180217743,122,511
0,5,0.1751023530960083,1.3564088344573975,-0.3029648959636688,-0.2420928180217743,127,450
 , , , , , , , 
0,0,0.020113108679652214,0.6403416991233826,-0.06167677044868469,0.2420928180217743,468,359
0,1,0.03667684644460678,1.1702362298965454,-0.08171644061803818,0.2420928180217743,168,615
0,2,0.13132676482200623,1.3831875324249268,-0.1784348338842392,0.2420928180217743,118,573
0,3,1.0577127933502197,5.537413120269775,-0.20176470279693604,0.2420928180217743,136,456
0,4,1.299070119857788,6.79754638671875,-0.32885557413101196,0.2420928180217743,177,456
0,5,1.3913538455963135,7.282012462615967,-0.31787556409835815,0.2420928180217743,178,415
0,6,0.0532405823469162,1.69955575466156,-0.10613513737916946,0.4841856360435486,137,537
 , , , , , , , 
0,0,0.04022621735930443,0.6385589838027954,-0.06978749483823776,0.2420928180217743,520,354
0,1,1.0884740352630615,6.857828140258789,-0.5602149963378906,0.4841856360435486,140,449
0,2,0.0378599688410759,1.2078686952590942,-0.08601255714893341,0.7262784242630005,261,534
0,3,-0.07690306007862091,2.447200298309326,-0.2476189285516739,0.7262784242630005,148,480
0,4,0.11121366173028946,1.7674241065979004,-0.17370760440826416,0.9683712720870972,189,494
 , , , , , , , 
0,0,0.24017418920993805,1.0673450231552124,0.092527374625206,0.2420928180217743,146,589
0,1,-0.137242391705513,0.49011507630348206,0.972842276096344,0.2420928180217743,146,589
0,2,0.04259246587753296,0.6782678961753845,-0.05052504688501358,0.4841856360435486,508,362
0,3,1.6398099660873413,7.304732799530029,-0.38212916254997253,0.4841856360435486,114,416
0,4,0.12067864835262299,1.2795143127441406,-0.07255387306213379,0.9683712720870972,257,490
0,5,0.14197489619255066,1.4959791898727417,-0.18786479532718658,0.9683712720870972,174,521
0,6,0.07690306007862091,2.4410929679870605,-0.3019419312477112,0.9683712720870972,121,479
0,7,-4.621282577514648,6.701562881469727,-1.1086468696594238,-0.2420928180217743,145,368
 , , , , , , , 
0,0,0.09464992582798004,0.7457391619682312,-0.09091446548700333,0.2420928180217743,466,364
0,1,-0.2981472611427307,1.0121738910675049,0.10188189893960953,0.2420928180217743,139,610
0,2,0.24845604598522186,1.0909907817840576,0.1950601041316986,0.2420928180217743,152,593
0,3,1.2836894989013672,0.1981358677148819,-0.2622412443161011,0.2420928180217743,143,542
0,4,0.2602872848510742,1.642822504043579,-0.09166774153709412,0.7262784242630005,144,515
 , , , , , , , 
0,0,0.09464992582798004,0.7495170831680298,-0.051151350140571594,0.2420928180217743,518,344
0,1,0.13487614691257477,1.429818034172058,-0.08500313758850098,0.4841856360435486,124,617
0,2,0.2662029266357422,1.6808518171310425,-0.08038825541734695,0.4841856360435486,158,539
0,3,-0.23189230263233185,1.0289521217346191,0.1060715988278389,-0.2420928180217743,162,472
 , , , , , , , 
0,0,0.0993824154138565,0.7880333065986633,-0.03529830649495125,0.2420928180217743,425,344
0,1,0.2602872848510742,1.64448082447052,-0.05432605370879173,0.2420928180217743,115,525
 , , , , , , , 
0,0,0.0993824154138565,0.7597769498825073,-0.2120882123708725,0.2420928180217743,214,340
0,1,0.18456734716892242,1.4647059440612793,0.027174998074769974,0.2420928180217743,131,471
0,2,-4.5999860763549805,6.759900093078613,0.13972435891628265,0.2420928180217743,147,351
0,3,0.0993824154138565,0.7422950863838196,-0.26690906286239624,-0.2420928180217743,204,355
0,4,-4.344431400299072,6.823606967926025,-1.1999802589416504,-0.2420928180217743,143,356
 , , , , , , , 
0,0,0.12422801554203033,0.7852866649627686,0.0034000324085354805,0.2420928180217743,274,352
0,1,0.12422801554203033,0.7778703570365906,-0.10772369801998138,-0.2420928180217743,276,354
 , , , , , , , 
0,0,0.12422801554203033,0.7825136780738831,-0.06602341681718826,0.2420928180217743,215,346
0,1,0.12422801554203033,0.7665598392486572,-0.17050716280937195,-0.2420928180217743,204,347
 , , , , , , , 
0,0,0.12422801554203033,0.7851059436798096,-0.017185403034090996,0.2420928180217743,231,358
0,1,1.2777739763259888,0.424724817276001,-0.21109123528003693,0.2420928180217743,127,405
0,2,0.14907363057136536,0.7721647024154663,-0.11686752736568451,-0.2420928180217743,247,345
0,3,-4.088876724243164,7.030413627624512,-0.8544145226478577,-0.2420928180217743,127,360
 , , , , , , , 
0,0,0.14197489619255066,0.7370547652244568,0.09972146153450012,0.2420928180217743,143,347
0,1,0.16563737392425537,0.7386378645896912,-0.018148431554436684,-0.2420928180217743,137,352
 , , , , , , , 
0,0,0.17391923069953918,0.7730934619903564,0.06479097902774811,0.2420928180217743,181,338
0,1,-3.833322048187256,7.223659992218018,0.004927669186145067,0.2420928180217743,141,354
0,2,0.198764830827713,0.7692403793334961,-0.029682494699954987,-0.2420928180217743,179,345
0,3,-3.833322048187256,7.167648792266846,-0.8978303670883179,-0.2420928180217743,142,362
 , , , , , , , 
0,0,0.17391923069953918,0.7752454280853271,-0.02942567877471447,0.2420928180217743,200,356
0,1,1.097939133644104,1.8848164081573486,0.2527410686016083,0.2420928180217743,128,400
0,2,0.17391923069953918,0.7676311731338501,-0.11231088638305664,-0.2420928180217743,211,345
0,3,1.097939133644104,1.901394009590149,0.033344220370054245,-0.2420928180217743,136,390
 , , , , , , , 
0,0,0.17391923069953918,0.7756509184837341,-0.015396901406347752,0.2420928180217743,326,364
0,1,1.097939133644104,1.8896074295043945,0.21399693191051483,0.2420928180217743,144,497
0,2,-3.833322048187256,7.216415882110596,0.32347264885902405,0.2420928180217743,164,376
0,3,0.198764830827713,0.7621889114379883,-0.10807386040687561,-0.2420928180217743,316,359
0,4,1.097939133644104,1.900605320930481,-0.06411431729793549,-0.2420928180217743,151,477
0,5,-3.833322048187256,7.1888108253479,-0.7087240219116211,-0.2420928180217743,169,362
 , , , , , , , 
0,0,0.17391923069953918,0.7755656838417053,-0.01921570487320423,0.2420928180217743,367,378
0,1,1.097939133644104,1.8854657411575317,0.2478504776954651,0.2420928180217743,140,563
0,2,-1.331014633178711,4.529433727264404,0.33037614822387695,0.2420928180217743,113,461
0,3,-3.833322048187256,7.2226433753967285,0.12128683179616928,0.2420928180217743,214,398
0,4,0.17391923069953918,0.7656510472297668,-0.125099316239357,-0.2420928180217743,337,375
0,5,1.097939133644104,1.9013808965682983,-0.03408364579081535,-0.2420928180217743,139,532
0,6,-1.18312406539917,4.572330951690674,-0.3008774518966675,-0.2420928180217743,115,432
0,7,-3.833322048187256,7.16669225692749,-0.9054344892501831,-0.2420928180217743,218,370
 , , , , , , , 
0,0,0.17391923069953918,0.7746012806892395,-0.04317661374807358,0.2420928180217743,379,393
0,1,1.0293179750442505,1.9245096445083618,0.24217447638511658,0.2420928180217743,148,581
0,2,-1.331014633178711,4.540916442871094,0.07071124017238617,0.2420928180217743,118,486
0,3,-4.10780668258667,7.114485263824463,-0.07951565086841583,0.2420928180217743,230,408
0,4,0.17391923069953918,0.7615320086479187,-0.14812302589416504,-0.2420928180217743,358,368
0,5,1.097939133644104,1.901616096496582,-0.01634145900607109,-0.2420928180217743,148,537
0,6,-1.331014633178711,4.502041339874268,-0.5971128940582275,-0.2420928180217743,120,442
0,7,-3.8510687351226807,7.178727149963379,-1.063693642616272,-0.2420928180217743,218,384
 , , , , , , , 
0,0,0.17391923069953918,0.7738633751869202,-0.05483483895659447,0.2420928180217743,345,371
0,1,1.0293179750442505,1.9363285303115845,0.11409550905227661,0.2420928180217743,134,541
0,2,-1.4789050817489624,4.49540376663208,0.026571525260806084,0.2420928180217743,121,440
0,3,-4.10780668258667,7.113676071166992,-0.13354997336864471,0.2420928180217743,209,380
0,4,0.17391923069953918,0.7596487402915955,-0.1574965864419937,-0.2420928180217743,340,353
0,5,1.0293179750442505,1.9323041439056396,-0.16907481849193573,-0.2420928180217743,137,518
0,6,-1.331014633178711,4.502817153930664,-0.5912326574325562,-0.2420928180217743,124,415
0,7,-3.8510687351226807,7.170391082763672,-1.1185091733932495,-0.2420928180217743,196,375
 , , , , , , , 
0,0,0.17391923069953918,0.7725914716720581,-0.07052544504404068,0.2420928180217743,292,349
0,1,1.0293179750442505,1.938028335571289,0.08019937574863434,0.2420928180217743,138,473
0,2,-4.10780668258667,7.114013671875,-0.11414740234613419,0.2420928180217743,164,361
0,3,0.17391923069953918,0.7548956871032715,-0.17889632284641266,-0.2420928180217743,277,354
0,4,1.0293179750442505,1.9256696701049805,-0.23277030885219574,-0.2420928180217743,141,462
0,5,-3.8510687351226807,7.197124004364014,-0.9311167597770691,-0.2420928180217743,155,359
 , , , , , , , 
0,0,0.17391923069953918,0.7702537775039673,-0.09263106435537338,0.2420928180217743,291,363
0,1,1.0293179750442505,1.9396337270736694,0.014386307448148727,0.2420928180217743,147,502
0,2,-4.10780668258667,7.114681243896484,-0.05942992493510246,0.2420928180217743,183,374
0,3,0.17391923069953918,0.7501647472381592,-0.19779837131500244,-0.2420928180217743,278,360
0,4,1.097939133644104,1.8839088678359985,-0.25941917300224304,-0.2420928180217743,147,488
0,5,-1.331014633178711,4.50927209854126,-0.5398003458976746,-0.2420928180217743,124,385
0,6,-3.8510687351226807,7.177022933959961,-1.0751333236694336,-0.2420928180217743,186,357
 , , , , , , , 
0,0,0.14907363057136536,0.7786949872970581,-0.059418171644210815,0.2420928180217743,197,355
0,1,1.0293179750442505,1.9395813941955566,-0.020251987501978874,0.2420928180217743,137,427
0,2,0.17391923069953918,0.7609034776687622,-0.1513182669878006,-0.2420928180217743,196,355
0,3,1.097939133644104,1.8853017091751099,-0.24909527599811554,-0.2420928180217743,141,420
 , , , , , , , 
0,0,0.17391923069953918,0.7739784717559814,-0.05318552255630493,0.2420928180217743,202,351
0,1,0.198764830827713,0.7565089464187622,-0.14249937236309052,-0.2420928180217743,189,349
 , , , , , , , 
0,0,0.14907363057136536,0.7727557420730591,-0.11289343982934952,0.2420928180217743,189,345
0,1,1.0293179750442505,1.939267873764038,0.04032127931714058,0.2420928180217743,148,409
0,2,0.17391923069953918,0.7502695918083191,-0.19740036129951477,-0.2420928180217743,176,363
0,3,1.097939133644104,1.8871337175369263,-0.2348131537437439,-0.2420928180217743,139,421
 , , , , , , , 
0,0,0.15617236495018005,0.7644292712211609,-0.2915693521499634,0.2420928180217743,137,342
0,1,1.0293179750442505,1.9394398927688599,0.03096628561615944,0.2420928180217743,139,404
0,2,0.15617236495018005,0.6896279454231262,-0.4402022361755371,-0.2420928180217743,132,345
0,3,1.097939133644104,1.8863143920898438,-0.2413071244955063,-0.2420928180217743,128,415
 , , , , , , , 
0,0,0.15617236495018005,0.8056137561798096,-0.14265771210193634,0.2420928180217743,183,363
0,1,1.0293179750442505,1.9394431114196777,0.030757078900933266,0.2420928180217743,144,438
0,2,-4.10780668258667,7.114699363708496,-0.05723660811781883,0.2420928180217743,139,353
0,3,0.15617236495018005,0.7758334875106812,-0.25970596075057983,-0.2420928180217743,192,359
0,4,1.097939133644104,1.8877896070480347,-0.22948092222213745,-0.2420928180217743,138,450
0,5,-3.8510687351226807,7.217430591583252,-0.7578017711639404,-0.2420928180217743,128,368
 , , , , , , , 
0,0,0.15617236495018005,0.8070937991142273,-0.13403116166591644,0.2420928180217743,244,357
0,1,1.0293179750442505,1.9388190507888794,0.05802410468459129,0.2420928180217743,150,492
0,2,-1.4789050817489624,4.494994163513184,-0.06624890118837357,0.2420928180217743,123,403
0,3,-4.10780668258667,7.114910125732422,0.01657988131046295,0.2420928180217743,198,355
0,4,0.1822011023759842,0.7789456248283386,-0.2319505363702774,-0.2420928180217743,247,370
0,5,1.0293179750442505,1.9252837896347046,-0.23594138026237488,-0.2420928180217743,147,512
0,6,-1.331014633178711,4.503292560577393,-0.5875995755195618,-0.2420928180217743,127,416
0,7,-4.10780668258667,7.0440144538879395,-1.0020402669906616,-0.2420928180217743,191,377
 , , , , , , , 
0,0,0.14907363057136536,0.7741518616676331,-0.10288473963737488,0.2420928180217743,270,365
0,1,0.030761225149035454,0.9775637984275818,-0.11129158735275269,0.2420928180217743,118,457
0,2,1.0293179750442505,1.929039478302002,0.20295922458171844,0.2420928180217743,148,517
0,3,-1.4789050817489624,4.494616985321045,0.0881967693567276,0.2420928180217743,121,426
0,4,-4.10780668258667,7.114924430847168,-0.008561961352825165,0.2420928180217743,221,362
0,5,0.17391923069953918,0.7500770688056946,-0.19813072681427002,-0.2420928180217743,288,375
0,6,0.06152245029807091,0.9578953385353088,-0.21820765733718872,-0.2420928180217743,129,475
0,7,1.0293179750442505,1.93791663646698,-0.08285564929246902,-0.2420928180217743,146,545
0,8,-1.331014633178711,4.522920608520508,-0.4100116789340973,-0.2420928180217743,126,450
0,9,-3.8510687351226807,7.183858394622803,-1.0284682512283325,-0.2420928180217743,206,401
 , , , , , , , 
0,0,0.14907363057136536,0.7789258360862732,-0.056310925632715225,0.2420928180217743,288,353
0,1,1.0293179750442505,1.913570523262024,0.3172282576560974,0.2420928180217743,153,513
0,2,-4.10780668258667,7.112176895141602,0.19789397716522217,0.2420928180217743,212,370
0,3,0.17391923069953918,0.7613727450370789,-0.1489393413066864,-0.2420928180217743,279,385
0,4,1.097939133644104,1.9012887477874756,0.03888934850692749,-0.2420928180217743,152,539
0,5,-3.8510687351226807,7.20713472366333,-0.8501638174057007,-0.2420928180217743,212,394
 , , , , , , , 
0,0,0.14907363057136536,0.780788004398346,-0.016323639079928398,0.2420928180217743,305,363
0,1,1.0293179750442505,1.9162143468856812,0.30084624886512756,0.2420928180217743,146,517
0,2,-1.4789050817489624,4.494257926940918,0.10491631925106049,0.2420928180217743,118,429
0,3,-4.088876724243164,7.078734397888184,0.2196788191795349,0.2420928180217743,208,377
0,4,-4.10780668258667,7.109521389007568,0.2773635983467102,0.2420928180217743,211,374
0,5,0.17391923069953918,0.7672067284584045,-0.11517497152090073,-0.2420928180217743,322,376
0,6,1.097939133644104,1.9016026258468628,0.017849622294306755,-0.2420928180217743,146,543
0,7,-1.9486052989959717,6.609214782714844,-0.723594605922699,-0.2420928180217743,115,407
0,8,-3.8510687351226807,7.223236083984375,-0.7003057599067688,-0.2420928180217743,211,398
 , , , , , , , 
0,0,0.14907363057136536,0.7809418439865112,-0.005123046226799488,0.2420928180217743,302,364
0,1,1.097939133644104,1.8844999074935913,0.2550904452800751,0.2420928180217743,137,513
0,2,-1.331014633178711,4.511050224304199,0.5247332453727722,0.2420928180217743,124,415
0,3,-4.088876724243164,7.075359344482422,0.3098888397216797,0.2420928180217743,201,376
0,4,0.17391923069953918,0.7688129544258118,-0.10391370207071304,-0.2420928180217743,322,365
0,5,1.097939133644104,1.9014612436294556,-0.029256097972393036,-0.2420928180217743,139,533
0,6,-1.331014633178711,4.539251804351807,-0.14182329177856445,-0.2420928180217743,121,439
0,7,-3.833322048187256,7.193287372589111,-0.6617426872253418,-0.2420928180217743,205,392
 , , , , , , , 
0,0,0.14907363057136536,0.7805334329605103,-0.025767434388399124,0.2420928180217743,266,341
0,1,1.097939133644104,1.8914403915405273,0.19714029133319855,0.2420928180217743,122,451
0,2,-4.088876724243164,7.075106620788574,0.31559571623802185,0.2420928180217743,154,371
0,3,0.17391923069953918,0.7665044069290161,-0.11975962668657303,-0.2420928180217743,249,351
0,4,1.097939133644104,1.9012281894683838,-0.04174274578690529,-0.2420928180217743,129,439
0,5,-3.833322048187256,7.200514793395996,-0.5778228640556335,-0.2420928180217743,155,364
 , , , , , , , 
0,0,0.17391923069953918,0.7752092480659485,-0.03036399930715561,0.2420928180217743,128,349
 , , , , , , , 
0,0,0.14907363057136536,0.780929684638977,-0.006721037440001965,0.2420928180217743,130,352
 , , , , , , , 
0,0,0.14907363057136536,0.780914306640625,-0.008318457752466202,0.2420928180217743,205,348
0,1,0.17391923069953918,0.768490731716156,-0.10627046227455139,-0.2420928180217743,203,346
 , , , , , , , 
0,0,0.17391923069953918,0.7757889032363892,0.004789638798683882,0.2420928180217743,122,363
 , , , , , , , 
0,0,0.14907363057136536,0.7796695232391357,-0.0448538213968277,0.2420928180217743,115,356
 , , , , , , , 
0,0,0.14907363057136536,0.7808971405029297,-0.009800158441066742,0.2420928180217743,151,352
0,1,0.14907363057136536,0.7695990800857544,-0.13271622359752655,-0.2420928180217743,145,361
 , , , , , , , 
0,0,0.14907363057136536,0.7796466946601868,-0.04524759203195572,0.2420928180217743,149,348
0,1,0.17391923069953918,0.7665572166442871,-0.11942122131586075,-0.2420928180217743,149,347
 , , , , , , , 
0,0,0.17391923069953918,0.7708340883255005,-0.08767061680555344,-0.2420928180217743,127,350
 , , , , , , , 
0,0,0.14907363057136536,0.7805933356285095,-0.023883076384663582,0.2420928180217743,176,357
0,1,1.097939133644104,1.8918263912200928,0.19340141117572784,0.2420928180217743,130,432
0,2,-4.088876724243164,7.078821182250977,0.2168702334165573,0.2420928180217743,135,356
0,3,0.14907363057136536,0.768702507019043,-0.13781456649303436,-0.2420928180217743,183,353
0,4,1.097939133644104,1.9008337259292603,-0.056937918066978455,-0.2420928180217743,135,422
0,5,-3.833322048187256,7.200420379638672,-0.5789995193481445,-0.2420928180217743,121,363
 , , , , , , , 
0,0,0.14907363057136536,0.7790455222129822,-0.05463014915585518,0.2420928180217743,299,384
0,1,1.097939133644104,1.8892689943313599,0.21696527302265167,0.2420928180217743,136,554
0,2,-1.331014633178711,4.507196426391602,0.5568650960922241,0.2420928180217743,130,450
0,3,-4.088876724243164,7.0805134773254395,0.1518770158290863,0.2420928180217743,210,403
0,4,0.14907363057136536,0.7641206383705139,-0.1612948626279831,-0.2420928180217743,295,357
0,5,1.097939133644104,1.9006505012512207,-0.06275835633277893,-0.2420928180217743,137,526
0,6,-1.331014633178711,4.539449214935303,-0.1353488564491272,-0.2420928180217743,125,427
0,7,-3.833322048187256,7.171555519104004,-0.8660716414451599,-0.2420928180217743,213,376
 , , , , , , , 
0,0,0.14907363057136536,0.7734550833702087,-0.1079983115196228,0.2420928180217743,269,381
0,1,1.0293179750442505,1.9220786094665527,0.2607676386833191,0.2420928180217743,150,541
0,2,-1.331014633178711,4.535283088684082,0.23691332340240479,0.2420928180217743,127,452
0,3,-4.10780668258667,7.114011764526367,0.11428747326135635,0.2420928180217743,214,393
0,4,0.14907363057136536,0.7480859756469727,-0.2241957187652588,-0.2420928180217743,258,364
0,5,1.097939133644104,1.9016449451446533,-0.012543712742626667,-0.2420928180217743,149,517
0,6,-1.331014633178711,4.5270771980285645,-0.36123543977737427,-0.2420928180217743,131,420
0,7,-3.8510687351226807,7.206070899963379,-0.8591341972351074,-0.2420928180217743,204,380
 , , , , , , , 
0,0,0.14907363057136536,0.7707442045211792,-0.1258956342935562,0.2420928180217743,230,373
0,1,1.0293179750442505,1.9214859008789062,0.2650996148586273,0.2420928180217743,151,500
0,2,-1.331014633178711,4.540109157562256,0.11103330552577972,0.2420928180217743,123,415
0,3,-4.10780668258667,7.114891052246094,-0.023416252806782722,0.2420928180217743,191,378
0,4,0.14907363057136536,0.7445813417434692,-0.23557382822036743,-0.2420928180217743,245,343
0,5,1.0293179750442505,1.939680576324463,-0.005018689204007387,-0.2420928180217743,155,482
0,6,-1.331014633178711,4.524701118469238,-0.3898722529411316,-0.2420928180217743,120,402
0,7,-3.8510687351226807,7.205063819885254,-0.8675388097763062,-0.2420928180217743,195,358
 , , , , , , , 
0,0,0.14907363057136536,0.7701804637908936,-0.12929953634738922,0.2420928180217743,221,364
0,1,1.0293179750442505,1.9267717599868774,0.22346428036689758,0.2420928180217743,154,478
0,2,-1.331014633178711,4.536680698394775,0.20844265818595886,0.2420928180217743,119,400
0,3,-4.10780668258667,7.114657402038574,0.06226392090320587,0.2420928180217743,174,372
0,4,0.14907363057136536,0.7421401143074036,-0.2431551069021225,-0.2420928180217743,208,361
0,5,1.0293179750442505,1.9387400150299072,-0.06060324236750603,-0.2420928180217743,155,465
0,6,-1.331014633178711,4.516475677490234,-0.47577887773513794,-0.2420928180217743,122,381
0,7,-3.8510687351226807,7.189628601074219,-0.9873254895210266,-0.2420928180217743,178,359
 , , , , , , , 
0,0,1.0293179750442505,1.9311254024505615,0.1820453703403473,0.2420928180217743,128,360
0,1,1.0293179750442505,1.9368582963943481,-0.10471680015325546,-0.2420928180217743,120,368
 , , , , , , , 
0,0,0.198764830827713,0.7684524059295654,-0.04574605077505112,0.2420928180217743,167,354
0,1,-0.12422801554203033,0.19007064402103424,0.7619447708129883,0.2420928180217743,167,354
0,2,1.0293179750442505,1.9257826805114746,0.23183317482471466,0.2420928180217743,130,396
0,3,-0.0993824154138565,0.38944026827812195,0.6859874129295349,-0.2420928180217743,169,344
0,4,0.198764830827713,0.7539507746696472,-0.1554672122001648,-0.2420928180217743,169,344
0,5,1.0293179750442505,1.9362952709197998,-0.114658422768116,-0.2420928180217743,130,391
 , , , , , , , 
0,0,0.17391923069953918,0.7724804878234863,-0.07173079997301102,0.2420928180217743,177,356
0,1,-0.12422801554203033,0.16522693634033203,0.7677152752876282,0.2420928180217743,177,356
0,2,0.9606967568397522,1.9692661762237549,0.1446855664253235,0.2420928180217743,132,409
0,3,0.17391923069953918,0.7557356953620911,-0.17531393468379974,-0.2420928180217743,168,354
0,4,-0.0993824154138565,0.3868938386440277,0.6874268054962158,-0.2420928180217743,168,354
0,5,1.0293179750442505,1.9351301193237305,-0.13287945091724396,-0.2420928180217743,141,397
 , , , , , , , 
0,0,0.17391923069953918,0.7758033275604248,-0.0007319257711060345,0.2420928180217743,146,344
0,1,-0.0993824154138565,0.11705899983644485,-0.7800894975662231,0.2420928180217743,146,344
 , , , , , , , 
0,0,0.14907363057136536,0.7650755643844604,-0.15670281648635864,0.2420928180217743,136,346
0,1,1.0293179750442505,1.9323173761367798,0.16892461478710175,0.2420928180217743,141,423
0,2,0.15617236495018005,0.7776843309402466,-0.25410977005958557,-0.2420928180217743,141,342
0,3,1.0293179750442505,1.9362329244613647,-0.11570599675178528,-0.2420928180217743,145,414
 , , , , , , , 
0,0,0.14907363057136536,0.7725237607955933,-0.11446995288133621,0.2420928180217743,242,362
0,1,0.03194434940814972,1.0186673402786255,0.0789206400513649,0.2420928180217743,134,463
0,2,1.0293179750442505,1.9255460500717163,0.23379066586494446,0.2420928180217743,153,509
0,3,-1.4789050817489624,4.492777347564697,0.15592838823795319,0.2420928180217743,123,421
0,4,-4.10780668258667,7.1148834228515625,0.02566458471119404,0.2420928180217743,217,361
0,5,0.14907363057136536,0.7446647882461548,-0.23530986905097961,-0.2420928180217743,259,373
0,6,0.06388869881629944,1.019328236579895,-0.042665012180805206,-0.2420928180217743,131,492
0,7,1.0293179750442505,1.9391323328018188,-0.04638703912496567,-0.2420928180217743,153,535
0,8,-3.8510687351226807,7.202497959136963,-0.8885905146598816,-0.2420928180217743,210,389
 , , , , , , , 
0,0,0.14907363057136536,0.7769110798835754,-0.07940781861543655,0.2420928180217743,264,369
0,1,0.03194434940814972,1.015864610671997,0.10922703146934509,0.2420928180217743,139,491
0,2,1.0293179750442505,1.9137773513793945,0.3159779906272888,0.2420928180217743,151,531
0,3,-1.331014633178711,4.5305352210998535,0.3149144649505615,0.2420928180217743,123,443
0,4,-4.10780668258667,7.108577728271484,0.3005738854408264,0.2420928180217743,223,379
0,5,0.14907363057136536,0.7560115456581116,-0.19581341743469238,-0.2420928180217743,288,389
0,6,0.03194434940814972,1.0214284658432007,-0.024402664974331856,-0.2420928180217743,145,529
0,7,1.097939133644104,1.9013605117797852,0.03519926592707634,-0.2420928180217743,152,570
0,8,-1.331014633178711,4.532963275909424,-0.2777814567089081,-0.2420928180217743,120,486
0,9,-3.8510687351226807,7.21942138671875,-0.7385961413383484,-0.2420928180217743,224,413
 , , , , , , , 
0,0,0.14907363057136536,0.78034508228302,-0.030949700623750687,0.2420928180217743,284,362
0,1,0.0,1.0144566297531128,0.12573635578155518,0.2420928180217743,135,499
0,2,1.097939133644104,1.8864481449127197,0.24025864899158478,0.2420928180217743,138,532
0,3,-1.331014633178711,4.498120307922363,0.6259655356407166,0.2420928180217743,130,429
0,4,-4.088876724243164,7.069146633148193,0.4288378655910492,0.2420928180217743,213,384
0,5,0.14907363057136536,0.7671380043029785,-0.14627262949943542,-0.2420928180217743,297,385
0,6,0.03194434940814972,1.0217177867889404,0.0021117280703037977,-0.2420928180217743,139,534
0,7,1.097939133644104,1.901296854019165,-0.038485292345285416,-0.2420928180217743,137,564
0,8,-1.331014633178711,4.541378498077393,-0.02827516943216324,-0.2420928180217743,124,470
0,9,-3.833322048187256,7.199030876159668,-0.5960245132446289,-0.2420928180217743,218,410
 , , , , , , , 
0,0,0.14907363057136536,0.7804063558578491,-0.029364915564656258,0.2420928180217743,225,351
0,1,0.0,1.0147666931152344,0.12320959568023682,0.2420928180217743,117,444
0,2,1.097939133644104,1.8943597078323364,0.16677023470401764,0.2420928180217743,122,439
0,3,-4.088876724243164,7.076150417327881,0.2912601828575134,0.2420928180217743,162,356
0,4,0.14907363057136536,0.7709141373634338,-0.1248507872223854,-0.2420928180217743,235,350
0,5,0.0,1.0222141742706299,-0.003197074867784977,-0.2420928180217743,116,454
0,6,1.097939133644104,1.9003468751907349,-0.07136296480894089,-0.2420928180217743,113,450
0,7,-3.833322048187256,7.196560382843018,-0.6251452565193176,-0.2420928180217743,159,366
 , , , , , , , 
0,0,0.27685102820396423,1.4450268745422363,-0.12416622042655945,-0.2420928180217743,116,378
 , , , , , , , 
0,0,0.14907363057136536,0.7805432081222534,0.025468390434980392,0.2420928180217743,155,360
0,1,0.14907363057136536,0.7762650847434998,-0.08549190312623978,-0.2420928180217743,151,353
 , , , , , , , 
0,0,0.17391923069953918,0.7757619619369507,-0.008048607036471367,0.2420928180217743,215,344
0,1,1.097939133644104,1.8954204320907593,0.1542472541332245,0.2420928180217743,114,374
0,2,0.17391923069953918,0.7668412923812866,-0.11758342385292053,-0.2420928180217743,226,339
 , , , , , , , 
0,0,0.17391923069953918,0.7757307291030884,-0.0106422184035182,0.2420928180217743,283,344
0,1,0.479165256023407,1.6326367855072021,-0.08652588725090027,0.2420928180217743,113,395
0,2,0.198764830827713,0.7624002695083618,-0.10657230764627457,-0.2420928180217743,296,341
0,3,-0.0993824154138565,0.3653329014778137,0.6991239786148071,-0.2420928180217743,296,341
0,4,0.5324058532714844,1.59474515914917,-0.27553790807724,-0.2420928180217743,139,394
 , , , , , , , 
0,0,0.14907363057136536,0.7808526754379272,0.012864379212260246,0.2420928180217743,275,354
0,1,0.17391923069953918,0.7692086696624756,-0.10094231367111206,-0.2420928180217743,258,348
 , , , , , , , 
0,0,0.14907363057136536,0.7797531485557556,0.04337484389543533,0.2420928180217743,382,350
0,1,0.06625494360923767,1.0219507217407227,-0.27385181188583374,0.2420928180217743,138,532
0,2,0.5004614591598511,1.7071046829223633,0.04077272117137909,0.2420928180217743,158,457
0,3,0.17391923069953918,0.7738644480705261,-0.05481981113553047,-0.2420928180217743,338,352
0,4,0.48981332778930664,1.6525256633758545,-0.2495356947183609,-0.2420928180217743,129,435
 , , , , , , , 
0,0,0.12422801554203033,0.7852785587310791,-0.004925710614770651,0.2420928180217743,380,352
0,1,0.2886822521686554,2.286095380783081,-0.15500466525554657,0.2420928180217743,149,443
0,2,0.440122127532959,3.492697238922119,0.06809601187705994,0.2420928180217743,150,444
0,3,0.17391923069953918,0.771980881690979,-0.07692132145166397,-0.2420928180217743,357,370
0,4,0.32299286127090454,1.4398645162582397,-0.05130966752767563,-0.2420928180217743,136,469
0,5,1.3369300365447998,4.063621520996094,0.04885966330766678,-0.2420928180217743,167,452
0,6,1.4907362461090088,4.527041435241699,0.1997459977865219,-0.2420928180217743,113,466
 , , , , , , , 
0,0,-0.026028728112578392,0.8324786424636841,-0.007512224372476339,0.2420928180217743,281,379
0,1,0.22006107866764069,1.1364035606384277,-0.1939990073442459,0.2420928180217743,116,508
0,2,0.23070918023586273,2.4500014781951904,0.01685517467558384,0.2420928180217743,146,465
0,3,0.3502047061920166,2.7795097827911377,0.02925247512757778,0.2420928180217743,117,461
0,4,0.198764830827713,0.7678416967391968,-0.05505433678627014,-0.2420928180217743,326,366
0,5,0.7938761711120605,2.1682424545288086,-0.045616623014211655,-0.2420928180217743,142,447
 , , , , , , , 
0,0,0.0993824154138565,0.7859689593315125,-0.06704676151275635,0.2420928180217743,385,360
0,1,-3.833322048187256,7.212685585021973,0.3980642855167389,0.2420928180217743,202,375
0,2,0.12422801554203033,0.7728282809257507,-0.1393669843673706,-0.2420928180217743,332,350
0,3,-3.833322048187256,7.200158596038818,-0.5822400450706482,-0.2420928180217743,205,390
 , , , , , , , 
0,0,0.12777739763259888,0.665441632270813,-0.0726265013217926,0.2420928180217743,294,354
0,1,0.24845603108406067,0.7545952200889587,-0.031224286183714867,0.2420928180217743,319,379
0,2,0.3028797507286072,1.153274416923523,-0.21447685360908508,0.2420928180217743,148,555
0,3,-3.3222122192382812,7.447519779205322,0.6107423901557922,0.2420928180217743,209,382
0,4,0.2981472611427307,0.7314912676811218,-0.0902663841843605,-0.2420928180217743,334,366
0,5,-3.3222122192382812,7.455920696258545,-0.49779754877090454,-0.2420928180217743,215,398
 , , , , , , , 
0,0,0.34783846139907837,0.6944029331207275,0.17009492218494415,0.2420928180217743,294,349
0,1,0.0993824154138565,0.6840564608573914,-0.39282211661338806,0.2420928180217743,294,349
0,2,0.5560683012008667,1.6903012990951538,-0.00017610847135074437,0.2420928180217743,135,540
0,3,0.36203595995903015,0.5637820363044739,-0.12447512894868851,-0.2420928180217743,236,343
0,4,0.34783846139907837,0.7147001028060913,-0.01820642687380314,-0.2420928180217743,288,356
 , , , , , , , 
0,0,0.32299286127090454,0.7259960174560547,0.026920026168227196,0.2420928180217743,358,360
0,1,0.32299286127090454,0.7242778539657593,-0.05671355500817299,-0.2420928180217743,335,350
0,2,1.5096663236618042,1.5842342376708984,-0.18163345754146576,-0.2420928180217743,131,465
 , , , , , , , 
0,0,0.32299286127090454,0.7262874841690063,0.017359143123030663,0.2420928180217743,266,345
0,1,0.34783846139907837,0.7149075269699097,0.005912152584642172,-0.2420928180217743,268,355
 , , , , , , , 
0,0,0.3726840615272522,0.7019369006156921,-0.02259303629398346,0.2420928180217743,291,346
0,1,0.397529661655426,0.6770628094673157,-0.12520167231559753,-0.2420928180217743,290,357
0,2,0.6601832509040833,0.9669628739356995,-0.08134205639362335,-0.2420928180217743,119,435
 , , , , , , , 
0,0,0.34783846139907837,0.7147067189216614,0.01794336922466755,0.2420928180217743,339,359
0,1,0.3726840615272522,0.6979347467422485,-0.07818568497896194,-0.2420928180217743,358,364
 , , , , , , , 
0,0,-2.2999930381774902,7.827907085418701,0.5563774108886719,0.2420928180217743,125,362
0,1,0.32299286127090454,0.7202712893486023,-0.09489048272371292,-0.2420928180217743,436,383
0,2,0.7784956097602844,1.5828081369400024,-0.23450668156147003,-0.2420928180217743,118,536
 , , , , , , , 
0,0,-0.9086392521858215,2.192634105682373,-0.48769134283065796,0.2420928180217743,116,483
0,1,-2.811102867126465,7.661581039428711,0.5230007171630859,0.2420928180217743,201,373
0,2,0.2981472611427307,0.7332313060760498,-0.07482847571372986,-0.2420928180217743,459,382
0,3,2.449066638946533,4.612009048461914,-0.1693575233221054,-0.2420928180217743,120,491
0,4,2.5378010272979736,4.781510353088379,-0.08863655477762222,-0.2420928180217743,137,489
0,5,-2.5555479526519775,7.753393173217773,-0.4792850613594055,-0.2420928180217743,150,410
0,6,-1.6682049036026,4.250911235809326,7.635778427124023,-0.2420928180217743,137,405
0,7,6.264641761779785,11.804119110107422,0.16953833401203156,-0.2420928180217743,115,372
 , , , , , , , 
0,0,-3.3222122192382812,7.449790954589844,0.5823859572410583,0.2420928180217743,210,394
0,1,0.2129623293876648,0.7266269326210022,0.0033690419513732195,-0.2420928180217743,472,366
0,2,0.4046284258365631,1.3770095109939575,-0.09958583116531372,-0.2420928180217743,173,556
0,3,0.5501526594161987,3.4740681648254395,-0.1595686376094818,-0.2420928180217743,131,577
0,4,-3.066657543182373,7.557682514190674,-0.5938795804977417,-0.2420928180217743,164,419
0,5,-6.698848247528076,9.07778263092041,-0.09439676254987717,-0.2420928180217743,134,409
 , , , , , , , 
0,0,-3.5777671337127686,7.330568790435791,0.581368625164032,0.2420928180217743,174,376
0,1,0.958330512046814,2.901524305343628,-0.2591293752193451,-0.7262784242630005,166,493
0,2,2.2644994258880615,6.143758773803711,-0.7233274579048157,-0.7262784242630005,138,384
0,3,0.8163555860519409,2.481458902359009,-0.015293154865503311,-0.4841856360435486,149,538
0,4,0.14197489619255066,0.7389436364173889,-0.08459535241127014,-0.2420928180217743,467,389
0,5,0.3502047061920166,1.355709433555603,-0.04125623032450676,-0.2420928180217743,172,529
0,6,0.3265422284603119,1.7100802659988403,0.0449630506336689,-0.2420928180217743,119,573
0,7,-3.5777671337127686,7.323124885559082,-0.668636679649353,-0.2420928180217743,123,419
 , , , , , , , 
0,0,0.2508223056793213,3.961796522140503,-0.588799774646759,0.2420928180217743,132,456
0,1,-3.5777671337127686,7.3372297286987305,0.49019259214401245,0.2420928180217743,129,367
0,2,0.34073972702026367,0.8290112018585205,-0.14920532703399658,0.4841856360435486,139,458
0,3,1.4386788606643677,5.564961910247803,-0.279554158449173,-0.4841856360435486,124,454
0,4,1.6930503845214844,5.755496978759766,-0.49501681327819824,-0.4841856360435486,138,458
0,5,0.11239678412675858,0.7006340026855469,-0.11801754683256149,-0.2420928180217743,438,360
0,6,0.34073972702026367,1.3153491020202637,-0.10681826621294022,-0.2420928180217743,192,524
0,7,0.31707724928855896,2.5053224563598633,-0.23927612602710724,-0.2420928180217743,155,557
 , , , , , , , 
0,0,0.08991742879152298,0.711104691028595,0.060779839754104614,0.2420928180217743,352,346
0,1,0.25555479526519775,1.3370832204818726,-0.06750621646642685,0.2420928180217743,159,498
0,2,0.0,4.041150093078613,0.6229115724563599,0.2420928180217743,112,448
0,3,-3.5777671337127686,7.348954677581787,0.2609541118144989,0.2420928180217743,119,371
0,4,0.1514398753643036,0.5865107178688049,-0.003960779868066311,-0.2420928180217743,220,353
0,5,0.08991742879152298,0.7129026055335999,-0.033673446625471115,-0.2420928180217743,377,355
0,6,0.2981472611427307,1.3105639219284058,-0.22624607384204865,-0.2420928180217743,221,491
0,7,1.4860037565231323,5.7480268478393555,-0.2886160612106323,-0.2420928180217743,142,470
 , , , , , , , 
0,0,0.06743807345628738,0.7157009243965149,-0.0259518101811409,0.2420928180217743,218,352
0,1,0.39989593625068665,0.8933263421058655,-0.10494936257600784,0.2420928180217743,150,485
0,2,0.08991742879152298,0.7097246646881104,-0.07519938796758652,-0.2420928180217743,206,350
 , , , , , , , 
0,0,0.08991742879152298,0.7117500305175781,-0.05268726497888565,0.2420928180217743,304,336
0,1,0.11239678412675858,0.6959347128868103,-0.14314696192741394,-0.2420928180217743,280,351
0,2,-0.15735550224781036,0.33435818552970886,0.6171653270721436,-0.2420928180217743,280,351
0,3,0.2129623293876648,1.3349649906158447,-0.17370226979255676,-0.2420928180217743,137,430
 , , , , , , , 
0,0,0.14079175889492035,0.627220630645752,0.03190525993704796,0.2420928180217743,187,348
0,1,0.09464992582798004,0.7487455010414124,0.06142089143395424,0.2420928180217743,160,352
0,2,-0.18929985165596008,0.16172468662261963,0.715095579624176,0.2420928180217743,160,352
0,3,1.3002532720565796,5.796301364898682,0.2086745798587799,0.2420928180217743,152,378
0,4,0.14079175889492035,0.6278471350669861,-0.015220753848552704,-0.2420928180217743,183,339
0,5,-0.15735550224781036,0.3228580355644226,0.6232584714889526,-0.2420928180217743,165,347
0,6,0.11239678412675858,0.7105034589767456,-0.0009917543502524495,-0.2420928180217743,165,347
0,7,0.33127471804618835,1.0068280696868896,-0.01794249936938286,-0.2420928180217743,168,454
0,8,0.0,3.971405267715454,-0.17585112154483795,-0.2420928180217743,124,419
 , , , , , , , 
0,0,0.08991742879152298,0.7118105888366699,0.05186232551932335,0.2420928180217743,273,344
0,1,-0.15735550224781036,0.37026122212409973,-0.5963179469108582,0.2420928180217743,273,344
0,2,1.308535099029541,5.834565162658691,0.1685710996389389,0.2420928180217743,181,367
0,3,0.08991742879152298,0.7111498713493347,-0.060249052941799164,-0.2420928180217743,269,351
0,4,-0.15735550224781036,0.09891989082098007,-0.6949124336242676,-0.2420928180217743,269,351
0,5,0.38333219289779663,0.9464105367660522,-0.04791160300374031,-0.2420928180217743,130,500
0,6,0.12422802299261093,3.9509615898132324,-0.42125338315963745,-0.2420928180217743,141,406
0,7,1.308535099029541,5.804835796356201,-0.6119165420532227,-0.2420928180217743,130,375
 , , , , , , , 
0,0,0.13487614691257477,0.7037822008132935,-0.06283484399318695,0.2420928180217743,266,349
0,1,0.2129623293876648,1.3456745147705078,-0.03826303035020828,0.2420928180217743,130,446
0,2,1.4954687356948853,5.786851406097412,-0.2423839122056961,0.2420928180217743,138,363
0,3,-0.13487614691257477,0.31614282727241516,0.6319108605384827,-0.2420928180217743,272,340
0,4,0.13487614691257477,0.6905666589736938,-0.1495838314294815,-0.2420928180217743,272,340
0,5,0.38333219289779663,0.9475111365318298,-0.014529578387737274,-0.2420928180217743,129,498
0,6,0.45431962609291077,1.122302532196045,-0.042533762753009796,-0.2420928180217743,127,473
 , , , , , , , 
0,0,0.08991742879152298,0.7135341763496399,0.015265640802681446,0.2420928180217743,292,345
0,1,0.25555479526519775,1.338186502456665,-0.040071532130241394,0.2420928180217743,191,440
0,2,0.08991742879152298,0.7052510976791382,-0.10947585105895996,-0.2420928180217743,287,351
0,3,0.38333219289779663,0.9475447535514832,-0.012141311541199684,-0.2420928180217743,124,546
0,4,0.49217960238456726,1.1013787984848022,0.11181318014860153,-0.2420928180217743,140,484
0,5,0.25555479526519775,1.3194187879562378,-0.2268984168767929,-0.2420928180217743,163,457
 , , , , , , , 
0,0,0.06743807345628738,0.7160178422927856,-0.014824890531599522,0.2420928180217743,372,347
0,1,0.25555479526519775,1.335824966430664,-0.08899616450071335,0.2420928180217743,121,516
0,2,0.08991742879152298,0.705722987651825,-0.10639142990112305,-0.2420928180217743,352,349
0,3,0.47679901123046875,1.0593756437301636,0.16691821813583374,-0.2420928180217743,172,518
 , , , , , , , 
0,0,0.08991742879152298,0.7088267207145691,-0.08323913812637329,0.2420928180217743,382,363
0,1,0.08518493175506592,1.3594210147857666,0.04873298853635788,0.2420928180217743,161,525
0,2,0.12422802299261093,3.9566574096679688,0.36388665437698364,0.2420928180217743,120,439
0,3,0.12777739763259888,4.0790791511535645,0.2523859441280365,0.2420928180217743,125,432
0,4,0.11239678412675858,0.693220317363739,-0.15576203167438507,-0.2420928180217743,374,346
 , , , , , , , 
0,0,-0.08991742879152298,0.5174837112426758,-0.4915024936199188,0.2420928180217743,362,344
0,1,0.2129623293876648,1.3453657627105713,0.04790540412068367,0.2420928180217743,165,491
0,2,0.15617236495018005,2.492607355117798,0.07943633943796158,0.2420928180217743,162,443
0,3,-0.08991742879152298,0.37307974696159363,-0.6084205508232117,-0.2420928180217743,332,350
0,4,0.2129623293876648,1.340345025062561,-0.12561574578285217,-0.2420928180217743,151,459
0,5,0.23425854742527008,2.474165678024292,-0.25964996218681335,-0.2420928180217743,142,410
 , , , , , , , 
0,0,0.07098744809627533,0.7460403442382812,-0.10833066701889038,0.2420928180217743,355,363
0,1,0.21887794137001038,1.3775583505630493,-0.12930160760879517,0.2420928180217743,126,517
0,2,0.47561585903167725,2.4486358165740967,-0.4608716070652008,0.2420928180217743,120,442
0,3,0.0,0.642781138420105,-0.032839249819517136,-0.2420928180217743,335,341
0,4,-0.13132676482200623,0.8157275915145874,1.1312096118927002,-0.2420928180217743,159,486
0,5,0.3939802944660187,1.3100248575210571,-0.30150917172431946,-0.2420928180217743,159,486
0,6,0.0,4.085500717163086,0.16612641513347626,-0.2420928180217743,147,442
 , , , , , , , 
0,0,0.08991742879152298,0.7124584913253784,0.04203550145030022,0.2420928180217743,462,357
0,1,0.26265352964401245,1.3751392364501953,-0.047944676131010056,0.2420928180217743,123,540
0,2,-0.24845603108406067,1.0037294626235962,-1.208004117012024,0.2420928180217743,135,501
0,3,0.34783846139907837,1.543190598487854,0.1613953858613968,0.2420928180217743,135,501
0,4,0.1597217470407486,1.6862125396728516,-0.18375344574451447,0.2420928180217743,124,509
0,5,1.308535099029541,5.805448055267334,-0.6060841083526611,0.2420928180217743,151,457
 , , , , , , , 
0,0,0.11831240355968475,0.7476646900177002,-0.018725363537669182,0.2420928180217743,451,377
0,1,0.26265352964401245,1.375380039215088,-0.040451016277074814,0.2420928180217743,121,544
0,2,0.2721185088157654,1.7201673984527588,-0.0013484042137861252,0.2420928180217743,149,497
0,3,1.0967559814453125,1.643956184387207,-3.3617308139801025,0.2420928180217743,147,499
0,4,-0.731170654296875,2.8138656616210938,-2.598893880844116,0.2420928180217743,147,499
0,5,-8.027496337890625,7.73936128616333,0.6334364414215088,0.2420928180217743,152,384
0,6,0.3028797507286072,2.3722004890441895,0.3899255394935608,0.4841856360435486,124,450
0,7,0.14197489619255066,0.7350883483886719,-0.11331040412187576,-0.2420928180217743,408,368
 , , , , , , , 
0,0,0.14197489619255066,0.7437593340873718,0.0040191225707530975,0.2420928180217743,506,361
0,1,0.26975229382514954,1.4064795970916748,-0.13728006184101105,0.2420928180217743,166,524
0,2,0.46141836047172546,2.417175769805908,-0.019321337342262268,0.2420928180217743,138,547
 , , , , , , , 
0,0,0.16563737392425537,0.7384449243545532,0.02478593960404396,0.2420928180217743,438,361
0,1,0.3147110044956207,1.4014743566513062,0.08138526231050491,0.2420928180217743,147,463
0,2,0.579730749130249,1.7622109651565552,-0.007944976910948753,0.2420928180217743,134,476
0,3,0.6152244806289673,2.3717708587646484,0.22851701080799103,0.2420928180217743,131,475
0,4,0.18929985165596008,0.7299015522003174,-0.06899475306272507,-0.2420928180217743,410,356
0,5,0.6152244806289673,2.3825719356536865,-0.029479265213012695,-0.2420928180217743,116,440
 , , , , , , , 
0,0,0.16563737392425537,0.7370609641075134,0.05154038593173027,0.2420928180217743,440,350
0,1,0.16563737392425537,0.7372550368309021,-0.04868495091795921,-0.2420928180217743,470,367
0,2,0.3147110044956207,1.403835415840149,0.0001735111145535484,-0.2420928180217743,158,488
0,3,0.5383214354515076,2.401064872741699,-0.033394601196050644,-0.2420928180217743,114,513
 , , , , , , , 
0,0,0.3147110044956207,1.4024498462677002,-0.06235477700829506,-0.4841856360435486,224,487
0,1,0.6211401224136353,2.7704155445098877,0.04158196225762367,-0.4841856360435486,115,522
0,2,0.16563737392425537,0.7388245463371277,-0.00731758214533329,-0.2420928180217743,529,382
0,3,0.5300395488739014,2.364257574081421,-0.02139204740524292,-0.2420928180217743,122,572
0,4,-7.329453468322754,8.41511058807373,-0.4524136781692505,-0.2420928180217743,183,385
 , , , , , , , 
0,0,0.11239678412675858,0.7092270255088806,-0.04258118197321892,-0.2420928180217743,524,354
0,1,0.21887794137001038,1.3833154439926147,-0.02870701439678669,-0.2420928180217743,191,521
0,2,0.2981472611427307,2.354724407196045,0.23548932373523712,-0.2420928180217743,119,552
 , , , , , , , 
0,0,0.08991742879152298,0.7129371762275696,0.032934289425611496,0.2420928180217743,379,349
0,1,0.2981472611427307,1.329922080039978,-0.008516606874763966,0.2420928180217743,118,420
0,2,0.11239678412675858,0.7083654999732971,-0.05508635565638542,-0.2420928180217743,401,345
0,3,0.34073972702026367,1.312476396560669,-0.1376928687095642,-0.2420928180217743,137,430
0,4,0.2425404191017151,1.5254369974136353,-0.1540232002735138,-0.2420928180217743,131,442
0,5,1.4386788606643677,5.570387363433838,-0.13318389654159546,-0.2420928180217743,130,412
 , , , , , , , 
0,0,0.08991742879152298,0.7136755585670471,0.0055914511904120445,0.2420928180217743,448,345
0,1,0.2129623293876648,1.3449290990829468,-0.05890409275889397,0.2420928180217743,241,476
0,2,0.2721185088157654,1.7167718410491943,-0.10803792625665665,0.2420928180217743,142,533
0,3,1.4954687356948853,5.770022392272949,-0.5032318830490112,0.2420928180217743,122,455
0,4,0.11239678412675858,0.7063162326812744,-0.07702972739934921,-0.2420928180217743,399,353
 , , , , , , , 
0,0,0.11831240355968475,0.7477470636367798,-0.015080714598298073,0.2420928180217743,451,382
0,1,0.043775588274002075,1.3019438982009888,-0.5150914788246155,0.2420928180217743,132,502
0,2,0.8553986549377441,0.854049563407898,9.043830871582031,0.2420928180217743,147,409
 , , , , , , , 
0,0,0.14197489619255066,0.7419247627258301,-0.05236159637570381,0.2420928180217743,526,374
0,1,0.26975229382514954,1.4022458791732788,-0.17531940340995789,0.2420928180217743,190,557
0,2,0.48271459341049194,2.524515390396118,-0.14746400713920593,0.2420928180217743,143,546
0,3,-7.6784749031066895,7.91225004196167,-1.7824087142944336,0.2420928180217743,160,396
0,4,1.0470647811889648,4.9520721435546875,-9.955917358398438,0.2420928180217743,160,396
0,5,0.35257095098495483,4.434027194976807,-10.368448257446289,0.2420928180217743,128,411
0,6,-7.403989791870117,8.382172584533691,-1.4865210056304932,0.2420928180217743,128,411
 , , , , , , , 
0,0,0.16563737392425537,0.7384660840034485,-0.02414606884121895,0.2420928180217743,287,356
0,1,-0.8873430490493774,4.534150123596191,1.0249987840652466,0.2420928180217743,122,444
0,2,-3.3222122192382812,7.456299304962158,0.49209168553352356,0.2420928180217743,232,381
0,3,0.14079175889492035,0.6264656186103821,-0.0443229041993618,-0.2420928180217743,200,359
0,4,0.18929985165596008,0.7310664057731628,-0.05530329421162605,-0.2420928180217743,274,379
0,5,-0.7394525408744812,4.649120807647705,0.4851870536804199,-0.2420928180217743,123,474
0,6,-3.066657543182373,7.571471691131592,-0.3795720934867859,-0.2420928180217743,225,418
 , , , , , , , 
0,0,0.2129623293876648,0.7257340550422668,0.036167919635772705,0.2420928180217743,358,361
0,1,1.303802728652954,1.7611517906188965,0.14256258308887482,0.2420928180217743,146,528
0,2,-3.066657543182373,7.560018062591553,0.5633739233016968,0.2420928180217743,205,379
0,3,0.2366248071193695,0.7165064215660095,-0.0630735531449318,-0.2420928180217743,403,360
0,4,1.303802728652954,1.7631767988204956,-0.11483574658632278,-0.2420928180217743,122,530
0,5,-3.066657543182373,7.5667500495910645,-0.4642789959907532,-0.2420928180217743,188,382
 , , , , , , , 
0,0,0.18929985165596008,0.7330624461174011,0.011659828945994377,0.2420928180217743,405,352
0,1,0.2129623293876648,0.722137987613678,-0.08071371167898178,-0.2420928180217743,435,368
0,2,0.4046284258365631,1.3618698120117188,-0.22667880356311798,-0.2420928180217743,119,474
0,3,1.7699536085128784,4.776678562164307,-0.7499014735221863,-0.2420928180217743,122,462
0,4,-6.631410121917725,8.89865493774414,-1.2561815977096558,-0.2420928180217743,136,370
0,5,5.58434534072876,9.657459259033203,-0.5368571281433105,-0.2420928180217743,136,370
 , , , , , , , 
0,0,0.18929985165596008,0.7316723465919495,0.04660607501864433,0.2420928180217743,365,352
0,1,0.1751023530960083,1.3879224061965942,0.07282860577106476,0.2420928180217743,122,421
0,2,0.2129623293876648,0.7255982756614685,-0.03879648447036743,-0.2420928180217743,382,363
0,3,0.21887794137001038,1.3741151094436646,-0.1618436872959137,-0.2420928180217743,164,434
0,4,0.4164596498012543,1.6099642515182495,-0.09795423597097397,-0.2420928180217743,115,451
0,5,1.7699536085128784,4.8347320556640625,-0.0661621019244194,-0.2420928180217743,143,442
0,6,2.2644994258880615,6.171719074249268,-0.4229186773300171,-0.2420928180217743,151,408
 , , , , , , , 
0,0,0.16563737392425537,0.737674355506897,-0.041854459792375565,0.2420928180217743,324,352
0,1,0.21887794137001038,1.3801857233047485,-0.09732978045940399,0.2420928180217743,136,431
0,2,0.16563737392425537,0.7212080359458923,-0.16054357588291168,-0.2420928180217743,338,355
0,3,0.21887794137001038,1.356437087059021,-0.27288129925727844,-0.2420928180217743,157,460
0,4,2.2514851093292236,5.996549129486084,-1.3681237697601318,-0.2420928180217743,120,368
 , , , , , , , 
0,0,0.15735550224781036,0.7017918825149536,-0.01328803226351738,0.2420928180217743,248,350
0,1,0.26265352964401245,1.3691519498825073,-0.13685545325279236,0.2420928180217743,124,383
0,2,0.17983485758304596,0.6893248558044434,-0.09969870001077652,-0.2420928180217743,260,341
0,3,0.3064291179180145,1.3331304788589478,-0.3019234836101532,-0.2420928180217743,142,370
 , , , , , , , 
0,0,0.14197489619255066,0.7432300448417664,-0.028340978547930717,0.2420928180217743,402,345
0,1,-3.066657543182373,7.560298919677734,0.5595866441726685,0.2420928180217743,137,363
0,2,0.16563737392425537,0.7288018465042114,-0.12150368839502335,-0.2420928180217743,386,346
0,3,-2.811102867126465,7.674323558807373,-0.2794783115386963,-0.2420928180217743,128,370
 , , , , , , , 
0,0,0.16563737392425537,0.7377468943595886,-0.04055551439523697,0.2420928180217743,409,338
0,1,-2.811102867126465,7.65230131149292,0.6446957588195801,0.2420928180217743,142,372
0,2,0.16563737392425537,0.727515697479248,-0.1289813071489334,-0.2420928180217743,371,357
0,3,-2.5555479526519775,7.755781650543213,-0.43894508481025696,-0.2420928180217743,139,368
 , , , , , , , 
0,0,0.14197489619255066,0.7437520027160645,0.005203841254115105,0.2420928180217743,283,358
0,1,-2.5673792362213135,7.787843704223633,0.5043363571166992,0.2420928180217743,195,383
0,2,0.16563737392425537,0.7353992462158203,-0.0714363306760788,-0.2420928180217743,266,350
0,3,-2.5673792362213135,7.788233757019043,-0.49827882647514343,-0.2420928180217743,197,368
 , , , , , , , 
0,0,0.08045243471860886,0.6375774145126343,0.03561592102050781,0.2420928180217743,144,362
0,1,0.16563737392425537,0.7359398603439331,-0.0656341016292572,0.2420928180217743,245,360
0,2,-2.5673792362213135,7.764624118804932,0.7845222353935242,0.2420928180217743,134,368
0,3,0.18929985165596008,0.730057954788208,-0.06731975823640823,-0.2420928180217743,205,348
0,4,-2.5673792362213135,7.784228801727295,-0.5573580861091614,-0.2420928180217743,133,360
 , , , , , , , 
0,0,0.16563737392425537,0.7384222149848938,-0.025452643632888794,0.2420928180217743,309,343
0,1,0.18929985165596008,0.7224266529083252,-0.12496528774499893,-0.2420928180217743,297,352
 , , , , , , , 
0,0,0.18929985165596008,0.70351243019104,-0.20636560022830963,0.2420928180217743,301,356
0,1,-0.06270557641983032,1.9858388900756836,0.2808361351490021,0.2420928180217743,140,512
0,2,-0.4436715245246887,4.702083110809326,0.3001537621021271,0.2420928180217743,127,461
0,3,-2.310641288757324,7.879540920257568,0.26471376419067383,0.2420928180217743,228,415
0,4,0.18929985165596008,0.6682872176170349,-0.3015108108520508,-0.2420928180217743,281,356
0,5,-0.06270557641983032,2.0055763721466064,0.009418890811502934,-0.2420928180217743,137,490
0,6,-0.2957810163497925,4.7137298583984375,-0.2996412515640259,-0.2420928180217743,126,436
0,7,-2.310641288757324,7.844438076019287,-0.7886886596679688,-0.2420928180217743,226,386
 , , , , , , , 
0,0,0.06152245029807091,1.960947036743164,0.1635666936635971,0.0,117,510
0,1,-0.2957810163497925,4.719983100891113,-0.1754777729511261,0.0,122,429
0,2,0.2129623293876648,0.7173347473144531,-0.11588305234909058,0.2420928180217743,395,342
0,3,0.2129623293876648,0.6853876113891602,-0.241333469748497,-0.2420928180217743,365,350
0,4,-2.053903341293335,7.930463790893555,-0.6209071278572083,-0.2420928180217743,209,383
 , , , , , , , 
0,0,0.16563737392425537,0.7352783679962158,-0.0726703405380249,0.2420928180217743,358,354
0,1,0.7240719199180603,2.433896541595459,-0.42403316497802734,0.2420928180217743,126,393
0,2,0.18929985165596008,0.7137638330459595,-0.16750437021255493,-0.2420928180217743,361,342
 , , , , , , , 
0,0,0.18929985165596008,0.7301309108734131,-0.06652343273162842,0.2420928180217743,382,340
0,1,0.22479356825351715,1.4073187112808228,0.19677035510540009,0.2420928180217743,115,426
0,2,0.18929985165596008,0.7150242328643799,-0.16203992068767548,-0.2420928180217743,366,348
 , , , , , , , 
0,0,0.16563737392425537,0.7343444228172302,-0.08156905323266983,0.2420928180217743,346,334
0,1,0.3147110044956207,1.4026669263839722,-0.05726424232125282,0.2420928180217743,129,393
0,2,0.18929985165596008,0.713739275932312,-0.16760890185832977,-0.2420928180217743,336,339
0,3,0.3147110044956207,1.3709816932678223,-0.30193203687667847,-0.2420928180217743,120,390
 , , , , , , , 
0,0,0.16563737392425537,0.7341423034667969,-0.08336840569972992,0.2420928180217743,316,355
0,1,0.3147110044956207,1.3956884145736694,-0.15102171897888184,0.2420928180217743,132,398
0,2,0.18929985165596008,0.711798906326294,-0.17566686868667603,-0.2420928180217743,313,353
0,3,0.3596697151660919,1.3614425659179688,-0.2948027551174164,-0.2420928180217743,137,378
 , , , , , , , 
0,0,0.18929985165596008,0.7284250855445862,-0.08314695954322815,0.2420928180217743,352,341
0,1,0.3596697151660919,1.3843955993652344,-0.15454183518886566,0.2420928180217743,170,394
0,2,0.18929985165596008,0.7103580832481384,-0.18140541017055511,-0.2420928180217743,334,352
0,3,0.4046284258365631,1.340214729309082,-0.33150720596313477,-0.2420928180217743,146,399
 , , , , , , , 
0,0,0.18929985165596008,0.7278435826301575,-0.0880926251411438,0.2420928180217743,338,347
0,1,0.4046284258365631,1.358762502670288,-0.24461647868156433,0.2420928180217743,190,385
0,2,-2.053903341293335,7.951258659362793,0.23510131239891052,0.2420928180217743,114,365
0,3,0.2129623293876648,0.7030330896377563,-0.18369139730930328,-0.2420928180217743,315,360
0,4,0.4495871365070343,1.2827777862548828,-0.4713272750377655,-0.2420928180217743,151,400
 , , , , , , , 
0,0,0.2366248071193695,0.7105564475059509,-0.11166554689407349,0.2420928180217743,259,355
0,1,0.4046284258365631,1.3651621341705322,-0.20592443645000458,0.2420928180217743,132,434
0,2,1.3996357917785645,3.133127450942993,-0.3071308135986328,0.2420928180217743,121,428
0,3,2.4455173015594482,5.435966491699219,-0.8407862186431885,0.2420928180217743,135,388
0,4,0.2366248071193695,0.6846411824226379,-0.22051331400871277,-0.2420928180217743,265,347
0,5,0.4495871365070343,1.3086518049240112,-0.3938256502151489,-0.2420928180217743,145,407
 , , , , , , , 
0,0,0.2366248071193695,0.7132940292358398,-0.0925813540816307,0.2420928180217743,307,337
0,1,0.4945458471775055,1.3351598978042603,-0.20632335543632507,0.2420928180217743,139,416
0,2,0.4578689932823181,1.561903953552246,0.033563293516635895,0.2420928180217743,116,395
0,3,1.5238637924194336,3.1013271808624268,-0.4378506541252136,0.2420928180217743,123,437
0,4,0.2602872848510742,0.6878040432929993,-0.18035279214382172,-0.2420928180217743,272,362
0,5,0.4945458471775055,1.2905534505844116,-0.39961597323417664,-0.2420928180217743,124,413
 , , , , , , , 
0,0,0.2366248071193695,0.7182337641716003,-0.03872868791222572,0.2420928180217743,257,352
0,1,0.4945458471775055,1.3261866569519043,-0.25777921080589294,0.2420928180217743,132,408
0,2,1.5073000192642212,3.074730396270752,-0.3793098032474518,0.2420928180217743,132,418
0,3,0.2602872848510742,0.6993933916091919,-0.12825925648212433,-0.2420928180217743,254,353
0,4,0.4945458471775055,1.2650384902954102,-0.47423481941223145,-0.2420928180217743,130,388
0,5,1.5238637924194336,3.022028684616089,-0.8229742050170898,-0.2420928180217743,115,389
 , , , , , , , 
0,0,0.2366248071193695,0.7178587317466736,-0.045149654150009155,0.2420928180217743,185,364
0,1,0.4495871365070343,1.3459843397140503,-0.23663079738616943,0.2420928180217743,175,427
0,2,0.8849768042564392,2.413264036178589,-0.14459849894046783,0.2420928180217743,121,408
0,3,0.2366248071193695,0.6986985206604004,-0.1708216518163681,-0.2420928180217743,192,348
0,4,0.4945458471775055,1.2854770421981812,-0.41565611958503723,-0.2420928180217743,175,404
0,5,0.8849768042564392,2.362670660018921,-0.5123858451843262,-0.2420928180217743,127,400
 , , , , , , , 
0,0,0.2602872848510742,0.7110092639923096,-0.008205554448068142,0.2420928180217743,302,345
0,1,0.4945458471775055,1.3421272039413452,-0.15464676916599274,0.2420928180217743,139,414
0,2,0.2839497923851013,0.6948981881141663,-0.09919677674770355,-0.2420928180217743,281,362
0,3,0.0,0.34399789571762085,0.6745490431785583,-0.2420928180217743,281,362
0,4,0.5395045876502991,1.2947072982788086,-0.3201007843017578,-0.2420928180217743,125,405
 , , , , , , , 
0,0,0.2602872848510742,0.7110494375228882,0.0032005012035369873,0.2420928180217743,288,360
0,1,0.4945458471775055,1.3328807353973389,-0.22056753933429718,0.2420928180217743,166,392
0,2,0.7240719199180603,2.470371723175049,0.03033195249736309,0.2420928180217743,146,389
0,3,0.2839497923851013,0.6961044669151306,-0.09034404158592224,-0.2420928180217743,289,351
0,4,0.0,0.3626471161842346,0.6647089719772339,-0.2420928180217743,289,351
0,5,0.4945458471775055,1.283998727798462,-0.4202004671096802,-0.2420928180217743,183,403
0,6,0.8849768042564392,2.4054505825042725,-0.2419920712709427,-0.2420928180217743,129,381
 , , , , , , , 
0,0,0.2839497923851013,0.7018001079559326,-0.014142893254756927,0.2420928180217743,192,355
0,1,0.0,0.12614749372005463,-0.7466175556182861,0.2420928180217743,192,355
0,2,0.8045243620872498,2.442246913909912,-0.12691457569599152,0.2420928180217743,134,349
0,3,0.02366248145699501,0.3287024199962616,0.6817226409912109,-0.2420928180217743,191,356
0,4,0.2839497923851013,0.687624454498291,-0.14105340838432312,-0.2420928180217743,191,356
0,5,0.8849768042564392,2.3876540660858154,-0.3792887032032013,-0.2420928180217743,139,350
 , , , , , , , 
0,0,0.2602872848510742,0.7099795937538147,0.039121270179748535,0.2420928180217743,163,354
0,1,0.4945458471775055,1.3269826173782349,-0.25364983081817627,0.2420928180217743,181,384
0,2,0.8045243620872498,2.4455223083496094,-0.009898362681269646,0.2420928180217743,123,373
0,3,0.29223164916038513,0.6531438231468201,-0.07384442538022995,-0.2420928180217743,132,357
0,4,0.4945458471775055,1.280487060546875,-0.43078312277793884,-0.2420928180217743,171,380
0,5,0.8045243620872498,2.426856279373169,-0.30173739790916443,-0.2420928180217743,131,363
 , , , , , , , 
0,0,0.2839497923851013,0.7017909288406372,-0.014594499953091145,0.2420928180217743,314,353
0,1,0.2839497923851013,0.6925905346870422,-0.11420086026191711,-0.2420928180217743,320,338
 , , , , , , , 
0,0,0.17036986351013184,0.6598250269889832,-0.0043925633653998375,0.2420928180217743,199,349
0,1,0.2733016312122345,0.7440053820610046,-0.06230167672038078,0.2420928180217743,186,357
0,2,0.4945458471775055,1.3360081911087036,-0.20075665414333344,0.2420928180217743,165,401
0,3,0.8849768042564392,2.4168903827667236,-0.058248370885849,0.2420928180217743,163,396
0,4,0.17036986351013184,0.6559608578681946,-0.07144040614366531,-0.2420928180217743,172,356
0,5,0.2733016312122345,0.7132129669189453,-0.22080035507678986,-0.2420928180217743,195,358
0,6,0.4945458471775055,1.2924063205718994,-0.39358246326446533,-0.2420928180217743,188,398
0,7,0.8849768042564392,2.370112657546997,-0.476779580116272,-0.2420928180217743,138,394
 , , , , , , , 
0,0,0.2129623293876648,0.7258188128471375,-0.0344252772629261,0.2420928180217743,224,359
0,1,0.2366248071193695,0.704286515712738,-0.14608286321163177,-0.2420928180217743,235,351
0,2,0.4945458471775055,1.2898129224777222,-0.4019996225833893,-0.2420928180217743,141,376
 , , , , , , , 
0,0,0.2366248071193695,0.7096607089042664,-0.11722325533628464,0.2420928180217743,257,349
0,1,0.8045243620872498,2.445526361465454,-0.008789429441094398,0.2420928180217743,122,373
0,2,0.2366248071193695,0.6884081959724426,-0.20845580101013184,-0.2420928180217743,259,346
0,3,0.8045243620872498,2.413196086883545,-0.3964349925518036,-0.2420928180217743,138,381
0,4,-0.3655853271484375,1.3619368076324463,3.635680913925171,-0.2420928180217743,122,375
 , , , , , , , 
0,0,0.2602872848510742,0.7110164165496826,0.007562638726085424,0.2420928180217743,317,345
0,1,0.4495871365070343,1.3492003679275513,-0.21754631400108337,0.2420928180217743,166,411
0,2,0.7240719199180603,2.468266725540161,0.10637614130973816,0.2420928180217743,129,399
0,3,0.2839497923851013,0.6962156891822815,-0.08948278427124023,-0.2420928180217743,314,355
0,4,0.0,0.358719140291214,0.6668369770050049,-0.2420928180217743,314,355
0,5,0.4495871365070343,1.3098970651626587,-0.3896636366844177,-0.2420928180217743,135,423
0,6,0.8045243620872498,2.435152292251587,-0.2251879721879959,-0.2420928180217743,170,406
 , , , , , , , 
0,0,0.24845603108406067,0.7404128909111023,-0.14892153441905975,0.2420928180217743,339,360
0,1,0.8849768042564392,2.3667030334472656,-0.4934256374835968,0.2420928180217743,114,437
0,2,0.2366248071193695,0.68462073802948,-0.22057674825191498,-0.2420928180217743,320,349
0,3,0.8045243620872498,2.4288434982299805,-0.28530028462409973,-0.2420928180217743,116,431
 , , , , , , , 
0,0,0.2602872848510742,0.710850715637207,-0.017110640183091164,0.2420928180217743,474,347
0,1,-1.1121366024017334,0.45749008655548096,-8.815447807312012,0.2420928180217743,167,403
0,2,0.4046284258365631,1.3805437088012695,-0.013097175396978855,0.4841856360435486,150,467
0,3,0.8329192996025085,2.937636137008667,-1.3328965902328491,-0.2420928180217743,134,449
0,4,-1.7971653938293457,7.9866042137146,-0.6932843923568726,-0.2420928180217743,141,364
 , , , , , , , 
0,0,0.2733016312122345,0.7461264729499817,-0.026847543194890022,0.2420928180217743,525,385
0,1,-0.8341024518013,7.156306266784668,-5.220135688781738,0.2420928180217743,174,420
0,2,0.5205745697021484,1.4193623065948486,-0.0884130522608757,0.4841856360435486,181,488
0,3,0.667281985282898,1.6272162199020386,-0.27061519026756287,-0.4841856360435486,145,483
0,4,2.0822982788085938,5.506868362426758,-1.4257980585098267,-0.2420928180217743,128,420
0,5,-1.7971653938293457,8.002755165100098,-0.4715959131717682,-0.2420928180217743,140,373
 , , , , , , , 
0,0,0.34783846139907837,0.713991105556488,0.036666836589574814,0.2420928180217743,442,374
0,1,0.6625494956970215,1.3563491106033325,0.12144527584314346,0.2420928180217743,120,485
0,2,1.159461498260498,2.3830394744873047,-0.017901357263326645,0.2420928180217743,129,449
0,3,-0.7702137231826782,8.17750072479248,-0.1776207685470581,0.2420928180217743,175,388
0,4,0.34783846139907837,0.7123376727104187,-0.06085040047764778,-0.2420928180217743,422,358
0,5,-0.5134758353233337,8.15621280670166,-0.8419234752655029,-0.2420928180217743,178,379
 , , , , , , , 
0,0,1.035233497619629,4.616591453552246,0.10905897617340088,0.2420928180217743,115,442
0,1,0.25673791766166687,8.20492172241211,-0.3311275839805603,0.2420928180217743,222,389
0,2,0.7571994066238403,1.3099137544631958,-0.0646439641714096,-0.4841856360435486,180,487
0,3,0.397529661655426,0.6879127025604248,-0.029421033337712288,-0.2420928180217743,532,381
0,4,0.25673791766166687,8.167930603027344,-0.8457487225532532,-0.2420928180217743,214,407
0,5,-4.667424201965332,8.79294490814209,-0.21100161969661713,-0.2420928180217743,113,423
 , , , , , , , 
0,0,1.0269516706466675,8.135149955749512,-0.5108854174613953,0.0,224,381
0,1,1.5380611419677734,1.8441182374954224,-0.5381582975387573,0.4841856360435486,186,456
0,2,0.473249614238739,0.5820373892784119,-0.1030447706580162,-0.2420928180217743,544,345
 , , , , , , , 
0,0,1.7971653938293457,7.997745990753174,-0.5500487089157104,0.0,225,382
0,1,0.5714488625526428,0.5335460305213928,-0.14454804360866547,0.2420928180217743,437,365
0,2,1.0612622499465942,0.9718429446220398,-0.3307724595069885,0.4841856360435486,149,472
0,3,0.7205225825309753,0.8060051202774048,-0.1915026754140854,-0.7262784242630005,158,421
 , , , , , , , 
0,0,2.310641288757324,7.881545543670654,-0.19616103172302246,0.2420928180217743,212,399
0,1,0.5962945222854614,0.4512387216091156,-0.27006620168685913,-0.2420928180217743,343,354
0,2,1.1689265966415405,1.5840986967086792,0.009704881347715855,-0.2420928180217743,116,512
0,3,2.5673792362213135,7.773828983306885,-0.6873502731323242,-0.2420928180217743,219,401
 , , , , , , , 
0,0,0.7276212573051453,1.340749979019165,-0.2871653735637665,0.2420928180217743,128,463
0,1,3.337592840194702,7.5060505867004395,-0.1263999193906784,0.2420928180217743,206,435
0,2,-7.03958797454834,10.954161643981934,2.457488536834717,0.2420928180217743,124,385
0,3,0.6388869881629944,0.4038465619087219,-0.04563276097178459,0.4841856360435486,414,360
0,4,2.172215700149536,1.3648344278335571,-0.21596825122833252,0.7262784242630005,182,414
0,5,1.1180521249771118,0.6339421272277832,-0.3224342465400696,-0.4841856360435486,122,464
0,6,0.6708313226699829,0.3661133944988251,-0.2192387729883194,-0.2420928180217743,373,354
0,7,3.5943307876586914,7.351130962371826,-0.7334590554237366,-0.2420928180217743,206,415
 , , , , , , , 
0,0,0.6625494956970215,0.3601355254650116,-0.06842174381017685,0.2420928180217743,408,364
0,1,3.8510687351226807,7.256366729736328,-0.10350538045167923,0.2420928180217743,188,413
0,2,-6.211400985717773,11.322922706604004,2.9662482738494873,0.2420928180217743,120,365
0,3,0.6625494956970215,0.329603374004364,-0.16043917834758759,-0.2420928180217743,383,360
0,4,3.8510687351226807,7.223978519439697,-0.6926049590110779,-0.2420928180217743,204,385
 , , , , , , , 
0,0,4.36454439163208,6.941186428070068,-0.5167028903961182,0.0,190,378
0,1,0.6862119436264038,0.2997409999370575,-0.11233639717102051,-0.2420928180217743,375,368
0,2,0.7205225229263306,0.3140043318271637,-0.11986612528562546,-0.2420928180217743,370,373
0,3,1.303802728652954,0.5277223587036133,-0.30233150720596313,-0.2420928180217743,134,474
 , , , , , , , 
0,0,4.878020286560059,6.609534740447998,-0.12357784807682037,0.2420928180217743,173,378
0,1,2.4135730266571045,0.8667412400245667,-0.22663062810897827,-0.4841856360435486,193,445
0,2,0.7098744511604309,0.24608542025089264,-0.09418695420026779,-0.2420928180217743,369,415
0,3,4.878020286560059,6.523497581481934,-1.0701372623443604,-0.2420928180217743,178,381
 , , , , , , , 
0,0,0.7702137231826782,0.1657387912273407,-0.10686802119016647,0.2420928180217743,284,432
0,1,-0.9902748465538025,0.25118738412857056,-0.03453432023525238,0.2420928180217743,129,437
0,2,-1.9557039737701416,0.8466745018959045,0.33971503376960754,0.2420928180217743,120,436
0,3,-0.38451531529426575,0.29264289140701294,-0.0935353934764862,-0.2420928180217743,168,350
0,4,-0.9228367805480957,0.32779237627983093,-0.09943583607673645,-0.2420928180217743,126,447
 , , , , , , , 
0,0,0.7702137231826782,0.18792153894901276,-0.05979648604989052,0.2420928180217743,297,417
0,1,1.3937201499938965,0.31033530831336975,-0.17616158723831177,0.2420928180217743,151,408
0,2,-0.36913469433784485,0.3206664025783539,-0.05615510046482086,-0.2420928180217743,147,355
 , , , , , , , 
0,0,0.7335368990898132,0.13603171706199646,-0.12949879467487335,-0.2420928180217743,308,426
0,1,1.7238117456436157,0.31340765953063965,-0.310772180557251,-0.2420928180217743,118,412
 , , , , , , , 
0,0,0.7335368990898132,0.11177735775709152,-0.1509317308664322,0.2420928180217743,351,377
0,1,1.100305438041687,0.36991173028945923,-0.1731153130531311,0.2420928180217743,153,426
0,2,0.7335368990898132,0.18395330011844635,-0.03789125755429268,-0.4841856360435486,370,359
0,3,1.3570432662963867,0.12095646560192108,-0.3257245421409607,-0.4841856360435486,121,426
 , , , , , , , 
0,0,-0.9535979628562927,0.22769886255264282,-0.08813154697418213,0.2420928180217743,148,395
 , , , , , , , 
0,0,0.7702137231826782,0.17711594700813293,-0.08671830594539642,0.2420928180217743,222,355
 , , , , , , , 
0,0,1.760488510131836,0.4398947060108185,-0.09835729748010635,-0.4841856360435486,117,428
0,1,2.4135730266571045,0.873309850692749,-0.19982920587062836,-0.4841856360435486,150,450
0,2,0.7335368990898132,0.16286352276802063,-0.09354165196418762,-0.2420928180217743,391,370
 , , , , , , , 
0,0,0.7205225229263306,0.2754947245121002,-0.19253380596637726,0.2420928180217743,415,391
0,1,4.621282577514648,6.7871270179748535,-0.27377909421920776,0.2420928180217743,132,385
0,2,4.36454439163208,6.816580772399902,-1.4075788259506226,-0.2420928180217743,144,361
 , , , , , , , 
0,0,0.6956769227981567,0.34682053327560425,-0.1669384092092514,0.2420928180217743,253,375
0,1,1.7036986351013184,0.2773938775062561,-0.5682998895645142,0.2420928180217743,127,386
0,2,0.7205225229263306,0.2054087221622467,-0.2660335600376129,-0.2420928180217743,233,360
 , , , , , , , 
0,0,1.0943896770477295,0.7791848182678223,-0.3968319892883301,0.2420928180217743,135,390
0,1,0.7205225229263306,0.2620851993560791,-0.21042324602603912,-0.2420928180217743,415,361
 , , , , , , , 
0,0,0.7205225229263306,0.25278279185295105,-0.22151175141334534,-0.2420928180217743,360,357
0,1,1.0269516706466675,0.4892074763774872,-0.2890017032623291,-0.2420928180217743,188,434
 , , , , , , , 
0,0,0.6862119436264038,0.31546834111213684,-0.05425741896033287,0.2420928180217743,242,390
0,1,4.10780668258667,7.111970901489258,0.2051699310541153,0.2420928180217743,153,358
0,2,0.6862119436264038,0.29470786452293396,-0.12494563311338425,-0.2420928180217743,298,366
0,3,4.36454439163208,6.898355007171631,-0.9272265434265137,-0.2420928180217743,134,366
 , , , , , , , 
0,0,0.7205225229263306,0.29651063680648804,-0.15826570987701416,0.2420928180217743,301,415
0,1,1.093206524848938,0.4979625642299652,-0.34333714842796326,0.2420928180217743,132,449
0,2,2.367431163787842,1.007529616355896,-0.45217573642730713,0.2420928180217743,113,422
0,3,0.7205225229263306,0.21957604587078094,-0.2544660270214081,-0.2420928180217743,293,364
 , , , , , , , 
0,0,-0.41527652740478516,0.25442272424697876,0.07110019028186798,0.2420928180217743,139,348
0,1,0.7205225229263306,0.2942715883255005,-0.16239094734191895,0.2420928180217743,286,417
0,2,0.7205225229263306,0.20811805129051208,-0.2639194428920746,-0.2420928180217743,302,360
 , , , , , , , 
0,0,-0.39989593625068665,0.2689037621021271,-0.10007384419441223,0.2420928180217743,203,356
0,1,0.7205225229263306,0.3033617436885834,-0.1447005420923233,0.2420928180217743,230,398
0,2,0.7453681230545044,0.13459119200706482,-0.24172477424144745,-0.2420928180217743,276,373
 , , , , , , , 
0,0,-0.4353896379470825,0.30316558480262756,-0.2923543453216553,0.2420928180217743,165,429
0,1,0.7205225229263306,0.304762601852417,-0.1417263001203537,0.2420928180217743,145,458
0,2,0.7453681230545044,0.14409568905830383,-0.2361823171377182,-0.2420928180217743,234,382
 , , , , , , , 
0,0,0.7205225229263306,0.2968839704990387,-0.15756425261497498,0.2420928180217743,140,497
0,1,-0.40817779302597046,0.356899619102478,-0.1688888520002365,0.4841856360435486,206,393
0,2,0.7453681230545044,0.12805038690567017,-0.24525243043899536,-0.2420928180217743,226,395
 , , , , , , , 
0,0,-0.4117271602153778,0.18889757990837097,-0.03470982238650322,0.2420928180217743,353,348
0,1,0.7205225229263306,0.2973833680152893,-0.15661969780921936,0.2420928180217743,157,541
0,2,-0.397529661655426,0.449878990650177,-0.08076900988817215,0.7262784242630005,271,380
0,3,0.7453681230545044,0.10748212784528732,-0.2549377381801605,-0.2420928180217743,267,395
 , , , , , , , 
0,0,-0.44603776931762695,0.20144429802894592,-0.05206974223256111,0.2420928180217743,358,346
0,1,-0.6968600749969482,0.37932687997817993,0.8648542165756226,0.2420928180217743,114,465
0,2,0.7453681230545044,0.1257106363773346,-0.24645991623401642,-0.2420928180217743,129,385
 , , , , , , , 
0,0,-0.41409340500831604,0.3197086751461029,-0.0851760059595108,0.2420928180217743,265,337
0,1,0.7205225229263306,0.30442115664482117,-0.14245827496051788,0.2420928180217743,181,455
0,2,1.7746860980987549,3.1852691173553467,-1.0189813375473022,0.2420928180217743,186,438
0,3,1.8551384210586548,3.679032564163208,-1.0017304420471191,0.2420928180217743,159,437
0,4,-0.4046284258365631,0.5335423946380615,-0.12658026814460754,0.4841856360435486,218,400
0,5,-0.41527652740478516,0.22763732075691223,-0.13404257595539093,-0.2420928180217743,210,350
0,6,0.7453681230545044,0.1404321789741516,-0.23837880790233612,-0.2420928180217743,259,394
 , , , , , , , 
0,0,-0.397529661655426,0.3286270797252655,0.12213253229856491,0.2420928180217743,238,344
0,1,-0.38333219289779663,0.16775768995285034,-0.17697489261627197,0.4841856360435486,215,360
0,2,-0.3419228494167328,0.5420411229133606,-0.05938168615102768,0.4841856360435486,126,422
0,3,0.7453681230545044,0.1121063157916069,-0.2529383897781372,-0.2420928180217743,114,403
0,4,1.313267707824707,0.48349758982658386,-0.06205955892801285,-0.2420928180217743,162,393
0,5,1.987648367881775,0.9289388656616211,0.5886294841766357,-0.2420928180217743,129,464
0,6,-1.7178959846496582,1.79375159740448,-0.27400583028793335,-0.2420928180217743,120,458
0,7,2.626535415649414,7.956620693206787,-0.6603460311889648,-0.2420928180217743,127,412
 , , , , , , , 
0,0,-0.380965918302536,0.3489435613155365,-0.11851287633180618,0.2420928180217743,344,358
0,1,0.7205225229263306,0.30246296525001526,-0.14656995236873627,0.2420928180217743,143,490
0,2,-0.3596697151660919,0.6037793755531311,-0.1534188985824585,0.7262784242630005,203,388
0,3,0.7453681230545044,0.13149692118167877,-0.24342188239097595,-0.2420928180217743,175,442
0,4,4.465109825134277,6.844984531402588,1.9625346660614014,-0.2420928180217743,165,427
 , , , , , , , 
0,0,-0.30761224031448364,0.3842056691646576,-0.001217569224536419,0.4841856360435486,353,359
0,1,-0.39043092727661133,0.7290056347846985,-0.09934280812740326,0.7262784242630005,114,435
0,2,-1.9876484870910645,2.284766674041748,0.05205630511045456,1.452556848526001,147,402
0,3,0.7205225229263306,0.2095842957496643,-0.2627565860748291,-0.2420928180217743,121,459
0,4,-0.7453681230545044,1.0933291912078857,-0.07031771540641785,-0.2420928180217743,213,435
0,5,4.424883842468262,7.051926612854004,-0.25727179646492004,-0.2420928180217743,129,437
 , , , , , , , 
0,0,-0.6459857225418091,0.461759090423584,-0.040003903210163116,0.2420928180217743,130,426
0,1,-0.23189230263233185,0.4756107032299042,-0.031021682545542717,0.7262784242630005,403,353
0,2,-1.1192353963851929,1.1820729970932007,-0.018167298287153244,0.9683712720870972,121,476
0,3,0.7453681230545044,0.12429793924093246,-0.247175395488739,-0.2420928180217743,143,405
0,4,-3.109250068664551,7.6695027351379395,-0.5074436664581299,-0.2420928180217743,164,402
 , , , , , , , 
0,0,-0.3147110044956207,0.6393424868583679,0.09822113066911697,0.7262784242630005,395,376
0,1,-0.18929985165596008,0.5753008723258972,0.011790758930146694,0.9683712720870972,359,359
0,2,-1.1665602922439575,1.8556773662567139,0.1322104036808014,1.452556848526001,117,444
0,3,-1.987648367881775,4.068653106689453,0.36870861053466797,1.452556848526001,138,398
 , , , , , , , 
0,0,-0.2733016312122345,0.7465565204620361,-0.00888004433363676,0.0,267,333
0,1,-0.2886822521686554,2.275479555130005,-0.2691681385040283,0.2420928180217743,127,514
0,2,-0.2602872848510742,0.710867166519165,0.01641426980495453,0.7262784242630005,361,351
0,3,-0.5205745697021484,1.52492356300354,-0.42264434695243835,0.7262784242630005,127,481
0,4,-0.6388869881629944,3.3463895320892334,0.06210126727819443,0.9683712720870972,129,443
0,5,-0.9855422973632812,1.5486396551132202,0.26825395226478577,1.2104641199111938,131,460
0,6,-1.4161994457244873,1.5915100574493408,-0.3442628085613251,-0.2420928180217743,138,434
 , , , , , , , 
0,0,-0.6743806600570679,0.9111623764038086,0.0709468200802803,0.2420928180217743,160,534
0,1,-0.46141839027404785,0.8639701008796692,0.09803979098796844,0.4841856360435486,184,453
0,2,-0.24490666389465332,0.8268329501152039,0.1209322139620781,0.7262784242630005,345,359
0,3,-0.8613142967224121,1.7512754201889038,0.2588902413845062,0.9683712720870972,130,472
0,4,-1.0766428709030151,2.2060091495513916,0.17430447041988373,1.2104641199111938,124,458
 , , , , , , , 
0,0,-0.6235063672065735,0.9933965802192688,0.043343327939510345,0.2420928180217743,144,600
0,1,-0.25555479526519775,0.868043839931488,0.08256477117538452,0.4841856360435486,417,371
0,2,-0.9050898551940918,1.7047827243804932,0.052365742623806,0.9683712720870972,142,435
0,3,-0.7666643857955933,1.8695114850997925,0.3112560510635376,0.9683712720870972,151,461
0,4,0.7453681230545044,0.11008621007204056,-0.2538241147994995,-0.2420928180217743,271,352
 , , , , , , , 
0,0,0.7205225229263306,0.29813218116760254,-0.15518958866596222,0.2420928180217743,298,331
0,1,-0.24608980119228363,0.946601152420044,0.1111266165971756,0.4841856360435486,351,402
0,2,-0.6436194777488708,1.0258939266204834,0.03277363255620003,0.4841856360435486,129,587
0,3,0.7453681230545044,0.11582044512033463,-0.25125938653945923,-0.2420928180217743,262,352
 , , , , , , , 
0,0,-0.22361044585704803,0.9868061542510986,-0.1454099714756012,0.0,272,376
0,1,0.7205225229263306,0.3021279573440552,-0.14725928008556366,0.2420928180217743,259,350
0,2,-0.25555479526519775,0.9888781309127808,0.041758231818675995,0.7262784242630005,398,380
0,3,-0.6033932566642761,1.136489987373352,0.03593487665057182,0.7262784242630005,180,542
0,4,-1.2564777135849,1.5266501903533936,-1.0393215417861938,0.9683712720870972,119,466
0,5,0.7205225229263306,0.22432762384414673,-0.250287264585495,-0.2420928180217743,246,350
 , , , , , , , 
0,0,0.7205225229263306,0.29643547534942627,-0.15840645134449005,0.2420928180217743,226,347
0,1,0.8163555860519409,0.6142066717147827,1.4104396104812622,0.2420928180217743,133,495
0,2,-0.12304490059614182,0.9752092361450195,0.052820391952991486,0.4841856360435486,235,396
0,3,-0.274484783411026,1.0581040382385254,0.1026848703622818,0.7262784242630005,393,373
0,4,-0.5962945222854614,1.2139215469360352,0.16877223551273346,0.9683712720870972,231,460
0,5,0.7453681230545044,0.11591188609600067,-0.25121721625328064,-0.2420928180217743,210,355
 , , , , , , , 
0,0,0.7205225229263306,0.30042922496795654,-0.15069462358951569,0.2420928180217743,236,353
0,1,-0.5111095905303955,1.6842074394226074,-0.45245295763015747,0.4841856360435486,125,516
0,2,0.9654291868209839,1.064302682876587,1.1125229597091675,0.4841856360435486,125,516
0,3,-0.24017418920993805,1.0683176517486572,-0.08052399009466171,0.7262784242630005,348,360
0,4,-0.2650197744369507,1.1804978847503662,0.06298799067735672,0.7262784242630005,324,420
0,5,-0.5537020564079285,1.2442598342895508,-0.05374373868107796,0.9683712720870972,158,508
0,6,-0.5998438596725464,1.349131464958191,0.014090112410485744,1.2104641199111938,333,406
0,7,-0.840018093585968,2.545820951461792,0.1970285326242447,1.2104641199111938,127,450
0,8,0.7453681230545044,0.12939144670963287,-0.24454756081104279,-0.2420928180217743,234,344
 , , , , , , , 
0,0,-0.3028797507286072,1.160932183265686,-0.16816237568855286,0.7262784242630005,407,365
0,1,-0.5962945222854614,1.4735877513885498,0.03806820884346962,1.2104641199111938,304,434
 , , , , , , , 
0,0,2.0124940872192383,1.2636406421661377,-0.20531602203845978,0.2420928180217743,149,535
0,1,-0.2815835177898407,1.2483638525009155,-0.13886120915412903,0.4841856360435486,337,376
0,2,-0.5395045876502991,1.3254363536834717,-0.14815589785575867,0.7262784242630005,143,502
0,3,-0.9299354553222656,4.792596817016602,-0.8743124604225159,0.9683712720870972,158,379
 , , , , , , , 
0,0,-0.198764830827713,1.4997835159301758,0.48950913548469543,0.2420928180217743,116,578
0,1,-0.44722089171409607,2.316887378692627,0.347995400428772,0.2420928180217743,119,548
0,2,-0.3123447299003601,1.2094403505325317,0.025344939902424812,0.4841856360435486,309,364
0,3,-0.25555479526519775,1.3316795825958252,-0.13776180148124695,0.4841856360435486,342,389
0,4,2.5307021141052246,2.4447543621063232,-0.12649834156036377,-0.2420928180217743,146,424
 , , , , , , , 
0,0,0.7205225229263306,0.3115457594394684,-0.12611837685108185,0.2420928180217743,148,346
0,1,-0.25555479526519775,1.323218822479248,-0.20357008278369904,0.4841856360435486,358,368
0,2,0.7205225229263306,0.22292594611644745,-0.2515365183353424,-0.2420928180217743,147,344
0,3,2.503490447998047,2.4137589931488037,-0.19597798585891724,-0.2420928180217743,218,414
 , , , , , , , 
0,0,1.15354585647583,0.11186650395393372,2.1709067821502686,0.2420928180217743,116,520
0,1,1.9994795322418213,1.3569750785827637,-0.4655304253101349,0.2420928180217743,116,520
0,2,-0.33127471804618835,1.2819833755493164,0.05160241574048996,0.4841856360435486,338,360
0,3,-0.26975229382514954,1.4127930402755737,-0.03234469145536423,0.4841856360435486,348,386
0,4,2.342585563659668,2.428227663040161,-0.47577232122421265,-0.2420928180217743,147,451
0,5,2.3946430683135986,2.4025328159332275,0.7909649014472961,-0.2420928180217743,146,435
0,6,2.4467005729675293,2.572281837463379,-0.24968770146369934,-0.2420928180217743,117,426
 , , , , , , , 
0,0,0.7205225229263306,0.3068602383136749,-0.13712547719478607,0.2420928180217743,155,345
0,1,-0.2425404191017151,1.521857738494873,0.18609187006950378,0.2420928180217743,239,467
0,2,2.061002016067505,1.443393349647522,0.3214304447174072,0.2420928180217743,119,517
0,3,1.10977041721344,0.5219962000846863,-2.2204415798187256,0.2420928180217743,119,517
0,4,-0.3064291179180145,1.3652656078338623,0.0666673481464386,0.4841856360435486,369,369
0,5,-0.3892478048801422,1.6259088516235352,-0.609292209148407,0.7262784242630005,152,501
0,6,0.7453681230545044,0.037387408316135406,-0.27413105964660645,-0.2420928180217743,152,339
0,7,2.3946430683135986,2.4785962104797363,-0.5043315291404724,-0.2420928180217743,181,428
 , , , , , , , 
0,0,-0.26975229382514954,1.41274094581604,-0.03454885631799698,0.2420928180217743,383,369
0,1,-0.55488520860672,2.4538333415985107,0.3244002163410187,0.2420928180217743,152,517
0,2,1.10977041721344,0.48358041048049927,-2.22912335395813,0.2420928180217743,152,517
0,3,-0.2898653745651245,1.6357371807098389,-0.825760543346405,0.9683712720870972,180,407
0,4,2.3686141967773438,2.488755941390991,-0.2560415267944336,-0.2420928180217743,129,417
0,5,2.4206717014312744,2.5053555965423584,-0.5107061266899109,-0.2420928180217743,131,404
 , , , , , , , 
0,0,-0.26975229382514954,1.4128432273864746,0.030078278854489326,0.2420928180217743,365,362
0,1,-0.7240719199180603,2.429638624191284,0.4477866291999817,0.2420928180217743,131,550
0,2,-0.291048526763916,1.5207687616348267,0.10982014238834381,0.4841856360435486,313,384
0,3,2.3946430683135986,2.5025136470794678,-0.36771586537361145,-0.2420928180217743,158,401
 , , , , , , , 
0,0,-0.5631670355796814,2.5002565383911133,0.24391904473304749,0.2420928180217743,114,544
0,1,-0.5714489221572876,2.546889305114746,0.10540000349283218,0.2420928180217743,115,543
0,2,-0.2425404191017151,1.5174527168273926,-0.21913154423236847,0.4841856360435486,375,372
 , , , , , , , 
0,0,-0.11121366173028946,1.7741429805755615,-0.07986631244421005,0.2420928180217743,174,495
0,1,-0.2602872848510742,1.6435781717300415,0.07693874090909958,0.4841856360435486,329,447
0,2,-0.6246894598007202,2.4150688648223877,-0.14490216970443726,0.4841856360435486,141,555
0,3,2.1083269119262695,1.3354512453079224,-0.1237674206495285,0.4841856360435486,141,555
0,4,-0.6625494360923767,2.55905818939209,0.18920208513736725,0.4841856360435486,146,527
0,5,-0.291048526763916,1.5246691703796387,0.013489746488630772,0.7262784242630005,397,369
 , , , , , , , 
0,0,0.7205225229263306,0.29454949498176575,-0.16188634932041168,0.2420928180217743,160,353
0,1,-0.5631670355796814,2.4738831520080566,-0.4366711378097534,0.4841856360435486,143,543
0,2,-0.2721185088157654,1.7161585092544556,0.1173771545290947,0.7262784242630005,342,409
0,3,-0.294597864151001,3.0585896968841553,-0.6578575968742371,0.9683712720870972,176,452
0,4,-0.6388869881629944,4.034276962280273,0.18800146877765656,1.2104641199111938,151,392
0,5,0.7205225229263306,0.23140151798725128,-0.2437620460987091,-0.2420928180217743,153,353
 , , , , , , , 
0,0,-0.1668204963207245,1.7456867694854736,-0.3017928898334503,0.0,287,324
0,1,0.7205225229263306,0.3059869110584259,-0.13906331360340118,0.2420928180217743,128,348
0,2,-0.27803415060043335,1.7571865320205688,0.03637353330850601,0.7262784242630005,382,380
0,3,-0.4022621810436249,3.132477283477783,-0.6179998517036438,1.452556848526001,222,378
0,4,0.7453681230545044,0.1376691609621048,-0.2399851232767105,-0.2420928180217743,143,340
 , , , , , , , 
0,0,0.7205225229263306,0.3023197054862976,-0.14686518907546997,0.2420928180217743,155,340
0,1,-0.40581151843070984,1.7945646047592163,0.2374725192785263,0.7262784242630005,363,378
0,2,0.7205225229263306,0.22685755789279938,-0.2479964643716812,-0.2420928180217743,143,348
 , , , , , , , 
0,0,-0.22715981304645538,1.7693957090377808,-0.346609890460968,0.2420928180217743,410,359
 , , , , , , , 
0,0,-0.36203593015670776,1.8965822458267212,-0.010945389978587627,0.2420928180217743,379,367
 , , , , , , , 
0,0,0.7205225229263306,0.31800830364227295,-0.10879941284656525,0.2420928180217743,138,348
0,1,-0.24135729670524597,1.9144748449325562,-0.06889837980270386,0.2420928180217743,344,346
0,2,-0.39043092727661133,2.0403647422790527,0.14297562837600708,0.2420928180217743,120,476
0,3,0.7205225229263306,0.21498526632785797,-0.2583562135696411,-0.2420928180217743,120,365
 , , , , , , , 
0,0,-0.35493719577789307,1.8454537391662598,-0.2275153398513794,0.2420928180217743,382,355
0,1,-0.25555479526519775,1.882735013961792,0.7548038363456726,0.2420928180217743,129,448
0,2,-0.1301436424255371,1.9602066278457642,-0.6903759837150574,-0.2420928180217743,135,435
0,3,-1.7888834476470947,2.4881532192230225,-0.8502340316772461,-0.2420928180217743,133,424
 , , , , , , , 
0,0,-0.42237526178359985,1.883211612701416,-0.057682059705257416,0.2420928180217743,309,351
0,1,-0.44722089171409607,1.9917211532592773,0.11299759894609451,0.2420928180217743,291,397
0,2,-0.06743806600570679,2.142895460128784,-0.245953768491745,-0.2420928180217743,132,442
 , , , , , , , 
0,0,0.7205225229263306,0.30111750960350037,-0.14931455254554749,0.2420928180217743,173,354
0,1,-0.5016446113586426,1.940191626548767,0.10181444138288498,0.2420928180217743,362,355
0,2,0.7205225229263306,0.2559344470500946,-0.21786269545555115,-0.2420928180217743,173,348
0,3,-0.2650197744369507,2.001358985900879,-0.6476095914840698,-0.2420928180217743,165,422
 , , , , , , , 
0,0,-0.36203593015670776,1.8955857753753662,-0.06243991106748581,0.2420928180217743,350,351
0,1,-0.30169662833213806,1.8840372562408447,-0.29596713185310364,-0.2420928180217743,291,347
 , , , , , , , 
0,0,-0.41409340500831604,1.8206907510757446,-0.3115367293357849,0.2420928180217743,175,345
0,1,-0.44722089171409607,1.974776029586792,0.2828098237514496,0.2420928180217743,275,358
0,2,-0.41409340500831604,1.7926520109176636,-0.44538602232933044,-0.2420928180217743,146,354
 , , , , , , , 
0,0,-0.5111095905303955,1.972527265548706,0.1662258356809616,0.2420928180217743,353,346
0,1,-0.20941296219825745,2.105010747909546,-0.7173998951911926,0.2420928180217743,116,487
 , , , , , , , 
0,0,-0.5111095905303955,1.9547667503356934,0.31206104159355164,0.2420928180217743,321,343
0,1,-0.9654291868209839,3.7390503883361816,0.017436174675822258,0.2420928180217743,121,412
0,2,-0.30761224031448364,1.9221751689910889,-0.2940569221973419,-0.2420928180217743,216,341
0,3,-0.39043092727661133,2.0449464321136475,-0.04151845723390579,-0.2420928180217743,258,355
 , , , , , , , 
0,0,-0.42237526178359985,1.7930409908294678,-0.5786339640617371,0.2420928180217743,125,367
0,1,-0.5111095905303955,1.9715732336044312,0.1771830916404724,0.2420928180217743,251,365
0,2,-0.42237526178359985,1.7658412456512451,-0.6569764614105225,-0.2420928180217743,144,342
0,3,-0.44722089171409607,1.9931302070617676,-0.08457881212234497,-0.2420928180217743,227,352
 , , , , , , , 
0,0,-0.5111095905303955,1.9742943048477173,0.14372453093528748,0.2420928180217743,186,362
0,1,-0.5111095905303955,1.9780744314193726,-0.07560566067695618,-0.2420928180217743,173,355
 , , , , , , , 
0,0,-0.137242391705513,2.169037103652954,0.31356629729270935,0.2420928180217743,127,383
0,1,-0.2602872848510742,2.061361789703369,0.1378556191921234,-0.2420928180217743,142,359
0,2,-0.0686211958527565,2.194645881652832,0.026499221101403236,-0.2420928180217743,130,390
 , , , , , , , 
0,0,-0.3253591060638428,2.052246332168579,0.1356194168329239,-0.2420928180217743,123,344
 , , , , , , , 
0,0,0.7205225229263306,0.30952125787734985,-0.13100837171077728,0.2420928180217743,160,341
0,1,0.7548331022262573,0.30693694949150085,-0.1725434809923172,0.2420928180217743,156,345
0,2,-0.5749982595443726,1.9196500778198242,0.40502941608428955,0.2420928180217743,145,351
0,3,0.7548331022262573,0.23851130902767181,-0.25902488827705383,-0.2420928180217743,154,338
0,4,-0.5111095905303955,1.9766418933868408,0.10668516904115677,-0.2420928180217743,177,347
 , , , , , , , 
0,0,-0.44722089171409607,1.976220965385437,0.27252960205078125,0.2420928180217743,206,348
0,1,-0.44722089171409607,1.9948548078536987,0.01660400815308094,-0.2420928180217743,224,349
 , , , , , , , 
0,0,-0.30761224031448364,1.932118535041809,0.21941955387592316,0.2420928180217743,175,346
0,1,-0.5749982595443726,1.9449143409729004,0.2577073574066162,0.2420928180217743,178,352
0,2,-0.24608980119228363,1.9531151056289673,-0.025163963437080383,-0.2420928180217743,182,354
0,3,-0.5111095905303955,1.979125738143921,0.03944769501686096,-0.2420928180217743,193,358
 , , , , , , , 
0,0,-0.35493719577789307,1.856648564338684,-0.10158181935548782,0.2420928180217743,164,346
0,1,-0.44722089171409607,1.9919204711914062,-0.10942703485488892,0.2420928180217743,158,355
0,2,-0.35493719577789307,1.8219233751296997,-0.3715614080429077,-0.2420928180217743,165,356
0,3,-0.44722089171409607,1.9565634727478027,-0.38933417201042175,-0.2420928180217743,168,362
 , , , , , , , 
0,0,-0.36203593015670776,1.8841933012008667,-0.21670153737068176,0.2420928180217743,177,357
0,1,-0.43893903493881226,1.9271851778030396,0.3459004759788513,0.2420928180217743,137,353
0,2,-0.36203593015670776,1.8427622318267822,-0.44874444603919983,-0.2420928180217743,188,356
0,3,-0.37623345851898193,1.9709404706954956,0.014116295613348484,-0.2420928180217743,145,355
 , , , , , , , 
0,0,-0.42237526178359985,1.8803037405014038,-0.1194627657532692,0.2420928180217743,168,355
0,1,-0.36203593015670776,1.8562109470367432,-0.38939058780670166,-0.2420928180217743,194,344
 , , , , , , , 
0,0,-0.36913469433784485,1.9337835311889648,-0.00854569673538208,0.2420928180217743,166,357
0,1,-0.30761224031448364,1.9321420192718506,-0.21921256184577942,-0.2420928180217743,173,355
 , , , , , , , 
0,0,-0.30761224031448364,1.944084882736206,0.041965119540691376,0.2420928180217743,154,351
0,1,-0.30761224031448364,1.931574821472168,-0.2241555005311966,-0.2420928180217743,163,350
 , , , , , , , 
0,0,-0.30761224031448364,1.942685604095459,0.084849052131176,0.2420928180217743,134,360
0,1,-0.30761224031448364,1.9353774785995483,-0.1885233372449875,-0.2420928180217743,150,347
 , , , , , , , 
0,0,-0.30761224031448364,1.933350920677185,0.2082817554473877,0.2420928180217743,140,349
0,1,-0.24608980119228363,1.9526718854904175,-0.04862624406814575,-0.2420928180217743,146,348
 , , , , , , , 
0,0,-0.30761224031448364,1.9374463558197021,0.16591623425483704,0.2420928180217743,115,356
0,1,-0.30761224031448364,1.944108486175537,-0.04085414111614227,-0.2420928180217743,127,349
 , , , , , , , 
0,0,0.7453681230545044,0.18961994349956512,-0.20146943628787994,0.2420928180217743,128,350
0,1,0.7548331022262573,0.24567584693431854,-0.25223979353904724,-0.2420928180217743,125,348
 , , , , , , , 
0,0,0.7548331022262573,0.29755309224128723,-0.18826493620872498,0.2420928180217743,135,348
0,1,0.7548331022262573,0.12706276774406433,-0.3283848166465759,-0.2420928180217743,127,354
 , , , , , , , 
0,0,-0.3194434940814972,2.0175271034240723,0.08525606244802475,-0.2420928180217743,121,346
 , , , , , , , 
0,0,0.7548331022262573,0.3100976347923279,-0.16679628193378448,0.2420928180217743,138,346
0,1,0.7548331022262573,0.20837484300136566,-0.28383350372314453,-0.2420928180217743,144,346
 , , , , , , , 
0,0,-0.44722089171409607,1.9695488214492798,0.3171736001968384,0.2420928180217743,124,352
0,1,-0.38333219289779663,2.0059726238250732,0.09412084519863129,-0.2420928180217743,135,349
 , , , , , , , 
0,0,-0.43893903493881226,1.9552638530731201,-0.10311546921730042,0.2420928180217743,137,348
0,1,-0.43893903493881226,1.9400454759597778,-0.264411598443985,-0.2420928180217743,133,357
 , , , , , , , 
0,0,-0.5111095905303955,1.971364974975586,0.17948593199253082,0.2420928180217743,132,350
0,1,-0.43893903493881226,1.9575861692428589,0.03931804746389389,-0.2420928180217743,156,338
 , , , , , , , 
0,0,-0.37623345851898193,1.8900563716888428,0.5590102076530457,0.2420928180217743,142,347
0,1,-0.37623345851898193,1.947616696357727,0.3026461899280548,-0.2420928180217743,164,338
 , , , , , , , 
0,0,-0.18811672925949097,1.989524245262146,0.18100450932979584,0.2420928180217743,144,349
0,1,-0.18811672925949097,1.9973989725112915,-0.03696299344301224,-0.2420928180217743,156,347
 , , , , , , , 
0,0,-0.30169662833213806,1.9057245254516602,-0.07353353500366211,0.2420928180217743,144,354
0,1,-0.24135729670524597,1.8932695388793945,-0.292388916015625,-0.2420928180217743,164,341
0,2,-0.12541115283966064,2.0020546913146973,-0.04905760660767555,-0.2420928180217743,157,345
 , , , , , , , 
0,0,-0.2957810163497925,1.8688300848007202,-0.05857425555586815,0.2420928180217743,138,361
0,1,-0.18811672925949097,1.9962917566299438,0.07608149200677872,0.2420928180217743,118,360
0,2,-0.2366248071193695,1.8453662395477295,-0.3493924140930176,-0.2420928180217743,149,358
0,3,-0.12541115283966064,2.0021440982818604,-0.045261312276124954,-0.2420928180217743,134,356
 , , , , , , , 
0,0,-0.2957810163497925,1.859878659248352,-0.19185388088226318,0.2420928180217743,134,359
0,1,-0.2957810163497925,1.8308584690093994,-0.37936002016067505,-0.2420928180217743,159,346
 , , , , , , , 
0,0,-0.18456734716892242,1.9492484331130981,0.20546981692314148,0.2420928180217743,151,348
0,1,-0.18456734716892242,1.9600106477737427,-0.012055307626724243,-0.2420928180217743,158,350
 , , , , , , , 
0,0,-0.30169662833213806,1.86118483543396,-0.41615426540374756,-0.2420928180217743,137,356
 , , , , , , , 
0,0,-0.5643501877784729,1.9255589246749878,0.009413840249180794,0.2420928180217743,147,353
0,1,-0.2602872848510742,2.0196595191955566,0.43496188521385193,0.2420928180217743,141,378
0,2,-0.5643501877784729,1.8917628526687622,-0.3593040108680725,-0.2420928180217743,160,354
0,3,-0.19521546363830566,2.0684568881988525,0.1390785574913025,-0.2420928180217743,157,381
 , , , , , , , 
0,0,-0.3135278820991516,1.8921082019805908,0.5899016857147217,0.2420928180217743,211,351
0,1,-0.3135278820991516,1.9567426443099976,0.31498539447784424,-0.2420928180217743,221,367
 , , , , , , , 
0,0,-0.25555479526519775,1.9540519714355469,0.5441514253616333,0.2420928180217743,165,370
0,1,-0.41409340500831604,1.795566201210022,-0.43348827958106995,-0.2420928180217743,130,354
0,2,-0.2508223056793213,1.9482920169830322,0.4093943238258362,-0.2420928180217743,216,357
0,3,0.0,2.1429054737091064,-0.25494664907455444,-0.2420928180217743,115,421
 , , , , , , , 
0,0,-0.43893903493881226,1.914696455001831,0.40942293405532837,0.2420928180217743,205,355
0,1,-0.37623345851898193,1.9648640155792236,0.1552903652191162,-0.2420928180217743,237,349
 , , , , , , , 
0,0,-0.2508223056793213,1.9905333518981934,0.034963980317115784,0.2420928180217743,208,354
0,1,-0.18811672925949097,1.9846402406692505,-0.2284122109413147,-0.2420928180217743,259,351
 , , , , , , , 
0,0,-0.2957810163497925,1.8565609455108643,-0.22167184948921204,0.2420928180217743,250,357
0,1,-0.12541115283966064,1.9755170345306396,-0.32857510447502136,0.2420928180217743,315,367
0,2,-0.2957810163497925,1.8043110370635986,-0.4903247356414795,-0.2420928180217743,227,343
 , , , , , , , 
0,0,-0.30761224031448364,1.9005385637283325,0.4113147556781769,0.2420928180217743,215,350
0,1,-0.8305530548095703,4.3494553565979,-0.11798522621393204,0.2420928180217743,118,436
0,2,-0.11831240355968475,1.886478304862976,0.10317414999008179,-0.2420928180217743,156,350
0,3,0.12541115283966064,1.8405414819717407,-0.789326548576355,-0.2420928180217743,220,350
0,4,-0.5643501877784729,1.6198166608810425,1.041182041168213,-0.2420928180217743,220,350
 , , , , , , , 
0,0,-0.2957810163497925,1.8593239784240723,-0.19715741276741028,0.2420928180217743,286,356
0,1,0.0,1.9698842763900757,-0.38198569416999817,0.2420928180217743,316,374
0,2,-1.258844017982483,5.608719825744629,-0.2726249694824219,0.2420928180217743,120,461
0,3,4.316036701202393,3.791674852371216,-0.3343330919742584,0.2420928180217743,120,461
0,4,-0.46851712465286255,3.716508150100708,-0.1288014054298401,0.4841856360435486,133,471
0,5,-0.7926931381225586,5.002445697784424,-0.29137107729911804,0.4841856360435486,118,447
0,6,3.2796199321746826,3.2516801357269287,-1.1945571899414062,1.2104641199111938,183,359
0,7,0.0,5.065768241882324,0.27516186237335205,-0.2420928180217743,127,415
 , , , , , , , 
0,0,-0.17746859788894653,1.8648446798324585,-0.27258479595184326,0.2420928180217743,337,349
0,1,0.0,2.0078701972961426,-0.38494810461997986,0.2420928180217743,295,407
0,2,-0.4779821038246155,3.791503667831421,-0.13384275138378143,0.7262784242630005,121,438
0,3,-0.48271459341049194,5.1237382888793945,-0.16136479377746582,0.7262784242630005,141,402
 , , , , , , , 
0,0,-0.18456734716892242,1.932060956954956,0.3300417363643646,0.2420928180217743,341,359
0,1,-0.20822982490062714,3.323575019836426,0.10277228057384491,0.9683712720870972,192,431
0,2,0.5111095905303955,1.895211100578308,1.8914464712142944,-0.2420928180217743,131,445
0,3,0.6045763492584229,1.9259412288665771,1.8877779245376587,-0.2420928180217743,131,445
 , , , , , , , 
0,0,0.1301436424255371,2.055583953857422,-0.3059462308883667,0.2420928180217743,360,397
 , , , , , , , 
0,0,0.06388869881629944,2.043292760848999,-0.024523265659809113,0.2420928180217743,403,351
 , , , , , , , 
0,0,0.0,2.040283203125,-0.13027873635292053,0.2420928180217743,356,347
0,1,0.0,2.158012866973877,-0.004801884293556213,0.2420928180217743,234,420
0,2,-2.750763177871704,0.6750418543815613,0.20091408491134644,0.2420928180217743,120,491
0,3,2.8820903301239014,3.145002841949463,-1.04404878616333,0.4841856360435486,115,461
0,4,0.7690305709838867,4.860862731933594,0.06841455399990082,-0.2420928180217743,123,388
 , , , , , , , 
0,0,0.19521546363830566,2.0693273544311523,-0.12546314299106598,0.2420928180217743,318,353
0,1,0.19521546363830566,2.051257371902466,-0.3003334403038025,-0.2420928180217743,271,349
 , , , , , , , 
0,0,0.0,2.0378949642181396,-0.16343718767166138,0.2420928180217743,292,355
0,1,0.06388869881629944,2.0093986988067627,-0.37143373489379883,-0.2420928180217743,252,341
 , , , , , , , 
0,0,0.0,2.0810370445251465,-0.0724589079618454,0.2420928180217743,259,345
0,1,-0.06743806600570679,2.1569461822509766,-0.008750989101827145,0.2420928180217743,223,375
0,2,0.06507182121276855,2.0633416175842285,-0.27267688512802124,-0.2420928180217743,229,345
 , , , , , , , 
0,0,0.06270557641983032,2.0041964054107666,0.07497916370630264,0.2420928180217743,259,344
0,1,0.49691206216812134,0.8823281526565552,-2.4491066932678223,0.2420928180217743,127,457
0,2,-1.5238637924194336,3.588134288787842,4.6859049797058105,0.2420928180217743,145,405
0,3,0.06270557641983032,1.9961861371994019,-0.194077730178833,-0.2420928180217743,305,344
 , , , , , , , 
0,0,-0.12777739763259888,2.006608009338379,-0.370033860206604,0.2420928180217743,233,357
0,1,-0.06388869881629944,1.9513614177703857,-0.606494128704071,-0.2420928180217743,294,357
0,2,0.3431059718132019,2.1630859375,-0.1588030904531479,-0.2420928180217743,142,452
 , , , , , , , 
0,0,-0.06270557641983032,2.004755973815918,0.05812285467982292,0.2420928180217743,240,353
0,1,-0.06743806600570679,2.156827211380005,-0.024293817579746246,0.2420928180217743,150,408
0,2,0.420009046792984,0.5015544295310974,-2.6072380542755127,0.2420928180217743,136,491
0,3,0.3123447299003601,4.984017848968506,-0.19279813766479492,0.4841856360435486,122,400
0,4,0.0,1.993489384651184,-0.22881755232810974,-0.2420928180217743,298,358
0,5,0.06743806600570679,2.1431782245635986,-0.24347656965255737,-0.2420928180217743,168,430
 , , , , , , , 
0,0,-0.12777739763259888,2.0385382175445557,-0.0881105363368988,0.2420928180217743,275,363
0,1,3.5529215335845947,1.2581582069396973,-9.624030113220215,0.2420928180217743,127,397
0,2,-0.32299286127090454,0.5826011896133423,10.314282417297363,0.2420928180217743,127,397
0,3,0.0,2.0542900562286377,-0.3403799533843994,-0.2420928180217743,308,342
0,4,0.2058635950088501,2.184044122695923,-0.0972241461277008,-0.2420928180217743,171,421
 , , , , , , , 
0,0,-0.3194434940814972,1.9931474924087524,-0.3241097629070282,0.2420928180217743,283,360
0,1,-0.33719033002853394,2.1302988529205322,0.07190859317779541,0.2420928180217743,217,431
0,2,-0.4495871365070343,2.75394606590271,-0.7020259499549866,-0.4841856360435486,113,447
0,3,0.137242391705513,2.191328763961792,0.03353073075413704,-0.2420928180217743,182,418
0,4,-0.7098743915557861,4.476742744445801,-0.30901163816452026,-0.2420928180217743,123,477
 , , , , , , , 
0,0,-0.19166609644889832,2.0225040912628174,-0.22906184196472168,0.2420928180217743,335,353
 , , , , , , , 
0,0,-0.2508223056793213,1.98831045627594,-0.10033334791660309,0.2420928180217743,340,349
0,1,-0.2602872848510742,2.0497629642486572,-0.25824159383773804,0.2420928180217743,325,362
0,2,-0.4803483784198761,2.142538070678711,0.026024585589766502,0.2420928180217743,168,480
 , , , , , , , 
0,0,-0.3135278820991516,1.9786908626556396,-0.11331423372030258,0.2420928180217743,331,348
0,1,3.080855131149292,3.2910754680633545,-1.3102531433105469,-0.4841856360435486,125,386
0,2,-0.2508223056793213,1.9558171033859253,-0.3717859983444214,-0.2420928180217743,276,352
 , , , , , , , 
0,0,-0.38333219289779663,1.9707227945327759,-0.3860521614551544,0.2420928180217743,237,341
0,1,-0.6388869881629944,2.1755452156066895,0.13778607547283173,0.2420928180217743,140,464
0,2,-0.3135278820991516,1.9578173160552979,-0.30823493003845215,-0.2420928180217743,208,343
0,3,-0.6388869881629944,2.171204090118408,-0.19456107914447784,-0.2420928180217743,115,431
0,4,3.175504684448242,3.1713027954101562,-1.0924254655838013,-0.2420928180217743,122,379
 , , , , , , , 
0,0,-0.37623345851898193,1.9709383249282837,0.014419078826904297,0.2420928180217743,188,363
0,1,-0.397529661655426,0.26963913440704346,-2.0650267601013184,0.2420928180217743,124,362
0,2,-0.6388869881629944,2.1466000080108643,0.3795916736125946,0.2420928180217743,123,434
0,3,-0.3135278820991516,1.966392993927002,-0.24770154058933258,-0.2420928180217743,182,349
 , , , , , , , 
0,0,0.7205225229263306,0.2859021723270416,-0.1767103523015976,0.2420928180217743,146,340
0,1,-0.3194434940814972,2.0075042247772217,0.2181987166404724,0.2420928180217743,189,349
0,2,-0.4117271900177002,2.1473021507263184,0.20360608398914337,0.2420928180217743,165,378
0,3,0.7548331022262573,0.2247636467218399,-0.27104029059410095,-0.2420928180217743,144,342
0,4,-0.25555479526519775,2.0279605388641357,-0.04237745702266693,-0.2420928180217743,179,345
0,5,-0.3431059718132019,2.168271541595459,-0.05251501873135567,-0.2420928180217743,144,380
 , , , , , , , 
0,0,-0.13250988721847534,2.0010440349578857,-0.6879933476448059,0.2420928180217743,189,349
0,1,-0.13250988721847534,1.9601192474365234,-0.7971476912498474,-0.2420928180217743,235,343
 , , , , , , , 
0,0,-0.198764830827713,2.0471673011779785,-0.5144607424736023,-0.2420928180217743,286,357
0,1,-0.6388869881629944,2.178788423538208,-0.06973292678594589,-0.2420928180217743,187,436
 , , , , , , , 
0,0,-0.37623345851898193,1.969827651977539,0.06771127879619598,0.2420928180217743,219,347
0,1,-0.137242391705513,2.187930107116699,0.1265200972557068,0.2420928180217743,168,398
0,2,-0.3135278820991516,1.9683902263641357,-0.231294646859169,-0.2420928180217743,230,355
0,3,-0.06625494360923767,2.0382676124572754,-0.5797814130783081,-0.2420928180217743,266,360
0,4,-0.5678995251655579,2.1926474571228027,0.17304663360118866,-0.2420928180217743,137,466
0,5,3.175504684448242,3.216886043548584,-0.9498413801193237,-0.2420928180217743,122,409
0,6,-0.3289084732532501,5.049825191497803,-1.4440792798995972,-0.2420928180217743,119,409
0,7,-0.795059323310852,12.139214515686035,-3.718855381011963,-0.2420928180217743,166,361
 , , , , , , , 
0,0,0.7548331022262573,0.312046080827713,-0.1631219983100891,0.2420928180217743,139,344
0,1,-0.3194434940814972,2.0191400051116943,0.027530159801244736,0.2420928180217743,268,347
0,2,0.7548331022262573,0.22077618539333344,-0.2742980420589447,-0.2420928180217743,136,346
0,3,-0.3194434940814972,1.99046790599823,-0.34017834067344666,-0.2420928180217743,324,346
0,4,-0.4803483784198761,2.1341121196746826,0.191605806350708,-0.2420928180217743,227,435
0,5,-0.5584345459938049,2.1606316566467285,0.09699570387601852,-0.2420928180217743,185,477
 , , , , , , , 
0,0,-0.30761224031448364,1.9415113925933838,-0.10844460129737854,-0.2420928180217743,295,356
0,1,-0.39043092727661133,2.042149305343628,-0.11470240354537964,-0.2420928180217743,355,356
0,2,3.1234474182128906,3.0565404891967773,-1.241881012916565,-0.2420928180217743,140,464
 , , , , , , , 
0,0,-0.1609048694372177,5.142781734466553,0.19404038786888123,-0.7262784242630005,128,417
0,1,-0.12541115283966064,2.0020461082458496,-0.049407824873924255,-0.2420928180217743,373,358
 , , , , , , , 
0,0,-0.36913469433784485,1.9304561614990234,-0.11371289938688278,-0.4841856360435486,362,366
 , , , , , , , 
0,0,-1.8314759731292725,2.5603175163269043,-0.831701934337616,0.2420928180217743,123,428
0,1,0.15735550224781036,5.032792568206787,-0.03538334369659424,-0.7262784242630005,135,422
0,2,-0.11831240355968475,1.8863948583602905,-0.10468786954879761,-0.2420928180217743,435,344
 , , , , , , , 
0,0,-0.27803415060043335,1.755120038986206,-0.09263411164283752,-0.9683712720870972,244,352
0,1,0.0,1.903596043586731,-0.3233207166194916,-0.2420928180217743,365,382
 , , , , , , , 
0,0,0.9760773181915283,0.8350116014480591,1.6389005184173584,-1.2104641199111938,130,471
0,1,0.0,1.0589197874069214,1.7929458618164062,-1.2104641199111938,130,471
0,2,-0.20822982490062714,1.649841547012329,-0.09839355945587158,-0.9683712720870972,268,364
0,3,2.172215700149536,1.3651330471038818,-0.21407251060009003,-0.9683712720870972,189,456
0,4,-0.955964207649231,3.426600933074951,-1.4022908210754395,-0.7262784242630005,154,450
0,5,2.031424045562744,1.5193036794662476,2.8612782955169678,-0.7262784242630005,154,450
0,6,-0.11121366173028946,1.7759184837341309,0.00869810301810503,-0.2420928180217743,368,357
0,7,0.05915620177984238,1.8911467790603638,-0.05922417715191841,-0.2420928180217743,300,385
 , , , , , , , 
0,0,-0.04969120770692825,1.570706844329834,-0.2426677793264389,-1.6946496963500977,225,358
0,1,-0.6152244806289673,2.3784024715423584,-0.14394240081310272,-1.2104641199111938,175,431
0,2,-0.0993824154138565,1.5856932401657104,-0.06462971121072769,-0.9683712720870972,213,365
0,3,-0.056789953261613846,1.8161263465881348,-0.031006712466478348,-0.4841856360435486,373,374
0,4,0.5714489221572876,0.4206700921058655,2.5141184329986572,-0.2420928180217743,121,543
 , , , , , , , 
0,0,0.7288044095039368,0.34687182307243347,-0.20561765134334564,0.2420928180217743,129,349
0,1,0.08991742879152298,1.4286240339279175,-0.14403139054775238,-1.2104641199111938,310,357
0,2,-0.11121366173028946,1.7750910520553589,-0.05490054190158844,-0.7262784242630005,263,470
0,3,-0.7666643857955933,6.08464241027832,-0.08309993147850037,-0.7262784242630005,146,395
 , , , , , , , 
0,0,0.7548331022262573,0.3078446090221405,-0.1709187775850296,0.2420928180217743,219,347
0,1,0.12777739763259888,1.354749083518982,-0.07736236602067947,-0.9683712720870972,352,364
0,2,0.0,1.8042182922363281,0.2174803614616394,-0.7262784242630005,141,529
0,3,0.0,1.6385987997055054,-0.3000201880931854,-0.4841856360435486,328,409
0,4,0.7808618545532227,0.06832873821258545,-0.28167441487312317,-0.2420928180217743,221,352
0,5,0.46851709485054016,0.0706305205821991,2.4534249305725098,-0.2420928180217743,122,539
0,6,-2.30709171295166,2.3114864826202393,4.646002769470215,-0.2420928180217743,126,458
0,7,-0.5324057936668396,5.635855197906494,-0.452397882938385,-0.2420928180217743,126,458
 , , , , , , , 
0,0,0.0,1.6274898052215576,0.039896320551633835,0.0,219,423
0,1,0.2650197744369507,1.18100106716156,-0.05272015184164047,-0.9683712720870972,233,409
0,2,-0.05087433382868767,1.6254127025604248,0.07589465379714966,-0.9683712720870972,154,546
0,3,0.054423704743385315,1.7327313423156738,0.1664533019065857,-0.7262784242630005,160,500
0,4,0.0993824154138565,1.528139352798462,-0.4282410144805908,-0.4841856360435486,301,424
0,5,0.7205225229263306,0.2734542787075043,-0.19542095065116882,-0.2420928180217743,430,354
 , , , , , , , 
0,0,0.10293179005384445,3.113511800765991,-1.0698975324630737,-1.6946496963500977,158,399
0,1,0.09464992582798004,3.0256428718566895,-0.10070836544036865,-1.452556848526001,172,436
0,2,0.3194434940814972,1.0895161628723145,-0.030821753665804863,-0.9683712720870972,237,411
0,3,0.04850808531045914,1.5508952140808105,-0.04333774372935295,-0.7262784242630005,266,513
0,4,0.6625494956970215,0.309194415807724,-0.19692112505435944,-0.4841856360435486,431,355
0,5,0.5134758353233337,0.9859945178031921,2.067379951477051,-0.4841856360435486,176,554
0,6,0.8920755386352539,0.391325443983078,-0.1415225863456726,-0.2420928180217743,114,439
0,7,2.1603844165802,2.2708163261413574,-0.22509486973285675,-0.2420928180217743,113,529
 , , , , , , , 
0,0,0.5395045876502991,0.4614878296852112,-0.11581451445817947,0.2420928180217743,361,354
0,1,0.364402174949646,0.9944935441017151,-0.04428800195455551,-0.9683712720870972,231,408
0,2,0.0,1.4585338830947876,-0.22988192737102509,-0.7262784242630005,207,543
0,3,0.25437167286872864,1.5751787424087524,-0.32314348220825195,-0.4841856360435486,121,517
0,4,0.5619839429855347,0.4052017629146576,-0.1934807300567627,-0.2420928180217743,397,349
 , , , , , , , 
0,0,0.4969121217727661,0.5302975177764893,-0.2126355767250061,0.2420928180217743,421,396
0,1,1.1973215341567993,1.1468671560287476,-0.1616639941930771,0.4841856360435486,185,466
0,2,1.7888835668563843,1.5767039060592651,-0.05454064533114433,0.4841856360435486,144,473
0,3,2.176948308944702,2.081024646759033,-0.32225435972213745,0.4841856360435486,128,487
0,4,1.4268475770950317,2.0540993213653564,-0.4233362376689911,0.7262784242630005,172,468
0,5,0.2129623293876648,2.254814863204956,-0.17497235536575317,-1.9367425441741943,207,388
0,6,0.38451531529426575,0.8648526668548584,0.006211698520928621,-0.7262784242630005,205,411
0,7,0.043775588274002075,1.3931715488433838,-0.13946369290351868,-0.7262784242630005,209,536
0,8,0.04732496291399002,1.489763855934143,0.267894983291626,-0.7262784242630005,138,519
0,9,0.08636805415153503,2.7348361015319824,-0.38945943117141724,-0.7262784242630005,123,482
0,10,0.19403234124183655,1.5270583629608154,-0.1998790204524994,-0.2420928180217743,151,469
 , , , , , , , 
0,0,0.4495871365070343,0.5957334637641907,-0.12776543200016022,0.2420928180217743,414,356
0,1,1.6327111721038818,2.00504994392395,-0.3719381093978882,0.4841856360435486,134,527
0,2,0.22361044585704803,2.3633954524993896,-0.23115944862365723,-0.7262784242630005,112,461
0,3,0.04259246587753296,1.3603171110153198,-0.07334990054368973,-0.4841856360435486,166,572
0,4,0.38451531529426575,0.8645333051681519,0.024308474734425545,-0.2420928180217743,202,444
0,5,-0.2129623293876648,1.6470774412155151,0.37996339797973633,-0.2420928180217743,115,553
0,6,0.6388869881629944,0.1053488701581955,2.1773569583892822,-0.2420928180217743,125,547
 , , , , , , , 
0,0,0.42237526178359985,0.6711671352386475,-0.057036254554986954,0.2420928180217743,464,368
0,1,0.770213782787323,0.8758572340011597,0.1308451145887375,0.2420928180217743,114,526
0,2,0.403445303440094,0.17103056609630585,-1.0887864828109741,0.2420928180217743,114,526
0,3,1.0600790977478027,2.148552417755127,-0.3620336353778839,0.2420928180217743,121,563
0,4,1.6492749452590942,2.625030279159546,-0.1647343784570694,0.4841856360435486,113,460
0,5,0.08281867951154709,1.3138619661331177,-0.15097953379154205,-0.2420928180217743,180,555
 , , , , , , , 
0,0,0.397529661655426,0.6885415315628052,-0.00010473019210621715,0.2420928180217743,486,352
0,1,1.2138853073120117,1.644434928894043,0.04521322622895241,0.2420928180217743,142,499
0,2,1.2872389554977417,2.0528109073638916,-0.009861292317509651,0.2420928180217743,120,559
0,3,0.692127525806427,1.3032939434051514,-0.050508469343185425,0.4841856360435486,135,491
0,4,0.17746859788894653,1.8845850229263306,0.01694927178323269,-0.7262784242630005,226,364
0,5,0.12067864835262299,1.2807259559631348,-0.046495936810970306,-0.2420928180217743,199,536
 , , , , , , , 
0,0,0.4164596498012543,0.7209858298301697,0.022256094962358475,0.2420928180217743,346,356
0,1,0.4424883723258972,0.7023183107376099,-0.06861177086830139,-0.2420928180217743,383,358
0,2,0.49217960238456726,0.8524560332298279,-0.006398340687155724,-0.2420928180217743,166,475
0,3,0.07808618247509003,1.2443714141845703,-0.07993695884943008,-0.2420928180217743,184,580
 , , , , , , , 
0,0,0.397529661655426,0.6871070265769958,0.04442296177148819,0.2420928180217743,342,355
0,1,1.0600790977478027,2.175973653793335,0.11173269897699356,0.2420928180217743,132,535
0,2,1.0600790977478027,2.1677136421203613,-0.2199169099330902,-0.4841856360435486,198,488
0,3,0.42237526178359985,0.6694733500480652,-0.07432280480861664,-0.2420928180217743,395,361
 , , , , , , , 
0,0,0.11712927371263504,1.2017576694488525,0.3209468424320221,0.2420928180217743,128,468
0,1,1.2777739763259888,1.8313069343566895,-0.41685381531715393,0.2420928180217743,158,461
0,2,0.9689785838127136,2.130457639694214,-0.45967990159988403,0.2420928180217743,154,484
0,3,1.0458816289901733,2.3514530658721924,-0.06882231682538986,-0.7262784242630005,234,410
0,4,1.0600790977478027,2.177733898162842,0.06943059712648392,-0.4841856360435486,217,504
0,5,0.397529661655426,0.6852287650108337,0.06746131926774979,-0.2420928180217743,365,340
 , , , , , , , 
0,0,0.11712927371263504,1.2406907081604004,0.08896584808826447,0.2420928180217743,180,469
0,1,1.2091526985168457,2.472684383392334,-0.24949675798416138,-0.4841856360435486,134,522
0,2,0.397529661655426,0.6829462647438049,-0.0876006931066513,-0.2420928180217743,453,354
0,3,0.11712927371263504,1.2393755912780762,-0.10571964830160141,-0.2420928180217743,141,535
 , , , , , , , 
0,0,0.11712927371263504,1.2396297454833984,0.1026950553059578,0.2420928180217743,160,446
0,1,0.3726840615272522,0.6981829404830933,-0.07593697309494019,-0.2420928180217743,392,357
0,2,0.11712927371263504,1.2432332038879395,-0.039993464946746826,-0.2420928180217743,131,456
0,3,1.1428978443145752,2.3476662635803223,-0.08097314089536667,-0.2420928180217743,223,538
 , , , , , , , 
0,0,0.2733016312122345,0.7457060813903809,0.03671404719352722,0.2420928180217743,345,351
0,1,0.11712927371263504,1.243848204612732,-0.008366789668798447,0.2420928180217743,185,527
0,2,2.342585563659668,2.9138400554656982,-0.265254408121109,0.2420928180217743,117,489
0,3,0.2981472611427307,0.7326591610908508,-0.08023710548877716,-0.2420928180217743,412,342
0,4,0.11712927371263504,1.227005958557129,-0.20416855812072754,-0.2420928180217743,179,479
 , , , , , , , 
0,0,0.397529661655426,0.6865106821060181,-0.05284486711025238,0.2420928180217743,482,358
0,1,0.03904309123754501,1.2392487525939941,-0.1539023518562317,0.2420928180217743,171,536
0,2,0.17036986351013184,1.2995401620864868,0.37393370270729065,0.2420928180217743,119,554
0,3,-0.3939802944660187,2.0373101234436035,3.6544203758239746,0.2420928180217743,116,484
0,4,2.944795608520508,3.975452423095703,-0.34948670864105225,0.7262784242630005,168,416
 , , , , , , , 
0,0,0.39043092727661133,0.7289059162139893,-0.10007195174694061,0.2420928180217743,487,358
0,1,0.08045243471860886,1.2830557823181152,-0.06541623920202255,0.2420928180217743,201,561
0,2,1.2067865133285522,2.960902690887451,-0.3645187020301819,0.9683712720870972,116,446
0,3,0.17036986351013184,1.787771463394165,-0.27811652421951294,-0.2420928180217743,128,462
 , , , , , , , 
0,0,0.08045243471860886,1.2827553749084473,-0.07106556743383408,0.2420928180217743,178,590
0,1,0.3265422284603119,0.8038887977600098,-0.07341344654560089,0.4841856360435486,475,367
0,2,0.44722089171409607,0.9191045165061951,-0.013129032216966152,0.4841856360435486,127,517
 , , , , , , , 
0,0,0.3253591060638428,0.819240391254425,-0.3447425365447998,0.0,370,338
0,1,0.08518493175506592,1.360291600227356,0.0026680848095566034,0.4841856360435486,206,573
0,2,0.2957810163497925,0.8885186314582825,-0.1375100463628769,0.7262784242630005,485,378
0,3,1.1582783460617065,3.0941426753997803,-0.6621577739715576,1.452556848526001,120,434
0,4,0.9843592047691345,3.7684056758880615,-0.5775508880615234,1.6946496963500977,155,428
0,5,0.17036986351013184,1.7434055805206299,-0.48374834656715393,-0.2420928180217743,149,465
 , , , , , , , 
0,0,0.13132676482200623,1.3715740442276,-0.2526484429836273,0.0,188,479
0,1,0.08755117654800415,1.3946435451507568,0.097967229783535,0.7262784242630005,195,581
0,2,0.2874991297721863,0.964042067527771,-0.1813814342021942,1.2104641199111938,484,350
0,3,0.17036986351013184,2.6973021030426025,-0.35519424080848694,1.2104641199111938,125,455
0,4,0.8695961236953735,7.188516616821289,-5.797196865081787,1.2104641199111938,114,383
0,5,3.768249988555908,8.469558715820312,0.3245455324649811,1.2104641199111938,114,383
0,6,1.320366382598877,1.2967684268951416,2.995380401611328,-1.9367425441741943,162,398
0,7,0.0,3.4463765621185303,-0.7209489345550537,-1.9367425441741943,162,398
0,8,0.06152245029807091,1.923329472541809,-0.41577771306037903,-1.6946496963500977,179,393
0,9,0.7382693886756897,0.8079346418380737,1.6364755630493164,-1.6946496963500977,179,393
0,10,0.4933627247810364,5.19098424911499,-0.7103200554847717,-1.452556848526001,135,385
0,11,2.037339687347412,2.3024251461029053,-0.4314100444316864,-0.2420928180217743,165,416
 , , , , , , , 
0,0,0.13487614691257477,1.316222071647644,-0.5649465918540955,0.0,246,430
0,1,2.0822982788085938,2.19502854347229,-0.13963991403579712,0.2420928180217743,161,518
0,2,0.5773645043373108,1.055187463760376,1.971503496170044,0.4841856360435486,152,540
0,3,0.08991742879152298,1.373782992362976,-0.4176502525806427,0.7262784242630005,297,495
0,4,0.10174866765737534,1.6054608821868896,0.24991393089294434,0.7262784242630005,130,540
0,5,0.0,3.1150805950164795,9.177912712097168,0.7262784242630005,116,383
0,6,0.24845604598522186,1.0699957609176636,-0.28882208466529846,1.2104641199111938,506,349
0,7,0.9796266555786133,1.041209101676941,2.186440944671631,-1.9367425441741943,182,406
0,8,0.0,2.5486886501312256,-0.5731443166732788,-1.9367425441741943,182,406
0,9,1.4386788606643677,2.8374762535095215,4.79538106918335,-1.9367425441741943,147,385
0,10,-0.7193394303321838,5.657736301422119,-0.7676728367805481,-1.9367425441741943,147,385
0,11,-0.06270557641983032,1.9799723625183105,-0.3195851147174835,-1.452556848526001,175,373
0,12,0.6897613406181335,1.0100936889648438,1.5906908512115479,-1.452556848526001,175,373
0,13,-0.13960863649845123,4.339362144470215,-1.052991509437561,-1.452556848526001,130,409
0,14,1.53569495677948,2.5181376934051514,3.355438709259033,-1.452556848526001,130,409
0,15,1.8740683794021606,2.6052870750427246,3.8308627605438232,-1.2104641199111938,113,425
0,16,0.0,4.886367321014404,-1.0481308698654175,-1.2104641199111938,113,425
0,17,-0.17155298590660095,5.423060894012451,-0.8353067636489868,-1.2104641199111938,186,386
 , , , , , , , 
0,0,0.728804349899292,0.6507472395896912,-0.41126635670661926,0.2420928180217743,266,332
0,1,-1.8456734418869019,1.9253865480422974,5.269634246826172,0.2420928180217743,119,482
0,2,0.5134758353233337,0.4978146553039551,2.235715866088867,0.4841856360435486,165,561
0,3,0.145524263381958,1.545420527458191,-0.002324623754248023,0.7262784242630005,219,486
0,4,0.20113109052181244,1.2266216278076172,-0.3345590829849243,1.2104641199111938,469,364
 , , , , , , , 
0,0,0.728804349899292,0.6682942509651184,-0.3820926547050476,0.2420928180217743,191,352
0,1,0.5217577219009399,0.4389607608318329,2.2856414318084717,0.4841856360435486,135,559
0,2,0.05087433382868767,1.627136468887329,0.012379397638142109,0.7262784242630005,179,572
0,3,0.1751023530960083,1.328193187713623,-0.40931078791618347,0.9683712720870972,508,370
0,4,-0.1668204963207245,1.7140603065490723,0.4477706551551819,1.2104641199111938,209,455
0,5,-0.34073972702026367,2.625530481338501,-0.6489325761795044,-1.6946496963500977,200,399
0,6,0.6814794540405273,1.7713207006454468,1.9566903114318848,-1.6946496963500977,200,399
0,7,1.2493789196014404,3.12886643409729,3.6911258697509766,-1.6946496963500977,155,378
0,8,-0.6246894598007202,4.796086311340332,-1.2579660415649414,-1.6946496963500977,155,378
0,9,0.9535980224609375,0.6728441119194031,-0.1241258829832077,-0.2420928180217743,139,352
 , , , , , , , 
0,0,0.2898653745651245,1.8177027702331543,-0.23124243319034576,0.2420928180217743,144,532
0,1,0.546603262424469,0.6130086779594421,2.3599228858947754,0.2420928180217743,168,532
0,2,0.10411491245031357,1.6442341804504395,-0.24631695449352264,0.4841856360435486,321,424
0,3,0.14197489619255066,1.4496687650680542,-0.4143761396408081,0.9683712720870972,461,375
 , , , , , , , 
0,0,0.14907363057136536,1.403951644897461,-0.7315557599067688,0.0,324,351
0,1,0.30761224031448364,1.9441297054290771,-0.03983183950185776,0.2420928180217743,137,544
0,2,0.46851709485054016,0.6745036244392395,2.3599421977996826,0.2420928180217743,133,553
0,3,-0.46851709485054016,2.4321577548980713,-0.3299858272075653,0.2420928180217743,133,553
0,4,-2.1154255867004395,2.5986874103546143,4.538084030151367,0.2420928180217743,129,467
0,5,1.4102838039398193,2.6549758911132812,4.773322582244873,0.2420928180217743,129,467
0,6,0.054423704743385315,1.7370984554290771,0.11204253882169724,0.4841856360435486,274,452
0,7,0.17391923069953918,1.8430668115615845,-0.11998080462217331,0.4841856360435486,142,590
0,8,0.0993824154138565,1.5284680128097534,-0.42706671357154846,0.7262784242630005,480,361
0,9,0.7891437411308289,0.6357607245445251,-0.42252907156944275,-0.2420928180217743,169,339
 , , , , , , , 
0,0,0.37623345851898193,1.9678748846054077,-0.1107887402176857,0.2420928180217743,123,547
0,1,0.47561585903167725,0.6317068934440613,2.4102213382720947,0.2420928180217743,119,555
0,2,-1.8693358898162842,1.891374945640564,5.358275413513184,0.2420928180217743,117,494
0,3,-0.18693359196186066,5.971172332763672,0.304936945438385,0.2420928180217743,117,494
0,4,-1.1499965190887451,5.466394424438477,2.53250789642334,0.2420928180217743,115,487
0,5,0.10411491245031357,1.5929324626922607,-0.4761769771575928,0.4841856360435486,464,361
0,6,0.05560683086514473,1.7781070470809937,0.03967519849538803,0.4841856360435486,273,448
0,7,0.8873429894447327,0.6150108575820923,-0.3527372479438782,-0.2420928180217743,124,352
 , , , , , , , 
0,0,-0.37859970331192017,6.033864974975586,0.3789414167404175,0.2420928180217743,119,481
0,1,0.054423704743385315,1.678788185119629,-0.4601465165615082,0.4841856360435486,478,368
0,2,0.05797307565808296,1.8535352945327759,0.05083737522363663,0.4841856360435486,255,480
0,3,-0.17746859788894653,2.7855165004730225,-0.5216788053512573,0.7262784242630005,137,522
 , , , , , , , 
0,0,-1.7036986351013184,2.3150675296783447,5.332198143005371,0.2420928180217743,121,486
0,1,0.0,5.997694969177246,0.8497751355171204,0.2420928180217743,121,486
0,2,0.0,1.7187988758087158,-0.4605008065700531,0.4841856360435486,480,371
0,3,0.18101796507835388,1.9114431142807007,0.20452763140201569,0.4841856360435486,156,539
0,4,-0.36203593015670776,1.7687817811965942,-0.6845108270645142,0.4841856360435486,156,539
0,5,0.06388869881629944,2.0404443740844727,0.110601507127285,0.4841856360435486,123,566
0,6,-0.2804003953933716,2.8901259899139404,-0.7171151638031006,0.9683712720870972,117,418
 , , , , , , , 
0,0,0.12541115283966064,1.9419288635253906,-0.489429771900177,0.0,163,463
0,1,0.761931836605072,0.6714462637901306,-0.3039531111717224,0.2420928180217743,122,351
0,2,0.0,1.7626093626022339,-0.44239047169685364,0.4841856360435486,483,372
0,3,0.420009046792984,1.3983887434005737,2.2569351196289062,0.4841856360435486,149,534
0,4,-0.7666643857955933,6.072869777679443,0.3873380720615387,0.4841856360435486,118,483
0,5,0.06270557641983032,2.002232789993286,-0.1161421537399292,0.7262784242630005,203,547
 , , , , , , , 
0,0,0.761931836605072,0.6864635944366455,-0.2683194577693939,0.2420928180217743,121,352
0,1,0.9902748465538025,0.6298354864120483,-0.011771976947784424,0.2420928180217743,140,354
0,2,-0.05797307565808296,1.7999467849731445,-0.44538629055023193,0.4841856360435486,512,360
0,3,1.8740683794021606,1.5842325687408447,2.253474473953247,0.4841856360435486,120,516
0,4,0.3123447299003601,2.203277111053467,2.4795329570770264,0.4841856360435486,120,516
0,5,-0.12777739763259888,2.0391364097595215,-0.07296546548604965,0.7262784242630005,210,550
0,6,0.31589409708976746,3.3429417610168457,-0.2805939316749573,1.2104641199111938,165,405
 , , , , , , , 
0,0,0.9902748465538025,0.6294347047805786,-0.025363776832818985,0.2420928180217743,176,356
0,1,1.8953646421432495,2.0484466552734375,1.8881841897964478,0.2420928180217743,163,508
0,2,-0.06033932417631149,1.8898929357528687,-0.39099618792533875,0.4841856360435486,491,370
0,3,-0.07098744064569473,2.2674918174743652,-0.11661607772111893,0.4841856360435486,127,563
0,4,0.3502047061920166,1.0287755727767944,2.5822763442993164,0.4841856360435486,120,532
0,5,-0.7004094123840332,2.699279308319092,-0.2692428231239319,0.4841856360435486,120,532
0,6,-0.13250988721847534,2.108928680419922,0.17300830781459808,0.7262784242630005,178,563
0,7,0.9902748465538025,0.6052853465080261,-0.17453080415725708,-0.2420928180217743,148,364
 , , , , , , , 
0,0,-0.06152245029807091,1.931330919265747,-0.37686631083488464,0.2420928180217743,490,354
0,1,1.916661024093628,2.0082037448883057,1.9758248329162598,0.2420928180217743,138,507
0,2,-0.06625494360923767,2.116515874862671,-0.10508060455322266,0.4841856360435486,198,518
0,3,-0.20941296219825745,2.223865270614624,-0.012495070695877075,0.4841856360435486,121,601
 , , , , , , , 
0,0,-0.12304490059614182,1.944305658340454,-0.2835267186164856,0.2420928180217743,413,347
0,1,-0.0686211958527565,2.189375877380371,-0.15429043769836426,0.2420928180217743,211,552
0,2,-1.4268475770950317,14.977178573608398,-2.2995057106018066,0.2420928180217743,116,363
0,3,2.0905799865722656,2.5046029090881348,1.3242803812026978,0.9683712720870972,151,409
0,4,0.33009159564971924,2.0400278568267822,2.850720167160034,0.9683712720870972,151,409
0,5,3.201533555984497,3.2606422901153564,-0.896636426448822,0.9683712720870972,151,398
 , , , , , , , 
0,0,-0.12304490059614182,1.9603792428970337,-0.1327606439590454,0.2420928180217743,333,356
0,1,-0.13960863649845123,2.226832866668701,0.10635422170162201,0.2420928180217743,162,548
0,2,-0.2886822521686554,2.2896924018859863,0.08699116855859756,0.2420928180217743,151,581
0,3,-0.2886822521686554,2.2823009490966797,0.20337611436843872,0.4841856360435486,176,556
0,4,-0.06152245029807091,1.9239275455474854,-0.4130009710788727,-0.2420928180217743,294,353
 , , , , , , , 
0,0,-0.19166609644889832,2.033376693725586,-0.09149152785539627,0.2420928180217743,318,355
0,1,-0.13960863649845123,2.2244739532470703,-0.14768598973751068,0.2420928180217743,196,519
0,2,-0.12304490059614182,1.9271819591522217,-0.3829905390739441,-0.2420928180217743,266,348
 , , , , , , , 
0,0,0.9902748465538025,0.6276978850364685,-0.05316690355539322,0.2420928180217743,144,354
0,1,-0.12304490059614182,1.9637651443481445,-0.06586902588605881,0.2420928180217743,360,354
0,2,0.4259246587753296,6.7197442054748535,-1.0512158870697021,0.2420928180217743,118,440
0,3,0.0,3.5691885948181152,-0.44398489594459534,0.7262784242630005,115,420
0,4,-0.12304490059614182,1.9390079975128174,-0.317742258310318,-0.2420928180217743,342,345
 , , , , , , , 
0,0,0.9535980224609375,0.6838550567626953,0.021649837493896484,0.2420928180217743,196,356
0,1,1.086107850074768,0.6741180419921875,-0.1513892263174057,0.2420928180217743,134,371
0,2,-0.12304490059614182,1.9647526741027832,-0.02142871543765068,0.2420928180217743,258,374
0,3,0.07335369288921356,2.3209571838378906,-0.343045175075531,0.2420928180217743,198,532
0,4,-0.12304490059614182,1.945326328277588,-0.27643686532974243,-0.2420928180217743,250,365
 , , , , , , , 
0,0,0.9535980224609375,0.681215226650238,-0.06381399929523468,0.2420928180217743,223,363
0,1,-0.12304490059614182,1.9647934436798096,0.01728074625134468,0.2420928180217743,304,403
0,2,0.0,2.384683609008789,0.048566557466983795,0.2420928180217743,172,535
0,3,-0.649535059928894,6.887191295623779,-0.383492112159729,0.2420928180217743,131,419
0,4,0.8577649593353271,0.6051065921783447,-0.3218005895614624,-0.2420928180217743,173,352
0,5,-0.06152245029807091,1.9532346725463867,-0.2386239767074585,-0.2420928180217743,240,416
 , , , , , , , 
0,0,0.9228367209434509,0.660140872001648,0.051244545727968216,0.2420928180217743,171,353
0,1,1.0541634559631348,0.6677839159965515,-0.061251915991306305,0.2420928180217743,201,375
0,2,-0.12304490059614182,1.9627593755722046,0.09103795140981674,0.2420928180217743,293,390
0,3,0.0,2.3447906970977783,-0.1088993027806282,0.2420928180217743,204,522
0,4,-0.4046283960342407,4.296688079833984,0.053995974361896515,0.2420928180217743,200,461
0,5,-0.20941294729709625,6.695476531982422,0.18170654773712158,0.2420928180217743,126,421
0,6,0.8577649593353271,0.622944176197052,-0.28574490547180176,-0.2420928180217743,139,350
0,7,-0.12304490059614182,1.9560672044754028,-0.18577753007411957,-0.2420928180217743,221,417
 , , , , , , , 
0,0,0.946499228477478,0.7549368739128113,0.04458494111895561,0.2420928180217743,205,362
0,1,-0.12304490059614182,1.9570921659469604,0.17464913427829742,0.2420928180217743,240,425
0,2,-0.07453681528568268,2.383418083190918,-0.05326494202017784,0.2420928180217743,138,513
0,3,0.23780792951583862,2.5237960815429688,0.09127878397703171,0.2420928180217743,144,479
0,4,-0.26975226402282715,4.300675868988037,0.24410958588123322,0.2420928180217743,246,456
0,5,-0.6530844569206238,6.933711051940918,0.15986284613609314,0.2420928180217743,121,411
0,6,0.9228367209434509,0.6270667314529419,-0.2126012146472931,-0.2420928180217743,162,345
0,7,-0.12304490059614182,1.963331937789917,-0.07771699875593185,-0.2420928180217743,197,421
0,8,-0.07453681528568268,2.354522466659546,-0.37382251024246216,-0.2420928180217743,140,457
 , , , , , , , 
0,0,0.9843592047691345,0.7015762329101562,0.08127767592668533,0.2420928180217743,144,359
0,1,-0.12541115283966064,1.9972161054611206,0.14750297367572784,0.2420928180217743,371,404
0,2,-0.4046283960342407,4.294438362121582,0.1491418480873108,0.2420928180217743,174,427
0,3,-0.21887794137001038,6.991222381591797,0.3636384904384613,0.2420928180217743,129,421
0,4,0.15617236495018005,2.493851900100708,-0.0101551478728652,-0.2420928180217743,114,427
 , , , , , , , 
0,0,0.9843592047691345,0.7052831053733826,0.03729700297117233,0.2420928180217743,124,371
0,1,1.0766428709030151,0.7649637460708618,-0.10750625282526016,0.2420928180217743,122,364
0,2,-0.05915620177984238,1.8847241401672363,0.16660858690738678,0.2420928180217743,239,372
0,3,-0.2508223056793213,1.9888743162155151,-0.08845511078834534,0.2420928180217743,259,374
0,4,-0.26975226402282715,4.307004928588867,0.07149677723646164,0.2420928180217743,154,431
0,5,0.0,6.942259311676025,0.5774566531181335,0.2420928180217743,215,444
0,6,0.0,7.059244155883789,0.5392916798591614,0.2420928180217743,173,450
0,7,0.8920755386352539,0.5745002031326294,-0.2821720242500305,-0.2420928180217743,185,341
0,8,1.0766428709030151,0.6605645418167114,-0.40047672390937805,-0.2420928180217743,127,364
0,9,0.0,1.890393853187561,-0.099268838763237,-0.2420928180217743,182,369
0,10,-0.18811672925949097,1.9736322164535522,-0.30942660570144653,-0.2420928180217743,231,367
 , , , , , , , 
0,0,-0.12541115283966064,1.9972058534622192,0.1476420760154724,0.2420928180217743,368,398
0,1,-0.27211853861808777,4.326035499572754,0.4096151888370514,0.2420928180217743,167,430
0,2,0.0,6.940608501434326,0.5969682931900024,0.2420928180217743,267,426
0,3,-1.2422802448272705,1.9346134662628174,-7.610909938812256,0.2420928180217743,121,403
0,4,0.8613142967224121,0.5703069567680359,-0.23802396655082703,-0.2420928180217743,181,357
0,5,0.9938241839408875,0.49754273891448975,-0.23410306870937347,-0.2420928180217743,121,360
0,6,-0.12541115283966064,1.9984679222106934,-0.1294422596693039,-0.2420928180217743,338,378
 , , , , , , , 
0,0,-0.06270557641983032,2.0048797130584717,0.05369233712553978,0.2420928180217743,381,389
0,1,-0.13369300961494446,4.274409770965576,0.11974292248487473,0.2420928180217743,147,415
0,2,-0.274484783411026,4.382617473602295,0.0696309506893158,0.2420928180217743,186,425
0,3,0.0,6.995911121368408,0.3384653329849243,0.2420928180217743,243,455
0,4,0.0,7.1026787757873535,0.46178585290908813,0.2420928180217743,234,435
0,5,-0.6412532329559326,1.70164155960083,10.097617149353027,0.2420928180217743,150,381
0,6,0.9275692105293274,0.42630332708358765,-0.2857421338558197,-0.2420928180217743,185,346
0,7,-0.06270557641983032,1.9942772388458252,-0.21279877424240112,-0.2420928180217743,332,380
 , , , , , , , 
0,0,0.8613142967224121,0.6118022799491882,-0.08719757199287415,0.2420928180217743,130,358
0,1,-0.12541115283966064,1.9966224431991577,0.15533165633678436,0.2420928180217743,406,356
0,2,0.0,2.3836891651153564,-0.08426570892333984,0.2420928180217743,134,466
0,3,-0.4117271900177002,4.368978977203369,0.17329026758670807,0.2420928180217743,170,417
0,4,-0.43775588274002075,6.975492477416992,0.4562966823577881,0.2420928180217743,200,421
0,5,-2.2290055751800537,11.592222213745117,1.4061269760131836,0.2420928180217743,122,378
0,6,0.9275692105293274,0.48076149821281433,-0.1795869767665863,-0.2420928180217743,165,356
0,7,-0.12541115283966064,2.0004000663757324,-0.09501739591360092,-0.2420928180217743,349,356
0,8,0.07453681528568268,2.3569812774658203,-0.3579908013343811,-0.2420928180217743,143,455
0,9,0.23780792951583862,2.514463424682617,-0.23527036607265472,-0.2420928180217743,114,423
 , , , , , , , 
0,0,0.946499228477478,0.7529534697532654,0.0705590769648552,0.2420928180217743,142,390
0,1,-0.18811672925949097,1.9949742555618286,0.10510561615228653,0.2420928180217743,250,383
0,2,0.0,2.3836820125579834,-0.08446665108203888,0.2420928180217743,136,433
0,3,-0.440122127532959,6.965005874633789,0.9402661919593811,0.2420928180217743,139,387
0,4,-0.6779300570487976,7.17218017578125,0.6255220174789429,0.2420928180217743,139,377
0,5,0.8944417238235474,0.5213854312896729,-0.22781342267990112,-0.2420928180217743,200,354
0,6,-0.12541115283966064,1.9978306293487549,-0.13893169164657593,-0.2420928180217743,234,375
0,7,0.07453681528568268,2.3499996662139893,-0.4012739062309265,-0.2420928180217743,156,430
0,8,0.23780792951583862,2.5188803672790527,-0.1819911152124405,-0.2420928180217743,135,401
 , , , , , , , 
0,0,0.9760772585868835,0.7745851874351501,0.09076672792434692,0.2420928180217743,155,388
0,1,-0.19166609644889832,2.0280404090881348,0.17333275079727173,0.2420928180217743,288,386
0,2,0.9263861179351807,0.3982965350151062,-0.16763240098953247,-0.2420928180217743,145,341
0,3,-0.12777739763259888,2.039393901824951,-0.06537628173828125,-0.2420928180217743,281,375
 , , , , , , , 
0,0,-0.19166609644889832,2.0286006927490234,0.16664758324623108,0.2420928180217743,220,396
0,1,0.8944417238235474,0.5409868955612183,-0.17628085613250732,-0.2420928180217743,224,343
0,2,1.538061261177063,1.0911074876785278,-0.16521239280700684,-0.2420928180217743,114,382
0,3,-0.12777739763259888,2.038377285003662,-0.09175550937652588,-0.2420928180217743,223,390
 , , , , , , , 
0,0,-0.19166609644889832,2.019474744796753,0.25438857078552246,0.2420928180217743,203,382
0,1,0.8613142967224121,0.4324329197406769,-0.2002561092376709,-0.2420928180217743,196,345
0,2,1.022219181060791,0.6496093273162842,-0.029224693775177002,-0.2420928180217743,192,392
0,3,-0.19166609644889832,2.0352284908294678,-0.028933607041835785,-0.2420928180217743,205,397
 , , , , , , , 
0,0,-0.25555479526519775,1.9991122484207153,0.34346774220466614,0.2420928180217743,126,422
0,1,0.9606966972351074,0.42523878812789917,-0.14142677187919617,-0.2420928180217743,133,352
0,2,0.9843592047691345,0.7061273455619812,0.01412296574562788,-0.2420928180217743,267,381
0,3,-0.19166609644889832,2.0348880290985107,0.04714758321642876,-0.2420928180217743,173,395
 , , , , , , , 
0,0,-0.12777739763259888,2.024725914001465,0.25275588035583496,0.2420928180217743,241,374
0,1,0.8305530548095703,0.4466862678527832,-0.2821631133556366,-0.2420928180217743,122,358
0,2,0.9263861179351807,0.5779024958610535,-0.11535954475402832,-0.2420928180217743,175,367
0,3,0.9843592047691345,0.7006333470344543,-0.08904033899307251,-0.2420928180217743,176,385
0,4,-0.12777739763259888,2.040430784225464,0.0065863169729709625,-0.2420928180217743,213,413
 , , , , , , , 
0,0,0.9535980224609375,0.6784989833831787,0.0881224274635315,0.2420928180217743,161,352
0,1,-0.19166609644889832,2.0093801021575928,0.32462894916534424,0.2420928180217743,273,357
0,2,0.9535980224609375,0.6810383796691895,-0.06567425280809402,-0.2420928180217743,218,357
0,3,-0.19166609644889832,2.035022258758545,0.04094437137246132,-0.2420928180217743,275,372
 , , , , , , , 
0,0,-0.06388869881629944,2.039755344390869,0.12265627831220627,0.2420928180217743,315,358
0,1,-0.21887794137001038,6.96012020111084,0.7524316906929016,0.2420928180217743,136,402
0,2,-0.4495871365070343,7.174828052520752,0.2542191743850708,0.2420928180217743,127,413
0,3,-0.7489175200462341,3.699235200881958,7.0406084060668945,0.2420928180217743,124,389
0,4,-1.2825064659118652,3.9855544567108154,9.366920471191406,0.2420928180217743,153,364
0,5,-0.12777739763259888,2.0382864475250244,-0.09375020861625671,-0.2420928180217743,287,361
0,6,0.0,2.608499765396118,-0.14155533909797668,-0.2420928180217743,132,399
 , , , , , , , 
0,0,-0.19166609644889832,2.033540964126587,0.08776765316724777,0.2420928180217743,363,356
0,1,-0.27685102820396423,4.419910430908203,0.0961737409234047,0.2420928180217743,181,393
0,2,-0.12777739763259888,2.0399277210235596,-0.04578353092074394,-0.2420928180217743,327,353
 , , , , , , , 
0,0,0.9535980224609375,0.6690994501113892,0.14294181764125824,0.2420928180217743,116,354
0,1,-0.12777739763259888,2.0313384532928467,0.19252446293830872,0.2420928180217743,250,352
0,2,-0.13842551410198212,4.418829441070557,0.2762012779712677,0.2420928180217743,213,357
0,3,-0.12777739763259888,2.0399181842803955,-0.04620425030589104,-0.2420928180217743,264,339
0,4,-0.13842551410198212,4.41713285446167,-0.30212703347206116,-0.2420928180217743,174,363
 , , , , , , , 
0,0,-0.12067864835262299,1.9179456233978271,0.1874445080757141,0.2420928180217743,183,348
0,1,0.0,2.082275629043579,-0.009712192229926586,0.2420928180217743,201,372
0,2,2.2739644050598145,0.5343726873397827,0.2311582714319229,0.2420928180217743,163,433
0,3,-0.2046804577112198,6.534724235534668,0.3937445878982544,0.2420928180217743,218,382
0,4,-0.18811672925949097,1.9928699731826782,0.1394212543964386,-0.2420928180217743,221,344
0,5,-0.41527652740478516,4.409939289093018,0.03852413222193718,-0.2420928180217743,257,396
0,6,-0.47561585903167725,5.050864219665527,0.0168532133102417,-0.2420928180217743,120,395
0,7,-0.5785476565361023,6.131974697113037,-0.3841507136821747,-0.2420928180217743,135,366
0,8,-0.2046804577112198,6.5464558601379395,-0.039663493633270264,-0.2420928180217743,146,392
 , , , , , , , 
0,0,-0.06388869881629944,2.021240472793579,0.3003881573677063,0.2420928180217743,265,353
0,1,0.0,3.6550748348236084,0.3564741313457489,0.2420928180217743,137,389
0,2,-0.06388869881629944,2.042520761489868,0.061277519911527634,-0.2420928180217743,272,356
0,3,2.1272571086883545,0.9913172125816345,0.044383708387613297,-0.2420928180217743,175,421
0,4,-0.11476302891969681,3.6699066162109375,0.07252994924783707,-0.2420928180217743,125,380
0,5,-0.4117271900177002,4.367551803588867,0.20614895224571228,-0.2420928180217743,163,372
 , , , , , , , 
0,0,-0.12067864835262299,1.9006361961364746,0.31817084550857544,0.2420928180217743,157,354
0,1,1.0636285543441772,0.48957014083862305,0.08056666702032089,-0.2420928180217743,129,353
0,2,-0.06033932417631149,1.929905891418457,0.006040054373443127,-0.2420928180217743,191,351
0,3,-0.06388869881629944,2.039595603942871,-0.12528379261493683,-0.2420928180217743,251,350
0,4,-0.13842551410198212,4.423417568206787,-0.18899323046207428,-0.2420928180217743,146,395
 , , , , , , , 
0,0,0.0,5.408225059509277,0.6881964206695557,0.2420928180217743,221,415
0,1,-0.06388869881629944,2.0431501865386963,-0.03440243378281593,-0.2420928180217743,352,364
0,2,-0.22006107866764069,2.235596179962158,-0.6808711290359497,-0.2420928180217743,154,458
0,3,-0.34073972702026367,3.617135524749756,0.10115444660186768,-0.2420928180217743,117,447
 , , , , , , , 
0,0,0.9228367209434509,0.6502233147621155,0.12498624622821808,0.2420928180217743,122,347
0,1,0.0,3.8086812496185303,0.340335488319397,0.2420928180217743,117,473
0,2,-0.12304490059614182,3.935279607772827,0.04292400926351547,0.2420928180217743,128,442
0,3,0.0,4.084003925323486,0.199558287858963,0.2420928180217743,130,428
0,4,-0.18811672925949097,1.99757719039917,-0.025583527982234955,-0.2420928180217743,303,348
0,5,0.0,1.8557510375976562,1.3746942281723022,-0.2420928180217743,147,442
 , , , , , , , 
0,0,-0.12777739763259888,2.032764196395874,0.17683525383472443,0.2420928180217743,318,364
0,1,0.0,3.468952178955078,0.3138076364994049,0.2420928180217743,139,403
0,2,-0.12541115283966064,2.000828266143799,-0.0855274349451065,-0.2420928180217743,372,356
0,3,-0.6045763492584229,2.6874842643737793,-0.22446167469024658,-0.2420928180217743,175,459
 , , , , , , , 
0,0,-0.12541115283966064,1.9965665340423584,0.15604911744594574,0.2420928180217743,293,352
0,1,2.4183053970336914,1.3293895721435547,0.15162445604801178,0.2420928180217743,126,375
0,2,-0.06270557641983032,2.002891778945923,-0.10416168719530106,-0.2420928180217743,323,345
0,3,-0.7560162544250488,2.559609889984131,-0.32014283537864685,-0.2420928180217743,144,404
0,4,-0.43184027075767517,2.726179599761963,-0.14115995168685913,-0.2420928180217743,152,394
0,5,-0.23189230263233185,3.7004711627960205,-0.13745179772377014,-0.2420928180217743,126,371
 , , , , , , , 
0,0,-0.12541115283966064,1.996901273727417,0.15170517563819885,0.2420928180217743,254,347
0,1,-0.06270557641983032,2.003798246383667,-0.08495601266622543,-0.2420928180217743,262,348
0,2,-0.6909444332122803,2.6757678985595703,-0.03646859526634216,-0.2420928180217743,118,365
 , , , , , , , 
0,0,-0.12541115283966064,2.0001096725463867,0.10094533115625381,0.2420928180217743,291,342
0,1,-0.06270557641983032,2.0012738704681396,-0.13163666427135468,-0.2420928180217743,269,338
 , , , , , , , 
0,0,-0.12777739763259888,2.0273330211639404,0.23091569542884827,0.2420928180217743,287,359
0,1,0.9263861179351807,0.41757166385650635,0.41582804918289185,-0.2420928180217743,145,346
0,2,-0.06388869881629944,2.043318510055542,-0.022257860749959946,-0.2420928180217743,309,352
 , , , , , , , 
0,0,0.9902748465538025,0.6276359558105469,0.053892623633146286,0.2420928180217743,174,357
0,1,-0.12777739763259888,2.0299220085144043,0.20692473649978638,0.2420928180217743,316,350
0,2,-0.16563735902309418,5.297717094421387,0.030827339738607407,0.2420928180217743,119,383
0,3,-0.06388869881629944,2.0427680015563965,-0.05239636451005936,-0.2420928180217743,304,352
 , , , , , , , 
0,0,-0.12777739763259888,2.034614324569702,0.15409591794013977,0.2420928180217743,394,364
0,1,-0.06388869881629944,2.0408191680908203,-0.10345619916915894,-0.2420928180217743,369,345
0,2,-0.3194434940814972,3.391327142715454,0.08492960035800934,-0.2420928180217743,149,403
 , , , , , , , 
0,0,-0.12777739763259888,2.036208391189575,0.13136258721351624,0.2420928180217743,441,358
0,1,0.9535980224609375,0.6805824041366577,0.07024235278367996,-0.2420928180217743,148,357
 , , , , , , , 
0,0,-0.12777739763259888,2.0338504314422607,0.1638694405555725,0.2420928180217743,425,352
0,1,0.9902748465538025,0.6299454569816589,0.00014019088121131063,-0.2420928180217743,140,348
0,2,-0.06388869881629944,2.041553020477295,-0.08779361099004745,-0.2420928180217743,368,350
0,3,2.4206717014312744,2.5103678703308105,-0.48546966910362244,-0.2420928180217743,167,383
0,4,-0.582097053527832,6.155523300170898,-0.5681642293930054,-0.2420928180217743,121,367
 , , , , , , , 
0,0,-0.12777739763259888,2.0266690254211426,0.23667296767234802,0.2420928180217743,345,351
0,1,-0.06388869881629944,2.043384075164795,-0.01507984846830368,-0.2420928180217743,377,343
 , , , , , , , 
0,0,-0.0840018093585968,2.6598124504089355,-0.3794686198234558,0.2420928180217743,181,404
0,1,-0.06388869881629944,2.043034315109253,0.040708672255277634,-0.2420928180217743,492,363
 , , , , , , , 
0,0,-0.12541115283966064,1.985470175743103,0.2617962956428528,0.2420928180217743,396,349
0,1,-0.1751023530960083,2.762988328933716,-0.42942747473716736,0.2420928180217743,131,443
0,2,-0.06388869881629944,2.0433948040008545,-0.013574761338531971,-0.2420928180217743,441,352
0,3,-0.08518493175506592,2.7091119289398193,-0.28997308015823364,-0.2420928180217743,126,425
0,4,0.0,4.20116662979126,0.10411781072616577,-0.2420928180217743,125,419
 , , , , , , , 
0,0,-0.06388869881629944,2.0346121788024902,0.18973562121391296,0.2420928180217743,395,350
0,1,0.0,4.7543559074401855,0.3903830349445343,0.2420928180217743,174,387
0,2,-0.06270557641983032,2.005067825317383,-0.04613226652145386,-0.2420928180217743,361,352
 , , , , , , , 
0,0,-0.12777739763259888,2.0287046432495117,0.21853795647621155,0.2420928180217743,361,342
0,1,-0.06388869881629944,2.043016195297241,-0.04160767421126366,-0.2420928180217743,331,354
 , , , , , , , 
0,0,-0.06388869881629944,2.0320069789886475,0.21585646271705627,0.2420928180217743,340,354
0,1,0.9535980224609375,0.6585031151771545,-0.1857418715953827,-0.2420928180217743,134,357
0,2,-0.06388869881629944,2.042888641357422,-0.04745466262102127,-0.2420928180217743,312,355
 , , , , , , , 
0,0,-0.06388869881629944,2.0351004600524902,0.18442532420158386,0.2420928180217743,268,354
0,1,-0.06388869881629944,2.0423049926757812,-0.06809237599372864,-0.2420928180217743,243,368
 , , , , , , , 
0,0,0.0,1.9847652912139893,0.2950659394264221,0.2420928180217743,212,356
 , , , , , , , 
0,0,0.9535980224609375,0.6698839068412781,0.13921906054019928,0.2420928180217743,190,352
0,1,-0.06388869881629944,2.0283138751983643,0.24817036092281342,0.2420928180217743,297,362
0,2,0.0,4.492741584777832,0.6752063035964966,0.2420928180217743,126,394
0,3,1.029317855834961,0.4731675088405609,0.08158935606479645,-0.2420928180217743,165,353
0,4,-0.06388869881629944,2.0434327125549316,-0.005343010649085045,-0.2420928180217743,289,348
 , , , , , , , 
0,0,-0.06388869881629944,2.036173105239868,0.1721775084733963,0.2420928180217743,234,361
0,1,0.0,2.0031321048736572,0.1175544261932373,-0.2420928180217743,286,342
 , , , , , , , 
0,0,-0.06388869881629944,2.0278141498565674,0.2522222101688385,0.2420928180217743,266,356
0,1,-0.06388869881629944,2.0434064865112305,-0.011650540865957737,-0.2420928180217743,267,343
 , , , , , , , 
0,0,-0.06388869881629944,2.0309298038482666,0.22576504945755005,0.2420928180217743,372,349
0,1,-0.06388869881629944,2.043168544769287,-0.03329019621014595,-0.2420928180217743,349,348
0,2,-0.1751023530960083,2.7696757316589355,-0.38393861055374146,-0.2420928180217743,140,397
 , , , , , , , 
0,0,-0.06388869881629944,2.031376361846924,0.22171300649642944,0.2420928180217743,409,358
0,1,-0.06388869881629944,2.0430424213409424,-0.04029357060790062,-0.2420928180217743,382,347
 , , , , , , , 
0,0,-0.06388869881629944,2.0343689918518066,0.19232532382011414,0.2420928180217743,421,354
0,1,-0.06388869881629944,2.0432183742523193,-0.03007221780717373,-0.2420928180217743,368,357
 , , , , , , , 
0,0,-0.06388869881629944,2.0432567596435547,0.02734699286520481,0.2420928180217743,401,349
0,1,0.0,4.275498867034912,-0.15133033692836761,0.2420928180217743,114,469
 , , , , , , , 
0,0,-0.06388869881629944,2.0294737815856934,0.2385006546974182,0.2420928180217743,316,351
0,1,-0.06388869881629944,2.0208802223205566,0.3028024435043335,-0.2420928180217743,365,351
 , , , , , , , 
0,0,-0.06507182121276855,2.0746026039123535,0.16660112142562866,0.2420928180217743,286,352
0,1,-0.582097053527832,6.181687831878662,0.004105980973690748,0.2420928180217743,186,359
0,2,-0.5927451252937317,6.2942399978637695,-0.08155582845211029,0.2420928180217743,117,373
0,3,-0.06507182121276855,2.080275535583496,0.06469646096229553,-0.2420928180217743,260,360
0,4,-0.13487613201141357,2.145874261856079,0.18459363281726837,-0.2420928180217743,234,379
 , , , , , , , 
0,0,-0.06388869881629944,2.0319437980651855,0.21645168960094452,0.2420928180217743,260,354
0,1,-0.0840018093585968,2.6786623001098633,-0.20824819803237915,-0.2420928180217743,126,385
 , , , , , , , 
0,0,-0.12777739763259888,2.014652967453003,0.32337939739227295,0.2420928180217743,248,357
0,1,-0.06388869881629944,2.0425031185150146,0.06186550855636597,-0.2420928180217743,318,349
0,2,-0.1218617781996727,3.8964312076568604,0.09835754334926605,-0.2420928180217743,120,401
 , , , , , , , 
0,0,0.0,2.041968584060669,0.10046303272247314,-0.2420928180217743,361,346
0,1,0.17036986351013184,1.8199328184127808,2.02223801612854,-0.2420928180217743,126,417
0,2,-0.6814794540405273,2.6249544620513916,0.2753690779209137,-0.2420928180217743,126,417
0,3,-0.11239678412675858,3.588655471801758,0.2124805450439453,-0.2420928180217743,124,412
 , , , , , , , 
0,0,-0.12777739763259888,2.031341075897217,0.19249564409255981,0.2420928180217743,214,363
0,1,-0.7879605889320374,2.6717653274536133,0.29993608593940735,0.2420928180217743,148,389
0,2,1.4883699417114258,0.621601402759552,-2.2907509803771973,0.2420928180217743,148,389
0,3,-0.06270557641983032,2.0049002170562744,-0.05291467159986496,-0.2420928180217743,273,351
0,4,-0.7004094123840332,2.708709716796875,0.14660227298736572,-0.2420928180217743,132,416
 , , , , , , , 
0,0,-0.2366248071193695,3.771959066390991,0.22384580969810486,0.2420928180217743,126,399
0,1,-0.06270557641983032,2.0046398639678955,0.06199903413653374,-0.2420928180217743,358,357
0,2,-0.6909444332122803,2.6646173000335693,0.2467353194952011,-0.2420928180217743,189,449
0,3,0.34547221660614014,0.5961295962333679,-2.6765174865722656,-0.2420928180217743,189,449
 , , , , , , , 
0,0,0.8613142967224121,0.4225221872329712,-0.22039903700351715,0.2420928180217743,211,347
0,1,1.022219181060791,0.6502146124839783,0.008203012868762016,0.2420928180217743,223,379
0,2,-0.12541115283966064,1.985967993736267,0.25799301266670227,0.2420928180217743,259,380
0,3,-0.44012215733528137,2.2769079208374023,0.36316052079200745,0.2420928180217743,134,459
0,4,-0.12541115283966064,2.0026533603668213,-0.002994758542627096,-0.2420928180217743,316,375
0,5,0.0,3.773533344268799,0.3069496154785156,-0.2420928180217743,114,453
 , , , , , , , 
0,0,0.8305530548095703,0.4628867506980896,-0.25471651554107666,0.2420928180217743,129,348
0,1,0.9263861179351807,0.5837916731834412,-0.08041389286518097,0.2420928180217743,228,354
0,2,-0.12541115283966064,1.989120364189148,0.23244184255599976,0.2420928180217743,220,399
0,3,2.1272571086883545,0.9780796766281128,0.1674511581659317,0.2420928180217743,141,483
0,4,2.4467005729675293,2.5843427181243896,-0.012315874919295311,0.2420928180217743,136,422
0,5,-0.34073972702026367,3.6146581172943115,0.16777673363685608,0.2420928180217743,143,409
0,6,-0.06270557641983032,2.0054726600646973,0.022471368312835693,-0.2420928180217743,238,412
0,7,-0.22006107866764069,2.3246915340423584,0.23934172093868256,-0.2420928180217743,151,473
0,8,-0.10884740948677063,3.4803593158721924,0.08577238023281097,-0.2420928180217743,177,434
 , , , , , , , 
0,0,0.8920755386352539,0.40700608491897583,0.0866619199514389,0.2420928180217743,168,340
0,1,1.022219181060791,0.6500418782234192,0.01708366349339485,0.2420928180217743,151,408
0,2,-0.24608980119228363,1.9443185329437256,0.18686124682426453,0.2420928180217743,201,426
0,3,2.472729206085205,2.6072685718536377,0.15488773584365845,0.2420928180217743,131,410
0,4,-0.8755117654800415,6.926604747772217,0.5594277381896973,0.2420928180217743,117,410
0,5,-0.44485464692115784,7.019700050354004,1.0895873308181763,0.2420928180217743,113,389
0,6,0.8624974489212036,0.5127768516540527,-0.1951667070388794,-0.2420928180217743,154,346
0,7,-0.18456734716892242,1.9595891237258911,-0.04239564761519432,-0.2420928180217743,179,410
 , , , , , , , 
0,0,0.8624974489212036,0.5332100987434387,-0.12929490208625793,0.2420928180217743,228,345
0,1,0.9938241839408875,0.5438361763954163,-0.08121106028556824,0.2420928180217743,155,365
0,2,1.0541634559631348,0.6681684851646423,0.056903090327978134,0.2420928180217743,129,409
0,3,1.538061261177063,1.103066086769104,0.032494571059942245,0.2420928180217743,209,409
0,4,-0.2508223056793213,1.988603115081787,0.09435632079839706,0.2420928180217743,147,427
0,5,1.5049338340759277,1.3233143091201782,-0.10183556377887726,0.2420928180217743,147,427
0,6,2.472729206085205,2.6118016242980957,0.018219714984297752,0.2420928180217743,130,425
0,7,-0.6317881941795349,6.688930034637451,0.5236226916313171,0.2420928180217743,120,412
0,8,-0.6530844569206238,6.869662761688232,0.9537478089332581,0.2420928180217743,274,430
0,9,-3.34350848197937,11.355615615844727,1.0937103033065796,0.2420928180217743,117,366
0,10,0.8305530548095703,0.5806175470352173,-0.1341523975133896,-0.2420928180217743,203,349
0,11,1.538061261177063,1.0820789337158203,-0.21660037338733673,-0.2420928180217743,114,442
0,12,0.23425854742527008,2.4719431400299072,-0.28001832962036133,-0.2420928180217743,116,443
 , , , , , , , 
0,0,0.9760772585868835,0.7787123918533325,-0.04275297746062279,0.2420928180217743,201,375
0,1,-0.2508223056793213,1.9852864742279053,0.1486039012670517,0.2420928180217743,269,459
0,2,-0.5442370772361755,4.311520576477051,0.2664811313152313,0.2420928180217743,165,426
0,3,-0.4353896379470825,6.897453784942627,0.8740633726119995,0.2420928180217743,172,413
0,4,-0.8944417834281921,7.081589698791504,0.5027222037315369,0.2420928180217743,136,405
0,5,0.3123447299003601,0.42497357726097107,-2.4424636363983154,-0.4841856360435486,176,411
 , , , , , , , 
0,0,-0.2508223056793213,1.9849002361297607,0.15367606282234192,0.2420928180217743,306,477
0,1,-0.9039067625999451,7.11979866027832,0.8845643401145935,0.2420928180217743,134,407
0,2,4.36454439163208,6.959086894989014,-0.13476233184337616,0.2420928180217743,170,367
0,3,-1.9237596988677979,10.049583435058594,0.7574185729026794,0.2420928180217743,119,368
0,4,0.6862119436264038,0.8550517559051514,-0.058906421065330505,0.4841856360435486,221,359
0,5,0.6637325286865234,0.6206675171852112,0.8574255704879761,0.7262784242630005,215,422
0,6,-0.2508223056793213,1.9869369268417358,-0.12460877001285553,-0.2420928180217743,270,460
0,7,4.621282577514648,6.689389705657959,-1.1798765659332275,-0.2420928180217743,164,364
 , , , , , , , 
0,0,-0.2508223056793213,1.9836814403533936,0.16868123412132263,0.2420928180217743,259,495
0,1,4.36454439163208,6.954928874969482,0.27570846676826477,0.2420928180217743,183,370
0,2,0.7571994066238403,0.943102240562439,0.07060875743627548,0.4841856360435486,368,361
0,3,-0.18811672925949097,1.995808482170105,-0.08785194158554077,-0.2420928180217743,348,368
0,4,4.621282577514648,6.743889808654785,-0.8124023675918579,-0.2420928180217743,164,372
 , , , , , , , 
0,0,0.9275692105293274,0.5073369145393372,0.0774102434515953,0.2420928180217743,137,350
0,1,-0.2366248071193695,1.8651196956634521,0.22086232900619507,0.2420928180217743,125,443
0,2,-0.2508223056793213,1.9810290336608887,0.1974070519208908,0.2420928180217743,232,448
0,3,-0.8459336757659912,5.310229778289795,0.630070686340332,0.2420928180217743,133,416
0,4,4.36454439163208,6.91583251953125,0.7863290309906006,0.2420928180217743,118,367
0,5,0.5631670355796814,1.1572500467300415,0.024482348933815956,0.9683712720870972,283,357
0,6,0.9275692105293274,0.5091363787651062,-0.06452302634716034,-0.2420928180217743,175,345
0,7,-0.2366248071193695,1.878124713897705,-0.009974092245101929,-0.2420928180217743,183,368
0,8,-0.18811672925949097,1.9975171089172363,-0.02990986406803131,-0.2420928180217743,289,368
0,9,-0.6767469644546509,5.367718696594238,-0.20184852182865143,-0.2420928180217743,129,384
0,10,-0.5749982595443726,6.103132247924805,0.19674640893936157,-0.2420928180217743,128,387
 , , , , , , , 
0,0,-0.18811672925949097,1.9813597202301025,0.25530967116355896,0.2420928180217743,170,441
0,1,0.6388869881629944,1.1948823928833008,0.14743265509605408,0.4841856360435486,299,381
0,2,-0.18811672925949097,1.9977298974990845,0.006675719283521175,-0.2420928180217743,233,389
 , , , , , , , 
0,0,0.6814794540405273,1.164147138595581,0.19494615495204926,0.2420928180217743,180,389
0,1,-0.2508223056793213,1.9724568128585815,0.26992523670196533,0.2420928180217743,155,407
0,2,-0.2508223056793213,1.9908230304718018,0.008311677724123001,-0.2420928180217743,223,366
0,3,-0.6684650182723999,4.225552558898926,0.025553656741976738,-0.2420928180217743,143,393
 , , , , , , , 
0,0,0.870779275894165,0.8085179924964905,0.2362634539604187,0.2420928180217743,168,352
0,1,0.7441849708557129,1.1642603874206543,0.2301732301712036,0.2420928180217743,185,379
0,2,-0.17746859788894653,1.8657959699630737,0.2659949064254761,0.2420928180217743,148,406
0,3,-0.18811672925949097,1.9865388870239258,0.21126364171504974,0.2420928180217743,305,366
0,4,-0.17746859788894653,1.8835554122924805,0.06455230712890625,-0.2420928180217743,191,378
0,5,-0.2508223056793213,1.9907164573669434,-0.022211605682969093,-0.2420928180217743,331,364
0,6,2.498757839202881,2.6368563175201416,-0.1149018257856369,-0.2420928180217743,143,413
0,7,-0.7666643857955933,6.074605464935303,0.3590904176235199,-0.2420928180217743,131,406
0,8,-2.224273204803467,6.720831871032715,-0.7377800941467285,-0.2420928180217743,119,401
 , , , , , , , 
0,0,0.7004094123840332,1.1924514770507812,0.22311340272426605,0.2420928180217743,189,384
0,1,-0.17746859788894653,1.8676213026046753,0.2528607249259949,0.2420928180217743,183,412
0,2,0.7441849708557129,1.186065912246704,0.04158901423215866,-0.2420928180217743,148,365
0,3,-0.3135278820991516,1.9815868139266968,-0.03702785074710846,-0.2420928180217743,331,370
0,4,2.472729206085205,2.6112635135650635,0.05606204643845558,-0.2420928180217743,123,446
0,5,-0.40817779302597046,4.334510803222656,-0.04267274960875511,-0.2420928180217743,144,400
0,6,-0.7761293649673462,6.158145904541016,0.16424345970153809,-0.2420928180217743,115,406
 , , , , , , , 
0,0,0.7004094123840332,1.181350827217102,0.2759169042110443,0.2420928180217743,146,371
0,1,0.7441849708557129,1.1838029623031616,0.0842173770070076,-0.2420928180217743,113,375
0,2,-0.2508223056793213,1.9908320903778076,-0.00575341796502471,-0.2420928180217743,416,362
0,3,-0.5442370772361755,4.317743301391602,0.13158021867275238,-0.2420928180217743,188,414
0,4,-0.6708313226699829,7.11868953704834,0.27552345395088196,-0.2420928180217743,141,416
0,5,-5.430539608001709,4.018962860107422,-7.67140007019043,-0.2420928180217743,122,380
0,6,-0.958330512046814,6.463072776794434,7.861519813537598,-0.2420928180217743,122,380
 , , , , , , , 
0,0,-0.18456734716892242,1.9460177421569824,0.23409825563430786,0.2420928180217743,205,358
0,1,0.15617236495018005,2.482030153274536,0.2427489012479782,0.2420928180217743,120,425
0,2,-0.18456734716892242,1.9599624872207642,-0.01827646605670452,-0.2420928180217743,268,345
0,3,-0.2602872848510742,2.059105157852173,0.16823388636112213,-0.2420928180217743,136,380
0,4,2.335486888885498,2.6612889766693115,-0.35827866196632385,-0.2420928180217743,129,418
0,5,-0.4046283960342407,4.297025203704834,0.004237359389662743,-0.2420928180217743,196,414
0,6,5.428173065185547,1.3812869787216187,0.1538745015859604,-0.2420928180217743,124,403
0,7,-0.5253070592880249,5.537777423858643,-0.6736249327659607,-0.2420928180217743,124,403
0,8,-0.6530844569206238,6.915816307067871,0.5228658318519592,-0.2420928180217743,237,458
 , , , , , , , 
0,0,-0.06270557641983032,1.996166467666626,0.19427992403507233,0.2420928180217743,245,360
0,1,0.15853862464427948,2.530383586883545,0.0803416445851326,0.2420928180217743,139,414
0,2,-0.06270557641983032,2.0029094219207764,-0.10382168740034103,-0.2420928180217743,243,359
0,3,-0.14670738577842712,2.3181869983673096,-0.3382144570350647,-0.2420928180217743,135,499
0,4,2.1272571086883545,0.9920012354850769,-0.024763979017734528,-0.2420928180217743,135,499
0,5,2.4206717014312744,2.5410218238830566,-0.284316748380661,-0.2420928180217743,128,444
0,6,-0.44485464692115784,7.086554527282715,0.49410563707351685,-0.2420928180217743,147,412
 , , , , , , , 
0,0,-0.06270557641983032,1.9963619709014893,0.19226056337356567,0.2420928180217743,266,356
0,1,0.07453681528568268,2.3725717067718506,-0.23328478634357452,0.2420928180217743,143,432
0,2,0.23425854742527008,2.4848036766052246,0.1210937574505806,0.2420928180217743,150,410
0,3,-0.06270557641983032,2.0045089721679688,-0.06609896570444107,-0.2420928180217743,257,352
0,4,-0.22479356825351715,3.5875515937805176,0.12316519021987915,-0.2420928180217743,214,433
0,5,-0.16918674111366272,5.380557537078857,0.5762881636619568,-0.2420928180217743,136,404
 , , , , , , , 
0,0,-0.06270557641983032,2.000420570373535,0.14402395486831665,0.2420928180217743,165,345
0,1,0.15853862464427948,2.513423442840576,0.30331334471702576,0.2420928180217743,117,408
0,2,-0.12304490059614182,1.9634159803390503,-0.07556268572807312,-0.2420928180217743,151,356
0,3,0.14197488129138947,1.8409146070480347,1.3232667446136475,-0.2420928180217743,120,454
 , , , , , , , 
0,0,-0.12304490059614182,1.964601755142212,0.032437119632959366,0.2420928180217743,213,352
0,1,-0.12304490059614182,1.9482921361923218,-0.2546958923339844,-0.2420928180217743,223,362
 , , , , , , , 
0,0,-0.12304490059614182,1.9560911655426025,0.18552514910697937,0.2420928180217743,292,365
0,1,0.8944417238235474,0.4664812684059143,0.32578667998313904,-0.2420928180217743,143,363
0,2,0.7004094123840332,1.2021459341049194,0.1629878282546997,-0.2420928180217743,204,418
0,3,-0.06152245029807091,1.9674674272537231,-0.033749472349882126,-0.2420928180217743,277,413
 , , , , , , , 
0,0,0.8979911208152771,0.8298799991607666,0.2566295564174652,0.2420928180217743,134,367
0,1,-0.12304490059614182,1.9534461498260498,0.2115660309791565,0.2420928180217743,263,367
0,2,-0.07335369288921356,2.3386740684509277,-0.18741723895072937,0.2420928180217743,152,482
0,3,0.6814794540405273,1.1623973846435547,0.20512162148952484,-0.4841856360435486,264,376
0,4,0.07808618247509003,2.4227867126464844,-0.6064632534980774,-0.4841856360435486,140,431
0,5,-0.06152245029807091,1.9677358865737915,0.009091346524655819,-0.2420928180217743,181,435
0,6,0.07453681528568268,2.3319084644317627,-0.4957028329372406,-0.2420928180217743,139,480
 , , , , , , , 
0,0,-0.30761224031448364,1.9437706470489502,0.05461156740784645,0.2420928180217743,341,363
0,1,-0.5395045280456543,4.281887531280518,0.05042674392461777,0.2420928180217743,149,443
0,2,-0.4353896379470825,6.946719169616699,0.2862643003463745,0.2420928180217743,151,447
0,3,-0.4424883723258972,7.010701656341553,0.8820590376853943,0.2420928180217743,120,435
0,4,-1.2730414867401123,2.7880008220672607,9.712210655212402,0.2420928180217743,122,387
0,5,0.7240719199180603,1.0374513864517212,0.2374841719865799,-0.4841856360435486,313,372
0,6,0.07453681528568268,2.318331003189087,-0.5557522177696228,-0.2420928180217743,199,502
 , , , , , , , 
0,0,-0.2508223056793213,1.9907678365707397,0.016999129205942154,0.2420928180217743,434,384
0,1,2.2479357719421387,2.8076331615448,0.014516088180243969,0.2420928180217743,123,454
0,2,-0.6779300570487976,7.168739318847656,0.6637923121452332,0.2420928180217743,136,442
0,3,0.8199049234390259,0.9370357394218445,0.10328403860330582,-0.4841856360435486,297,367
0,4,0.14670738577842712,2.244121551513672,-0.672531008720398,-0.2420928180217743,165,500
 , , , , , , , 
0,0,-0.18811672925949097,1.9946048259735107,0.11189619451761246,0.2420928180217743,421,363
0,1,0.14670738577842712,2.2844254970550537,-0.5194029808044434,0.2420928180217743,127,534
0,2,-0.43657273054122925,4.624128818511963,0.33525967597961426,0.2420928180217743,167,514
0,3,0.5962945222854614,0.871723473072052,0.09109751135110855,-0.9683712720870972,270,348
0,4,0.8329192996025085,0.8797606825828552,0.006698399782180786,-0.4841856360435486,229,362
0,5,0.8695961236953735,0.8146157264709473,0.5797334313392639,-0.4841856360435486,227,394
0,6,0.31707724928855896,2.5149879455566406,-0.09342817217111588,-0.2420928180217743,121,500
0,7,0.6353375911712646,6.728574752807617,-0.49947091937065125,-0.2420928180217743,131,435
 , , , , , , , 
0,0,-0.18811672925949097,1.9941978454589844,0.1189296767115593,0.2420928180217743,487,375
0,1,-0.515842080116272,4.0926947593688965,0.11710803955793381,0.4841856360435486,128,502
0,2,-0.6743807196617126,7.11226749420166,0.8401063084602356,0.4841856360435486,166,417
0,3,1.1499965190887451,0.7304542064666748,-0.04001963511109352,-0.7262784242630005,140,392
0,4,0.7027757167816162,0.7416701912879944,-0.03104260005056858,-0.2420928180217743,215,356
0,5,0.8163555860519409,0.788879930973053,0.03565971925854683,-0.2420928180217743,177,375
0,6,0.9370341897010803,0.7948327660560608,0.2261757105588913,-0.2420928180217743,144,431
0,7,0.22361044585704803,2.3687400817871094,-0.16775979101657867,-0.2420928180217743,129,517
0,8,0.3123447299003601,2.4787416458129883,0.045507196336984634,-0.2420928180217743,152,502
 , , , , , , , 
0,0,0.7986087203025818,0.6294466257095337,-0.10465691238641739,0.2420928180217743,249,352
0,1,-0.19166609644889832,2.033778667449951,0.08207552134990692,0.2420928180217743,488,402
0,2,-0.23070918023586273,2.4483559131622314,-0.09134971350431442,0.4841856360435486,179,558
0,3,-0.6270557641983032,3.9592185020446777,-0.19188202917575836,0.4841856360435486,129,523
0,4,-0.6814794540405273,7.205178260803223,0.6789801120758057,0.7262784242630005,163,419
0,5,1.086107850074768,0.6903825402259827,0.02693982981145382,-0.2420928180217743,159,405
 , , , , , , , 
0,0,0.8613142967224121,0.6119863390922546,-0.0858963280916214,0.2420928180217743,213,353
0,1,-0.19521546363830566,2.0712666511535645,0.08781258761882782,0.2420928180217743,472,417
0,2,0.14670738577842712,2.3384275436401367,-0.14190343022346497,0.2420928180217743,145,583
0,3,0.0,2.5346431732177734,0.10007403045892715,0.2420928180217743,132,544
0,4,-0.688578188419342,7.270953178405762,0.7782549858093262,0.7262784242630005,179,421
0,5,0.44485464692115784,3.530233383178711,-0.0698506310582161,-0.4841856360435486,132,440
0,6,0.9606967568397522,0.4877317249774933,-0.21130497753620148,-0.2420928180217743,173,365
 , , , , , , , 
0,0,0.9843592047691345,0.6992059350013733,0.09963111579418182,0.2420928180217743,129,360
0,1,-0.198764830827713,2.1102471351623535,-0.04920056089758873,0.2420928180217743,334,431
0,2,-0.13960863649845123,2.22342848777771,0.16266924142837524,0.2420928180217743,136,502
0,3,0.22361044585704803,2.3611297607421875,-0.2532568573951721,0.2420928180217743,185,558
0,4,0.0,2.571519613265991,-0.12338416278362274,0.2420928180217743,125,523
0,5,-0.2815835177898407,3.0390987396240234,3.314007520675659,-1.9367425441741943,179,374
0,6,-1.9710845947265625,3.8770394325256348,-1.1753498315811157,-1.9367425441741943,179,374
0,7,0.9275692105293274,0.4700312316417694,-0.2060430645942688,-0.2420928180217743,136,348
0,8,1.538061261177063,1.0882302522659302,-0.18320924043655396,-0.2420928180217743,139,391
0,9,0.5442370176315308,3.4386887550354004,0.10643882304430008,-0.2420928180217743,121,449
 , , , , , , , 
0,0,-0.198764830827713,2.1086950302124023,0.09470339864492416,0.2420928180217743,419,401
0,1,0.23070918023586273,2.420745372772217,-0.37786680459976196,0.2420928180217743,171,558
0,2,-1.7273610830307007,1.378580093383789,1.6595805883407593,-0.7262784242630005,164,388
0,3,-0.17273610830307007,2.5678369998931885,1.0073939561843872,-0.7262784242630005,164,388
0,4,0.8305530548095703,0.5618578195571899,-0.19856837391853333,-0.2420928180217743,160,362
 , , , , , , , 
0,0,-0.20231419801712036,2.148496150970459,0.008643357083201408,0.2420928180217743,423,431
0,1,0.23070918023586273,2.4168388843536377,-0.4020960032939911,0.2420928180217743,202,548
0,2,0.08163555711507797,2.6099095344543457,0.07757209241390228,0.2420928180217743,158,525
0,3,0.8305530548095703,0.49338826537132263,-0.18897798657417297,-0.2420928180217743,147,357
0,4,1.538061261177063,1.092690110206604,-0.15439839661121368,-0.2420928180217743,132,389
 , , , , , , , 
0,0,-0.2058635950088501,2.186004400253296,-0.02977658435702324,0.2420928180217743,482,367
0,1,0.23425854742527008,2.448549747467041,-0.43990615010261536,0.2420928180217743,170,536
0,2,0.0,4.220547199249268,-9.559075355529785,0.2420928180217743,121,400
0,3,0.8613142967224121,0.4124753475189209,-0.23867303133010864,-0.2420928180217743,242,333
 , , , , , , , 
0,0,-0.20941296219825745,2.223550796508789,-0.03942994400858879,0.2420928180217743,468,382
0,1,0.16327111423015594,2.60355281829834,0.13843631744384766,0.2420928180217743,188,530
0,2,0.3797828257083893,3.9208998680114746,-0.9450119137763977,0.7262784242630005,114,417
0,3,-0.7134237885475159,7.569450855255127,0.32297283411026,0.7262784242630005,126,382
0,4,0.8613142967224121,0.391708105802536,-0.2714138627052307,-0.2420928180217743,137,350
 , , , , , , , 
0,0,-0.2129623293876648,2.261190176010132,-0.04270637407898903,0.2420928180217743,434,380
0,1,0.37859970331192017,2.390625476837158,-0.11262933164834976,0.2420928180217743,181,520
0,2,0.31707724928855896,2.4857537746429443,-0.3936006724834442,0.2420928180217743,177,560
0,3,0.08281867951154709,2.6488990783691406,0.0047771139070391655,0.2420928180217743,168,544
0,4,-0.7205225229263306,7.6477532386779785,0.24649590253829956,0.7262784242630005,138,380
0,5,-0.8057074546813965,8.547114372253418,0.3977005183696747,0.7262784242630005,116,374
0,6,1.0151203870773315,0.7229797840118408,-0.08819576352834702,-0.2420928180217743,140,366
 , , , , , , , 
0,0,-0.21651169657707214,2.2988245487213135,-0.04609382152557373,0.2420928180217743,418,375
0,1,0.37859970331192017,2.393001079559326,-0.03635568171739578,0.2420928180217743,270,462
0,2,0.08281867951154709,2.648805618286133,0.022763201966881752,0.2420928180217743,142,544
0,3,-0.7276212573051453,7.721383571624756,0.2974553108215332,0.7262784242630005,132,384
0,4,-0.812806248664856,8.631349563598633,0.08303264528512955,0.7262784242630005,130,365
0,5,1.022219181060791,0.6488052010536194,-0.04356718435883522,-0.2420928180217743,175,359
 , , , , , , , 
0,0,-0.14670738577842712,2.3420164585113525,-0.05777217820286751,0.2420928180217743,424,387
0,1,0.46851709485054016,2.4450368881225586,0.21465492248535156,0.2420928180217743,197,533
0,2,0.16563735902309418,2.6419684886932373,-0.1269436925649643,0.2420928180217743,113,565
0,3,-5.6115570068359375,3.5782711505889893,-8.202555656433105,0.2420928180217743,132,387
0,4,-0.7347200512886047,7.80225133895874,0.06201758235692978,0.7262784242630005,121,391
 , , , , , , , 
0,0,0.46851709485054016,2.454148292541504,0.03793337941169739,0.2420928180217743,307,470
0,1,0.40817779302597046,2.5395987033843994,-0.4562215507030487,0.2420928180217743,119,542
0,2,0.17036986351013184,2.7168686389923096,0.142220139503479,0.2420928180217743,122,545
0,3,-0.22361044585704803,2.374049186706543,0.05443306267261505,0.4841856360435486,461,369
0,4,1.022219181060791,0.6446646451950073,-0.08516933023929596,-0.2420928180217743,134,364
 , , , , , , , 
0,0,-0.22715981304645538,2.411895513534546,0.0476655587553978,0.4841856360435486,461,371
0,1,-0.15025675296783447,4.7929840087890625,0.35166555643081665,0.7262784242630005,113,407
0,2,-0.5537020564079285,5.880138874053955,0.006977164652198553,0.9683712720870972,141,382
0,3,0.9843592047691345,0.7010489702224731,-0.08570688217878342,-0.2420928180217743,202,371
0,4,-1.6895010471343994,7.506118297576904,-0.6746878027915955,-0.2420928180217743,130,388
 , , , , , , , 
0,0,-0.23070918023586273,2.4495623111724854,-0.0493503212928772,0.2420928180217743,449,368
0,1,-0.3348240852355957,4.450674533843994,-9.74048900604248,0.2420928180217743,119,400
0,2,-4.352713108062744,9.72730827331543,-1.109548568725586,0.2420928180217743,119,400
 , , , , , , , 
0,0,-0.23425854742527008,2.4873340129852295,-0.045640382915735245,0.2420928180217743,422,370
0,1,0.0,2.7609035968780518,-0.12600789964199066,0.2420928180217743,115,516
0,2,5.4896955490112305,2.5578744411468506,-0.12240827828645706,0.2420928180217743,123,431
0,3,-0.4969120919704437,7.9344096183776855,0.10081613808870316,0.4841856360435486,127,419
 , , , , , , , 
0,0,-0.3123447299003601,2.4791479110717773,0.0075663295574486256,0.2420928180217743,400,369
0,1,-0.26975229382514954,2.8587775230407715,0.1838817000389099,0.2420928180217743,122,477
0,2,2.607605457305908,1.2025721073150635,0.18276003003120422,0.2420928180217743,122,477
0,3,-0.5040108561515808,5.345220565795898,-0.27787256240844727,0.2420928180217743,168,408
 , , , , , , , 
0,0,-0.31707724928855896,2.5108683109283447,0.17156124114990234,0.2420928180217743,388,373
0,1,-0.6720144748687744,5.331441879272461,0.1635396033525467,0.2420928180217743,127,425
 , , , , , , , 
0,0,-0.31707724928855896,2.514112710952759,0.11458685249090195,0.2420928180217743,405,367
0,1,2.509406089782715,0.35843169689178467,2.8629162311553955,0.2420928180217743,127,428
0,2,0.955964207649231,1.5814992189407349,3.3476669788360596,0.2420928180217743,127,428
0,3,-0.6767469644546509,5.371510982513428,0.0038293644320219755,0.2420928180217743,201,425
0,4,-5.057855129241943,1.3782836198806763,-6.714399337768555,0.2420928180217743,122,399
0,5,-1.3310145139694214,2.2966907024383545,-8.094339370727539,0.2420928180217743,122,399
 , , , , , , , 
0,0,-0.23780792951583862,2.5218911170959473,0.13395442068576813,0.2420928180217743,386,359
0,1,0.25555479526519775,2.7014694213867188,0.25958067178726196,0.2420928180217743,117,474
0,2,-0.5111095905303955,5.426063537597656,0.13825811445713043,0.2420928180217743,165,408
0,3,-0.6743807196617126,5.811844825744629,-9.066076278686523,0.2420928180217743,138,375
0,4,0.17036986351013184,2.7192370891571045,0.08574098348617554,-0.2420928180217743,144,491
 , , , , , , , 
0,0,-0.31707724928855896,2.513890027999878,0.11937687546014786,0.2420928180217743,437,365
0,1,-0.3726840615272522,3.952867031097412,-0.19731470942497253,0.2420928180217743,210,403
0,2,-0.34073972702026367,5.436450004577637,0.22675925493240356,0.2420928180217743,126,404
0,3,0.25555479526519775,2.696345090866089,-0.30828961730003357,-0.2420928180217743,116,513
 , , , , , , , 
0,0,-0.3218097388744354,2.5512144565582275,0.1252203732728958,0.2420928180217743,311,375
0,1,-0.5111095905303955,5.4222002029418945,0.24702762067317963,0.2420928180217743,135,367
0,2,0.45431962609291077,2.3656816482543945,-0.26126083731651306,-0.2420928180217743,260,362
0,3,-0.1609048694372177,2.5242931842803955,-0.4795730412006378,-0.2420928180217743,293,382
 , , , , , , , 
0,0,1.022219181060791,0.6244882345199585,0.18127533793449402,0.2420928180217743,150,357
0,1,-0.48271459341049194,2.5230789184570312,0.17028386890888214,0.2420928180217743,231,382
0,2,0.9606967568397522,0.49344754219055176,0.19758932292461395,-0.2420928180217743,150,349
0,3,1.022219181060791,0.6494463682174683,-0.0326450951397419,-0.2420928180217743,139,345
0,4,0.3963465690612793,2.497833251953125,-0.1953682154417038,-0.2420928180217743,279,368
0,5,0.3360072374343872,2.6583640575408936,-0.21413801610469818,-0.2420928180217743,147,471
 , , , , , , , 
0,0,-0.4022621810436249,2.536804437637329,0.1753421574831009,0.2420928180217743,338,385
0,1,-0.4022621810436249,2.5400660037994385,0.11910442262887955,-0.2420928180217743,284,391
0,2,0.2520054280757904,2.6750619411468506,-0.07869270443916321,-0.2420928180217743,144,478
0,3,0.7867774963378906,3.5053422451019287,-0.17258581519126892,-0.2420928180217743,120,397
0,4,0.8033412098884583,3.583472967147827,0.00331113045103848,-0.2420928180217743,135,394
 , , , , , , , 
0,0,0.38451528549194336,2.429352045059204,0.08009184151887894,0.2420928180217743,216,369
0,1,-0.08045243471860886,2.550933837890625,-0.3379352390766144,0.2420928180217743,166,386
0,2,0.5631670355796814,2.5065834522247314,0.16678890585899353,0.2420928180217743,166,386
0,3,0.46141836047172546,2.405545949935913,-0.23761340975761414,-0.2420928180217743,263,355
0,4,0.08045243471860886,2.4998397827148438,-0.6101356744766235,-0.2420928180217743,193,391
0,5,0.7784956097602844,3.469013214111328,-0.15879227221012115,-0.2420928180217743,115,408
 , , , , , , , 
0,0,-0.4022621810436249,2.5426833629608154,-0.02971579134464264,-0.2420928180217743,327,378
 , , , , , , , 
0,0,-0.3963465690612793,2.505427122116089,-0.013254906982183456,0.2420928180217743,213,356
0,1,0.37859970331192017,2.3807787895202637,-0.24426954984664917,-0.2420928180217743,127,352
0,2,-0.31707724928855896,2.471587896347046,-0.4744957387447357,-0.2420928180217743,209,357
 , , , , , , , 
0,0,-0.3218097388744354,2.547718048095703,0.1830524504184723,0.2420928180217743,268,363
0,1,-0.3218097388744354,2.5501060485839844,-0.1460646241903305,-0.2420928180217743,260,359
 , , , , , , , 
0,0,-0.31707724928855896,2.5146493911743164,0.10213736444711685,0.2420928180217743,273,364
0,1,-0.31707724928855896,2.509932041168213,-0.18475525081157684,-0.2420928180217743,255,356
 , , , , , , , 
0,0,-0.1609048694372177,2.569380044937134,0.01823597215116024,0.2420928180217743,319,360
0,1,-0.1609048694372177,2.5475594997406006,-0.3346432149410248,-0.2420928180217743,297,347
 , , , , , , , 
0,0,-0.23780792951583862,2.5254430770874023,-0.004017114173620939,0.2420928180217743,284,350
0,1,-0.7844111919403076,8.327119827270508,-0.22660276293754578,0.2420928180217743,148,376
0,2,-0.15853862464427948,2.5135140419006348,-0.3025628626346588,-0.2420928180217743,215,362
 , , , , , , , 
0,0,-0.3218097388744354,2.5530874729156494,-0.07822488993406296,0.2420928180217743,323,367
0,1,-0.24135729670524597,2.5307512283325195,-0.4061790704727173,-0.2420928180217743,307,358
 , , , , , , , 
0,0,-0.24135729670524597,2.5628597736358643,-0.03784593567252159,0.2420928180217743,315,364
0,1,-0.24135729670524597,2.5375049114227295,-0.3615967035293579,-0.2420928180217743,289,370
 , , , , , , , 
0,0,-0.3218097388744354,2.5540876388549805,0.031798139214515686,0.2420928180217743,280,367
0,1,0.9228367805480957,0.23679101467132568,-0.2475183606147766,-0.2420928180217743,130,339
0,2,-0.24135729670524597,2.546227216720581,-0.29395484924316406,-0.2420928180217743,267,365
 , , , , , , , 
0,0,-0.3218097388744354,2.5512962341308594,0.12354125827550888,0.2420928180217743,219,364
0,1,-0.24135729670524597,2.5542731285095215,-0.21300575137138367,-0.2420928180217743,246,354
 , , , , , , , 
0,0,-0.3218097388744354,2.5423803329467773,0.24632763862609863,0.2420928180217743,178,356
0,1,-0.24135729670524597,2.5619685649871826,-0.07745761424303055,-0.2420928180217743,183,348
0,2,-0.4022621810436249,6.422379016876221,-0.1258590817451477,-0.2420928180217743,165,367
 , , , , , , , 
0,0,-0.3218097388744354,2.540968179702759,0.2604919672012329,0.2420928180217743,266,361
0,1,-0.23070918023586273,2.4404795169830322,0.2164500504732132,-0.2420928180217743,146,351
0,2,-0.24135729670524597,2.562464714050293,-0.05880413576960564,-0.2420928180217743,261,353
0,3,-0.4578689932823181,4.853822708129883,0.2891208529472351,-0.2420928180217743,116,385
0,4,-0.3715009391307831,5.931147575378418,0.12160731852054596,-0.2420928180217743,118,408
 , , , , , , , 
0,0,-0.3218097388744354,2.5324320793151855,0.3334110975265503,0.2420928180217743,241,359
0,1,-0.24135729670524597,2.5631353855133057,-0.004480662290006876,-0.2420928180217743,248,365
0,2,-0.3028797507286072,4.803791046142578,0.5624160170555115,-0.2420928180217743,156,393
0,3,-0.5537020564079285,5.87864875793457,-0.1325588822364807,-0.2420928180217743,121,369
 , , , , , , , 
0,0,-0.24135729670524597,2.536592721939087,0.36794090270996094,0.2420928180217743,266,354
0,1,-0.24490666389465332,2.600795269012451,-0.013904078863561153,-0.2420928180217743,276,370
0,2,-0.4330233931541443,4.58634090423584,0.3351878821849823,-0.2420928180217743,154,399
 , , , , , , , 
0,0,-0.24135729670524597,2.536513566970825,0.3684861958026886,0.2420928180217743,308,364
0,1,-0.1609048694372177,2.568755865097046,0.05949253588914871,-0.2420928180217743,351,373
0,2,-0.5182083249092102,5.4665207862854,0.6344142556190491,-0.2420928180217743,128,380
 , , , , , , , 
0,0,-0.24135729670524597,2.5369083881378174,0.36575764417648315,0.2420928180217743,281,362
0,1,-0.1609048694372177,2.569096565246582,0.04230046644806862,-0.2420928180217743,352,352
0,2,-0.5182083249092102,5.497718811035156,0.2457960844039917,-0.2420928180217743,184,378
 , , , , , , , 
0,0,-0.24135729670524597,2.5433545112609863,0.31785261631011963,0.2420928180217743,302,358
0,1,-0.24135729670524597,2.5631139278411865,-0.01143601629883051,-0.2420928180217743,367,356
0,2,-0.6862119436264038,5.430866241455078,0.4142002463340759,-0.2420928180217743,183,395
 , , , , , , , 
0,0,-0.24135729670524597,2.552665948867798,0.2314719259738922,0.2420928180217743,295,357
0,1,-0.45431962609291077,4.815127372741699,0.30429205298423767,0.2420928180217743,146,375
0,2,-0.24135729670524597,2.5615615844726562,-0.08991634100675583,-0.2420928180217743,343,360
0,3,-0.6814794540405273,5.409074306488037,0.003679456654936075,-0.2420928180217743,187,390
 , , , , , , , 
0,0,-0.23780792951583862,2.5181403160095215,0.1919587254524231,0.2420928180217743,237,360
0,1,-1.2067865133285522,2.975062131881714,0.22096319496631622,0.2420928180217743,114,392
0,2,-0.10056554526090622,0.9834871888160706,-3.062481164932251,0.2420928180217743,114,392
0,3,-0.23780792951583862,2.5203607082366943,-0.160186767578125,-0.2420928180217743,262,356
 , , , , , , , 
0,0,0.08045243471860886,2.529982328414917,-0.4697379469871521,-0.2420928180217743,137,352
0,1,-0.7240719199180603,2.048637866973877,1.3808473348617554,-0.2420928180217743,137,352
 , , , , , , , 
0,0,-0.31707724928855896,2.5165810585021973,0.026705684140324593,0.2420928180217743,199,365
0,1,-0.23780792951583862,2.5086588859558105,-0.2907050549983978,-0.2420928180217743,220,358
 , , , , , , , 
0,0,-0.31707724928855896,2.5166337490081787,0.02115618623793125,0.2420928180217743,229,352
0,1,-0.23780792951583862,2.510317087173462,-0.27602025866508484,-0.2420928180217743,218,352
 , , , , , , , 
0,0,-0.23780792951583862,2.5251858234405518,0.036254845559597015,0.2420928180217743,312,348
0,1,-0.23780792951583862,2.508498430252075,-0.29208579659461975,-0.2420928180217743,271,346
 , , , , , , , 
0,0,-0.24135729670524597,2.5612332820892334,0.09882660955190659,0.2420928180217743,237,362
0,1,-0.23780792951583862,2.5156121253967285,-0.22265304625034332,-0.2420928180217743,233,354
0,2,-0.4022621810436249,6.408848762512207,-0.4352559447288513,-0.2420928180217743,125,366
 , , , , , , , 
0,0,-0.23780792951583862,2.5156779289245605,0.22190776467323303,0.2420928180217743,199,365
0,1,0.2981472611427307,3.141395330429077,-0.39579373598098755,0.2420928180217743,113,395
0,2,-0.23780792951583862,2.523271322250366,-0.1047876849770546,-0.2420928180217743,243,341
0,3,-0.4578689932823181,4.862415790557861,0.009936838410794735,-0.2420928180217743,169,417
 , , , , , , , 
0,0,-0.24135729670524597,2.552684783935547,0.231265589594841,0.2420928180217743,180,359
0,1,-0.1609048694372177,2.5690553188323975,-0.044724710285663605,-0.2420928180217743,184,352
0,2,-0.4330233931541443,4.596384048461914,0.1418779343366623,-0.2420928180217743,124,405
 , , , , , , , 
0,0,-0.1609048694372177,2.558814764022827,0.23348097503185272,0.2420928180217743,252,363
0,1,-0.1609048694372177,2.5675878524780273,-0.09766276180744171,-0.2420928180217743,287,356
 , , , , , , , 
0,0,-0.23780792951583862,2.513486623764038,0.24548585712909698,0.2420928180217743,280,352
0,1,2.517688035964966,1.3355937004089355,0.39575687050819397,0.2420928180217743,138,377
0,2,-0.3596697151660919,2.8399429321289062,0.2907724380493164,0.2420928180217743,138,377
0,3,-0.23780792951583862,2.523909091949463,-0.08809556812047958,-0.2420928180217743,311,361
0,4,-0.26975229382514954,2.863314151763916,-0.08861204236745834,-0.2420928180217743,160,394
0,5,2.607605457305908,1.2163327932357788,-0.01074986346065998,-0.2420928180217743,160,394
0,6,-0.5075602531433105,5.387967109680176,0.1527334600687027,-0.2420928180217743,151,369
 , , , , , , , 
0,0,-0.23780792951583862,2.5254344940185547,-0.007725260220468044,-0.2420928180217743,390,362
0,1,-0.5075602531433105,5.388461589813232,0.1341472715139389,-0.2420928180217743,161,405
0,2,-0.7524669170379639,7.983811378479004,0.3380255699157715,-0.2420928180217743,115,425
 , , , , , , , 
0,0,-0.23425854742527008,2.4849467277526855,0.11812613904476166,-0.2420928180217743,383,351
 , , , , , , , 
0,0,0.2520054280757904,2.667933225631714,0.2104300558567047,0.2420928180217743,131,404
0,1,-0.3726840615272522,3.955756664276123,-0.12680508196353912,-0.9683712720870972,159,369
0,2,-0.5217577219009399,5.519435882568359,-0.48728102445602417,-0.9683712720870972,123,373
0,3,-0.23070918023586273,2.44801926612854,0.09996234625577927,-0.2420928180217743,422,356
 , , , , , , , 
0,0,-0.1514398753643036,2.417205333709717,-0.07278573513031006,-0.2420928180217743,344,353
0,1,-0.5962945222854614,3.1237456798553467,-0.023565875366330147,-0.2420928180217743,116,485
0,2,2.6833252906799316,1.7067224979400635,-0.027798522263765335,-0.2420928180217743,116,485
 , , , , , , , 
0,0,-0.14907363057136536,2.379725456237793,-0.061304375529289246,-0.2420928180217743,447,347
 , , , , , , , 
0,0,0.6246894598007202,2.4164693355560303,0.11928629875183105,0.2420928180217743,201,381
0,1,-0.14670738577842712,2.333083391189575,-0.21237042546272278,-0.2420928180217743,395,347
0,2,-0.15617236495018005,2.3365561962127686,-0.8717261552810669,-0.2420928180217743,118,438
0,3,-0.9938241243362427,2.020350933074951,-10.358922004699707,-0.2420928180217743,166,360
 , , , , , , , 
0,0,-0.14670738577842712,2.3413498401641846,-0.08037727326154709,-0.2420928180217743,387,361
 , , , , , , , 
0,0,-0.14670738577842712,2.3382270336151123,0.14516861736774445,0.2420928180217743,357,355
0,1,-0.14670738577842712,2.337111234664917,-0.16214421391487122,-0.2420928180217743,421,350
 , , , , , , , 
0,0,-0.14670738577842712,2.3410470485687256,0.08875837922096252,0.2420928180217743,356,353
0,1,-0.07335369288921356,2.3376049995422363,-0.20031078159809113,-0.2420928180217743,320,358
 , , , , , , , 
0,0,-0.14907363057136536,2.3662328720092773,0.2603718936443329,0.2420928180217743,329,363
0,1,-0.07690306007862091,2.454474449157715,0.1601855456829071,0.2420928180217743,208,410
0,2,-0.6625494360923767,4.018879413604736,9.787053108215332,0.2420928180217743,146,381
0,3,-6.417264461517334,5.648101806640625,-0.3589286804199219,-0.2420928180217743,118,365
 , , , , , , , 
0,0,-0.22006107866764069,2.32023286819458,-0.27927637100219727,0.4841856360435486,352,367
0,1,-5.631669998168945,3.1857690811157227,-8.397138595581055,0.4841856360435486,138,376
0,2,-0.9938241243362427,2.2754065990448,10.305901527404785,0.4841856360435486,138,376
 , , , , , , , 
0,0,0.2520054280757904,2.6762189865112305,3.179349369020201e-05,0.2420928180217743,127,514
0,1,-0.1514398753643036,2.4069955348968506,-0.23356318473815918,0.4841856360435486,406,347
0,2,-0.257921040058136,4.118374824523926,-0.0492013655602932,0.9683712720870972,116,379
 , , , , , , , 
0,0,0.2520054280757904,2.6746976375579834,0.09022542089223862,0.2420928180217743,197,434
0,1,0.198764830827713,2.103186845779419,-2.3771843910217285,0.4841856360435486,115,484
0,2,-0.23425854742527008,2.4759361743927,-0.24218399822711945,0.7262784242630005,355,358
0,3,-0.24490666389465332,2.600226879119873,0.05611677095293999,0.7262784242630005,148,437
0,4,-0.4117271900177002,4.372296333312988,-0.03208853304386139,1.452556848526001,213,403
0,5,0.6246894598007202,2.4163529872894287,-0.12162371724843979,-0.2420928180217743,279,352
 , , , , , , , 
0,0,0.34073972702026367,2.7045207023620605,0.00957321748137474,0.2420928180217743,173,494
0,1,-0.24135729670524597,2.55509877204895,-0.20286227762699127,0.7262784242630005,409,364
0,2,-0.4259246587753296,4.50645112991333,-0.38874101638793945,1.2104641199111938,113,410
0,3,-0.582097053527832,6.178984642028809,-0.18283303081989288,1.452556848526001,122,438
0,4,0.5383214354515076,2.371986150741577,-0.37404561042785645,-0.2420928180217743,253,345
 , , , , , , , 
0,0,0.5383214354515076,2.4011151790618896,0.0295573677867651,0.2420928180217743,189,345
0,1,4.489955902099609,4.2895379066467285,-0.6810706853866577,0.2420928180217743,135,390
0,2,-0.24845603108406067,2.638007640838623,-0.05228063091635704,0.7262784242630005,394,359
0,3,-1.4008188247680664,11.116133689880371,0.23677828907966614,0.7262784242630005,112,401
0,4,-0.3123447299003601,4.9842448234558105,-0.18683362007141113,1.2104641199111938,169,386
0,5,-0.5927451252937317,6.29334831237793,-0.13369333744049072,1.2104641199111938,124,393
0,6,-0.5253070592880249,8.388421058654785,0.031831417232751846,1.2104641199111938,121,375
0,7,0.6152244806289673,2.372124195098877,-0.2248200923204422,-0.2420928180217743,215,354
 , , , , , , , 
0,0,0.5300395488739014,2.3643012046813965,-0.015851138159632683,0.2420928180217743,209,355
0,1,4.544379234313965,4.339964389801025,-0.6991319060325623,0.2420928180217743,128,397
0,2,-0.34073972702026367,2.7044150829315186,-0.025751955807209015,0.7262784242630005,385,399
0,3,0.6057595014572144,2.330442190170288,-0.2705686092376709,-0.2420928180217743,236,353
 , , , , , , , 
0,0,0.6057595014572144,2.344419240951538,0.08869428932666779,0.2420928180217743,194,369
0,1,0.3963465690612793,2.5018415451049805,-0.13464273512363434,0.2420928180217743,192,381
0,2,4.95255708694458,4.762486934661865,-0.5196942687034607,0.2420928180217743,154,394
0,3,-0.1751023530960083,2.76481294631958,0.4175197184085846,0.4841856360435486,194,469
0,4,-3.098601818084717,10.56966495513916,-0.2463100403547287,0.4841856360435486,155,390
0,5,-0.955964207649231,7.571664333343506,-0.4935187101364136,1.2104641199111938,132,363
0,6,-0.8660467863082886,9.19686508178711,-0.07196610420942307,1.2104641199111938,128,389
0,7,0.6057595014572144,2.336122512817383,-0.21610219776630402,-0.2420928180217743,246,345
0,8,0.3963465690612793,2.491577625274658,-0.2634035646915436,-0.2420928180217743,182,361
 , , , , , , , 
0,0,0.6057595014572144,2.3424313068389893,0.13108626008033752,0.2420928180217743,197,353
0,1,4.979769229888916,4.794678688049316,-0.4640286862850189,0.2420928180217743,147,399
0,2,-0.1751023530960083,2.7958946228027344,-0.038547489792108536,0.4841856360435486,321,423
0,3,-0.7276212573051453,7.710712909698486,-0.5031384825706482,0.9683712720870972,190,368
0,4,0.6814794540405273,2.3165953159332275,-0.2002134919166565,-0.2420928180217743,215,358
 , , , , , , , 
0,0,0.38451528549194336,2.429429769515991,-0.07769890874624252,0.2420928180217743,180,365
0,1,0.4022621810436249,2.5348758697509766,-0.20130980014801025,0.2420928180217743,162,385
0,2,-0.26975229382514954,2.857625722885132,-0.20098842680454254,0.4841856360435486,302,464
0,3,-0.7004094123840332,5.553120136260986,-0.26263758540153503,0.9683712720870972,121,382
0,4,-0.7997918128967285,6.342566967010498,0.26619160175323486,0.9683712720870972,129,407
0,5,-0.6708313226699829,7.120389461517334,-0.2273985892534256,0.9683712720870972,203,364
0,6,0.46141836047172546,2.391045570373535,-0.35498282313346863,-0.2420928180217743,184,342
0,7,0.4022621810436249,2.4929420948028564,-0.5013591647148132,-0.2420928180217743,158,367
 , , , , , , , 
0,0,0.39043092727661133,2.461874008178711,0.174729123711586,0.2420928180217743,209,354
0,1,-0.2733016610145569,2.9020330905914307,-0.04477095603942871,0.4841856360435486,298,439
0,2,0.3490215837955475,3.505282163619995,-10.598624229431152,0.4841856360435486,116,385
0,3,-0.7288044095039368,5.780636787414551,-0.2169281542301178,0.9683712720870972,158,407
0,4,0.46851709485054016,2.4513332843780518,-0.12347922474145889,-0.2420928180217743,197,349
 , , , , , , , 
0,0,0.46141836047172546,2.416649103164673,-0.05402722209692001,0.2420928180217743,192,363
0,1,-0.27685102820396423,2.9392504692077637,-0.06947542726993561,0.4841856360435486,341,429
0,2,-0.6175907254219055,6.547393321990967,-0.3836030066013336,0.7262784242630005,180,426
0,3,0.5383214354515076,2.363525152206421,-0.4242371916770935,-0.2420928180217743,177,366
 , , , , , , , 
0,0,0.46141836047172546,2.4159250259399414,0.08010859042406082,0.2420928180217743,180,355
0,1,-0.2804003953933716,2.96148681640625,-0.3109310567378998,0.2420928180217743,278,485
0,2,-0.5501526594161987,5.842278003692627,-0.04484349489212036,0.7262784242630005,131,412
0,3,-0.5608007907867432,5.953432083129883,-0.1580304652452469,0.7262784242630005,124,405
0,4,-0.41409340500831604,6.609846115112305,-0.18878425657749176,0.7262784242630005,126,404
0,5,0.5383214354515076,2.3920319080352783,-0.21074023842811584,-0.2420928180217743,167,343
 , , , , , , , 
0,0,0.46851709485054016,2.4350192546844482,0.3081623911857605,0.2420928180217743,217,360
0,1,-0.2839497923851013,3.0066020488739014,-0.23093794286251068,0.2420928180217743,269,494
0,2,3.4073972702026367,1.2562021017074585,-0.1469852477312088,0.2420928180217743,128,509
0,3,-0.4862639904022217,5.163857460021973,-0.034355681389570236,0.7262784242630005,171,401
0,4,-0.5395045876502991,5.727547645568848,-0.14451143145561218,0.7262784242630005,124,423
0,5,-0.37859970331192017,6.045668125152588,-0.031978633254766464,0.7262784242630005,138,404
0,6,0.546603262424469,2.4381887912750244,0.015840422362089157,-0.2420928180217743,207,356
 , , , , , , , 
0,0,0.46141836047172546,2.411823034286499,0.16192898154258728,0.2420928180217743,170,352
0,1,-0.2874991297721863,3.0471065044403076,-0.1920270025730133,0.2420928180217743,327,444
0,2,-0.3289084732532501,5.249236106872559,0.17782504856586456,0.7262784242630005,157,379
0,3,-0.7288044095039368,5.780495643615723,-0.22066742181777954,0.7262784242630005,157,389
0,4,0.5383214354515076,2.3979971408843994,-0.12584750354290009,-0.2420928180217743,166,351
 , , , , , , , 
0,0,0.546603262424469,2.431051254272461,0.18709798157215118,0.2420928180217743,150,359
0,1,-0.291048526763916,3.086369752883911,-0.16626058518886566,0.2420928180217743,362,418
0,2,-1.0080217123031616,5.240975379943848,-0.6470609307289124,0.2420928180217743,118,487
0,3,4.536097526550293,2.8841774463653564,-0.0892147496342659,0.2420928180217743,118,487
0,4,-1.2730414867401123,10.103133201599121,-0.16333703696727753,0.2420928180217743,140,381
0,5,-0.543053925037384,5.760130405426025,-0.2827043831348419,0.4841856360435486,124,440
0,6,0.546603262424469,2.43595552444458,-0.10552778840065002,-0.2420928180217743,143,353
 , , , , , , , 
0,0,0.38451528549194336,2.4288580417633057,0.09389054775238037,0.2420928180217743,188,350
0,1,0.46141836047172546,2.4108083248138428,-0.17639502882957458,-0.2420928180217743,201,350
0,2,-0.291048526763916,3.0828185081481934,-0.22259856760501862,-0.2420928180217743,388,400
0,3,-1.176025390625,5.244448661804199,-0.12386379390954971,-0.2420928180217743,114,477
0,4,-1.5913019180297852,10.051767349243164,-0.3877416253089905,-0.2420928180217743,174,390
 , , , , , , , 
0,0,0.46141836047172546,2.406649589538574,0.22616122663021088,0.2420928180217743,137,355
0,1,-0.5466033220291138,5.803531646728516,-0.11926845461130142,-0.4841856360435486,211,441
0,2,0.45431962609291077,2.3681554794311523,-0.23779498040676117,-0.2420928180217743,145,355
0,3,-0.2874991297721863,3.0444891452789307,-0.22982266545295715,-0.2420928180217743,310,435
 , , , , , , , 
0,0,0.46141836047172546,2.4172449111938477,-0.006246277596801519,0.2420928180217743,197,353
0,1,-0.7098743915557861,5.633739471435547,-0.08967964351177216,-0.7262784242630005,167,419
0,2,-0.7240719199180603,5.744333744049072,0.17966265976428986,-0.4841856360435486,167,439
0,3,0.46141836047172546,2.3967926502227783,-0.3138403594493866,-0.2420928180217743,197,362
0,4,-0.2874991297721863,3.052780866622925,0.04756346717476845,-0.2420928180217743,357,435
0,5,3.4428908824920654,1.2775079011917114,-0.03349020704627037,-0.2420928180217743,140,508
0,6,-0.35375407338142395,3.189129590988159,-10.85585880279541,-0.2420928180217743,125,381
 , , , , , , , 
0,0,0.46141836047172546,2.415356397628784,0.09573563933372498,0.2420928180217743,209,351
0,1,-0.5714489221572876,6.067099571228027,0.1353559046983719,-0.7262784242630005,141,379
0,2,0.46141836047172546,2.4067599773406982,-0.22498464584350586,-0.2420928180217743,211,355
0,3,-0.3644022047519684,2.88924503326416,0.13404826819896698,-0.2420928180217743,153,500
0,4,-0.37859970331192017,2.9980461597442627,0.2049292027950287,-0.2420928180217743,322,457
 , , , , , , , 
0,0,0.46141836047172546,2.415895700454712,0.08099203556776047,0.2420928180217743,219,347
0,1,-0.7926931381225586,5.00975227355957,0.1083783358335495,-1.2104641199111938,214,371
0,2,-0.7004094123840332,5.540675640106201,0.45500606298446655,-0.9683712720870972,123,398
0,3,-0.3738671839237213,2.9623613357543945,0.17420470714569092,-0.4841856360435486,350,408
0,4,0.46141836047172546,2.4069793224334717,-0.22262679040431976,-0.2420928180217743,228,343
 , , , , , , , 
0,0,0.46141836047172546,2.414879083633423,0.10709849745035172,0.2420928180217743,221,344
0,1,0.4022621810436249,2.518261194229126,-0.35282039642333984,0.2420928180217743,122,369
0,2,-0.8092568516731262,6.399716377258301,0.5496563911437988,-1.2104641199111938,147,396
0,3,-0.2733016610145569,2.8956069946289062,0.1981441229581833,-0.4841856360435486,307,421
0,4,0.5383214354515076,2.3915388584136963,-0.21626387536525726,-0.2420928180217743,206,360
0,5,0.4022621810436249,2.3927314281463623,-0.8607891201972961,-0.2420928180217743,123,377
 , , , , , , , 
0,0,0.46141836047172546,2.4166409969329834,0.054381031543016434,0.2420928180217743,219,360
0,1,-0.7666643857955933,6.0598602294921875,0.5548588633537292,-1.2104641199111938,137,378
0,2,-1.1168690919876099,8.829219818115234,0.7942647933959961,-1.2104641199111938,134,394
0,3,-0.3596697151660919,2.8507237434387207,0.1523122787475586,-0.7262784242630005,422,400
0,4,2.7152698040008545,1.7272580862045288,0.0063881585374474525,-0.7262784242630005,130,482
0,5,-0.4022621810436249,3.1811623573303223,0.273025244474411,-0.7262784242630005,130,482
0,6,0.5383214354515076,2.389819860458374,-0.23449771106243134,-0.2420928180217743,221,359
0,7,-3.374269723892212,0.8398939967155457,0.20245125889778137,-0.2420928180217743,113,465
 , , , , , , , 
0,0,0.6246894598007202,2.4089515209198,0.22473551332950592,0.2420928180217743,245,347
0,1,-1.1216015815734863,5.874898433685303,-0.10200779139995575,-1.452556848526001,168,364
0,2,-0.5253070592880249,2.7457680702209473,0.18434646725654602,-0.7262784242630005,442,382
0,3,-3.077305555343628,10.480411529541016,-0.6389578580856323,-0.7262784242630005,147,386
0,4,-0.34547221660614014,4.867457866668701,-9.919878005981445,-0.7262784242630005,126,392
0,5,0.6246894598007202,2.4193813800811768,-0.012137806974351406,-0.2420928180217743,215,345
 , , , , , , , 
0,0,0.5300395488739014,2.362060308456421,-0.10412907600402832,0.2420928180217743,181,350
0,1,0.6341544985771179,2.4496867656707764,0.1769554167985916,0.2420928180217743,197,358
0,2,-1.0932066440582275,5.712268829345703,0.4109208881855011,-1.6946496963500977,151,371
0,3,-1.3250988721847534,8.365594863891602,0.42669880390167236,-1.6946496963500977,114,383
0,4,-0.4259246587753296,2.688643455505371,0.1428731232881546,-0.9683712720870972,417,367
0,5,-0.6708313226699829,2.9806406497955322,-0.26486721634864807,-0.7262784242630005,115,504
0,6,-1.6918673515319824,10.694868087768555,0.043880533427000046,-0.7262784242630005,120,371
0,7,0.5300395488739014,2.341996908187866,-0.32437893748283386,-0.2420928180217743,168,356
 , , , , , , , 
0,0,0.6057595014572144,2.344325542449951,-0.09113871306180954,0.2420928180217743,167,358
0,1,-0.9228367209434509,4.825835704803467,0.2894022464752197,-1.6946496963500977,141,379
0,2,-0.41409340500831604,2.614000082015991,0.13812220096588135,-0.9683712720870972,403,382
0,3,-2.3934600353240967,10.643113136291504,0.844158947467804,-0.9683712720870972,117,380
0,4,-0.3963465690612793,2.494459390640259,0.23454752564430237,-0.7262784242630005,326,363
0,5,2.5555479526519775,1.6207011938095093,0.12695547938346863,-0.7262784242630005,157,508
0,6,-0.473249614238739,2.9234607219696045,0.6348447799682617,-0.7262784242630005,157,508
0,7,0.08518493175506592,2.719993829727173,0.15812771022319794,-0.2420928180217743,245,441
 , , , , , , , 
0,0,-0.48271459341049194,2.3991048336029053,0.7995118498802185,0.0,346,341
0,1,-0.5442370772361755,4.299557209014893,0.417167067527771,-1.2104641199111938,174,408
0,2,-0.4022621810436249,2.5395350456237793,0.12993544340133667,-0.9683712720870972,448,388
0,3,0.1680036187171936,2.6774373054504395,0.16958670318126678,-0.2420928180217743,236,456
 , , , , , , , 
0,0,-0.8341023921966553,5.26638126373291,0.25782468914985657,-1.6946496963500977,144,390
0,1,-0.38451528549194336,2.418156385421753,0.24634546041488647,-0.7262784242630005,444,364
0,2,0.2520054280757904,2.672384738922119,0.14320465922355652,-0.2420928180217743,278,458
 , , , , , , , 
0,0,-0.45431962609291077,2.322585344314575,0.5199084877967834,0.0,301,338
0,1,-0.810439944267273,5.109724521636963,0.3700825572013855,-1.452556848526001,155,371
0,2,-0.3726840615272522,2.3533754348754883,0.10864809900522232,-0.7262784242630005,442,357
0,3,0.08281867951154709,2.644153356552124,0.15856300294399261,-0.2420928180217743,214,468
0,4,-1.2067865133285522,7.626795768737793,-0.16455522179603577,-0.2420928180217743,154,402
 , , , , , , , 
0,0,0.6341544985771179,2.4505882263183594,0.1640014946460724,0.2420928180217743,236,408
0,1,-0.7867774963378906,4.9536662101745605,0.44405558705329895,-1.2104641199111938,177,381
0,2,-0.366768479347229,2.318089246749878,0.0429646335542202,-0.4841856360435486,317,360
0,3,-0.6601831912994385,2.634714126586914,-10.20773983001709,-0.4841856360435486,142,369
0,4,0.6341544985771179,2.4427716732025146,-0.2552368938922882,-0.2420928180217743,182,442
0,5,0.24845603108406067,2.63193941116333,0.1863148808479309,-0.2420928180217743,123,529
 , , , , , , , 
0,0,-0.7749462127685547,4.898280620574951,-0.06699123233556747,-0.9683712720870972,121,397
0,1,-0.28394976258277893,2.2531943321228027,0.0514419861137867,-0.4841856360435486,390,355
0,2,-0.37859970331192017,2.3930399417877197,0.03369981423020363,-0.4841856360435486,200,448
0,3,-0.6578169465065002,5.697938919067383,-8.824845314025879,-0.4841856360435486,139,383
0,4,0.16327111423015594,2.6063578128814697,0.0674586221575737,-0.2420928180217743,133,540
 , , , , , , , 
0,0,0.546603262424469,2.4061899185180664,0.39403748512268066,0.2420928180217743,117,428
0,1,-0.28394976258277893,2.253660202026367,0.023390239104628563,-0.2420928180217743,464,354
0,2,0.16327111423015594,2.5977821350097656,0.2217639833688736,-0.2420928180217743,121,525
0,3,-0.983176052570343,5.61901330947876,-8.800093650817871,-0.2420928180217743,169,365
 , , , , , , , 
0,0,-0.27921727299690247,2.2157137393951416,-0.047294244170188904,-0.2420928180217743,455,359
0,1,-0.7666643857955933,1.6366959810256958,2.0406076908111572,-0.2420928180217743,119,514
0,2,0.08518493175506592,2.715365171432495,-0.22397136688232422,-0.2420928180217743,119,514
 , , , , , , , 
0,0,-0.2058635950088501,2.1805901527404785,-0.1566152572631836,-0.2420928180217743,408,355
 , , , , , , , 
0,0,-0.274484783411026,2.178605318069458,0.014795473776757717,0.2420928180217743,328,351
0,1,-0.5820969939231873,4.620237350463867,0.011431698687374592,0.2420928180217743,119,383
0,2,-0.2058635950088501,2.1706628799438477,-0.2602376341819763,-0.2420928180217743,377,344
0,3,0.3265422284603119,2.5867512226104736,-0.16247376799583435,-0.2420928180217743,139,498
 , , , , , , , 
0,0,-0.2058635950088501,2.1830198764801025,-0.11800655722618103,0.2420928180217743,378,352
0,1,-0.6743807196617126,3.2045023441314697,1.4874825477600098,0.2420928180217743,137,418
0,2,-0.8731454610824585,4.57279109954834,0.1129651740193367,0.2420928180217743,177,409
0,3,-0.2058635950088501,2.149714231491089,-0.39778152108192444,-0.2420928180217743,339,348
 , , , , , , , 
0,0,-0.13960863649845123,2.219175338745117,-0.21297001838684082,0.2420928180217743,433,364
0,1,-0.5820969939231873,4.579948425292969,-0.6089320182800293,0.2420928180217743,125,428
 , , , , , , , 
0,0,-0.13960863649845123,2.211700916290283,-0.28013354539871216,0.2420928180217743,475,357
0,1,-0.2957810163497925,4.71816349029541,0.21901656687259674,0.2420928180217743,127,432
0,2,-0.21532857418060303,6.765828609466553,-1.28700590133667,0.2420928180217743,146,428
 , , , , , , , 
0,0,-0.07098744064569473,2.2405381202697754,-0.3675699234008789,0.2420928180217743,482,357
0,1,-0.15380612015724182,2.4120450019836426,-0.46303480863571167,0.2420928180217743,114,500
0,2,4.436715126037598,1.563197374343872,-0.5181640386581421,0.2420928180217743,138,438
0,3,-0.3289084732532501,0.11395274847745895,10.51931381225586,0.2420928180217743,119,381
0,4,-5.262535572052002,1.6935970783233643,-8.956258773803711,0.2420928180217743,119,381
0,5,-0.20704670250415802,6.552456378936768,-0.9589712023735046,0.4841856360435486,131,397
 , , , , , , , 
0,0,-0.14197488129138947,2.2465288639068604,-0.30513814091682434,0.4841856360435486,439,358
0,1,-0.07690306007862091,2.438947916030884,-0.3188052773475647,0.4841856360435486,163,491
0,2,-0.18693359196186066,5.948349475860596,-0.604171872138977,0.7262784242630005,124,371
0,3,-0.20941294729709625,6.620087623596191,-1.018262267112732,0.7262784242630005,169,379
 , , , , , , , 
0,0,0.15853862464427948,2.5310299396514893,-0.05642285943031311,0.2420928180217743,146,473
0,1,-0.5714489221572876,5.930660247802734,-1.2865803241729736,0.2420928180217743,124,416
0,2,-0.07335369288921356,2.309880495071411,-0.4110637605190277,0.4841856360435486,404,357
0,3,-0.18929985165596008,5.99228572845459,-0.8666844367980957,1.2104641199111938,148,375
0,4,-0.2129623293876648,6.717814922332764,-1.125627040863037,1.2104641199111938,169,376
 , , , , , , , 
0,0,0.16327111423015594,2.544074058532715,-0.5703840255737305,0.2420928180217743,201,408
0,1,-0.5880126953125,1.0998119115829468,2.3812413215637207,0.2420928180217743,139,463
0,2,-0.0757199376821518,2.39184308052063,-0.380087286233902,0.7262784242630005,415,354
0,3,-1.107404112815857,3.9509663581848145,-1.6688387393951416,0.7262784242630005,152,434
0,4,-0.19403234124183655,6.104633331298828,-1.117103934288025,1.452556848526001,148,369
0,5,0.7027756571769714,2.39137601852417,-0.1766868531703949,-0.2420928180217743,261,357
 , , , , , , , 
0,0,0.24490666389465332,2.60050106048584,-0.04152006283402443,0.2420928180217743,330,391
0,1,-0.07808618247509003,2.4758105278015137,-0.3287171721458435,0.9683712720870972,417,357
0,2,-0.12777739763259888,4.031405448913574,-0.6710853576660156,0.9683712720870972,128,454
0,3,-1.1263340711593628,4.026829719543457,-1.6775182485580444,0.9683712720870972,114,425
0,4,-0.1218617781996727,3.8451671600341797,-0.6376044750213623,1.452556848526001,230,375
0,5,-0.12422802299261093,3.9160447120666504,-0.6724177598953247,1.452556848526001,190,408
 , , , , , , , 
0,0,0.24845603108406067,2.6379387378692627,-0.05565142259001732,0.2420928180217743,257,429
0,1,-0.1609048694372177,2.5443978309631348,-0.3578910827636719,0.9683712720870972,408,363
0,2,1.4244813919067383,1.2968053817749023,2.6249585151672363,0.9683712720870972,139,472
0,3,0.692127525806427,2.3615384101867676,-0.010701923631131649,-0.2420928180217743,334,346
 , , , , , , , 
0,0,0.1680036187171936,2.6814026832580566,-0.08665824681520462,0.4841856360435486,316,437
0,1,-0.07926931232213974,2.510343551635742,-0.3554185926914215,0.7262784242630005,199,356
0,2,0.0,4.257302761077881,-0.9120250940322876,1.2104641199111938,150,383
0,3,-0.1526229977607727,4.825812339782715,-0.7355759143829346,1.452556848526001,119,389
0,4,-0.5182083249092102,8.150935173034668,-1.4282569885253906,1.6946496963500977,247,393
0,5,-1.9131115674972534,5.16935920715332,-0.7691425085067749,-1.9367425441741943,184,365
0,6,0.17391923069953918,2.9146738052368164,4.737961292266846,-1.9367425441741943,184,365
0,7,0.692127525806427,2.361196517944336,-0.04158035293221474,-0.2420928180217743,336,349
 , , , , , , , 
0,0,-0.17036986351013184,2.698969602584839,-0.3422940969467163,0.7262784242630005,451,388
0,1,2.7448477745056152,1.1557585000991821,-0.5510430932044983,0.7262784242630005,124,470
0,2,-0.09464992582798004,3.0257744789123535,-0.09667328000068665,0.7262784242630005,124,470
0,3,-1.2209839820861816,2.444047689437866,4.048290729522705,0.9683712720870972,112,417
0,4,-0.17983485758304596,5.685754299163818,-0.869829535484314,1.452556848526001,188,365
0,5,-0.5276733040809631,8.324522972106934,-1.3054817914962769,1.452556848526001,117,422
0,6,-0.5300395488739014,8.356456756591797,-1.3452966213226318,1.452556848526001,128,411
0,7,-0.5418708324432373,8.5418119430542,-1.382596492767334,1.452556848526001,128,375
0,8,-0.7382693886756897,7.772889137268066,-1.0250794887542725,1.6946496963500977,143,390
0,9,0.6814794540405273,2.3248414993286133,-0.042562536895275116,-0.2420928180217743,300,353
 , , , , , , , 
0,0,0.6057595014572144,2.345614194869995,0.04756579175591469,0.2420928180217743,197,362
0,1,-0.2520054280757904,2.6624298095703125,-0.2713238298892975,0.7262784242630005,309,376
0,2,-0.26265352964401245,2.7870709896087646,-0.1114567220211029,0.7262784242630005,393,387
0,3,-0.7855943441390991,6.230691432952881,-0.24386967718601227,1.452556848526001,135,378
0,4,-0.880244255065918,6.972896099090576,-0.4393273890018463,1.452556848526001,116,381
0,5,0.6814794540405273,2.314485549926758,-0.22328436374664307,-0.2420928180217743,246,348
 , , , , , , , 
0,0,0.5300395488739014,2.3591790199279785,0.15635274350643158,0.2420928180217743,177,365
0,1,0.6341544985771179,2.455061912536621,-0.07035861909389496,0.2420928180217743,113,379
0,2,-1.010387897491455,4.447283744812012,-0.7315530180931091,0.2420928180217743,113,466
0,3,3.7528693675994873,2.6832611560821533,-0.22464706003665924,0.2420928180217743,113,466
0,4,-0.26975229382514954,2.8611602783203125,-0.14206673204898834,0.4841856360435486,337,440
0,5,3.0146000385284424,1.6618708372116089,-0.14201620221138,0.4841856360435486,129,486
0,6,-0.7997918128967285,6.319338321685791,-0.6041344404220581,0.7262784242630005,133,408
0,7,-1.1121366024017334,8.816030502319336,-0.44612887501716614,0.7262784242630005,134,380
0,8,0.4117271602153778,3.2549808025360107,-0.29122641682624817,0.9683712720870972,155,391
0,9,0.6057595014572144,2.3393959999084473,-0.17718487977981567,-0.2420928180217743,182,352
0,10,0.7134237885475159,2.4094347953796387,-0.34652674198150635,-0.2420928180217743,135,370
 , , , , , , , 
0,0,0.45431962609291077,2.3766543865203857,0.12736353278160095,0.2420928180217743,161,361
0,1,-0.3596697151660919,2.854783773422241,-0.005847706459462643,0.2420928180217743,145,446
0,2,3.1565749645233154,1.464542269706726,0.15249699354171753,0.2420928180217743,137,436
0,3,0.5300395488739014,2.3628056049346924,-0.08556568622589111,-0.2420928180217743,158,351
0,4,-0.7122406959533691,1.2074143886566162,-2.938727855682373,-0.2420928180217743,139,431
0,5,3.052459955215454,1.1096036434173584,0.2291867882013321,-0.2420928180217743,139,431
0,6,3.2654223442077637,1.189573884010315,-0.23245589435100555,-0.2420928180217743,150,465
 , , , , , , , 
0,0,-0.2662028968334198,2.7843596935272217,0.48910459876060486,0.0,263,386
0,1,0.5300395488739014,2.3643524646759033,-0.0030235322192311287,0.2420928180217743,255,358
0,2,-1.0837416648864746,8.589201927185059,0.46782994270324707,-1.2104641199111938,152,359
0,3,-0.5182083249092102,5.4503173828125,0.7611642479896545,-0.9683712720870972,115,404
0,4,-0.4495871365070343,2.8417704105377197,0.03742147237062454,-0.4841856360435486,299,424
0,5,3.1222643852233887,1.4541658163070679,0.08162958920001984,-0.4841856360435486,144,485
0,6,-1.386621356010437,7.303541660308838,-8.233441352844238,-0.4841856360435486,147,367
0,7,0.6057595014572144,2.325862169265747,-0.30746281147003174,-0.2420928180217743,244,355
 , , , , , , , 
0,0,0.5962945222854614,2.2974798679351807,-0.23471969366073608,0.2420928180217743,172,360
0,1,0.5383214354515076,2.3842248916625977,0.28583192825317383,0.2420928180217743,199,364
0,2,-0.8234543204307556,6.474053859710693,0.8974844217300415,-1.9367425441741943,124,385
0,3,-0.34547221660614014,2.7255232334136963,0.30106380581855774,-0.9683712720870972,385,358
0,4,0.6708313226699829,2.2188327312469482,-0.5619974136352539,-0.2420928180217743,142,361
0,5,0.6152244806289673,2.3826770782470703,0.0191580131649971,-0.2420928180217743,181,360
0,6,0.08636805415153503,2.758739948272705,0.14269576966762543,-0.2420928180217743,241,448
0,7,0.4164596498012543,3.3055126667022705,-0.014846062287688255,-0.2420928180217743,114,443
 , , , , , , , 
0,0,0.5962945222854614,2.302953004837036,-0.17296117544174194,0.2420928180217743,220,356
0,1,0.5383214354515076,2.4012749195098877,0.01033204235136509,0.2420928180217743,199,354
0,2,-1.4197487831115723,1.4973986148834229,-5.2908501625061035,0.9683712720870972,123,374
0,3,-2.063368320465088,3.539003849029541,-7.1650390625,1.452556848526001,146,378
0,4,-0.41409340500831604,2.596935987472534,0.3286306858062744,-1.452556848526001,368,356
0,5,0.0,2.7196714878082275,0.18443253636360168,-0.4841856360435486,308,425
0,6,0.6708313226699829,2.223454236984253,-0.5434258580207825,-0.2420928180217743,192,357
0,7,0.5383214354515076,2.388766050338745,-0.24500000476837158,-0.2420928180217743,182,352
 , , , , , , , 
0,0,0.5217577219009399,2.3246254920959473,-0.1138395145535469,0.2420928180217743,263,360
0,1,-0.40817779302597046,4.3141608238220215,0.4216896593570709,-1.9367425441741943,160,401
0,2,-0.31707724928855896,2.493987798690796,0.3375180661678314,-1.2104641199111938,386,358
0,3,-0.8944417238235474,2.989727020263672,0.6127118468284607,-0.9683712720870972,128,487
0,4,0.2981472611427307,2.556520700454712,-1.8679449558258057,-0.9683712720870972,128,487
0,5,0.1680036187171936,2.681554079055786,0.08183512091636658,-0.4841856360435486,153,435
0,6,0.5217577219009399,2.291673183441162,-0.4062974452972412,-0.2420928180217743,255,342
 , , , , , , , 
0,0,-0.22715981304645538,2.411656141281128,0.05853618308901787,-0.9683712720870972,438,363
0,1,-3.336409568786621,10.13028621673584,0.48327863216400146,-0.7262784242630005,123,371
0,2,0.3336409628391266,1.1355167627334595,-10.610710144042969,-0.7262784242630005,123,371
0,3,0.1680036187171936,2.6827242374420166,0.020494485273957253,-0.2420928180217743,201,466
0,4,-0.8163555860519409,5.157907009124756,-0.16368290781974792,-0.2420928180217743,114,423
 , , , , , , , 
0,0,-0.7205225229263306,7.646444320678711,0.28421342372894287,-0.4841856360435486,118,424
0,1,-0.20941296219825745,2.2223660945892334,-0.08259391039609909,-0.2420928180217743,304,343
0,2,-0.22006107866764069,2.336949348449707,-0.011943703517317772,-0.2420928180217743,442,353
0,3,0.3360072374343872,2.6648550033569336,-0.10631256550550461,-0.2420928180217743,159,520
0,4,-5.6115570068359375,3.4712047576904297,-8.248435020446777,-0.2420928180217743,167,375
0,5,-1.320366382598877,2.9849462509155273,10.046006202697754,-0.2420928180217743,167,375
 , , , , , , , 
0,0,-0.14670738577842712,2.3317270278930664,-0.2267790138721466,0.4841856360435486,402,358
0,1,-0.23425854742527008,2.471275568008423,-0.28585025668144226,0.4841856360435486,158,445
0,2,0.2520054280757904,2.6737213134765625,-0.1155988872051239,-0.2420928180217743,117,466
0,3,0.4555027484893799,2.87656831741333,-0.12793363630771637,-0.2420928180217743,118,419
 , , , , , , , 
0,0,0.24845603108406067,2.6352100372314453,-0.13223430514335632,0.2420928180217743,212,424
0,1,-0.15380612015724182,2.4392969608306885,-0.28669309616088867,1.2104641199111938,396,361
0,2,0.3738671839237213,2.9480955600738525,-0.3386206030845642,-0.4841856360435486,157,377
 , , , , , , , 
0,0,0.5383214354515076,2.399108409881592,0.10250148177146912,0.2420928180217743,235,357
0,1,0.3360072374343872,2.6611249446868896,-0.17654670774936676,0.2420928180217743,192,476
0,2,-0.08045243471860886,2.542567253112793,-0.3959999978542328,1.2104641199111938,411,358
0,3,0.6152244806289673,2.3763461112976074,-0.17463107407093048,-0.2420928180217743,260,347
 , , , , , , , 
0,0,0.45431962609291077,2.370379686355591,0.2144930064678192,0.2420928180217743,230,348
0,1,0.1680036187171936,2.6751766204833984,-0.2021373212337494,0.2420928180217743,275,446
0,2,-0.2839497923851013,2.976297616958618,-0.48439687490463257,0.9683712720870972,145,465
0,3,-6.057595252990723,3.027735710144043,10.045705795288086,0.9683712720870972,129,371
0,4,-0.2520054280757904,2.6438567638397217,-0.4149332642555237,1.2104641199111938,375,369
0,5,-1.3736069202423096,4.676497459411621,-0.3104957044124603,-1.9367425441741943,168,363
0,6,0.4578689932823181,2.5688390731811523,4.1284685134887695,-1.9367425441741943,168,363
0,7,-2.353233575820923,7.966264724731445,-1.0042346715927124,-1.6946496963500977,165,382
0,8,0.5229408144950867,4.7784647941589355,6.848385334014893,-1.6946496963500977,165,382
0,9,0.45431962609291077,2.380026340484619,-0.013492819853127003,-0.2420928180217743,239,355
0,10,0.5383214354515076,2.3999271392822266,0.08110218495130539,-0.2420928180217743,236,358
 , , , , , , , 
0,0,0.5383214354515076,2.3993797302246094,0.09594274312257767,0.2420928180217743,226,356
0,1,3.3009161949157715,0.6320168375968933,-0.5611269474029541,0.4841856360435486,113,480
0,2,-0.26265352964401245,2.7703633308410645,-0.32445988059043884,0.7262784242630005,363,427
0,3,0.39279717206954956,3.090576410293579,-0.41058972477912903,0.9683712720870972,154,435
0,4,0.6152244806289673,2.374476909637451,-0.1984347552061081,-0.2420928180217743,249,348
 , , , , , , , 
0,0,0.5217577219009399,2.3271944522857666,0.031778547912836075,0.2420928180217743,162,371
0,1,-0.5537020564079285,4.381957054138184,-0.3367003798484802,-0.9683712720870972,146,381
0,2,-0.6625494360923767,5.252597332000732,-0.2558104991912842,-0.7262784242630005,149,466
0,3,0.5217577219009399,2.302319049835205,-0.34083762764930725,-0.2420928180217743,189,357
0,4,-0.3502047061920166,2.7737395763397217,-0.18138091266155243,-0.2420928180217743,266,509
 , , , , , , , 
0,0,-0.7619318962097168,6.0458269119262695,0.1483585238456726,-1.9367425441741943,181,408
0,1,-1.0553466081619263,8.369186401367188,0.35125115513801575,-1.9367425441741943,143,378
0,2,-0.34073972702026367,2.704516887664795,0.010616269893944263,-0.9683712720870972,424,362
0,3,0.17036986351013184,2.7205874919891357,0.00242034113034606,-0.2420928180217743,251,419
0,4,0.4022621810436249,3.1923487186431885,-0.056976255029439926,-0.2420928180217743,119,452
 , , , , , , , 
0,0,0.5300395488739014,2.3643131256103516,0.01397355180233717,0.2420928180217743,169,356
0,1,-2.1012282371520996,2.076137065887451,-7.868739128112793,1.452556848526001,135,377
0,2,-1.7971653938293457,2.910611629486084,-7.4695940017700195,1.6946496963500977,221,367
0,3,-0.3265422284603119,2.5855042934417725,0.18123473227024078,-1.2104641199111938,464,365
0,4,-3.7351226806640625,10.080317497253418,1.5817468166351318,-1.2104641199111938,147,377
0,5,0.0,3.2950000762939453,-10.354169845581055,-1.2104641199111938,147,377
0,6,-0.3738671839237213,2.950683116912842,0.3152790367603302,-0.9683712720870972,163,471
0,7,2.617070198059082,1.4276164770126343,0.2419966459274292,-0.9683712720870972,163,471
0,8,0.5300395488739014,2.3420701026916504,-0.323851078748703,-0.2420928180217743,163,353
 , , , , , , , 
0,0,0.5217577219009399,2.3230414390563965,-0.14255522191524506,0.2420928180217743,182,360
0,1,-1.2339982986450195,2.154235363006592,-5.065464019775391,1.6946496963500977,123,430
0,2,-1.1357991695404053,1.9144774675369263,-5.633755207061768,1.6946496963500977,160,421
0,3,-0.3123447299003601,2.46449613571167,0.26923903822898865,-1.2104641199111938,342,349
0,4,-0.3596697151660919,2.8389439582824707,0.3003702759742737,-1.2104641199111938,115,502
0,5,2.4277706146240234,1.5342789888381958,0.17636635899543762,-1.2104641199111938,115,502
0,6,2.8241171836853027,0.7183130383491516,0.08296161144971848,-0.4841856360435486,127,481
0,7,0.24845603108406067,2.636465549468994,0.1042446419596672,-0.2420928180217743,226,427
 , , , , , , , 
0,0,-0.9192873239517212,1.5241349935531616,-3.8069100379943848,1.6946496963500977,119,397
0,1,-0.38333219289779663,4.043990612030029,0.4670208692550659,-1.9367425441741943,186,358
0,2,-0.2508223056793213,3.9830217361450195,0.42196518182754517,-1.452556848526001,163,402
0,3,2.619436502456665,1.6173768043518066,0.4008408486843109,-1.2104641199111938,144,444
0,4,-0.582097053527832,3.0361623764038086,0.28444772958755493,-1.2104641199111938,144,444
0,5,-0.22361044585704803,2.36661696434021,0.19544059038162231,-0.9683712720870972,335,346
0,6,-0.7761293649673462,2.937070369720459,0.6397414803504944,-0.7262784242630005,131,466
0,7,0.3880646824836731,2.415919303894043,-1.9106985330581665,-0.7262784242630005,131,466
0,8,0.24845603108406067,2.6384799480438232,-0.01552911102771759,-0.2420928180217743,275,438
 , , , , , , , 
0,0,-0.4874471127986908,7.783874988555908,-0.02209555357694626,-0.9683712720870972,123,395
0,1,-0.5418708324432373,8.639405250549316,0.4845566749572754,-0.9683712720870972,147,374
0,2,-0.33009159564971924,2.33651065826416,-10.29598331451416,-0.4841856360435486,151,373
0,3,-5.941648483276367,1.2274516820907593,-8.64671516418457,-0.4841856360435486,151,373
0,4,-0.1443411260843277,2.304309606552124,0.05402902513742447,-0.2420928180217743,393,352
0,5,0.3265422284603119,2.5835072994232178,-0.20777104794979095,-0.2420928180217743,124,497
 , , , , , , , 
0,0,-0.1443411260843277,2.3016085624694824,-0.12393338978290558,0.2420928180217743,440,364
0,1,-0.07690306007862091,2.4573607444763184,-0.10715319216251373,0.2420928180217743,122,504
0,2,0.24845603108406067,2.6260464191436768,0.2563163936138153,0.2420928180217743,122,466
0,3,-0.3052459955215454,4.86722469329834,-0.2641575336456299,0.2420928180217743,123,427
0,4,-0.4637846052646637,7.341763496398926,-0.9736674427986145,0.2420928180217743,128,407
0,5,0.4495871365070343,2.839308500289917,-0.12403859943151474,-0.4841856360435486,129,405
0,6,-0.6625494360923767,1.242676019668579,2.2450685501098633,-0.2420928180217743,138,470
0,7,0.33127471804618835,2.5851874351501465,-0.4802193343639374,-0.2420928180217743,138,470
0,8,-0.4637846052646637,7.340209007263184,-0.9853205680847168,-0.2420928180217743,132,374
 , , , , , , , 
0,0,0.08163555711507797,2.576164722442627,-0.4254637658596039,0.2420928180217743,184,451
0,1,-0.07335369288921356,2.3356871604919434,-0.22155596315860748,0.9683712720870972,424,353
0,2,0.46141836047172546,2.8912620544433594,-0.38517940044403076,-0.4841856360435486,177,371
 , , , , , , , 
0,0,0.24845603108406067,2.6326069831848145,-0.17663031816482544,0.2420928180217743,263,438
0,1,-0.07690306007862091,2.4285290241241455,-0.3903217315673828,1.2104641199111938,426,351
0,2,-0.6708313226699829,2.967726707458496,-0.38336867094039917,1.452556848526001,124,444
0,3,-1.2541115283966064,3.776812791824341,-0.517994225025177,-1.6946496963500977,165,378
0,4,0.2508223056793213,2.2315330505371094,3.326075315475464,-1.6946496963500977,165,378
 , , , , , , , 
0,0,0.45431962609291077,2.3796517848968506,-0.044319603592157364,0.2420928180217743,213,349
0,1,0.33127471804618835,2.6293435096740723,0.018918337300419807,0.2420928180217743,199,439
0,2,-0.08045243471860886,2.554973602294922,-0.3058984875679016,1.2104641199111938,366,365
0,3,-1.1925890445709229,4.049917697906494,-0.3951980471611023,-1.452556848526001,162,372
0,4,0.397529661655426,2.2387144565582275,3.5791635513305664,-1.452556848526001,162,372
0,5,-2.5437166690826416,7.672822952270508,-0.9566388726234436,-1.2104641199111938,165,377
0,6,0.5087433457374573,4.283939838409424,6.902673721313477,-1.2104641199111938,165,377
0,7,0.45431962609291077,2.358196258544922,-0.32189688086509705,-0.2420928180217743,230,346
 , , , , , , , 
0,0,0.5217577219009399,2.3239922523498535,-0.1261088252067566,0.2420928180217743,170,357
0,1,0.1680036187171936,2.6762189865112305,-0.18783576786518097,0.2420928180217743,321,434
0,2,0.38333219289779663,3.0148117542266846,-0.4103107750415802,0.9683712720870972,119,432
0,3,0.5300395488739014,2.328813076019287,-0.4084118902683258,-0.2420928180217743,189,358
 , , , , , , , 
0,0,0.5300395488739014,2.363901138305664,0.04629354178905487,0.2420928180217743,175,354
0,1,-0.25555479526519775,2.6996989250183105,-0.2773907780647278,0.2420928180217743,218,462
0,2,0.6057595014572144,2.3321163654327393,-0.255737841129303,-0.2420928180217743,188,352
0,3,-0.25555479526519775,2.6618003845214844,-0.5292807817459106,-0.2420928180217743,182,451
0,4,4.544379234313965,4.379729270935059,-0.37688735127449036,-0.2420928180217743,146,378
 , , , , , , , 
0,0,0.3880646824836731,3.079512596130371,-0.06353440880775452,0.2420928180217743,149,394
0,1,-0.3360072374343872,5.365386962890625,-0.048388756811618805,0.2420928180217743,119,402
0,2,-0.5714489221572876,6.062081336975098,-0.2814143896102905,-1.2104641199111938,113,388
0,3,-0.1680036187171936,2.6808741092681885,-0.10170605778694153,-0.2420928180217743,350,391
 , , , , , , , 
0,0,0.5300395488739014,2.3517367839813232,0.24393703043460846,0.2420928180217743,175,355
0,1,-0.16563735902309418,2.6421258449554443,0.12362746894359589,-0.7262784242630005,355,376
0,2,0.5300395488739014,2.3636624813079834,-0.057188261300325394,-0.2420928180217743,162,356
 , , , , , , , 
0,0,0.5962945222854614,2.3081398010253906,-0.07745067775249481,0.2420928180217743,168,363
0,1,-0.15853862464427948,2.5136451721191406,0.3014703691005707,-0.9683712720870972,382,362
0,2,0.6708313226699829,2.268028974533081,-0.308389812707901,-0.2420928180217743,159,351
 , , , , , , , 
0,0,-0.15380612015724182,2.4348344802856445,0.32240256667137146,-1.2104641199111938,355,364
0,1,-0.958330512046814,2.7813618183135986,0.8660359382629395,-0.9683712720870972,122,461
0,2,0.24845603108406067,2.638519525527954,-0.005653884261846542,-0.2420928180217743,234,404
 , , , , , , , 
0,0,0.6152244806289673,2.378032684326172,0.14992466568946838,0.2420928180217743,218,365
0,1,-0.14670738577842712,2.3382060527801514,0.1455056071281433,-1.2104641199111938,361,351
0,2,-0.15380612015724182,2.4478657245635986,0.20078706741333008,-1.2104641199111938,182,423
 , , , , , , , 
0,0,0.0,3.7101943492889404,-0.024745337665081024,0.2420928180217743,178,411
0,1,0.0,5.488525390625,0.6557101607322693,0.2420928180217743,116,387
0,2,-0.23899105191230774,7.640506744384766,0.23035724461078644,-1.2104641199111938,125,390
0,3,0.0,5.172511577606201,0.3849407732486725,-0.9683712720870972,118,391
0,4,0.0,6.607353687286377,0.4899531602859497,-0.9683712720870972,114,394
0,5,-0.2662028968334198,8.510689735412598,0.24902334809303284,-0.9683712720870972,175,366
0,6,2.459714889526367,1.5622022151947021,0.08843854069709778,-0.7262784242630005,145,420
0,7,-0.13250988721847534,2.115034580230713,0.06434983015060425,-0.4841856360435486,242,348
0,8,-0.06980431824922562,2.229459762573242,0.11925852298736572,-0.4841856360435486,434,353
0,9,-1.966352105140686,9.378037452697754,4.262332439422607,-0.4841856360435486,157,375
0,10,-2.650197982788086,11.697052955627441,1.7126771211624146,-0.4841856360435486,127,372
0,11,1.5143988132476807,2.7081949710845947,11.711111068725586,-0.4841856360435486,127,372
0,12,-0.5714489221572876,0.8852230906486511,-2.390425682067871,-0.2420928180217743,135,487
0,13,0.48981332778930664,2.560293197631836,0.1711443066596985,-0.2420928180217743,135,487
 , , , , , , , 
0,0,-0.06980431824922562,2.232130765914917,-0.04801525920629501,0.2420928180217743,386,346
0,1,0.14789050817489624,4.582534313201904,-1.1726162433624268,0.2420928180217743,122,428
0,2,0.5395045876502991,2.7940115928649902,-0.4261699318885803,-0.4841856360435486,123,424
0,3,-0.0686211958527565,2.1911375522613525,-0.12683984637260437,-0.2420928180217743,345,356
0,4,-0.589195728302002,6.243811130523682,-0.4071979820728302,-0.2420928180217743,132,406
 , , , , , , , 
0,0,0.07098744064569473,2.1437675952911377,-0.7479169368743896,0.0,366,320
0,1,0.5383214354515076,2.386629819869995,0.26500260829925537,0.2420928180217743,156,446
0,2,0.0,2.2472949028015137,-0.3313976228237152,0.7262784242630005,460,363
0,3,0.0,2.436757802963257,-0.34384647011756897,0.7262784242630005,119,488
0,4,-0.13842551410198212,4.399926662445068,-0.49293556809425354,1.452556848526001,214,356
0,5,0.5383214354515076,2.4001851081848145,-0.07307364791631699,-0.2420928180217743,174,445
 , , , , , , , 
0,0,0.24490666389465332,2.6008079051971436,0.011284887790679932,0.2420928180217743,208,446
0,1,0.0,2.3551390171051025,-0.37735211849212646,0.9683712720870972,395,351
0,2,0.46141836047172546,2.886167526245117,-0.42165982723236084,-0.2420928180217743,126,440
0,3,0.9689785838127136,3.2969608306884766,-0.2468324899673462,-0.2420928180217743,133,406
 , , , , , , , 
0,0,0.3265422284603119,2.5911223888397217,-0.061348333954811096,0.2420928180217743,254,420
0,1,-0.07690306007862091,2.437547445297241,-0.3293420970439911,0.9683712720870972,377,356
0,2,0.0,3.793570041656494,-0.48032015562057495,1.452556848526001,128,434
0,3,-0.1218617781996727,3.8503904342651367,-0.605262815952301,1.6946496963500977,130,436
0,4,0.257921040058136,2.1859731674194336,3.4906952381134033,-1.6946496963500977,135,414
0,5,-1.2896051406860352,3.8919014930725098,-0.46901756525039673,-1.6946496963500977,135,414
 , , , , , , , 
0,0,-0.07926931232213974,2.4319570064544678,-0.7167509198188782,0.0,245,367
0,1,-0.07926931232213974,2.5184338092803955,-0.2926405072212219,0.7262784242630005,399,357
0,2,0.0,3.9659807682037354,-0.6135350465774536,1.2104641199111938,190,417
0,3,-0.17155298590660095,5.4431610107421875,-0.6923309564590454,1.6946496963500977,161,379
0,4,0.7571994066238403,2.3016867637634277,-0.0010879298206418753,-0.2420928180217743,302,356
0,5,0.952414870262146,4.2336745262146,-0.3540022373199463,-0.2420928180217743,124,398
 , , , , , , , 
0,0,-0.6377038359642029,2.6545069217681885,-1.0224584341049194,0.4841856360435486,133,468
0,1,2.8241171836853027,0.6688584685325623,-0.27474457025527954,0.4841856360435486,133,468
0,2,-0.3218097388744354,2.55004620552063,-0.14710493385791779,0.7262784242630005,327,385
0,3,0.6708313226699829,2.280512571334839,-0.19576004147529602,-0.2420928180217743,313,357
 , , , , , , , 
0,0,0.5868295431137085,2.271653890609741,-0.07156813144683838,0.2420928180217743,219,356
0,1,0.6152244806289673,2.36913800239563,0.25436660647392273,0.2420928180217743,212,359
0,2,-0.24490666389465332,2.581303358078003,0.3181227743625641,0.2420928180217743,168,455
0,3,-0.34547221660614014,5.511248588562012,-0.24629302322864532,0.2420928180217743,133,424
0,4,-0.7240718603134155,7.660203456878662,-0.6696458458900452,0.2420928180217743,137,400
0,5,0.6601832509040833,2.2244033813476562,-0.35509201884269714,-0.2420928180217743,274,351
0,6,0.692127525806427,2.359637975692749,-0.09532283246517181,-0.2420928180217743,253,363
0,7,-0.08163555711507797,2.6103098392486572,-0.0626642107963562,-0.2420928180217743,148,461
 , , , , , , , 
0,0,0.5868295431137085,2.272294521331787,-0.04702707380056381,0.2420928180217743,236,363
0,1,-0.5040108561515808,5.3433966636657715,-0.3109723627567291,0.2420928180217743,115,386
0,2,-0.913371741771698,7.238638401031494,0.39966943860054016,-0.7262784242630005,123,385
0,3,-0.7879605889320374,8.367612838745117,-0.06888557970523834,-0.7262784242630005,150,423
0,4,-0.8660467863082886,9.197125434875488,-0.01948137767612934,-0.7262784242630005,131,373
0,5,0.6601832509040833,2.2278268337249756,-0.33293911814689636,-0.2420928180217743,275,352
0,6,-0.23425854742527008,2.486682653427124,0.07295680791139603,-0.2420928180217743,339,402
0,7,-0.24490666389465332,2.6007230281829834,0.023849189281463623,-0.2420928180217743,364,497
0,8,-1.015120506286621,2.631763219833374,-10.454084396362305,-0.2420928180217743,154,397
 , , , , , , , 
0,0,0.6601832509040833,2.2481484413146973,-0.1410272866487503,0.2420928180217743,189,345
0,1,-0.7453681230545044,7.906738758087158,0.37395933270454407,-1.2104641199111938,137,388
0,2,-0.5040108561515808,8.048168182373047,0.06206044927239418,-1.2104641199111938,191,409
0,3,-0.5111095905303955,8.159815788269043,0.17841573059558868,-1.2104641199111938,164,426
0,4,-0.23780792951583862,2.5253756046295166,0.018867701292037964,-0.7262784242630005,439,367
0,5,-1.3310145139694214,3.0664379596710205,7.835182189941406,-0.7262784242630005,129,446
0,6,0.0,7.447850227355957,-7.807406902313232,-0.7262784242630005,172,386
0,7,-4.720664978027344,9.508999824523926,-1.9288132190704346,-0.7262784242630005,172,386
0,8,0.733536958694458,2.1876912117004395,-0.4310835897922516,-0.2420928180217743,192,351
 , , , , , , , 
0,0,0.5868295431137085,2.2721762657165527,-0.052428681403398514,0.2420928180217743,223,346
0,1,-0.3951634168624878,6.295621395111084,0.4294785261154175,-1.452556848526001,153,439
0,2,-0.17391923069953918,5.537189483642578,0.5321005582809448,-1.2104641199111938,144,427
0,3,-0.15380612015724182,2.450218677520752,0.1696755439043045,-0.7262784242630005,362,359
0,4,2.5732946395874023,1.1980228424072266,0.07511328160762787,-0.7262784242630005,144,530
0,5,-0.2662028968334198,2.7367687225341797,0.708504319190979,-0.7262784242630005,144,530
0,6,0.6601832509040833,2.226155996322632,-0.3439330458641052,-0.2420928180217743,199,359
0,7,0.33127471804618835,2.6235885620117188,-0.17489361763000488,-0.2420928180217743,172,447
0,8,0.5678995847702026,2.971776247024536,0.14018495380878448,-0.2420928180217743,120,489
 , , , , , , , 
0,0,0.6601832509040833,2.24998140335083,-0.10790826380252838,0.2420928180217743,262,359
0,1,-1.015120506286621,2.2528326511383057,-4.817199230194092,1.6946496963500977,180,409
0,2,-0.12304490059614182,3.9305801391601562,0.19699713587760925,-1.452556848526001,155,371
0,3,-0.12777739763259888,4.067131042480469,0.40128445625305176,-1.452556848526001,165,419
0,4,-0.13487613201141357,4.300503730773926,0.34006503224372864,-1.452556848526001,181,422
0,5,-0.0757199376821518,2.414858818054199,0.18394772708415985,-0.9683712720870972,411,363
0,6,-0.7477343678474426,2.8237226009368896,0.6427999138832092,-0.7262784242630005,118,511
0,7,0.33127471804618835,2.6290206909179688,0.045329708606004715,-0.2420928180217743,133,485
 , , , , , , , 
0,0,0.6708313226699829,2.288508176803589,-0.042311105877161026,0.2420928180217743,290,363
0,1,-0.15498924255371094,4.947159767150879,0.3158707618713379,-1.9367425441741943,156,357
0,2,-0.07217056304216385,2.307461738586426,0.06330636888742447,-0.9683712720870972,430,357
0,3,0.3265422284603119,2.5915870666503906,0.03681094944477081,-0.2420928180217743,179,508
 , , , , , , , 
0,0,0.5962945222854614,2.3093619346618652,0.018830111250281334,0.2420928180217743,205,402
0,1,0.0,2.2315735816955566,0.09831590205430984,-0.4841856360435486,466,346
0,2,0.327725350856781,3.0406410694122314,-10.03138542175293,-0.4841856360435486,144,373
0,3,-4.91588020324707,6.247330665588379,-6.840071678161621,-0.4841856360435486,144,373
 , , , , , , , 
0,0,0.44722089171409607,2.3404300212860107,0.10703008621931076,0.2420928180217743,165,487
0,1,-2.7330164909362793,1.0139780044555664,-0.031045442447066307,0.2420928180217743,114,447
0,2,0.0686211958527565,2.194356679916382,-0.04440511390566826,-0.2420928180217743,439,356
0,3,0.5217577219009399,2.3151164054870605,-0.23891279101371765,-0.2420928180217743,115,571
0,4,0.13487613201141357,4.307071208953857,-0.2431352585554123,-0.2420928180217743,124,474
 , , , , , , , 
0,0,0.0686211958527565,2.1936142444610596,-0.07231568545103073,0.2420928180217743,399,356
0,1,0.44722089171409607,2.3416824340820312,0.07477105408906937,0.2420928180217743,156,492
0,2,0.13487613201141357,4.304016590118408,-0.29226154088974,0.2420928180217743,162,416
0,3,0.3644022047519684,2.877512216567993,-0.2926233410835266,-0.7262784242630005,187,388
0,4,0.5217577219009399,2.319298505783081,-0.19415944814682007,-0.2420928180217743,247,451
0,5,0.2520054280757904,2.5012245178222656,-0.9518532156944275,-0.2420928180217743,118,470
 , , , , , , , 
0,0,0.06980431824922562,2.21492075920105,-0.2807842493057251,0.2420928180217743,475,362
0,1,0.35493719577789307,2.7937445640563965,-0.36298325657844543,-0.7262784242630005,182,380
0,2,0.5134758353233337,2.281111717224121,-0.20681777596473694,-0.2420928180217743,270,395
0,3,0.23780792951583862,2.428449869155884,-0.6931886076927185,-0.2420928180217743,190,491
 , , , , , , , 
0,0,0.0,2.2103350162506104,-0.32249951362609863,0.2420928180217743,471,357
0,1,0.23070918023586273,2.4019830226898193,-0.48297908902168274,-0.2420928180217743,250,481
 , , , , , , , 
0,0,-0.14670738577842712,2.316438674926758,-0.3499873876571655,0.2420928180217743,398,355
0,1,0.23425854742527008,2.4600231647491455,-0.37040358781814575,0.2420928180217743,182,467
 , , , , , , , 
0,0,-0.29341477155685425,2.3087782859802246,-0.30553796887397766,0.2420928180217743,344,357
0,1,-0.7134237885475159,1.0936613082885742,-2.1747097969055176,0.2420928180217743,181,470
0,2,0.2886822521686554,2.251864194869995,-0.4235170781612396,-0.2420928180217743,329,360
0,3,0.39043092727661133,2.4409520626068115,-0.3648386299610138,-0.2420928180217743,145,460
 , , , , , , , 
0,0,0.667281985282898,2.114070177078247,2.7840194702148438,-0.4841856360435486,154,464
0,1,2.224273204803467,1.5047484636306763,2.3353078365325928,-0.4841856360435486,154,464
0,2,0.2886822521686554,2.2308619022369385,-0.5229859352111816,-0.2420928180217743,369,362
 , , , , , , , 
0,0,-0.3726840615272522,2.341573476791382,-0.2592562437057495,0.2420928180217743,299,365
0,1,-0.3123447299003601,2.451385021209717,-0.37005722522735596,0.2420928180217743,138,460
0,2,0.21651169657707214,2.2617032527923584,-0.4140259623527527,-0.2420928180217743,363,349
0,3,0.3123447299003601,2.4791178703308105,0.014345884323120117,-0.2420928180217743,136,485
0,4,0.294597864151001,3.1282451152801514,0.04277206212282181,-0.2420928180217743,125,485
0,5,-2.8477795124053955,1.3260008096694946,0.0800585076212883,-0.2420928180217743,125,485
 , , , , , , , 
0,0,-0.3726840615272522,2.354801893234253,-0.07133710384368896,0.2420928180217743,297,366
0,1,-0.8163555860519409,4.264227867126465,-0.3260948956012726,0.2420928180217743,131,457
0,2,2.2715981006622314,2.085334539413452,1.9238572120666504,-0.7262784242630005,173,395
0,3,0.6814794540405273,2.635050058364868,2.40875506401062,-0.7262784242630005,173,395
0,4,0.14670738577842712,2.3414041996002197,0.07877593487501144,-0.2420928180217743,322,352
0,5,0.39043092727661133,2.4570817947387695,-0.23259985446929932,-0.2420928180217743,114,482
 , , , , , , , 
0,0,-0.7855943441390991,3.042310953140259,0.04147329926490784,0.2420928180217743,117,450
0,1,-0.952414870262146,4.236330509185791,-0.32065925002098083,0.2420928180217743,134,408
0,2,0.14197488129138947,2.2257206439971924,-0.4314730167388916,-0.2420928180217743,371,354
 , , , , , , , 
0,0,0.14197488129138947,2.2296974658966064,-0.4104270040988922,-0.2420928180217743,379,361
0,1,-0.44722089171409607,2.3212268352508545,-0.31776484847068787,-0.2420928180217743,269,459
 , , , , , , , 
0,0,-0.5134758353233337,2.2904603481292725,0.006027282681316137,-0.2420928180217743,384,442
 , , , , , , , 
0,0,-1.2564777135849,6.5770955085754395,-0.26334452629089355,-1.2104641199111938,145,386
0,1,0.1301436424255371,2.0755908489227295,-0.10464732348918915,-0.7262784242630005,312,355
0,2,-0.5051939487457275,2.251188278198242,-0.10260147601366043,-0.4841856360435486,339,467
 , , , , , , , 
0,0,0.06388869881629944,2.0360617637634277,-0.17349067330360413,-0.7262784242630005,318,357
0,1,-0.4188259243965149,2.1883084774017334,-0.15961599349975586,-0.7262784242630005,335,471
0,2,-0.8731455206871033,2.971285343170166,-0.21704812347888947,-0.4841856360435486,120,532
 , , , , , , , 
0,0,0.0,2.1579160690307617,-0.020983895286917686,-0.4841856360435486,312,442
0,1,-0.06152245029807091,1.9656715393066406,-0.09056754410266876,-0.2420928180217743,297,353
 , , , , , , , 
0,0,0.0,2.08124041557312,0.06636196374893188,-0.4841856360435486,388,403
0,1,-0.9689785838127136,4.0338287353515625,9.46665096282959,-0.4841856360435486,118,382
0,2,-0.18101796507835388,1.9174782037734985,-0.13683441281318665,-0.2420928180217743,324,352
0,3,-0.06507182121276855,2.077786445617676,0.12056075036525726,-0.2420928180217743,376,415
 , , , , , , , 
0,0,-0.585646390914917,1.98617684841156,-0.219285249710083,-0.4841856360435486,372,414
 , , , , , , , 
0,0,-0.5016446113586426,1.934767484664917,-0.17715752124786377,-0.4841856360435486,473,352
0,1,-0.27921727299690247,2.173187017440796,-0.4346059262752533,-0.2420928180217743,113,567
 , , , , , , , 
0,0,-0.49217960238456726,1.8981995582580566,-0.17449919879436493,-0.4841856360435486,458,363
 , , , , , , , 
0,0,-1.0766428709030151,3.1762845516204834,-0.7885764241218567,-0.9683712720870972,160,365
0,1,-0.48271459341049194,1.858049988746643,-0.20700393617153168,-0.4841856360435486,476,358
 , , , , , , , 
0,0,-0.473249614238739,1.8258882761001587,-0.16003210842609406,-0.2420928180217743,500,351
 , , , , , , , 
0,0,-0.12067864835262299,1.9209051132202148,0.15418881177902222,0.2420928180217743,320,357
0,1,-0.5962945222854614,3.123208522796631,0.06253478676080704,-0.7262784242630005,127,464
0,2,-0.4637846052646637,1.77978515625,-0.24250160157680511,-0.4841856360435486,467,366
 , , , , , , , 
0,0,-0.2508223056793213,1.9504934549331665,-0.39877381920814514,0.2420928180217743,330,417
0,1,-0.29341477155685425,2.328906536102295,0.0021444386802613735,0.2420928180217743,144,532
0,2,-0.946499228477478,3.5726146697998047,-0.8211801052093506,-0.9683712720870972,135,407
0,3,-0.397529661655426,1.751225471496582,-0.2787128686904907,-0.2420928180217743,373,365
 , , , , , , , 
0,0,-0.37623345851898193,1.9708114862442017,0.026606358587741852,0.2420928180217743,253,429
0,1,-0.5466033220291138,2.7224481105804443,-0.8876909613609314,-1.452556848526001,251,356
0,2,-0.579730749130249,1.7091563940048218,0.4292265474796295,-0.4841856360435486,238,387
0,3,3.4310598373413086,2.7394747734069824,0.10310874879360199,-0.4841856360435486,134,489
0,4,-0.4164596498012543,1.5665208101272583,-0.3841771185398102,-0.2420928180217743,210,356
0,5,-0.3135278820991516,1.9695760011672974,-0.22096985578536987,-0.2420928180217743,207,513
 , , , , , , , 
0,0,-0.39043092727661133,2.0432112216949463,-0.09390470385551453,0.2420928180217743,145,497
0,1,-1.6788530349731445,4.586167335510254,-0.036737971007823944,-0.9683712720870972,161,391
0,2,-0.6246894598007202,1.6837207078933716,0.27811673283576965,-0.4841856360435486,282,356
0,3,-0.5016446113586426,1.8704899549484253,0.525335431098938,-0.4841856360435486,218,444
0,4,-0.30169662833213806,1.9063169956207275,0.056113529950380325,-0.2420928180217743,341,366
 , , , , , , , 
0,0,-0.6116751432418823,1.6449617147445679,0.2937431037425995,-0.4841856360435486,298,362
0,1,-0.48271459341049194,1.8645881414413452,0.1360568404197693,-0.4841856360435486,203,442
0,2,-0.5962945222854614,2.019953966140747,-0.24349632859230042,-0.2420928180217743,120,540
 , , , , , , , 
0,0,-0.6175907850265503,2.075714111328125,-0.36314457654953003,0.2420928180217743,148,467
0,1,-0.6388869881629944,1.5666476488113403,0.2000686526298523,-0.4841856360435486,273,355
0,2,-0.397529661655426,1.7726527452468872,0.04662132263183594,-0.4841856360435486,250,373
0,3,-0.5749982595443726,1.9437130689620972,-0.2666172385215759,-0.2420928180217743,199,509
 , , , , , , , 
0,0,-0.66136634349823,1.4858572483062744,0.07167568057775497,-0.4841856360435486,283,357
0,1,-0.3892478048801422,1.7361879348754883,0.021637259051203728,-0.2420928180217743,238,380
0,2,-0.7027757167816162,1.8774465322494507,-0.40128424763679504,-0.2420928180217743,163,537
0,3,1.8385746479034424,2.112241268157959,0.08516588062047958,-0.2420928180217743,123,529
0,4,-0.9630629420280457,2.6290438175201416,-0.09905624389648438,-0.2420928180217743,123,529
 , , , , , , , 
0,0,-0.6104919910430908,1.5091748237609863,-0.0023211189545691013,-0.2420928180217743,358,361
0,1,-0.5678995251655579,1.720136046409607,0.14533919095993042,-0.2420928180217743,136,512
0,2,1.6859517097473145,2.235502243041992,-0.47206205129623413,-0.2420928180217743,126,500
0,3,-0.8873429894447327,2.6657094955444336,-0.4115355610847473,-0.2420928180217743,126,500
 , , , , , , , 
0,0,-0.5962945222854614,1.469407081604004,-0.11727236211299896,-0.2420928180217743,367,342
0,1,-0.4353896379470825,1.6814755201339722,-0.12689432501792908,-0.2420928180217743,216,437
 , , , , , , , 
0,0,-0.5962945222854614,1.4729830026626587,-0.056841425597667694,0.2420928180217743,187,359
0,1,-0.5962945222854614,1.4535804986953735,-0.24497710168361664,-0.2420928180217743,243,362
0,2,-0.5560683012008667,1.6732120513916016,-0.2397496998310089,-0.2420928180217743,200,449
0,3,1.6634724140167236,2.144017457962036,-0.6965786218643188,-0.2420928180217743,128,497
 , , , , , , , 
0,0,-0.4353896379470825,1.6518155336380005,-0.33906835317611694,-0.2420928180217743,245,356
 , , , , , , , 
0,0,-0.5962945222854614,1.4431984424591064,-0.30014678835868835,0.2420928180217743,214,360
0,1,-0.4353896379470825,1.6631245613098145,-0.2783498764038086,0.2420928180217743,114,407
0,2,-0.47561585903167725,2.296234607696533,-0.9672263860702515,0.2420928180217743,139,439
0,3,-0.546603262424469,1.4094609022140503,-0.49307411909103394,-0.2420928180217743,178,358
0,4,-0.45431962609291077,1.6178946495056152,-0.691745400428772,-0.2420928180217743,150,438
0,5,1.5546250343322754,2.2373666763305664,-0.4645412862300873,-0.2420928180217743,194,478
 , , , , , , , 
0,0,-0.4353896379470825,1.6594963073730469,-0.29922202229499817,0.2420928180217743,147,369
0,1,-0.3963465690612793,2.2397406101226807,-1.1228989362716675,0.2420928180217743,117,448
0,2,-0.3809659481048584,1.5982540845870972,-0.5774729251861572,-0.2420928180217743,197,365
0,3,1.5333287715911865,2.1458568572998047,-0.6890782117843628,-0.2420928180217743,205,447
 , , , , , , , 
0,0,-0.5962945222854614,1.431241750717163,-0.3527844250202179,0.2420928180217743,166,360
0,1,-0.546603262424469,1.3899511098861694,-0.5456535220146179,-0.2420928180217743,205,355
0,2,1.5333287715911865,2.0325379371643066,-0.9738171696662903,-0.2420928180217743,176,435
 , , , , , , , 
0,0,-0.4259246587753296,1.632664680480957,-0.23576100170612335,0.2420928180217743,130,368
0,1,-0.5335889458656311,1.36834716796875,-0.502410352230072,-0.2420928180217743,249,348
0,2,-0.4259246587753296,1.5750515460968018,-0.490295946598053,-0.2420928180217743,166,373
 , , , , , , , 
0,0,-0.3194434940814972,1.6222593784332275,-0.41087648272514343,0.2420928180217743,146,368
0,1,1.6185137033462524,2.1352057456970215,-0.5019335150718689,0.2420928180217743,210,402
0,2,-0.5335889458656311,1.377082109451294,-0.4779486358165741,-0.2420928180217743,257,361
0,3,-0.5442370176315308,1.638289451599121,-0.2298697978258133,-0.2420928180217743,128,431
 , , , , , , , 
0,0,-0.3265422284603119,1.6028965711593628,-0.597594141960144,0.2420928180217743,181,373
0,1,1.5333287715911865,2.148041248321533,-0.6822385191917419,0.2420928180217743,183,455
0,2,-0.5335889458656311,1.3806700706481934,-0.46748286485671997,-0.2420928180217743,274,341
 , , , , , , , 
0,0,-0.3265422284603119,1.5692652463912964,-0.6810307502746582,0.2420928180217743,202,400
0,1,1.6409929990768433,2.0925369262695312,-0.752926230430603,0.2420928180217743,185,466
0,2,-0.5205745697021484,1.3790427446365356,-0.3473428785800934,-0.2420928180217743,298,358
0,3,2.6939735412597656,2.540405511856079,-0.5808413624763489,-0.2420928180217743,114,425
 , , , , , , , 
0,0,-0.3726840615272522,1.6454046964645386,-0.2373591661453247,0.2420928180217743,140,418
0,1,1.5759211778640747,2.242417097091675,-0.5806988477706909,0.2420928180217743,172,485
0,2,-0.5205745697021484,1.3933473825454712,-0.2845858335494995,-0.2420928180217743,299,359
 , , , , , , , 
0,0,-0.5075601935386658,1.3861292600631714,-0.034570977091789246,0.2420928180217743,198,346
0,1,-0.3726840615272522,1.6609312295913696,-0.07073234021663666,0.2420928180217743,194,421
0,2,1.597217321395874,2.2742252349853516,-0.5827026963233948,0.2420928180217743,141,476
0,3,-0.6767469644546509,1.6525708436965942,-0.8287795186042786,-0.7262784242630005,139,400
0,4,-0.46141836047172546,1.384702444076538,-0.2232913225889206,-0.2420928180217743,228,364
0,5,-0.546603262424469,1.4668388366699219,-0.27943798899650574,-0.2420928180217743,256,364
0,6,2.7330164909362793,2.6703643798828125,-1.0967038869857788,-0.2420928180217743,167,446
 , , , , , , , 
0,0,-0.46141836047172546,1.402553915977478,0.01011733990162611,0.2420928180217743,210,360
0,1,-0.4259246587753296,1.649294376373291,0.03170868754386902,0.2420928180217743,273,437
0,2,-0.6743806600570679,2.034292221069336,-0.2528006136417389,0.2420928180217743,130,510
0,3,-0.46141836047172546,1.3863650560379028,-0.2127247154712677,-0.2420928180217743,172,356
0,4,2.7069878578186035,2.725425958633423,-0.864683985710144,-0.2420928180217743,178,455
 , , , , , , , 
0,0,-0.473249614238739,1.4380934238433838,0.03641638532280922,0.2420928180217743,303,348
0,1,-0.3809659481048584,1.6992454528808594,0.02135404385626316,0.2420928180217743,242,490
0,2,2.8300328254699707,2.492718458175659,-1.1316701173782349,-0.2420928180217743,144,425
 , , , , , , , 
0,0,-0.4850808382034302,1.474250316619873,0.02810514159500599,0.2420928180217743,294,363
0,1,-0.44485464692115784,1.7224987745285034,0.03785361349582672,0.2420928180217743,183,511
0,2,1.7533897161483765,1.0929113626480103,-0.6230661273002625,-0.2420928180217743,115,476
0,3,-0.6069425940513611,1.9980801343917847,-0.5443698763847351,-0.2420928180217743,115,476
 , , , , , , , 
0,0,-0.333640992641449,1.745693325996399,0.08700227737426758,0.2420928180217743,161,499
0,1,-0.38333219289779663,1.916671872138977,-0.5992941856384277,0.2420928180217743,119,540
0,2,-0.4850808382034302,1.4664374589920044,0.15415897965431213,0.4841856360435486,345,352
0,3,-0.38333219289779663,1.873026728630066,-0.7242617607116699,-0.2420928180217743,117,508
 , , , , , , , 
0,0,-0.46851709485054016,1.5985643863677979,0.010107370093464851,0.2420928180217743,264,361
0,1,2.044438362121582,1.7836226224899292,0.2637995481491089,0.2420928180217743,124,516
0,2,-0.6814794540405273,2.6240756511688232,-0.2836213707923889,0.2420928180217743,124,516
0,3,-0.49691206216812134,1.492089867591858,0.23499666154384613,0.4841856360435486,275,364
0,4,-0.34073972702026367,1.7720671892166138,0.21488450467586517,0.4841856360435486,208,467
 , , , , , , , 
0,0,-0.40581151843070984,1.8055477142333984,0.12981820106506348,0.2420928180217743,260,444
0,1,-0.7240718603134155,1.789943814277649,-0.005938349291682243,0.2420928180217743,222,493
0,2,-0.4578689932823181,1.5365217924118042,0.2824379503726959,0.4841856360435486,274,363
0,3,-0.48981332778930664,1.6287851333618164,-0.3743904232978821,-0.2420928180217743,273,353
0,4,-0.5111095905303955,1.9177621603012085,-0.4905945062637329,-0.2420928180217743,122,472
 , , , , , , , 
0,0,-0.5442370176315308,1.6536448001861572,-0.04786656051874161,0.2420928180217743,283,356
0,1,-0.473249614238739,1.8306752443313599,0.09003368020057678,0.2420928180217743,283,452
0,2,-0.38333219289779663,1.9483407735824585,-0.48657241463661194,-0.2420928180217743,116,458
 , , , , , , , 
0,0,-0.479165256023407,1.5799565315246582,0.42038944363594055,0.2420928180217743,280,351
0,1,-0.48271459341049194,1.851436972618103,0.2595802843570709,0.2420928180217743,243,456
0,2,-1.2564777135849,4.268296718597412,0.40156617760658264,0.2420928180217743,119,453
0,3,-0.38333219289779663,1.9379327297210693,-0.5264989733695984,-0.2420928180217743,150,443
 , , , , , , , 
0,0,-0.48981332778930664,1.6413363218307495,0.3148401379585266,0.2420928180217743,322,353
0,1,-0.36203593015670776,1.8810158967971802,0.2427414059638977,0.2420928180217743,240,460
0,2,2.6939735412597656,2.5431175231933594,-0.5688502788543701,-0.2420928180217743,119,428
 , , , , , , , 
0,0,-0.5087433457374573,1.5464444160461426,0.0021058018319308758,0.2420928180217743,145,358
0,1,-0.48981332778930664,1.631447434425354,0.36261314153671265,0.2420928180217743,247,361
0,2,-0.4637846052646637,1.7699320316314697,0.3062402904033661,0.2420928180217743,188,408
0,3,-0.6152244806289673,1.863953709602356,0.1517478972673416,0.2420928180217743,124,489
0,4,-0.4578689932823181,1.546213150024414,-0.22337250411510468,-0.2420928180217743,186,353
0,5,-0.48981332778930664,1.666703701019287,-0.12332071363925934,-0.2420928180217743,239,352
0,6,-0.5205745697021484,1.9591307640075684,-0.4762088656425476,-0.2420928180217743,122,537
 , , , , , , , 
0,0,-0.7855943441390991,6.2322211265563965,0.20100785791873932,0.2420928180217743,114,392
0,1,-0.5442370176315308,1.6447128057479858,-0.17819096148014069,-0.2420928180217743,317,358
0,2,-0.43893903493881226,1.8904393911361694,-0.5098320841789246,-0.2420928180217743,146,573
0,3,2.6939735412597656,2.549356698989868,-0.5402015447616577,-0.2420928180217743,144,469
0,4,-0.7855943441390991,6.234467506408691,-0.11135377734899521,-0.2420928180217743,143,423
 , , , , , , , 
0,0,-0.48981332778930664,1.6708612442016602,-0.03649855777621269,0.2420928180217743,214,352
0,1,-0.4578689932823181,1.5538971424102783,-0.16147494316101074,-0.2420928180217743,196,354
0,2,-0.4353896379470825,1.6757712364196777,-0.1877574324607849,-0.2420928180217743,270,353
0,3,-0.5016446113586426,1.90277099609375,-0.3926481008529663,-0.2420928180217743,188,538
0,4,2.6939735412597656,2.5636799335479736,-0.4675283133983612,-0.2420928180217743,144,474
0,5,-0.585646390914917,6.216488838195801,-0.18968352675437927,-0.2420928180217743,131,428
0,6,-0.589195728302002,6.255975246429443,-0.11731640994548798,-0.2420928180217743,128,431
 , , , , , , , 
0,0,-0.479165256023407,1.630296230316162,0.12298011779785156,0.2420928180217743,324,364
0,1,-0.479165256023407,1.631903052330017,-0.09940941631793976,-0.2420928180217743,385,353
0,2,-0.6388869881629944,1.9177571535110474,-0.3062005639076233,-0.2420928180217743,129,562
0,3,2.639549732208252,2.515017032623291,-0.44058147072792053,-0.2420928180217743,122,474
 , , , , , , , 
0,0,-0.4259246587753296,1.6482940912246704,-0.06560447812080383,-0.2420928180217743,454,344
0,1,-0.30761224031448364,1.8849345445632935,-0.47775375843048096,-0.2420928180217743,117,573
0,2,2.6667613983154297,2.5647993087768555,-0.27630138397216797,-0.2420928180217743,199,475
 , , , , , , , 
0,0,-0.36203593015670776,1.8935058116912842,0.10853636264801025,0.2420928180217743,135,460
0,1,-0.4472208619117737,1.5155372619628906,-0.17781291902065277,-0.2420928180217743,268,355
0,2,-0.4259246587753296,1.6489112377166748,-0.047634437680244446,-0.2420928180217743,391,370
0,3,2.5247867107391357,2.643606185913086,-0.3513466417789459,-0.2420928180217743,152,502
 , , , , , , , 
0,0,-0.4164596498012543,1.6059825420379639,0.14966490864753723,0.2420928180217743,307,343
0,1,-0.4259246587753296,1.6459640264511108,0.10945171117782593,0.2420928180217743,304,346
0,2,-0.43657276034355164,1.487739086151123,-0.07445599138736725,-0.2420928180217743,150,361
0,3,-0.3726840615272522,1.6602227687835693,-0.0857677161693573,-0.2420928180217743,332,361
0,4,-0.49217960238456726,1.8851537704467773,-0.28250041604042053,-0.2420928180217743,138,544
0,5,2.612337827682495,2.503673553466797,-0.3425118029117584,-0.2420928180217743,117,486
 , , , , , , , 
0,0,-0.46851709485054016,1.5938011407852173,0.12372593581676483,0.2420928180217743,274,343
0,1,-0.43657276034355164,1.4787019491195679,-0.17986665666103363,-0.2420928180217743,128,360
0,2,-0.4164596498012543,1.6112957000732422,-0.07284091413021088,-0.2420928180217743,322,355
0,3,-0.49217960238456726,1.8700025081634521,-0.3697325587272644,-0.2420928180217743,199,509
0,4,2.612337827682495,2.499263048171997,-0.37333613634109497,-0.2420928180217743,133,467
 , , , , , , , 
0,0,-0.3644022047519684,1.6147489547729492,0.18658772110939026,0.2420928180217743,236,360
0,1,-0.2898653745651245,1.8104060888290405,0.28274816274642944,0.2420928180217743,117,470
0,2,-0.3123447299003601,1.6361197233200073,-0.02389908954501152,-0.2420928180217743,264,366
0,3,-0.2898653745651245,1.8318110704421997,0.044551655650138855,-0.2420928180217743,132,504
0,4,-0.48271459341049194,1.8445690870285034,-0.30457454919815063,-0.2420928180217743,158,538
 , , , , , , , 
0,0,-0.4164596498012543,1.6104650497436523,-0.0893419086933136,-0.2420928180217743,325,357
0,1,-0.42237526178359985,1.8840248584747314,0.016241323202848434,-0.2420928180217743,142,531
 , , , , , , , 
0,0,-0.4164596498012543,1.6126604080200195,-0.030103854835033417,-0.2420928180217743,353,366
0,1,-0.473249614238739,1.8303875923156738,-0.09570284932851791,-0.2420928180217743,180,532
 , , , , , , , 
0,0,2.498757839202881,2.6391172409057617,-0.03570125997066498,0.2420928180217743,160,375
0,1,-0.40699467062950134,1.5761334896087646,0.021751439198851585,-0.2420928180217743,364,358
0,2,-0.41409340500831604,1.8358235359191895,-0.20425942540168762,-0.2420928180217743,158,571
 , , , , , , , 
0,0,-0.35612034797668457,1.5884931087493896,0.013505480252206326,-0.2420928180217743,370,359
0,1,-0.21769481897354126,1.6884782314300537,0.3669828176498413,-0.2420928180217743,169,442
0,2,-0.40581151843070984,1.8087159395217896,-0.07350112497806549,-0.2420928180217743,156,578
 , , , , , , , 
0,0,2.612337827682495,2.5265731811523438,0.04608204588294029,0.2420928180217743,118,418
0,1,-0.34783846139907837,1.5504508018493652,-0.05989767611026764,-0.2420928180217743,336,354
0,2,-0.8849768042564392,2.3571135997772217,-0.5373715758323669,-0.2420928180217743,126,547
 , , , , , , , 
0,0,2.503490447998047,2.4160525798797607,-0.16531731188297272,0.2420928180217743,139,460
0,1,2.472729206085205,2.5685930252075195,-0.47346603870391846,0.2420928180217743,149,434
0,2,2.5508153438568115,2.669217348098755,0.36711564660072327,0.2420928180217743,148,417
0,3,-0.397529661655426,1.5391815900802612,-0.03697901964187622,-0.2420928180217743,361,377
0,4,-0.34073972702026367,1.7803879976272583,-0.12890319526195526,-0.2420928180217743,156,568
 , , , , , , , 
0,0,2.4206717014312744,2.5502073764801025,-0.18457892537117004,0.2420928180217743,196,463
0,1,-0.3880646824836731,1.5023820400238037,-0.04196634143590927,-0.2420928180217743,342,379
0,2,-0.3892478048801422,1.7362667322158813,-0.013959823176264763,-0.2420928180217743,198,547
 , , , , , , , 
0,0,2.4467005729675293,2.5551295280456543,-0.3876742720603943,0.2420928180217743,190,476
0,1,2.5768442153930664,2.7078001499176025,0.2760837972164154,0.2420928180217743,143,439
0,2,0.9938241839408875,0.5189694166183472,0.1817244291305542,-0.2420928180217743,124,360
0,3,-0.37859970331192017,1.466192364692688,-0.018607795238494873,-0.2420928180217743,347,421
0,4,-0.5004614591598511,1.6588795185089111,-0.40495404601097107,-0.2420928180217743,174,558
 , , , , , , , 
0,0,2.5579142570495605,2.4742355346679688,0.023575374856591225,0.2420928180217743,161,462
0,1,-0.37859970331192017,1.4661256074905396,-0.023274242877960205,-0.2420928180217743,245,455
0,2,-0.5442370176315308,1.4353970289230347,-0.8224765062332153,-0.2420928180217743,142,562
 , , , , , , , 
0,0,0.9228367805480957,0.31940585374832153,-0.12375471740961075,0.2420928180217743,136,349
0,1,0.9938241839408875,0.5036924481391907,0.22056058049201965,-0.2420928180217743,207,384
0,2,-0.33127474784851074,1.4770971536636353,-0.04295479506254196,-0.2420928180217743,183,525
0,3,-0.48981332778930664,1.6323851346969604,-0.35836857557296753,-0.2420928180217743,150,571
0,4,-1.6918673515319824,5.138304233551025,0.21575197577476501,-0.2420928180217743,115,471
 , , , , , , , 
0,0,2.498757839202881,2.635345697402954,-0.1454913318157196,0.2420928180217743,126,428
0,1,0.9263861179351807,0.4040135145187378,0.15334223210811615,-0.2420928180217743,268,346
0,2,0.9535980224609375,0.6840433478355408,-0.01452962402254343,-0.2420928180217743,151,431
0,3,-0.5442370176315308,1.625044345855713,-0.30994105339050293,-0.2420928180217743,158,564
 , , , , , , , 
0,0,0.9263861179351807,0.4297999441623688,-0.044863857328891754,-0.2420928180217743,320,342
0,1,-0.6246894598007202,1.5427402257919312,0.06880427896976471,-0.2420928180217743,121,558
0,2,5.068503379821777,2.8026251792907715,0.09744051843881607,-0.2420928180217743,145,446
 , , , , , , , 
0,0,-0.4495871365070343,1.3606830835342407,0.12731795012950897,0.2420928180217743,115,462
0,1,2.78507399559021,2.723160982131958,-1.1128767728805542,-0.7262784242630005,128,371
0,2,0.8944417834281921,0.43380799889564514,-0.23815225064754486,-0.2420928180217743,281,352
0,3,-0.585646390914917,1.5664955377578735,-0.3251144587993622,-0.2420928180217743,161,561
0,4,5.035376071929932,2.7859885692596436,0.001835777540691197,-0.2420928180217743,139,471
 , , , , , , , 
0,0,-0.6720144748687744,2.5926568508148193,-0.22843442857265472,0.2420928180217743,114,444
0,1,1.9320416450500488,1.7350810766220093,-0.6945242285728455,0.2420928180217743,114,444
0,2,0.8873430490493774,0.3186536729335785,-0.0833241418004036,-0.2420928180217743,285,347
0,3,0.8920755386352539,0.6246271729469299,-0.13968704640865326,-0.2420928180217743,184,424
0,4,-0.4046284258365631,1.3796864748001099,-0.05037626624107361,-0.2420928180217743,146,545
0,5,-0.585646390914917,1.5453416109085083,-0.41415783762931824,-0.2420928180217743,188,543
0,6,5.002248764038086,2.7011094093322754,-0.6032848954200745,-0.2420928180217743,207,462
 , , , , , , , 
0,0,-0.6246894598007202,1.5431947708129883,0.057715922594070435,0.2420928180217743,164,466
0,1,1.9320416450500488,1.8642759323120117,-0.1317017674446106,0.2420928180217743,113,442
0,2,-0.6720144748687744,2.6020619869232178,-0.05765710026025772,0.2420928180217743,113,442
0,3,0.8577648997306824,0.39084625244140625,-0.08567013591527939,-0.2420928180217743,301,360
0,4,-0.5726320147514343,1.5510834455490112,-0.20310358703136444,-0.2420928180217743,153,537
0,5,5.002248764038086,2.6776487827301025,-0.7001011371612549,-0.2420928180217743,184,455
 , , , , , , , 
0,0,-0.4046284258365631,1.3785463571548462,0.07538364082574844,0.2420928180217743,138,465
0,1,-0.5205745697021484,1.5813286304473877,-0.05847983807325363,0.2420928180217743,190,462
0,2,0.8613142967224121,0.4391036033630371,-0.18517225980758667,-0.2420928180217743,297,358
0,3,-0.46851709485054016,1.5689116716384888,-0.3066372275352478,-0.2420928180217743,198,518
0,4,4.969120979309082,2.747467041015625,-0.10122203826904297,-0.2420928180217743,157,445
 , , , , , , , 
0,0,0.7891437411308289,0.36802977323532104,0.007924264296889305,0.2420928180217743,161,348
0,1,0.7986087203025818,0.6018998622894287,0.21183164417743683,0.2420928180217743,152,366
0,2,0.7891437411308289,0.3537481725215912,-0.1018378734588623,-0.2420928180217743,214,343
0,3,0.7997918725013733,0.572049081325531,0.04534154757857323,-0.2420928180217743,215,353
0,4,4.230851173400879,3.730717897415161,0.06364041566848755,-0.2420928180217743,136,442
 , , , , , , , 
0,0,0.795059323310852,0.4351103901863098,-0.06469133496284485,0.2420928180217743,230,345
0,1,-0.5087433457374573,1.5463628768920898,-0.01601412519812584,0.2420928180217743,128,427
0,2,0.8234543204307556,0.3365643322467804,-0.18512886762619019,-0.2420928180217743,269,354
0,3,0.8577649593353271,0.6827735900878906,-0.0594121590256691,-0.2420928180217743,118,458
 , , , , , , , 
0,0,0.7619318962097168,0.41915732622146606,-0.04498274624347687,0.2420928180217743,217,349
0,1,-0.3596697151660919,1.389267921447754,0.10182781517505646,0.2420928180217743,140,461
0,2,0.7891437411308289,0.33946382999420166,-0.1423833668231964,-0.2420928180217743,253,362
0,3,0.8920755386352539,0.3795529901981354,-0.17059828341007233,-0.2420928180217743,156,376
0,4,0.8577649593353271,0.6809585690498352,-0.077491894364357,-0.2420928180217743,126,461
0,5,-0.3147110044956207,1.4017387628555298,-0.07669590413570404,-0.2420928180217743,120,516
 , , , , , , , 
0,0,0.7891437411308289,0.27744802832603455,-0.2419324517250061,-0.2420928180217743,248,340
0,1,0.7075082063674927,0.6817553043365479,0.06004038453102112,-0.2420928180217743,237,366
0,2,0.8234543800354004,0.7248673439025879,-0.04427863284945488,-0.2420928180217743,113,453
0,3,1.3901708126068115,1.1100714206695557,-0.038693398237228394,-0.2420928180217743,126,492
0,4,4.0273542404174805,3.845663547515869,-0.6228843331336975,-0.2420928180217743,136,407
 , , , , , , , 
0,0,-0.3502047061920166,1.3507606983184814,0.12286407500505447,0.2420928180217743,194,464
0,1,0.73471999168396,0.4317040741443634,-0.1790941059589386,-0.2420928180217743,308,348
0,2,0.795059323310852,0.6936490535736084,-0.10246650874614716,-0.2420928180217743,128,475
0,3,-0.3502047061920166,1.3549394607543945,-0.06155501678586006,-0.2420928180217743,225,489
 , , , , , , , 
0,0,-0.3502047061920166,1.3553775548934937,0.05100766569375992,0.2420928180217743,144,456
0,1,0.761931836605072,0.7370352149009705,-0.002588715637102723,-0.2420928180217743,177,464
 , , , , , , , 
0,0,-0.3502047061920166,1.353933334350586,0.08071325719356537,0.2420928180217743,241,381
0,1,-0.46851709485054016,1.5938812494277954,-0.12268970906734467,0.2420928180217743,138,466
0,2,0.7205225229263306,0.3324267268180847,-0.04958894103765488,-0.2420928180217743,328,350
0,3,0.7382693886756897,0.5206906795501709,0.09728732705116272,-0.2420928180217743,307,371
0,4,0.7666643857955933,0.6670008301734924,-0.110759437084198,-0.2420928180217743,159,486
 , , , , , , , 
0,0,0.7205225229263306,0.336071252822876,0.004765271209180355,-0.4841856360435486,334,363
0,1,0.6814794540405273,0.6010074615478516,-0.001032489468343556,-0.2420928180217743,224,407
0,2,0.7666643857955933,0.6761035323143005,0.006464567966759205,-0.2420928180217743,137,474
0,3,1.448143720626831,1.241883635520935,-0.29802462458610535,-0.2420928180217743,114,476
 , , , , , , , 
0,0,-0.17036986351013184,1.3433988094329834,0.15463046729564667,0.2420928180217743,171,372
0,1,-0.4495871365070343,1.3639965057373047,-0.0847441628575325,0.2420928180217743,184,362
0,2,0.6152245402336121,0.4411405324935913,-0.015644583851099014,-0.4841856360435486,269,368
0,3,0.6246894598007202,0.5474705696105957,-0.06159234046936035,-0.4841856360435486,200,382
0,4,0.7382693886756897,0.6502798795700073,0.032518111169338226,-0.4841856360435486,190,431
 , , , , , , , 
0,0,-0.3064291179180145,1.360023856163025,0.1368558555841446,0.2420928180217743,152,372
0,1,2.2301888465881348,1.0385745763778687,0.06032107397913933,-0.9683712720870972,140,391
0,2,0.651901364326477,0.298687607049942,-0.057092271745204926,-0.4841856360435486,332,354
0,3,0.6708313226699829,0.42660626769065857,-0.010570546612143517,-0.4841856360435486,295,367
0,4,0.7690306305885315,0.5517461895942688,-0.005367507226765156,-0.4841856360435486,181,436
 , , , , , , , 
0,0,-0.3064291179180145,1.3604241609573364,0.13281778991222382,0.2420928180217743,219,367
0,1,0.6708313226699829,0.41859301924705505,-0.08297304064035416,-0.4841856360435486,226,415
0,2,0.7098743915557861,0.6257055401802063,0.020779499784111977,-0.4841856360435486,123,438
0,3,0.6033932566642761,0.22317340970039368,-0.018874377012252808,-0.2420928180217743,356,344
0,4,-0.26265352964401245,1.37555730342865,-0.033888302743434906,-0.2420928180217743,144,430
 , , , , , , , 
0,0,0.6033932566642761,0.21753957867622375,-0.053283657878637314,-0.2420928180217743,316,351
0,1,0.6767469048500061,0.47961851954460144,0.07572482526302338,-0.2420928180217743,241,405
 , , , , , , , 
0,0,0.5678995251655579,0.1878749430179596,-0.09559135138988495,-0.2420928180217743,303,351
0,1,0.651901364326477,0.26570314168930054,-0.147904172539711,-0.2420928180217743,231,390
0,2,0.6459857225418091,0.4514995813369751,0.10473720729351044,-0.2420928180217743,212,407
 , , , , , , , 
0,0,0.548969566822052,0.22924445569515228,-0.1141226515173912,-0.2420928180217743,250,333
0,1,0.5537020564079285,0.3698407709598541,-0.14507262408733368,-0.2420928180217743,254,342
0,2,0.6459857225418091,0.4374403953552246,0.15319155156612396,-0.2420928180217743,157,406
 , , , , , , , 
0,0,-0.33127471804618835,1.2817199230194092,0.05777846276760101,0.2420928180217743,158,344
0,1,-0.26265352964401245,1.3686354160308838,0.14192797243595123,0.2420928180217743,209,339
0,2,0.49217960238456726,0.3272545039653778,-0.13269634544849396,-0.2420928180217743,186,352
0,3,0.5844632983207703,0.3896171450614929,-0.15508170425891876,-0.2420928180217743,191,372
0,4,-0.26265352964401245,1.3752354383468628,-0.045098353177309036,-0.2420928180217743,164,397
 , , , , , , , 
0,0,-0.3147110044956207,1.4027918577194214,0.05411762744188309,0.2420928180217743,333,385
0,1,0.5832801461219788,0.2467985302209854,-0.11454591155052185,-0.2420928180217743,218,343
0,2,0.6152245402336121,0.43190133571624756,0.09116442501544952,-0.2420928180217743,169,397
0,3,-0.26975229382514954,1.408090353012085,-0.11963348835706711,-0.2420928180217743,253,405
 , , , , , , , 
0,0,-0.3147110044956207,1.400838851928711,0.09167476743459702,0.2420928180217743,299,358
0,1,0.4803483486175537,0.2158864140510559,0.06000373512506485,-0.2420928180217743,146,345
0,2,0.6069426536560059,0.3823181688785553,0.053876228630542755,-0.2420928180217743,183,375
0,3,-0.3147110044956207,1.401476502418518,-0.08134676516056061,-0.2420928180217743,281,367
 , , , , , , , 
0,0,0.548969566822052,0.24738772213459015,-0.06615370512008667,0.2420928180217743,142,346
0,1,-0.3147110044956207,1.3951619863510132,0.15581084787845612,0.2420928180217743,286,354
0,2,-0.5537020564079285,2.897670030593872,0.13262085616588593,0.2420928180217743,150,427
0,3,0.548969566822052,0.21995355188846588,-0.13113901019096375,-0.2420928180217743,178,346
0,4,-0.2898653745651245,1.273121953010559,-0.22588878870010376,-0.2420928180217743,174,370
 , , , , , , , 
0,0,0.5501526594161987,0.138514444231987,-0.025606364011764526,0.2420928180217743,151,343
0,1,-0.4495871365070343,1.3146560192108154,-0.3732927739620209,0.2420928180217743,150,358
0,2,2.1083269119262695,1.3155401945114136,0.26096484065055847,0.2420928180217743,166,402
0,3,-0.6459857225418091,3.3806817531585693,0.15326648950576782,0.2420928180217743,187,424
0,4,0.5501526594161987,0.11611419916152954,-0.0797460526227951,-0.2420928180217743,204,345
0,5,-0.3939802944660187,1.342313528060913,0.07257474958896637,-0.2420928180217743,161,363
 , , , , , , , 
0,0,-0.3596697151660919,1.392708420753479,0.028242798522114754,0.2420928180217743,251,368
0,1,0.5111095905303955,0.2902081310749054,-0.1465974748134613,-0.2420928180217743,203,350
0,2,-0.3596697151660919,1.3852322101593018,-0.14685426652431488,-0.2420928180217743,238,366
 , , , , , , , 
0,0,1.5073000192642212,1.0704654455184937,0.1539122462272644,0.2420928180217743,118,415
0,1,0.4969120919704437,0.18486057221889496,-0.20350633561611176,-0.2420928180217743,220,346
0,2,0.9216536283493042,1.2441452741622925,0.11029305309057236,-0.2420928180217743,125,403
0,3,0.6791132092475891,1.134313702583313,0.8134156465530396,-0.2420928180217743,125,403
0,4,1.3534938097000122,0.9710006713867188,-0.015177732333540916,-0.2420928180217743,129,437
 , , , , , , , 
0,0,-0.3147110044956207,1.3998903036117554,0.10517121851444244,0.2420928180217743,153,367
0,1,0.4472208619117737,0.24133481085300446,-0.1506417691707611,-0.2420928180217743,161,341
0,2,0.5111095905303955,0.3238762319087982,-0.02856164239346981,-0.2420928180217743,157,347
0,3,-0.26975229382514954,1.4118603467941284,0.060670752078294754,-0.2420928180217743,168,367
0,4,1.32273268699646,0.9379504919052124,-0.14471231400966644,-0.2420928180217743,172,416
 , , , , , , , 
0,0,0.48271459341049194,0.4232494533061981,-0.045744385570287704,0.2420928180217743,152,346
0,1,0.5619839429855347,0.36767974495887756,0.2577495872974396,0.2420928180217743,147,361
0,2,-0.33127471804618835,1.2830214500427246,0.00010915817256318405,0.2420928180217743,168,383
0,3,-0.3147110044956207,1.394591212272644,0.1608392894268036,0.2420928180217743,250,377
0,4,-0.3147110044956207,1.4036476612091064,-0.022956615313887596,-0.2420928180217743,271,390
 , , , , , , , 
0,0,0.46141836047172546,0.28596606850624084,-0.1668124496936798,0.2420928180217743,192,343
0,1,0.5537020564079285,0.3900057077407837,-0.07565595954656601,0.2420928180217743,165,376
0,2,0.5714488625526428,0.5363529324531555,0.13375742733478546,0.2420928180217743,166,370
0,3,1.4493268728256226,1.1507762670516968,-0.12924520671367645,0.2420928180217743,178,487
0,4,-0.3147110044956207,1.4036731719970703,-0.021343041211366653,-0.2420928180217743,402,376
0,5,1.5073000192642212,1.0813939571380615,-0.013130544684827328,-0.2420928180217743,133,495
 , , , , , , , 
0,0,0.40817779302597046,0.3521037995815277,-0.17867201566696167,0.2420928180217743,194,350
0,1,0.42237529158592224,0.4855784475803375,0.007661800365895033,0.2420928180217743,215,360
0,2,-0.26265352964401245,1.3644521236419678,0.17769917845726013,0.2420928180217743,332,390
0,3,0.49691206216812134,0.1801685094833374,-0.039492350071668625,-0.2420928180217743,215,347
0,4,-0.26265352964401245,1.3758589029312134,-0.017854848876595497,-0.2420928180217743,419,362
 , , , , , , , 
0,0,-0.26265352964401245,1.3724675178527832,0.09818041324615479,0.2420928180217743,300,349
0,1,-0.49691206216812134,1.5085983276367188,0.07541138678789139,0.2420928180217743,113,457
0,2,0.4022621810436249,0.4993228018283844,-0.05574853718280792,-0.2420928180217743,281,359
0,3,0.5678995847702026,0.49871090054512024,0.04613508656620979,-0.2420928180217743,159,413
0,4,-0.26265352964401245,1.3725506067276,-0.09701117128133774,-0.2420928180217743,295,413
0,5,-0.49691206216812134,3.139801025390625,-0.09293682128190994,-0.2420928180217743,139,493
0,6,2.669127941131592,2.3441479206085205,-0.21458978950977325,-0.2420928180217743,167,475
 , , , , , , , 
0,0,-0.26265352964401245,1.3663671016693115,0.16231891512870789,0.2420928180217743,244,367
0,1,0.27685102820396423,0.3984374701976776,-0.08271550387144089,-0.7262784242630005,238,363
0,2,0.4945458471775055,0.5195546746253967,0.0541902557015419,-0.4841856360435486,242,407
0,3,-0.21887794137001038,1.3815205097198486,-0.07607246935367584,-0.2420928180217743,249,397
0,4,2.750763416290283,2.195526123046875,-0.10121319442987442,-0.2420928180217743,139,469
 , , , , , , , 
0,0,-0.21887794137001038,1.3831472396850586,0.03590938076376915,0.2420928180217743,240,363
0,1,0.3596697151660919,0.4550037682056427,0.17479664087295532,-0.4841856360435486,283,365
0,2,-0.21887794137001038,1.3580073118209839,-0.26495644450187683,-0.2420928180217743,170,411
0,3,1.18312406539917,1.4091081619262695,-0.4450557231903076,-0.2420928180217743,121,502
 , , , , , , , 
0,0,-0.21887794137001038,1.3823133707046509,0.059963617473840714,0.2420928180217743,244,365
0,1,0.28394976258277893,0.3521463871002197,-0.042092468589544296,-0.7262784242630005,203,361
0,2,0.3726840615272522,0.37996870279312134,0.1980915367603302,-0.4841856360435486,277,367
0,3,0.48981335759162903,0.46664929389953613,0.08207040280103683,-0.4841856360435486,183,415
0,4,-0.08991742879152298,1.3024557828903198,0.6044174432754517,-0.2420928180217743,207,388
0,5,1.2422802448272705,1.4246326684951782,-0.10297950357198715,-0.2420928180217743,115,508
 , , , , , , , 
0,0,-0.13132676482200623,1.3904138803482056,0.1086094006896019,0.2420928180217743,262,349
0,1,-1.3416626453399658,4.564576625823975,-0.3476773798465729,-0.7262784242630005,120,390
0,2,0.33719033002853394,0.44685134291648865,0.09558475017547607,-0.4841856360435486,206,441
0,3,0.5395045876502991,0.4739725589752197,-0.04164157062768936,-0.2420928180217743,150,420
0,4,-0.08755117654800415,1.3969868421554565,-0.055281862616539,-0.2420928180217743,176,424
 , , , , , , , 
0,0,-0.26265352964401245,1.3720499277114868,0.1038537472486496,0.2420928180217743,262,369
0,1,-0.5726320147514343,1.5642849206924438,-0.011121631599962711,0.2420928180217743,143,453
0,2,0.28394976258277893,0.3465755581855774,0.07526113837957382,-0.2420928180217743,163,422
0,3,0.45431962609291077,0.40043339133262634,-0.013833538629114628,-0.2420928180217743,212,417
0,4,-0.21887794137001038,1.382283329963684,-0.06065201014280319,-0.2420928180217743,177,434
 , , , , , , , 
0,0,-0.13132676482200623,1.3926397562026978,0.07484050840139389,0.2420928180217743,280,356
0,1,0.397529661655426,0.35056421160697937,0.004104286432266235,-0.2420928180217743,165,435
0,2,-0.13132676482200623,1.389636754989624,-0.11813682317733765,-0.2420928180217743,263,400
0,3,-0.5726320147514343,1.5130480527877808,-0.39723625779151917,-0.2420928180217743,134,510
 , , , , , , , 
0,0,0.49691206216812134,0.16673830151557922,0.07885858416557312,0.2420928180217743,157,356
0,1,-0.1751023530960083,1.3847389221191406,0.11887213587760925,0.2420928180217743,295,357
0,2,-0.3265422284603119,1.6805649995803833,0.3195273280143738,0.2420928180217743,126,431
0,3,-1.0151203870773315,2.532209873199463,-1.13053560256958,-0.7262784242630005,160,376
0,4,0.29933038353919983,0.2885684669017792,-0.02383706159889698,-0.2420928180217743,117,392
0,5,0.4803483486175537,0.22406937181949615,0.000553127087187022,-0.2420928180217743,153,365
0,6,-0.1751023530960083,1.389594554901123,-0.02567855454981327,-0.2420928180217743,298,379
0,7,-0.5596176981925964,1.4760866165161133,-0.3978828191757202,-0.2420928180217743,143,517
0,8,-0.3265422284603119,1.7106571197509766,0.006959701422601938,-0.2420928180217743,115,505
 , , , , , , , 
0,0,0.49691206216812134,0.17816226184368134,0.0477340966463089,0.2420928180217743,145,344
0,1,-0.26265352964401245,1.374241590499878,0.06904029101133347,0.2420928180217743,318,372
0,2,-0.4472208619117737,1.5202343463897705,0.1317499428987503,0.2420928180217743,185,461
0,3,0.5134758353233337,0.0977877527475357,-0.08787529915571213,-0.2420928180217743,143,336
0,4,-0.21887794137001038,1.3789879083633423,-0.11304045468568802,-0.2420928180217743,363,362
0,5,-0.4472208619117737,1.5250314474105835,-0.05243954062461853,-0.2420928180217743,179,519
 , , , , , , , 
0,0,0.4472208619117737,0.20006892085075378,-0.2022569179534912,0.2420928180217743,162,370
0,1,4.621282577514648,6.7873616218566895,0.2678930163383484,0.2420928180217743,146,383
0,2,0.4969120919704437,0.26807740330696106,-0.06101444363594055,-0.2420928180217743,151,355
0,3,-0.08518493175506592,1.360294222831726,0.00040911074029281735,-0.2420928180217743,415,438
0,4,-0.24845603108406067,1.5704572200775146,-0.020271779969334602,-0.2420928180217743,175,607
0,5,-4.140933990478516,12.517009735107422,1.328851580619812,-0.2420928180217743,167,381
 , , , , , , , 
0,0,0.17036986351013184,1.349459171295166,0.08712596446275711,-0.4841856360435486,399,452
0,1,0.0,1.5827550888061523,-0.1528504639863968,-0.4841856360435486,178,622
0,2,-0.5134758353233337,0.13115039467811584,0.009169941768050194,-0.2420928180217743,136,352
0,3,-0.995007336139679,0.44695863127708435,-0.12513478100299835,-0.2420928180217743,145,399
0,4,-2.1059606075286865,2.6303281784057617,0.009165938943624496,-0.2420928180217743,142,593
0,5,6.388869762420654,5.10440731048584,0.05492189899086952,-0.2420928180217743,125,491
0,6,2.592224597930908,11.559972763061523,0.27188757061958313,-0.2420928180217743,138,437
 , , , , , , , 
0,0,0.24135729670524597,1.177839994430542,0.4598085284233093,0.0,248,477
0,1,0.2815835177898407,1.221827745437622,0.29125869274139404,-0.4841856360435486,369,467
0,2,0.198764830827713,1.570726990699768,0.14760340750217438,-0.4841856360435486,122,634
0,3,-0.995007336139679,0.4640927016735077,-0.006979549303650856,-0.2420928180217743,225,381
0,4,-0.7098744511604309,1.336875557899475,-0.04739025980234146,-0.2420928180217743,139,637
0,5,4.60708475112915,4.832540512084961,0.5723595023155212,-0.2420928180217743,124,552
0,6,6.963868141174316,4.293683052062988,1.0902493000030518,-0.2420928180217743,142,482
 , , , , , , , 
0,0,0.22715981304645538,1.0993231534957886,0.4557031989097595,0.0,329,396
0,1,-0.7986087203025818,0.506364643573761,0.040984801948070526,0.2420928180217743,127,400
0,2,-0.9606966972351074,0.44025009870529175,0.08372223377227783,0.2420928180217743,115,394
0,3,0.2650197744369507,1.1414676904678345,0.307561993598938,-0.4841856360435486,463,373
0,4,0.18929985165596008,1.4934406280517578,0.16493788361549377,-0.4841856360435486,129,602
0,5,3.357706069946289,3.533759832382202,-0.3019629120826721,-0.2420928180217743,115,555
0,6,6.899979591369629,4.385932445526123,0.17183150351047516,-0.2420928180217743,187,464
0,7,7.238353252410889,6.89441442489624,1.222023844718933,-0.2420928180217743,132,461
 , , , , , , , 
0,0,0.14670738577842712,1.03929603099823,0.5251822471618652,0.0,313,380
0,1,-0.8613142967224121,0.47548559308052063,-0.031846195459365845,0.2420928180217743,126,381
0,2,0.1833842396736145,1.115230917930603,0.31639522314071655,-0.7262784242630005,466,367
0,3,0.0,1.3935582637786865,0.14243851602077484,-0.7262784242630005,198,568
0,4,6.868035316467285,4.28280782699585,0.8634299039840698,-0.4841856360435486,199,465
0,5,-0.8518493175506592,0.9851491451263428,0.7728116512298584,-0.2420928180217743,144,554
0,6,-0.7122406959533691,1.4601483345031738,0.10485530644655228,-0.2420928180217743,125,594
 , , , , , , , 
0,0,-0.033127471804618835,0.9229140281677246,0.5204805135726929,0.0,352,341
0,1,0.0,1.0102548599243164,0.32117411494255066,-0.7262784242630005,480,354
0,2,-0.17036986351013184,1.3510414361953735,0.0576038658618927,-0.7262784242630005,164,590
0,3,6.329713821411133,4.5453972816467285,2.217439651489258,-0.4841856360435486,151,459
0,4,-0.7098744511604309,1.3111153841018677,0.2654401659965515,-0.2420928180217743,153,532
0,5,1.2777739763259888,0.8024359345436096,-0.12959231436252594,-0.2420928180217743,153,532
0,6,-0.66136634349823,1.4693503379821777,0.23220451176166534,-0.2420928180217743,133,542
0,7,7.444216728210449,5.436854362487793,-5.680561542510986,-0.2420928180217743,148,424
 , , , , , , , 
0,0,-1.164194107055664,1.0216727256774902,-0.10170628875494003,0.2420928180217743,134,542
0,1,-3.4452571868896484,1.7758971452713013,0.6926767230033875,0.2420928180217743,161,479
0,2,-0.5146589279174805,5.309736251831055,1.29560124874115,-0.9683712720870972,125,423
0,3,-0.12304490059614182,0.948906660079956,0.23108257353305817,-0.4841856360435486,498,367
0,4,-0.24135729670524597,1.2629735469818115,0.06023899465799332,-0.4841856360435486,148,587
0,5,5.7961249351501465,5.129561424255371,2.2634999752044678,-0.4841856360435486,146,476
0,6,5.3299736976623535,7.451044082641602,4.090505123138428,-0.4841856360435486,139,433
 , , , , , , , 
0,0,-1.18312406539917,0.9424173831939697,0.07396438717842102,0.2420928180217743,129,530
0,1,-1.2777739763259888,1.5750738382339478,-0.25722426176071167,0.2420928180217743,115,584
0,2,-3.4452571868896484,1.8677619695663452,0.3808898329734802,0.2420928180217743,136,516
0,3,-4.003691673278809,3.494096040725708,0.5086432695388794,0.2420928180217743,151,457
0,4,5.714488983154297,4.89383602142334,2.5703938007354736,-0.4841856360435486,134,470
0,5,-0.2366248071193695,0.9156768918037415,0.037488408386707306,-0.2420928180217743,515,381
0,6,-0.24608980119228363,0.9524886012077332,0.034180816262960434,-0.2420928180217743,505,391
0,7,1.4481438398361206,10.723431587219238,4.138429641723633,-0.2420928180217743,127,400
0,8,1.4576088190078735,10.747429847717285,4.282994270324707,-0.2420928180217743,121,389
 , , , , , , , 
0,0,-1.2777739763259888,0.8128276467323303,-0.002965392544865608,0.2420928180217743,199,501
0,1,-1.526229977607727,0.5655452013015747,-0.03309556469321251,0.4841856360435486,160,497
0,2,-3.6771492958068848,1.9914941787719727,-0.41613027453422546,0.4841856360435486,202,435
0,3,0.9760772585868835,0.7634631395339966,-0.15920056402683258,-0.7262784242630005,166,508
0,4,1.107404112815857,0.7799785733222961,-0.15148122608661652,-0.7262784242630005,132,553
0,5,2.347318172454834,3.8675715923309326,1.2536336183547974,-0.7262784242630005,113,576
0,6,5.1927313804626465,5.188223361968994,2.9545273780822754,-0.7262784242630005,151,471
0,7,1.465890645980835,1.6628636121749878,-0.2750190794467926,-0.4841856360435486,118,629
0,8,-4.947824478149414,5.145025730133057,-5.982473850250244,-0.4841856360435486,144,472
0,9,-0.35493719577789307,0.8722715377807617,-0.09498817473649979,-0.2420928180217743,502,370
 , , , , , , , 
0,0,-0.5678995251655579,0.6817306876182556,-0.19585368037223816,0.2420928180217743,326,344
0,1,1.384255051612854,1.97017502784729,0.5081998109817505,-0.7262784242630005,121,611
0,2,1.1665602922439575,1.8495913743972778,-0.20007534325122833,-0.4841856360435486,187,617
0,3,-2.1532857418060303,6.264908790588379,1.8956434726715088,-0.4841856360435486,124,474
0,4,-0.4259246587753296,0.7779501676559448,-0.19750188291072845,-0.2420928180217743,333,351
0,5,-0.6175907850265503,0.8995888829231262,-0.12162184715270996,-0.2420928180217743,258,456
0,6,-3.214548110961914,8.215736389160156,3.101173162460327,-0.2420928180217743,180,441
 , , , , , , , 
0,0,-0.6211401224136353,0.6342450380325317,-0.32829704880714417,0.2420928180217743,429,360
0,1,-0.6743806600570679,0.9139164686203003,-0.0026440483052283525,-0.2420928180217743,207,480
0,2,0.7808618545532227,0.9696420431137085,0.10486515611410141,-0.2420928180217743,117,573
0,3,0.944132924079895,1.9402118921279907,-0.035108376294374466,-0.2420928180217743,193,641
0,4,-4.365727424621582,7.8868632316589355,2.3409528732299805,-0.2420928180217743,118,459
0,5,-3.9043092727661133,9.015400886535645,3.446457862854004,-0.2420928180217743,134,426
 , , , , , , , 
0,0,-3.684248208999634,5.210572242736816,1.4750587940216064,0.2420928180217743,163,407
0,1,-0.546603262424469,0.5814509987831116,-0.2385249137878418,-0.2420928180217743,220,340
0,2,-0.728804349899292,0.7672281265258789,-0.06303171813488007,-0.2420928180217743,325,418
0,3,0.7571994066238403,0.9144572615623474,-0.24123699963092804,-0.2420928180217743,175,556
0,4,0.8613142967224121,1.932341456413269,-0.13879819214344025,-0.2420928180217743,138,674
 , , , , , , , 
0,0,-0.7098743915557861,0.5524424910545349,-0.29452744126319885,-0.2420928180217743,410,350
0,1,-0.6033932566642761,0.9352344870567322,-0.226478710770607,-0.2420928180217743,161,531
0,2,0.9110054969787598,1.8353432416915894,-0.3708774149417877,-0.2420928180217743,132,636
 , , , , , , , 
0,0,-0.5146589875221252,0.9599738121032715,-0.1380099207162857,-0.4841856360435486,182,531
0,1,-0.6246894598007202,0.6584931015968323,-0.04213341325521469,-0.2420928180217743,442,356
0,2,1.171292781829834,1.6846729516983032,-0.3548467755317688,-0.2420928180217743,137,598
 , , , , , , , 
0,0,-0.5962945222854614,0.6767915487289429,0.10959617793560028,0.2420928180217743,267,362
0,1,-1.3913538455963135,0.7696287631988525,0.016830379143357277,0.2420928180217743,126,511
0,2,-2.802820920944214,2.311016798019409,1.4177788496017456,0.2420928180217743,126,469
0,3,-3.208632230758667,2.3439109325408936,1.5854185819625854,0.2420928180217743,117,491
0,4,-0.3809659481048584,0.7818244099617004,0.04326747730374336,-0.2420928180217743,312,340
0,5,-0.38451531529426575,0.8571001887321472,0.11570674180984497,-0.2420928180217743,296,359
0,6,-0.364402174949646,0.9954016208648682,-0.012424341402947903,-0.2420928180217743,258,472
0,7,6.724876880645752,3.706765651702881,0.3224317133426666,-0.2420928180217743,132,455
0,8,6.684650421142578,5.272762775421143,0.8512280583381653,-0.2420928180217743,113,438
 , , , , , , , 
0,0,-1.5096662044525146,0.7014070749282837,-0.06288263946771622,0.2420928180217743,157,463
0,1,-0.3194434940814972,0.9647330045700073,0.11035464704036713,-0.4841856360435486,307,430
0,2,-0.4164596498012543,0.7057167291641235,0.14926405251026154,-0.2420928180217743,276,355
0,3,6.9307403564453125,3.1499342918395996,0.7282032370567322,-0.2420928180217743,122,459
 , , , , , , , 
0,0,-1.4374957084655762,0.9079269766807556,0.10892157256603241,0.2420928180217743,191,484
0,1,-1.7498403787612915,0.6077096462249756,-0.5449418425559998,0.2420928180217743,129,549
0,2,-0.397529661655426,0.6450817584991455,0.2407466620206833,-0.2420928180217743,359,352
0,3,-0.5678995251655579,0.651960551738739,0.27939724922180176,-0.2420928180217743,336,398
0,4,6.965051174163818,3.0257468223571777,1.1836225986480713,-0.2420928180217743,125,443
 , , , , , , , 
0,0,-1.3736070394515991,0.27561789751052856,-0.8291881680488586,0.2420928180217743,161,449
0,1,-1.5013843774795532,0.954027533531189,-0.04479830339550972,0.2420928180217743,158,485
0,2,-0.4022621810436249,0.5824328064918518,0.2689017653465271,-0.2420928180217743,303,347
0,3,-0.5714489221572876,0.6111760139465332,0.24117738008499146,-0.2420928180217743,407,370
 , , , , , , , 
0,0,-0.5714489221572876,0.6001608371734619,0.26741284132003784,0.2420928180217743,331,374
0,1,-1.3310145139694214,1.054831862449646,0.1353481113910675,0.2420928180217743,189,519
0,2,-2.321289300918579,2.752338409423828,2.0164830684661865,0.2420928180217743,113,510
0,3,-0.16563737392425537,0.6573062539100647,0.33743706345558167,-0.2420928180217743,336,347
0,4,-0.4022621810436249,0.622887909412384,-0.15344956517219543,-0.2420928180217743,336,347
0,5,-0.5442370176315308,0.6577134728431702,0.1716846078634262,-0.2420928180217743,366,391
 , , , , , , , 
0,0,-1.1925890445709229,0.6241735816001892,0.21399925649166107,0.2420928180217743,122,467
0,1,-1.3842551708221436,0.9695962071418762,0.21519741415977478,0.2420928180217743,181,519
0,2,-0.46851709485054016,0.6652129888534546,0.17815138399600983,-0.2420928180217743,444,378
0,3,0.6246894598007202,1.4994733333587646,-0.8147663474082947,-0.2420928180217743,138,501
 , , , , , , , 
0,0,-0.46851709485054016,0.644102156162262,0.24367746710777283,0.2420928180217743,340,373
0,1,-1.107404112815857,0.7898890376091003,-0.08595539629459381,0.2420928180217743,126,472
0,2,-1.3061689138412476,1.1503794193267822,-0.05980204790830612,0.2420928180217743,167,545
0,3,-1.448143720626831,1.2617400884628296,-0.19775179028511047,0.2420928180217743,138,549
0,4,-0.06743807345628738,0.7072662711143494,0.11258631944656372,-0.2420928180217743,341,354
0,5,-0.26975229382514954,0.5346753001213074,0.39850378036499023,-0.2420928180217743,341,354
0,6,-0.46851709485054016,0.6770485043525696,0.1259031891822815,-0.2420928180217743,359,408
0,7,-0.2874991297721863,0.946869969367981,0.2563464939594269,-0.2420928180217743,130,514
 , , , , , , , 
0,0,-0.10884740948677063,0.8443016409873962,0.18320360779762268,0.2420928180217743,200,404
0,1,-1.1381652355194092,0.8078036904335022,0.11969353258609772,0.2420928180217743,147,480
0,2,-1.4244813919067383,0.7877422571182251,-0.02509016916155815,0.2420928180217743,118,532
0,3,-1.2789571285247803,1.203853726387024,0.2851937413215637,0.2420928180217743,157,577
0,4,-1.4694401025772095,1.387684941291809,-0.3079030513763428,0.2420928180217743,113,552
0,5,-0.06388869881629944,0.664036214351654,0.1392422318458557,-0.2420928180217743,284,343
0,6,-0.08163555711507797,0.8642050623893738,0.06886128336191177,-0.2420928180217743,223,440
 , , , , , , , 
0,0,-0.5205745697021484,0.6281270980834961,0.16796723008155823,0.2420928180217743,272,385
0,1,-1.1689265966415405,0.8281213641166687,0.1327494978904724,0.2420928180217743,173,440
0,2,-1.2789571285247803,1.2238305807113647,0.18121220171451569,0.2420928180217743,146,550
0,3,-5.88604211807251,4.343477725982666,1.8032974004745483,0.2420928180217743,121,369
0,4,-0.06388869881629944,0.6476450562477112,0.20220868289470673,-0.2420928180217743,267,362
0,5,-0.5205745697021484,0.6498419046401978,0.021497948095202446,-0.2420928180217743,240,438
 , , , , , , , 
0,0,-0.14907363057136536,0.6153250336647034,0.25212374329566956,0.2420928180217743,171,356
0,1,-0.5986607670783997,0.5576335191726685,0.15621992945671082,0.2420928180217743,264,393
0,2,-1.2138853073120117,0.75981605052948,0.13769103586673737,0.2420928180217743,140,447
0,3,-1.334563970565796,1.1642816066741943,0.1723889410495758,0.2420928180217743,180,536
0,4,-1.4055514335632324,1.4815382957458496,-0.09590226411819458,0.2420928180217743,119,524
0,5,-3.638106107711792,2.874786138534546,0.4305245876312256,0.2420928180217743,114,454
0,6,-0.14907363057136536,0.6415784955024719,0.17483805119991302,-0.2420928180217743,197,353
0,7,-0.5726320147514343,0.5944321155548096,0.11179254204034805,-0.2420928180217743,243,393
 , , , , , , , 
0,0,-0.7027756571769714,0.4235732853412628,0.1429915875196457,0.2420928180217743,225,375
0,1,-0.4046284258365631,0.5607802271842957,0.1981174349784851,-0.2420928180217743,184,371
0,2,-0.3123447299003601,0.7636368870735168,0.11425453424453735,-0.2420928180217743,225,407
0,3,1.3534938097000122,0.8379027843475342,-0.49090898036956787,-0.2420928180217743,124,502
 , , , , , , , 
0,0,-0.5111095905303955,0.3979886472225189,0.21162766218185425,0.2420928180217743,158,335
0,1,-0.8068905472755432,0.20656660199165344,-0.0035230687353760004,0.2420928180217743,156,385
0,2,-0.5111095905303955,0.4368123412132263,0.11124841123819351,-0.2420928180217743,175,364
0,3,-0.49691206216812134,0.59641033411026,0.1717335432767868,-0.2420928180217743,204,376
 , , , , , , , 
0,0,-0.6956769227981567,0.3794604539871216,0.06451882421970367,0.2420928180217743,179,361
0,1,0.4945458471775055,0.42364001274108887,-0.30561864376068115,-0.2420928180217743,214,352
0,2,-0.7288044095039368,0.40201514959335327,0.03134460747241974,-0.2420928180217743,233,363
0,3,1.018669843673706,1.127729892730713,-0.3162979185581207,-0.2420928180217743,128,540
 , , , , , , , 
0,0,0.3596697151660919,0.6113160848617554,-0.11991491913795471,0.2420928180217743,139,352
0,1,0.46851709485054016,0.6410834193229675,-0.2515120804309845,0.2420928180217743,143,371
0,2,4.383474349975586,5.807629585266113,1.2493027448654175,0.2420928180217743,132,388
0,3,0.3821490705013275,0.5680092573165894,-0.2208547294139862,-0.2420928180217743,204,346
0,4,0.4945458471775055,0.5771841406822205,-0.34064269065856934,-0.2420928180217743,203,364
0,5,4.61418342590332,5.701160907745361,0.8427594900131226,-0.2420928180217743,145,396
 , , , , , , , 
0,0,2.7448477745056152,1.2698951959609985,-0.1636843979358673,0.2420928180217743,116,496
0,1,0.29223164916038513,0.6440666317939758,-0.13125567138195038,-0.2420928180217743,306,357
0,2,0.3726840615272522,0.6798058748245239,-0.17632299661636353,-0.2420928180217743,289,372
0,3,3.4606378078460693,6.328244686126709,1.5752683877944946,-0.2420928180217743,215,438
 , , , , , , , 
0,0,0.26975229382514954,0.6593759059906006,-0.09953045845031738,0.2420928180217743,251,348
0,1,3.229928493499756,6.364508152008057,1.8880587816238403,0.2420928180217743,176,409
0,2,0.29223164916038513,0.6305974721908569,-0.18546344339847565,-0.2420928180217743,203,359
0,3,3.4606378078460693,6.432746887207031,1.0714118480682373,-0.2420928180217743,185,370
 , , , , , , , 
0,0,0.22479356825351715,0.6415721774101257,-0.23516404628753662,0.2420928180217743,272,353
0,1,0.34783846139907837,0.6385065317153931,-0.32161638140678406,0.2420928180217743,260,366
0,2,3.6913468837738037,6.349813938140869,0.7469862699508667,0.2420928180217743,176,497
0,3,2.898653745651245,8.622669219970703,1.8126884698867798,0.2420928180217743,125,472
0,4,0.9902748465538025,0.5913375616073608,-0.21714337170124054,-0.2420928180217743,171,462
 , , , , , , , 
0,0,0.7808618545532227,1.7929623126983643,-0.7151970267295837,0.0,115,517
0,1,0.2602872848510742,0.5686839818954468,-0.42684897780418396,0.4841856360435486,235,362
0,2,0.3809659481048584,0.6397484540939331,-0.451490193605423,0.4841856360435486,249,387
0,3,0.946499228477478,0.7220359444618225,-0.22490361332893372,0.4841856360435486,207,577
0,4,4.174061298370361,6.134698390960693,0.08548764139413834,0.4841856360435486,190,513
0,5,0.7666643857955933,1.8700511455535889,-0.30799758434295654,0.7262784242630005,128,613
0,6,2.922316551208496,8.883037567138672,0.025101544335484505,0.7262784242630005,138,477
 , , , , , , , 
0,0,1.0766428709030151,0.6678744554519653,-0.3881634473800659,0.4841856360435486,271,468
0,1,-2.630084753036499,5.708016872406006,1.5538920164108276,0.7262784242630005,146,551
0,2,4.259246349334717,6.117947101593018,-1.3283932209014893,0.7262784242630005,159,512
0,3,0.0,8.565535545349121,-0.7014925479888916,0.7262784242630005,139,514
0,4,-3.6913468837738037,11.220686912536621,0.028502611443400383,0.7262784242630005,119,417
0,5,-2.4348692893981934,12.546347618103027,2.3013033866882324,0.7262784242630005,131,461
 , , , , , , , 
0,0,0.22715981304645538,0.1502869427204132,-0.8668549656867981,0.2420928180217743,119,355
0,1,0.8849768042564392,0.9167430996894836,-0.1827082335948944,0.2420928180217743,216,422
0,2,0.2815835177898407,1.2009414434432983,0.36801421642303467,0.2420928180217743,216,422
0,3,0.9192873239517212,0.9642477035522461,-0.4329325258731842,0.2420928180217743,229,457
0,4,-3.479567766189575,5.471647262573242,0.9237050414085388,0.2420928180217743,116,547
0,5,-1.0837416648864746,8.445955276489258,-1.6306686401367188,0.2420928180217743,146,484
0,6,-2.91758394241333,9.952310562133789,-0.22681978344917297,0.2420928180217743,124,487
0,7,-3.6203596591949463,11.000861167907715,0.2996253967285156,0.2420928180217743,116,433
0,8,-4.4378981590271,12.099068641662598,0.7695043683052063,0.2420928180217743,130,479
0,9,-4.081778049468994,12.407520294189453,-0.015604367479681969,0.2420928180217743,123,467
 , , , , , , , 
0,0,0.08163555711507797,0.7693092823028564,-0.39969414472579956,0.2420928180217743,155,380
0,1,0.8979911208152771,0.6915250420570374,-0.5256925821304321,0.2420928180217743,179,489
0,2,0.8317362070083618,1.0395677089691162,-0.4356686770915985,0.2420928180217743,175,516
0,3,1.4126501083374023,6.837525367736816,-2.831225633621216,0.2420928180217743,145,482
0,4,-1.625612497329712,8.506231307983398,-0.4112875759601593,0.2420928180217743,127,483
0,5,1.3345638513565063,10.46431827545166,-1.644648790359497,0.2420928180217743,116,442
0,6,-2.525969982147217,11.138965606689453,1.6978929042816162,0.2420928180217743,113,404
0,7,-4.4378981590271,11.850787162780762,2.5570361614227295,0.2420928180217743,116,419
0,8,-4.081778049468994,11.869149208068848,3.615260362625122,0.2420928180217743,115,420
0,9,1.681219220161438,0.7508789896965027,0.22632110118865967,0.4841856360435486,115,588
0,10,-3.052459955215454,5.556262016296387,1.4884461164474487,-0.2420928180217743,129,387
 , , , , , , , 
0,0,0.7453681230545044,0.83051598072052,-0.7145324349403381,0.2420928180217743,227,436
0,1,0.7879605889320374,1.0037055015563965,-0.5779157876968384,0.2420928180217743,204,457
0,2,-1.968718409538269,4.352768421173096,-0.8136371970176697,0.2420928180217743,127,573
0,3,-2.176948308944702,8.287711143493652,-1.549323558807373,0.2420928180217743,136,481
0,4,-4.869738578796387,12.021222114562988,0.6413057446479797,0.2420928180217743,150,457
0,5,-4.502970218658447,12.286741256713867,0.5978562831878662,0.2420928180217743,141,462
0,6,-4.555027484893799,12.442384719848633,0.16586555540561676,0.2420928180217743,136,428
 , , , , , , , 
0,0,0.0,0.6265420317649841,-0.7094405293464661,0.2420928180217743,137,356
0,1,0.6625494360923767,0.6838809251785278,-0.9215325117111206,0.2420928180217743,168,456
0,2,0.8542155623435974,1.0415531396865845,-0.5052520036697388,0.2420928180217743,125,468
0,3,-1.922576665878296,4.324089527130127,-0.049701981246471405,0.2420928180217743,123,571
0,4,-2.8655264377593994,5.857582092285156,0.6140322089195251,0.2420928180217743,152,523
0,5,-4.411869525909424,12.042530059814453,0.4878867268562317,0.2420928180217743,115,412
0,6,-4.069946765899658,12.370733261108398,-0.14364227652549744,0.2420928180217743,132,464
0,7,-3.6948962211608887,12.607070922851562,0.03225413337349892,0.2420928180217743,131,451
0,8,-3.7268407344818115,12.706925392150879,0.4831266701221466,0.2420928180217743,135,433
 , , , , , , , 
0,0,0.11831240355968475,0.4387136399745941,-0.8302971124649048,0.2420928180217743,162,374
0,1,0.8542155623435974,0.7217320203781128,-0.9051052331924438,0.2420928180217743,121,472
0,2,1.303802728652954,0.5338805913925171,0.2913188934326172,0.2420928180217743,121,472
0,3,-1.3416626453399658,4.576035499572754,-0.1270439624786377,0.2420928180217743,131,573
0,4,-2.058635711669922,6.151207447052002,1.1496076583862305,0.2420928180217743,141,540
0,5,-2.4277706146240234,12.706854820251465,0.5434285402297974,0.2420928180217743,130,447
0,6,-2.449066638946533,12.823376655578613,0.41329920291900635,0.2420928180217743,135,451
0,7,-2.463264226913452,12.904183387756348,-0.07675288617610931,0.2420928180217743,125,466
0,8,-2.076382637023926,13.125619888305664,0.015709232538938522,0.2420928180217743,154,433
 , , , , , , , 
0,0,1.2304490804672241,0.6892384886741638,0.5516785383224487,0.2420928180217743,204,394
0,1,-1.6469086408615112,6.376092433929443,-0.17339999973773956,0.2420928180217743,118,517
0,2,-1.231632113456726,13.072906494140625,-0.41680672764778137,0.2420928180217743,142,407
0,3,-0.3644022047519684,0.1873904913663864,-0.07439402490854263,-0.2420928180217743,160,368
0,4,-1.0435154438018799,4.590310573577881,-0.7722854018211365,-0.2420928180217743,124,453
0,5,-1.4410450458526611,6.369459629058838,-0.8661984205245972,-0.2420928180217743,157,420
0,6,-7.056151866912842,3.857943534851074,0.5982388854026794,-0.2420928180217743,173,402
 , , , , , , , 
0,0,1.4552425146102905,0.5310742259025574,0.09867416322231293,0.2420928180217743,177,417
0,1,-1.1925890445709229,4.615341663360596,0.18069352209568024,0.2420928180217743,142,435
0,2,-1.6469086408615112,6.308213710784912,0.9439618587493896,0.2420928180217743,167,406
0,3,-0.2981472611427307,0.14460282027721405,-0.07938384264707565,-0.2420928180217743,164,415
0,4,-1.0435154438018799,4.6398606300354,-0.37291455268859863,-0.2420928180217743,122,498
0,5,-1.6469086408615112,6.37729549407959,0.12136410176753998,-0.2420928180217743,172,446
0,6,-7.023024559020996,3.8508386611938477,0.5195044279098511,-0.2420928180217743,156,420
 , , , , , , , 
0,0,-0.3194434940814972,0.2008098065853119,-0.031129037961363792,-0.2420928180217743,142,416
0,1,-1.6469086408615112,6.361294746398926,0.4674932062625885,-0.2420928180217743,177,490
0,2,-6.740257740020752,4.2256388664245605,0.7268356084823608,-0.2420928180217743,115,439
0,3,-2.034973382949829,12.852714538574219,-0.5354834794998169,-0.2420928180217743,118,432
 , , , , , , , 
0,0,-1.4410450458526611,6.340598106384277,1.056946873664856,0.2420928180217743,148,388
0,1,-0.1301436424255371,0.28617551922798157,0.7713110446929932,-0.2420928180217743,120,367
0,2,-1.235181450843811,6.455574035644531,0.4436447322368622,-0.2420928180217743,144,383
 , , , , , , , 
0,0,-0.07808618247509003,0.6258640885353088,0.544014036655426,-0.2420928180217743,166,357
 , , , , , , , 
0,0,-1.0435154438018799,4.618651866912842,0.5791619420051575,0.2420928180217743,116,455
0,1,-1.6469086408615112,6.277583599090576,1.1298516988754272,0.2420928180217743,162,399
0,2,0.17746859788894653,0.4978810250759125,0.7851625084877014,-0.2420928180217743,116,397
0,3,1.3582264184951782,0.7124910354614258,0.2389243096113205,-0.2420928180217743,124,425
0,4,1.1701096296310425,0.96626877784729,0.5894765257835388,-0.2420928180217743,129,450
0,5,-1.6469086408615112,6.365222930908203,0.4105609357357025,-0.2420928180217743,142,448
0,6,-1.2174346446990967,12.91206169128418,0.6572195887565613,-0.2420928180217743,125,385
 , , , , , , , 
0,0,-0.28394976258277893,0.10518819838762283,0.006642110645771027,0.2420928180217743,153,393
0,1,-0.37741655111312866,0.1691591441631317,-0.048791058361530304,0.2420928180217743,114,407
0,2,-0.17391923069953918,0.5606034994125366,0.5362789034843445,-0.2420928180217743,124,420
0,3,1.3570432662963867,0.27408459782600403,0.21355228126049042,-0.2420928180217743,166,439
0,4,1.3381133079528809,0.23040014505386353,0.5801165699958801,-0.2420928180217743,154,425
 , , , , , , , 
0,0,-0.274484783411026,0.11031485348939896,-0.06499910354614258,0.2420928180217743,168,378
0,1,-1.6469086408615112,0.7621833086013794,0.09627888351678848,0.2420928180217743,128,438
0,2,-1.1925890445709229,4.610387325286865,0.2799229025840759,0.2420928180217743,143,510
0,3,-1.6469086408615112,6.310042858123779,0.9316539764404297,0.2420928180217743,127,470
0,4,-1.6327111721038818,12.956897735595703,0.2465239018201828,0.2420928180217743,128,417
0,5,-0.4259246587753296,0.6278337836265564,0.5000382661819458,0.4841856360435486,221,357
 , , , , , , , 
0,0,-0.8944417834281921,4.683469295501709,0.14624786376953125,0.2420928180217743,127,449
0,1,-0.04732496291399002,0.5921077132225037,0.469595342874527,-0.2420928180217743,130,390
0,2,-0.8944417834281921,4.657415866851807,-0.5145378708839417,-0.2420928180217743,135,418
 , , , , , , , 
0,0,0.028394976630806923,0.6402592062950134,0.6441173553466797,0.2420928180217743,165,366
0,1,1.2245334386825562,1.1118203401565552,0.4086102545261383,0.2420928180217743,128,445
0,2,-1.0435154438018799,4.654435634613037,-0.060026027262210846,0.2420928180217743,150,521
0,3,-1.6327111721038818,12.95319652557373,-0.3958533704280853,0.2420928180217743,128,442
0,4,-1.2458295822143555,13.161810874938965,-1.3446764945983887,0.2420928180217743,119,393
0,5,-0.5300395488739014,0.7089095711708069,0.5833292007446289,0.7262784242630005,187,354
 , , , , , , , 
0,0,1.325098991394043,0.605722188949585,0.41305825114250183,0.2420928180217743,126,403
0,1,-1.0435154438018799,4.6453022956848145,-0.29755866527557373,0.2420928180217743,150,437
0,2,-0.5832801461219788,0.7358211874961853,0.5690534114837646,0.7262784242630005,188,358
0,3,1.3381133079528809,0.5790209174156189,0.2331399768590927,-0.2420928180217743,124,374
0,4,-1.0435154438018799,4.576907157897949,-0.8481116890907288,-0.2420928180217743,144,418
 , , , , , , , 
0,0,-1.0435154438018799,4.646083831787109,-0.2850925028324127,0.2420928180217743,131,429
0,1,-0.5868295431137085,0.7557927966117859,0.6796203851699829,0.4841856360435486,224,372
0,2,-0.4259246587753296,0.7580752968788147,0.26369544863700867,-0.2420928180217743,122,371
0,3,1.384255051612854,0.45956724882125854,0.22978825867176056,-0.2420928180217743,171,402
0,4,-1.0435154438018799,4.592417240142822,-0.759654700756073,-0.2420928180217743,128,453
