frame,DetObj#,x,y,z,v,snr,noise
 , , , , , , , 
0,0,0.0,0.06953675299882889,0.12902893126010895,0.09796791523694992,235,397
0,1,0.05496510863304138,0.13514292240142822,0.014108593575656414,0.09796791523694992,235,397
0,2,0.0,0.08778022974729538,0.152418315410614,0.09796791523694992,269,385
0,3,0.06595812737941742,0.1624234914779663,0.014312525279819965,0.09796791523694992,269,385
0,4,0.0,0.10600508749485016,0.1757020801305771,0.09796791523694992,270,376
0,5,0.07695115357637405,0.18982167541980743,0.012431821785867214,0.09796791523694992,270,376
0,6,0.0,0.1173253059387207,0.20306001603603363,0.09796791523694992,234,374
0,7,0.08794417232275009,0.2172648012638092,0.00777319073677063,0.09796791523694992,234,374
 , , , , , , , 
0,0,-0.08794417232275009,0.03812982887029648,-0.1474742293357849,0.09796791523694992,234,403
0,1,-0.021986043080687523,0.17429371178150177,0.008661821484565735,0.09796791523694992,234,403
0,2,-0.0256503839045763,0.2035432606935501,0.0045278603211045265,0.09796791523694992,236,396
 , , , , , , , 
0,0,-0.021986043080687523,0.1744493842124939,0.004553802777081728,0.09796791523694992,235,347
0,1,-0.0256503839045763,0.2035685032606125,-0.0031978492625057697,0.09796791523694992,233,348
 , , , , , , , 
0,0,-0.021986043080687523,0.17393329739570618,0.014161030761897564,-0.09796791523694992,247,423
0,1,-0.03206298127770424,0.19864028692245483,0.04027783125638962,-0.09796791523694992,235,409
 , , , , , , , 
0,0,0.03664340451359749,0.14191681146621704,-0.0008388509741052985,-0.09796791523694992,260,430
0,1,-0.03206297755241394,0.0648069754242897,-0.12749841809272766,-0.09796791523694992,260,430
0,2,0.043972086161375046,0.170186847448349,-0.006293104495853186,-0.09796791523694992,283,414
0,3,-0.03847557678818703,0.054535944014787674,-0.16273343563079834,-0.09796791523694992,283,414
0,4,0.0513007678091526,0.1981290727853775,-0.014879655092954636,-0.09796791523694992,266,406
0,5,-0.0513007678091526,0.02640107460319996,-0.19692514836788177,-0.09796791523694992,266,406
 , , , , , , , 
0,0,-0.03206297755241394,0.13417917490005493,-0.049515027552843094,-0.09796791523694992,232,437
0,1,-0.03297906368970871,0.16269755363464355,-0.05812568962574005,-0.09796791523694992,256,418
0,2,-0.03847557678818703,0.18829582631587982,-0.07192090153694153,-0.09796791523694992,244,406
 , , , , , , , 
0,0,-0.005496510770171881,0.17551089823246002,0.010120395570993423,-0.09796791523694992,232,451
0,1,-0.07145463675260544,0.07137306779623032,-0.14400288462638855,-0.09796791523694992,232,451
 , , , , , , , 
0,0,-0.043972086161375046,0.05901709944009781,-0.09128574281930923,-0.09796791523694992,231,497
0,1,0.003664340591058135,0.11656780540943146,0.012172468937933445,-0.09796791523694992,231,497
0,2,-0.05496510863304138,0.07153476774692535,-0.11552245914936066,-0.09796791523694992,278,476
0,3,0.004580425564199686,0.1458665430545807,0.013630660250782967,-0.09796791523694992,278,476
0,4,-0.0604616180062294,0.09018878638744354,-0.138373002409935,-0.09796791523694992,286,462
0,5,0.005496510770171881,0.17533455789089203,0.012817545793950558,-0.09796791523694992,286,462
0,6,-0.07053855806589127,0.10200023651123047,-0.1634887307882309,-0.09796791523694992,255,457
0,7,0.006412595976144075,0.20498572289943695,0.0069306520745158195,-0.09796791523694992,255,457
 , , , , , , , 
0,0,-0.050384681671857834,0.06575380265712738,-0.12092000246047974,-0.09796791523694992,244,451
0,1,-0.0604616180062294,0.07579244673252106,-0.14675356447696686,-0.09796791523694992,244,438
 , , , , , , , 
0,0,-0.0256503839045763,0.06576179713010788,-0.0936327576637268,-0.09796791523694992,243,407
0,1,-0.03206297755241394,0.07634131610393524,-0.12094541639089584,-0.09796791523694992,266,399
0,2,-0.03297906368970871,0.07986888289451599,-0.15319938957691193,-0.09796791523694992,249,401
 , , , , , , , 
0,0,-0.0696224719285965,0.048644181340932846,-0.08084618300199509,0.09796791523694992,258,368
0,1,-0.08702808618545532,0.06193513050675392,-0.10036920756101608,0.09796791523694992,289,353
0,2,-0.03206297755241394,0.13674983382225037,0.04189600795507431,0.09796791523694992,289,353
0,3,-0.10443370789289474,0.07827629148960114,-0.11791155487298965,0.09796791523694992,278,350
0,4,-0.03847557678818703,0.1649913787841797,0.047267138957977295,0.09796791523694992,278,350
0,5,-0.12183932214975357,0.1010046973824501,-0.13061979413032532,0.09796791523694992,236,349
0,6,-0.044888172298669815,0.1934104561805725,0.05182419717311859,0.09796791523694992,236,349
 , , , , , , , 
0,0,0.40307745337486267,0.40860632061958313,-0.11962713301181793,-0.09796791523694992,235,360
0,1,0.4232313334941864,0.4327702522277832,-0.11207084357738495,-0.09796791523694992,284,358
0,2,0.44338518381118774,0.45625656843185425,-0.10567113757133484,-0.09796791523694992,298,359
0,3,0.46353909373283386,0.47922977805137634,-0.10034015029668808,-0.09796791523694992,289,355
0,4,0.4836929440498352,0.5015720129013062,-0.09723186492919922,-0.09796791523694992,250,352
 , , , , , , , 
0,0,0.4232313334941864,0.4463692307472229,-0.024586405605077744,0.09796791523694992,234,333
0,1,0.4232313334941864,0.48616620898246765,-0.02108374796807766,0.09796791523694992,242,335
0,2,0.4232313334941864,0.43519166111946106,-0.10226532816886902,-0.09796791523694992,255,345
0,3,0.44338518381118774,0.4585716724395752,-0.09512338042259216,-0.09796791523694992,267,343
0,4,0.46353909373283386,0.48154497146606445,-0.08856497704982758,-0.09796791523694992,250,342
 , , , , , , , 
0,0,0.40307745337486267,0.42167460918426514,-0.0588243193924427,0.09796791523694992,229,371
0,1,0.4232313334941864,0.4443695843219757,-0.04884308576583862,0.09796791523694992,271,370
0,2,0.44338518381118774,0.4667656719684601,-0.03829154372215271,0.09796791523694992,293,361
0,3,0.46353909373283386,0.4887849986553192,-0.028610065579414368,0.09796791523694992,280,356
0,4,0.4836929440498352,0.5105209350585938,-0.019921496510505676,0.09796791523694992,239,352
0,5,0.4232313334941864,0.4291834831237793,-0.12510602176189423,-0.09796791523694992,231,353
0,6,0.44338518381118774,0.4535239636898041,-0.11684378236532211,-0.09796791523694992,243,353
 , , , , , , , 
0,0,0.40307745337486267,0.41684749722480774,-0.0866483673453331,0.09796791523694992,228,373
0,1,0.4232313334941864,0.43932095170021057,-0.08274699002504349,0.09796791523694992,277,376
0,2,0.44338518381118774,0.4617798328399658,-0.07807588577270508,0.09796791523694992,295,380
0,3,0.44246912002563477,0.5022127032279968,-0.08124814927577972,0.09796791523694992,289,378
0,4,0.4836929440498352,0.5052143931388855,-0.07607194036245346,0.09796791523694992,255,374
 , , , , , , , 
0,0,0.4232313334941864,0.4310837388038635,-0.11839256435632706,-0.09796791523694992,271,372
0,1,0.44338518381118774,0.45390310883522034,-0.11536205559968948,-0.09796791523694992,289,373
0,2,0.46353909373283386,0.47603872418403625,-0.11452698707580566,-0.09796791523694992,278,374
0,3,0.4836929440498352,0.4966893196105957,-0.11970049142837524,-0.09796791523694992,247,365
 , , , , , , , 
0,0,0.4232313334941864,0.44241660833358765,-0.06416791677474976,0.09796791523694992,254,344
0,1,0.44338518381118774,0.4647560715675354,-0.05777747556567192,0.09796791523694992,273,343
0,2,0.46353909373283386,0.48680007457733154,-0.052488263696432114,0.09796791523694992,262,343
0,3,0.44338518381118774,0.4502306282520294,-0.12895283102989197,-0.09796791523694992,231,349
 , , , , , , , 
0,0,0.44338518381118774,0.44908758997917175,-0.132878839969635,-0.09796791523694992,241,334
0,1,0.46353909373283386,0.4725601375102997,-0.12812580168247223,-0.09796791523694992,229,335
 , , , , , , , 
0,0,0.4232313334941864,0.4427366852760315,-0.06192104518413544,0.09796791523694992,232,324
0,1,0.44338518381118774,0.4650963246822357,-0.05497154965996742,0.09796791523694992,249,325
0,2,0.46353909373283386,0.4871498644351959,-0.049135804176330566,0.09796791523694992,235,329
 , , , , , , , 
0,0,0.40307745337486267,0.4113112688064575,-0.10996739566326141,-0.09796791523694992,233,370
0,1,0.4232313334941864,0.4341108202934265,-0.10676039010286331,-0.09796791523694992,281,370
0,2,0.44338518381118774,0.45705047249794006,-0.10218266397714615,-0.09796791523694992,297,370
0,3,0.46353909373283386,0.47968411445617676,-0.09814517199993134,-0.09796791523694992,286,369
0,4,0.4836929440498352,0.5017871260643005,-0.09611529856920242,-0.09796791523694992,240,374
 , , , , , , , 
0,0,0.42139914631843567,0.39828717708587646,-0.08678297698497772,-0.09796791523694992,235,396
0,1,0.4232313334941864,0.4391552805900574,-0.08362189680337906,-0.09796791523694992,276,394
0,2,0.44338518381118774,0.4624801278114319,-0.07381460070610046,-0.09796791523694992,294,384
0,3,0.46353909373283386,0.4853073060512543,-0.0648546814918518,-0.09796791523694992,282,375
0,4,0.4836929440498352,0.5074278116226196,-0.05954424664378166,-0.09796791523694992,242,367
 , , , , , , , 
0,0,0.42139914631843567,0.4019453525543213,-0.0678519532084465,0.09796791523694992,232,428
0,1,0.44246912002563477,0.4241150915622711,-0.057638656347990036,0.09796791523694992,293,406
0,2,0.4635390639305115,0.4458879232406616,-0.047353651374578476,0.09796791523694992,318,391
0,3,0.48460906744003296,0.4673407971858978,-0.03666634485125542,0.09796791523694992,308,383
0,4,0.5056790113449097,0.4884054958820343,-0.02713281475007534,0.09796791523694992,266,378
 , , , , , , , 
0,0,0.4232313334941864,0.43785953521728516,-0.09016106277704239,0.09796791523694992,229,326
0,1,0.44338518381118774,0.46089035272598267,-0.08316570520401001,0.09796791523694992,246,329
0,2,0.46353909373283386,0.48332130908966064,-0.07829314470291138,0.09796791523694992,237,329
 , , , , , , , 
0,0,0.44338518381118774,0.4673197567462921,-0.03080088086426258,0.09796791523694992,239,352
0,1,0.46353909373283386,0.4891141355037689,-0.02228652313351631,0.09796791523694992,227,350
0,2,0.42139914631843567,0.38870784640312195,-0.12276066094636917,-0.09796791523694992,228,349
0,3,0.44246912002563477,0.4126037657260895,-0.11381538957357407,-0.09796791523694992,270,355
0,4,0.4635390639305115,0.43527311086654663,-0.10768342018127441,-0.09796791523694992,288,352
0,5,0.48460906744003296,0.4571550786495209,-0.10373561084270477,-0.09796791523694992,281,346
0,6,0.5056790113449097,0.4776395857334137,-0.1055298000574112,-0.09796791523694992,245,340
 , , , , , , , 
0,0,0.44246912002563477,0.42504361271858215,-0.05033627524971962,0.09796791523694992,251,341
0,1,0.4635390639305115,0.4465949237346649,-0.04014183580875397,0.09796791523694992,267,340
0,2,0.48460906744003296,0.46738097071647644,-0.03615065664052963,0.09796791523694992,255,339
0,3,0.44246912002563477,0.40686288475990295,-0.1328849047422409,-0.09796791523694992,228,332
0,4,0.4635390639305115,0.4297972321510315,-0.12779954075813293,-0.09796791523694992,242,333
 , , , , , , , 
0,0,0.4635390639305115,0.43308496475219727,-0.11617153137922287,-0.09796791523694992,228,337
 , , , , , , , 
0,0,0.44338518381118774,0.4649185836315155,-0.056454893201589584,0.09796791523694992,235,336
 , , , , , , , 
0,0,0.4232313334941864,0.4405140280723572,-0.0761403813958168,0.09796791523694992,235,475
0,1,0.4232313334941864,0.4813345670700073,-0.07154815644025803,0.09796791523694992,261,467
0,2,0.44246912002563477,0.5049590468406677,-0.06192893162369728,0.09796791523694992,254,462
 , , , , , , , 
0,0,0.38292357325553894,0.5186426639556885,-0.017499251291155815,0.09796791523694992,255,407
0,1,0.40032923221588135,0.5424521565437317,-0.00894097238779068,0.09796791523694992,260,396
0,2,0.417734831571579,0.5661112070083618,-0.0017589237540960312,0.09796791523694992,238,386
 , , , , , , , 
0,0,0.3847557604312897,0.478852242231369,0.040475647896528244,-0.19593583047389984,230,473
0,1,0.40307745337486267,0.501130998134613,0.04819926619529724,-0.19593583047389984,249,466
0,2,0.42139917612075806,0.523298442363739,0.05638502910733223,-0.19593583047389984,241,458
 , , , , , , , 
0,0,0.4635390639305115,0.41129422187805176,0.1785929948091507,0.09796791523694992,237,365
 , , , , , , , 
0,0,0.5001825094223022,0.34939950704574585,0.08192791789770126,0.09796791523694992,243,401
0,1,0.5240007042884827,0.36590713262557983,0.08638355880975723,0.09796791523694992,289,382
0,2,0.5267489552497864,0.41247448325157166,0.0836549922823906,0.09796791523694992,297,371
0,3,0.5716370940208435,0.4003400504589081,0.08914166688919067,0.09796791523694992,271,365
 , , , , , , , 
0,0,0.6046161651611328,0.22429123520851135,-0.007720689754933119,0.19593583047389984,226,417
 , , , , , , , 
0,0,0.6320987939834595,0.23460447788238525,-0.0031070762779563665,0.29390373826026917,255,391
0,1,0.6595813035964966,0.24478933215141296,-0.004247433505952358,0.29390373826026917,254,385
0,2,0.6870638728141785,0.25470927357673645,-0.012733491137623787,0.29390373826026917,228,379
 , , , , , , , 
0,0,-1.5646734237670898,0.29933053255081177,-0.8123122453689575,-0.19593583047389984,269,343
0,1,-1.5903239250183105,0.47508305311203003,-0.7406209707260132,-0.19593583047389984,286,341
0,2,-1.6159741878509521,0.6211405992507935,-0.643105149269104,-0.19593583047389984,266,343
0,3,-3.334549903869629,1.001307725906372,-1.5495895147323608,-0.19593583047389984,266,349
0,4,-3.3602004051208496,1.1280184984207153,-1.4778317213058472,-0.09796791523694992,280,348
0,5,-3.264927387237549,1.341805100440979,-1.5852999687194824,-0.09796791523694992,259,350
 , , , , , , , 
0,0,-1.3970298767089844,0.7508357763290405,-0.8259576559066772,-0.09796791523694992,264,345
0,1,-1.4199320077896118,0.7763034701347351,-0.8273448348045349,-0.09796791523694992,285,348
0,2,-1.4428341388702393,0.781953752040863,-0.8470833897590637,-0.09796791523694992,273,352
0,3,-2.7812345027923584,2.504378318786621,-0.9829505681991577,-0.09796791523694992,231,326
 , , , , , , , 
0,0,4.067418098449707,3.586392402648926,-0.07250741124153137,0.19593583047389984,231,432
 , , , , , , , 
0,0,-1.3970298767089844,0.8207562565803528,-0.7565180063247681,-0.19593583047389984,241,340
0,1,-1.4199320077896118,0.8130605816841125,-0.7912515997886658,-0.19593583047389984,241,343
0,2,-2.8361997604370117,1.8806743621826172,-1.6490997076034546,-0.19593583047389984,226,351
0,3,-2.8581857681274414,1.9112324714660645,-1.643481731414795,-0.19593583047389984,270,352
0,4,-2.880171775817871,1.9411072731018066,-1.6383140087127686,-0.19593583047389984,283,352
0,5,-2.7812345027923584,2.1694164276123047,-1.5911426544189453,-0.19593583047389984,266,356
0,6,-2.68046498298645,2.479759454727173,-1.366381049156189,-0.19593583047389984,232,372
 , , , , , , , 
0,0,-2.579695701599121,1.9752272367477417,-1.877042531967163,-0.19593583047389984,229,343
0,1,-2.718024730682373,1.9363229274749756,-1.7786203622817993,-0.19593583047389984,266,344
0,2,-2.7390947341918945,2.008852481842041,-1.7276976108551025,-0.19593583047389984,267,344
 , , , , , , , 
0,0,-2.4624369144439697,2.099411725997925,-1.8996094465255737,-0.19593583047389984,230,348
0,1,-2.4816746711730957,2.077195167541504,-1.9562839269638062,-0.19593583047389984,273,350
0,2,-2.5009124279022217,2.0671045780181885,-1.9988956451416016,-0.19593583047389984,281,356
0,3,-2.5201501846313477,2.1308693885803223,-1.9635676145553589,-0.19593583047389984,261,364
 , , , , , , , 
0,0,-2.3451778888702393,2.2690656185150146,-1.8523292541503906,-0.19593583047389984,234,358
0,1,-2.2453246116638184,2.257582664489746,-2.040179491043091,-0.19593583047389984,264,358
0,2,-2.143639326095581,2.1073296070098877,-2.3424429893493652,-0.19593583047389984,236,367
 , , , , , , , 
0,0,-1.993401288986206,2.6983094215393066,-1.6808091402053833,-0.19593583047389984,252,350
0,1,-2.00897479057312,2.7050139904022217,-1.7168036699295044,-0.19593583047389984,268,356
0,2,-2.024548292160034,2.6826155185699463,-1.7966207265853882,-0.19593583047389984,254,366
 , , , , , , , 
0,0,-1.7451422214508057,2.8257627487182617,-1.682275414466858,-0.29390373826026917,240,412
0,1,-1.7588834762573242,2.864673376083374,-1.6672182083129883,-0.29390373826026917,253,421
0,2,-1.6544498205184937,2.976829767227173,-1.6437078714370728,-0.29390373826026917,241,430
 , , , , , , , 
0,0,-1.5124565362930298,2.994391918182373,-1.614496111869812,-0.29390373826026917,227,426
 , , , , , , , 
0,0,-0.46720343828201294,0.1732712984085083,0.007145295850932598,-0.19593583047389984,255,332
0,1,-0.4781964123249054,0.22302347421646118,-0.00437009334564209,-0.19593583047389984,258,333
0,2,-0.5047629475593567,0.23500283062458038,-0.014646152034401894,-0.19593583047389984,226,337
 , , , , , , , 
0,0,-0.46170687675476074,0.2515102028846741,0.04471857100725174,-0.09796791523694992,234,329
 , , , , , , , 
0,0,-0.3984970450401306,0.16954413056373596,0.07621894776821136,-0.09796791523694992,234,332
0,1,-0.42506352066993713,0.18260744214057922,0.07726527750492096,-0.09796791523694992,261,336
0,2,-0.45162996649742126,0.19560343027114868,0.0782478079199791,-0.09796791523694992,253,339
 , , , , , , , 
0,0,-0.3847557604312897,0.21071408689022064,0.030282242223620415,-0.09796791523694992,239,336
0,1,-0.4104061424732208,0.2254498153924942,0.027084507048130035,-0.09796791523694992,264,343
0,2,-0.436056524515152,0.2401263564825058,0.023389816284179688,-0.09796791523694992,260,349
 , , , , , , , 
0,0,-0.3847557604312897,0.21209114789962769,0.018297258764505386,-0.09796791523694992,248,338
0,1,-0.4104061424732208,0.22569648921489716,0.02494565211236477,-0.09796791523694992,255,345
0,2,-0.436056524515152,0.23855869472026825,0.03602084517478943,-0.09796791523694992,227,360
 , , , , , , , 
0,0,-0.3719305694103241,0.1733962744474411,0.005880642682313919,-0.09796791523694992,225,329
0,1,-0.3847557604312897,0.2123175710439682,0.01544965896755457,-0.09796791523694992,240,340
0,2,-0.4104061424732208,0.2269066423177719,0.008635153993964195,-0.09796791523694992,229,355
 , , , , , , , 
0,0,0.997616708278656,2.996798038482666,-1.6142339706420898,-0.09796791523694992,236,371
 , , , , , , , 
0,0,-0.4104061424732208,0.15325859189033508,-0.1675499826669693,-0.09796791523694992,246,329
0,1,-0.4204830825328827,0.2215365469455719,-0.14989526569843292,-0.09796791523694992,247,339
 , , , , , , , 
0,0,-0.2565038502216339,0.2985721528530121,0.11616215854883194,0.09796791523694992,257,330
0,1,-0.2748255431652069,0.3253009021282196,0.10956595838069916,0.09796791523694992,297,331
0,2,-0.2931472361087799,0.35142624378204346,0.10275552421808243,0.09796791523694992,278,350
0,3,-0.3114689588546753,0.38102930784225464,0.07846523821353912,0.09796791523694992,228,368
 , , , , , , , 
0,0,-0.26108425855636597,0.34478458762168884,0.079454705119133,0.09796791523694992,267,332
0,1,-0.2931472361087799,0.35940200090408325,0.06992362439632416,0.09796791523694992,266,344
 , , , , , , , 
0,0,-0.26200035214424133,0.2766227722167969,-0.008144262246787548,0.09796791523694992,269,319
0,1,-0.29497942328453064,0.28268465399742126,0.0388554222881794,0.09796791523694992,276,320
0,2,-0.3297906517982483,0.13792119920253754,0.2560670077800751,0.09796791523694992,276,324
0,3,-0.3664340674877167,0.14287365972995758,0.2555534839630127,0.09796791523694992,252,336
0,4,-0.2931472361087799,0.35533249378204346,0.08830587565898895,0.09796791523694992,252,336
0,5,1.148770809173584,5.949953079223633,0.9032103419303894,0.09796791523694992,226,391
0,6,1.1542673110961914,5.983099937438965,0.8761599659919739,0.09796791523694992,242,394
0,7,0.9664697647094727,6.056473255157471,0.8026990294456482,0.09796791523694992,225,405
 , , , , , , , 
0,0,-0.2500912547111511,0.28530311584472656,-0.035877056419849396,0.09796791523694992,260,338
0,1,-0.2693290412425995,0.3086884915828705,-0.02462698705494404,0.09796791523694992,295,338
0,2,-0.3023080825805664,0.318889319896698,0.01654919609427452,0.09796791523694992,299,338
0,3,-0.32246196269989014,0.33096417784690857,0.08046983927488327,0.09796791523694992,275,344
0,4,1.3402326107025146,5.952978134155273,0.5506671667098999,0.09796791523694992,232,405
0,5,1.3466451168060303,5.977923393249512,0.5902977585792542,0.09796791523694992,245,410
0,6,1.3530577421188354,6.0021443367004395,0.6346264481544495,0.09796791523694992,225,424
 , , , , , , , 
0,0,-0.2500912547111511,0.2800815999507904,-0.0651102066040039,0.09796791523694992,274,334
0,1,-0.2693290412425995,0.30325978994369507,-0.06267838925123215,0.09796791523694992,330,327
0,2,-0.28856682777404785,0.3270067870616913,-0.05612660571932793,0.09796791523694992,352,325
0,3,-0.3078046143054962,0.3508000373840332,-0.04679794982075691,0.09796791523694992,333,335
0,4,-0.3270424008369446,0.37403562664985657,-0.03864798694849014,0.09796791523694992,270,359
0,5,-1.3063374757766724,1.2462573051452637,0.20899473130702972,0.09796791523694992,234,348
 , , , , , , , 
0,0,-0.2500912547111511,0.268404096364975,-0.10317106544971466,0.09796791523694992,230,334
0,1,-0.2565038502216339,0.304731547832489,-0.09888201951980591,0.09796791523694992,294,332
0,2,-0.2748255431652069,0.3370321989059448,-0.06507428735494614,0.19593583047389984,328,331
0,3,-0.2931472361087799,0.36093780398368835,-0.061506081372499466,0.19593583047389984,334,333
0,4,-0.3114689588546753,0.3833729922771454,-0.06607011705636978,0.19593583047389984,298,350
0,5,-1.3274073600769043,1.2775126695632935,0.12931853532791138,0.19593583047389984,226,361
 , , , , , , , 
0,0,-0.23360171914100647,0.3687410056591034,-0.053054314106702805,0.09796791523694992,234,335
0,1,-0.2638325095176697,0.38225704431533813,-0.0653172954916954,0.09796791523694992,272,335
0,2,-0.28032204508781433,0.4046317934989929,-0.07775405794382095,0.09796791523694992,269,342
0,3,-1.2696939706802368,1.3308038711547852,-0.1661645770072937,0.09796791523694992,241,347
 , , , , , , , 
0,0,-0.23451779782772064,0.3908575177192688,-0.11057210713624954,0.09796791523694992,253,340
0,1,-0.26474860310554504,0.40185263752937317,-0.12952090799808502,0.09796791523694992,265,343
0,2,-0.28032204508781433,0.4232868254184723,-0.14379914104938507,0.09796791523694992,239,356
0,3,-1.2696939706802368,1.2896029949188232,-0.36820316314697266,0.09796791523694992,259,332
0,4,-1.2898478507995605,1.3056946992874146,-0.3890557289123535,0.09796791523694992,250,343
 , , , , , , , 
0,0,-0.23451779782772064,0.3618374168872833,-0.18457920849323273,0.09796791523694992,232,328
0,1,-0.24917516112327576,0.38763320446014404,-0.18975061178207397,0.09796791523694992,252,330
0,2,-0.2638325095176697,0.4102437198162079,-0.20130297541618347,0.09796791523694992,241,335
0,3,-1.2119805812835693,1.3087080717086792,-0.47870492935180664,0.09796791523694992,235,338
0,4,-1.2312184572219849,1.3123228549957275,-0.530867338180542,0.09796791523694992,237,345
 , , , , , , , 
0,0,-0.9371550679206848,9.892662048339844,1.0878511667251587,0.09796791523694992,233,375
 , , , , , , , 
0,0,-0.31238502264022827,9.960010528564453,0.7918530702590942,0.09796791523694992,250,377
0,1,-0.31238502264022827,9.975457191467285,-0.5648795962333679,-0.09796791523694992,230,360
 , , , , , , , 
0,0,-0.31238502264022827,9.977787017822266,0.522120475769043,0.09796791523694992,227,411
 , , , , , , , 
0,0,0.0,9.995348930358887,0.13936534523963928,0.09796791523694992,248,385
0,1,0.0,9.921491622924805,-1.2208330631256104,-0.09796791523694992,232,362
 , , , , , , , 
0,0,0.0,9.996079444885254,0.06947381049394608,0.09796791523694992,239,377
0,1,0.31238502264022827,9.92542839050293,-1.1466089487075806,-0.09796791523694992,230,358
 , , , , , , , 
0,0,0.31238502264022827,9.991415023803711,0.021682411432266235,0.09796791523694992,239,393
0,1,0.31238502264022827,9.921368598937988,-1.1812242269515991,-0.09796791523694992,230,367
 , , , , , , , 
0,0,-4.078411102294922,8.184054374694824,1.8135714530944824,0.09796791523694992,245,377
0,1,-4.091236591339111,8.235880851745605,1.6972582340240479,0.09796791523694992,234,384
0,2,-4.078411102294922,8.360218048095703,0.6119990944862366,-0.09796791523694992,227,355
 , , , , , , , 
0,0,-3.7870960235595703,8.449878692626953,1.0764182806015015,0.09796791523694992,228,429
0,1,-3.7990052700042725,8.469700813293457,1.131536841392517,0.09796791523694992,228,431
 , , , , , , , 
0,0,-3.214542865753174,8.769721031188965,0.45535632967948914,0.09796791523694992,228,407
 , , , , , , , 
0,0,-3.214542865753174,8.781179428100586,-0.07903038710355759,0.09796791523694992,228,428
 , , , , , , , 
0,0,-3.5067739486694336,8.661966323852539,-0.3485899269580841,0.09796791523694992,236,422
 , , , , , , , 
0,0,-3.5067739486694336,8.64067554473877,-0.6999314427375793,0.09796791523694992,226,444
 , , , , , , , 
0,0,-3.5067739486694336,8.632928848266602,-0.7897574305534363,0.09796791523694992,236,404
0,1,-3.2246196269989014,8.7900972366333,-0.5777204036712646,0.09796791523694992,228,411
 , , , , , , , 
0,0,-3.5067739486694336,8.459578514099121,-1.893860936164856,-0.09796791523694992,229,352
0,1,-3.2246196269989014,8.676328659057617,-1.523453712463379,-0.09796791523694992,230,358
 , , , , , , , 
0,0,-3.5067739486694336,8.481733322143555,-1.7920314073562622,-0.09796791523694992,234,348
0,1,-3.2246196269989014,8.705032348632812,-1.34981107711792,-0.09796791523694992,233,353
 , , , , , , , 
0,0,-3.5067739486694336,8.668065071105957,-0.12580300867557526,0.09796791523694992,237,366
0,1,-3.2246196269989014,8.808473587036133,0.10185622423887253,0.09796791523694992,229,374
 , , , , , , , 
0,0,-3.214542865753174,8.740090370178223,-0.8521642088890076,-0.09796791523694992,242,440
 , , , , , , , 
0,0,-3.214542865753174,8.776453018188477,-0.2987067997455597,-0.09796791523694992,240,488
 , , , , , , , 
0,0,-3.204465866088867,8.753982543945312,-0.02043282985687256,-0.09796791523694992,262,454
0,1,-3.214542865753174,8.778816223144531,0.21848727762699127,-0.09796791523694992,270,453
0,2,-2.6383252143859863,8.961687088012695,0.8515568375587463,-0.09796791523694992,234,462
 , , , , , , , 
0,0,-3.4957809448242188,8.631574630737305,0.42031630873680115,-0.09796791523694992,252,471
0,1,-3.214542865753174,8.758155822753906,0.6403600573539734,-0.09796791523694992,250,473
 , , , , , , , 
0,0,-3.484787940979004,8.5372953414917,1.151681661605835,-0.09796791523694992,226,461
0,1,-3.204465866088867,8.658281326293945,1.2910388708114624,-0.09796791523694992,256,459
0,2,-3.214542865753174,8.710801124572754,1.1123369932174683,-0.09796791523694992,243,462
 , , , , , , , 
0,0,-1.3503094911575317,1.3798227310180664,-0.3610950708389282,-0.09796791523694992,228,371
 , , , , , , , 
0,0,-0.2693290412425995,0.5381484627723694,-0.12974151968955994,-0.09796791523694992,241,334
 , , , , , , , 
0,0,-0.16123098134994507,0.40621358156204224,-0.17026299238204956,-0.09796791523694992,231,332
0,1,-0.9811272025108337,1.538254737854004,-0.2862410545349121,-0.09796791523694992,235,333
0,2,-1.6159741878509521,0.7040391564369202,0.5511159300804138,-0.09796791523694992,235,333
0,3,-0.996700644493103,1.5641707181930542,-0.28260961174964905,-0.09796791523694992,239,349
 , , , , , , , 
0,0,-0.16489532589912415,0.39352962374687195,-0.10629398375749588,-0.09796791523694992,263,329
0,1,-0.17588834464550018,0.41724854707717896,-0.12231646478176117,-0.09796791523694992,281,330
0,2,-0.18688136339187622,0.4382048547267914,-0.146304190158844,-0.09796791523694992,277,332
0,3,-0.16489532589912415,0.47972339391708374,-0.14527684450149536,-0.09796791523694992,233,344
0,4,-0.9811272025108337,1.5634907484054565,-0.06048428639769554,-0.09796791523694992,242,359
0,5,-1.0553300380706787,1.5479767322540283,-0.09978484362363815,-0.09796791523694992,241,375
 , , , , , , , 
0,0,-0.1539023071527481,0.3724842667579651,-0.07747747749090195,-0.09796791523694992,239,341
0,1,-0.1511540412902832,0.40356579422950745,-0.08741586655378342,-0.09796791523694992,277,338
0,2,-0.16123098134994507,0.42978769540786743,-0.09634052962064743,-0.09796791523694992,290,334
0,3,-0.17130792140960693,0.45660316944122314,-0.10256795585155487,-0.09796791523694992,267,344
0,4,-1.0388405323028564,1.5269148349761963,-0.010652173310518265,-0.09796791523694992,246,361
0,5,-1.0553300380706787,1.5508307218551636,0.03336285427212715,-0.09796791523694992,229,382
 , , , , , , , 
0,0,-0.1539023071527481,0.37517163157463074,-0.06319452822208405,-0.09796791523694992,263,338
0,1,-0.16489532589912415,0.4033479392528534,-0.05894427374005318,-0.09796791523694992,290,338
0,2,-0.16123098134994507,0.43383899331092834,-0.07604403793811798,-0.09796791523694992,291,341
0,3,-0.17130792140960693,0.45839229226112366,-0.09425045549869537,-0.09796791523694992,260,355
0,4,-0.9811272025108337,1.5554487705230713,0.16953080892562866,-0.09796791523694992,234,382
 , , , , , , , 
0,0,-0.15481838583946228,0.3429645001888275,-0.06030993163585663,-0.09796791523694992,235,338
0,1,-0.16672749817371368,0.37157517671585083,-0.050665922462940216,-0.09796791523694992,293,331
0,2,-0.1786366105079651,0.3989585340023041,-0.04770219326019287,-0.09796791523694992,313,331
0,3,-0.1905457079410553,0.4258880615234375,-0.04802195355296135,-0.09796791523694992,302,336
0,4,-0.2024548202753067,0.45326438546180725,-0.043777648359537125,-0.09796791523694992,252,357
 , , , , , , , 
0,0,-0.1786365956068039,0.3364131450653076,-0.012076268903911114,-0.09796791523694992,292,328
0,1,-0.19237788021564484,0.36248061060905457,0.00563516840338707,-0.09796791523694992,336,323
0,2,-0.20611914992332458,0.38789913058280945,0.020090250298380852,-0.09796791523694992,347,324
0,3,-0.21986043453216553,0.4129922091960907,0.03306388482451439,-0.09796791523694992,321,339
0,4,-0.23360171914100647,0.4376322627067566,0.04755312204360962,-0.09796791523694992,263,370
0,5,-0.4049096405506134,0.14369803667068481,-0.2524918019771576,-0.09796791523694992,263,370
 , , , , , , , 
0,0,-0.17588834464550018,0.3034908175468445,-0.026522787287831306,-0.09796791523694992,229,341
0,1,-0.1905457079410553,0.3298880457878113,-0.009842203930020332,-0.09796791523694992,293,337
0,2,-0.2052030712366104,0.35533103346824646,0.00804739911109209,-0.09796791523694992,325,334
0,3,-0.21986043453216553,0.38006097078323364,0.023864082992076874,-0.09796791523694992,326,333
0,4,-0.23451779782772064,0.4049268662929535,0.03209378942847252,-0.09796791523694992,280,351
 , , , , , , , 
0,0,-0.18688136339187622,0.2979661226272583,0.006195442285388708,-0.09796791523694992,233,333
0,1,-0.2024548202753067,0.32185453176498413,0.025541722774505615,-0.09796791523694992,291,327
0,2,-0.218028262257576,0.3450797200202942,0.04262474179267883,-0.09796791523694992,313,325
0,3,-0.23360171914100647,0.36833852529525757,0.05577996000647545,-0.09796791523694992,300,325
 , , , , , , , 
0,0,-0.2748255431652069,0.3253781199455261,0.10933641344308853,0.09796791523694992,236,323
 , , , , , , , 
0,0,-0.5038468241691589,1.1225892305374146,-0.7964386343955994,-0.09796791523694992,231,394
0,1,-0.5139237642288208,1.1506627798080444,-0.804384708404541,-0.09796791523694992,230,392
 , , , , , , , 
0,0,-1.3191626071929932,3.131251335144043,-0.9109117984771729,-0.09796791523694992,230,487
 , , , , , , , 
0,0,-1.3081696033477783,3.133781671524048,-0.7983761429786682,-0.09796791523694992,229,492
0,1,-1.3191626071929932,3.1420793533325195,-0.8728301525115967,-0.09796791523694992,242,494
 , , , , , , , 
0,0,-0.538658082485199,1.2215242385864258,-0.5301253795623779,-0.09796791523694992,243,409
0,1,-0.5496510863304138,1.2117164134979248,-0.6148250699043274,-0.09796791523694992,248,407
0,2,-1.3081696033477783,3.1254823207855225,-0.8302721381187439,-0.09796791523694992,253,487
0,3,-1.3191626071929932,3.134080171585083,-0.901130735874176,-0.09796791523694992,248,491
 , , , , , , , 
0,0,-0.538658082485199,1.2236775159835815,-0.5251358151435852,-0.09796791523694992,260,393
0,1,-0.5496510863304138,1.267874836921692,-0.48863092064857483,-0.09796791523694992,262,389
0,2,-0.6073644161224365,1.3286091089248657,-0.31793659925460815,-0.09796791523694992,228,396
0,3,-1.189078450202942,3.1309518814086914,-0.8653692007064819,-0.09796791523694992,257,480
0,4,-1.1991554498672485,3.165947198867798,-0.8414887189865112,-0.09796791523694992,280,474
0,5,-1.0993021726608276,3.2420382499694824,-0.8095715045928955,-0.09796791523694992,264,483
 , , , , , , , 
0,0,0.1539023071527481,0.31255221366882324,-0.04870353266596794,-0.09796791523694992,237,342
0,1,-1.286183476448059,3.0808215141296387,-0.7861009836196899,-0.09796791523694992,253,484
0,2,-1.189078450202942,3.161085605621338,-0.7478375434875488,-0.09796791523694992,285,480
0,3,-1.1991554498672485,3.1904029846191406,-0.7434073686599731,-0.09796791523694992,289,480
0,4,-1.0993021726608276,3.2635605335235596,-0.7179079055786133,-0.09796791523694992,258,494
 , , , , , , , 
0,0,0.17588834464550018,0.29314929246902466,-0.0829073116183281,-0.09796791523694992,227,361
0,1,-1.1689246892929077,3.102858781814575,-0.7545448541641235,-0.09796791523694992,233,479
0,2,-1.1790015697479248,3.132540225982666,-0.748885989189148,-0.09796791523694992,270,478
0,3,-1.189078450202942,3.1554081439971924,-0.7714422941207886,-0.09796791523694992,286,476
0,4,-1.0901412963867188,3.2296249866485596,-0.7418986558914185,-0.09796791523694992,267,483
 , , , , , , , 
0,0,-0.4836929440498352,1.255362868309021,-0.4123769998550415,-0.09796791523694992,238,485
0,1,-0.49376988410949707,1.2655705213546753,-0.4667218327522278,-0.09796791523694992,255,474
0,2,-0.45804259181022644,1.2853481769561768,-0.535219669342041,-0.09796791523694992,228,475
0,3,-1.158847689628601,3.103219509124756,-0.6261358857154846,-0.09796791523694992,231,459
0,4,-1.1689246892929077,3.1278977394104004,-0.6429052352905273,-0.09796791523694992,281,455
0,5,-1.1790015697479248,3.142636775970459,-0.7053177356719971,-0.09796791523694992,297,458
0,6,-1.0809804201126099,3.1973414421081543,-0.7577075362205505,-0.09796791523694992,288,464
0,7,-1.0901412963867188,3.1933462619781494,-0.8851161599159241,-0.09796791523694992,230,482
 , , , , , , , 
0,0,-0.43972086906433105,1.286679744720459,-0.3620087504386902,-0.09796791523694992,233,517
0,1,-0.44888171553611755,1.2992689609527588,-0.4167879521846771,-0.09796791523694992,239,510
0,2,-1.158847689628601,3.117647886276245,-0.5498080253601074,-0.09796791523694992,261,452
0,3,-1.0626587867736816,3.1797568798065186,-0.5686452984809875,-0.09796791523694992,301,447
0,4,-1.071819543838501,3.2045626640319824,-0.5879322290420532,-0.09796791523694992,317,444
0,5,-1.0809804201126099,3.244800567626953,-0.5180557370185852,-0.09796791523694992,299,453
0,6,-1.1991554498672485,3.258781671524048,-0.3341650068759918,-0.09796791523694992,252,475
 , , , , , , , 
0,0,-1.0534979104995728,3.1642069816589355,-0.49283069372177124,-0.09796791523694992,285,447
0,1,-1.0626587867736816,3.1934518814086914,-0.4858773946762085,-0.09796791523694992,314,447
0,2,-1.071819543838501,3.2372848987579346,-0.3672497868537903,-0.09796791523694992,321,451
0,3,-0.9728823900222778,3.3155298233032227,-0.16245783865451813,-0.09796791523694992,297,467
0,4,-0.9811272025108337,3.3474998474121094,0.030560720711946487,-0.09796791523694992,237,494
 , , , , , , , 
0,0,-1.0443370342254639,3.1528098583221436,-0.3705444037914276,-0.09796791523694992,239,446
0,1,-1.0534979104995728,3.1803159713745117,-0.3750705420970917,-0.09796791523694992,292,448
0,2,-1.0626587867736816,3.21268367767334,-0.3359692692756653,-0.09796791523694992,323,445
0,3,-0.9646376371383667,3.2854981422424316,-0.19661873579025269,-0.09796791523694992,325,446
0,4,-0.9728823900222778,3.319446086883545,0.02026044949889183,-0.09796791523694992,284,465
 , , , , , , , 
0,0,-0.3444480299949646,1.3001751899719238,-0.2986825406551361,-0.09796791523694992,248,469
0,1,-0.35177668929100037,1.3330109119415283,-0.28157541155815125,-0.09796791523694992,236,458
0,2,-0.9399033784866333,3.1855995655059814,-0.36971598863601685,-0.09796791523694992,236,451
0,3,-0.9481481313705444,3.2162094116210938,-0.3492248058319092,-0.09796791523694992,283,454
0,4,-0.9563929438591003,3.2496984004974365,-0.29703235626220703,-0.09796791523694992,301,459
0,5,-0.9646376371383667,3.2857868671417236,-0.19173602759838104,-0.09796791523694992,295,464
0,6,-0.7566863298416138,3.3741414546966553,-0.09069910645484924,-0.09796791523694992,249,486
 , , , , , , , 
0,0,-0.33711934089660645,1.2703611850738525,-0.30153602361679077,-0.09796791523694992,242,498
0,1,-0.3444480299949646,1.2952642440795898,-0.31930726766586304,-0.09796791523694992,273,486
0,2,-0.35177668929100037,1.311686635017395,-0.3683488368988037,-0.09796791523694992,273,477
0,3,-0.9399033784866333,3.2039172649383545,-0.14017704129219055,-0.09796791523694992,231,470
0,4,-0.9481481313705444,3.233433485031128,-0.1042480617761612,-0.09796791523694992,263,480
0,5,-0.8501270413398743,3.292102336883545,-0.05292005464434624,-0.09796791523694992,278,481
0,6,-0.8574556708335876,3.3209002017974854,-0.008630700409412384,-0.09796791523694992,265,486
0,7,-0.5404902100563049,3.4166133403778076,-0.01597749814391136,-0.09796791523694992,227,505
 , , , , , , , 
0,0,-0.33711934089660645,1.2739734649658203,-0.2858901917934418,-0.09796791523694992,239,521
0,1,-0.3444480299949646,1.294115424156189,-0.3239322900772095,-0.09796791523694992,273,505
0,2,-0.35177668929100037,1.3050895929336548,-0.3910800516605377,-0.09796791523694992,271,494
0,3,-0.835469663143158,3.231534242630005,-0.16531874239444733,-0.09796791523694992,264,456
0,4,-0.8427983522415161,3.2549479007720947,-0.24484732747077942,-0.09796791523694992,299,461
0,5,-0.8501270413398743,3.273691177368164,-0.3516879975795746,-0.09796791523694992,309,461
0,6,-0.7502737045288086,3.315913200378418,-0.45331278443336487,-0.09796791523694992,288,471
0,7,-0.5404902100563049,3.3958332538604736,-0.3765884041786194,-0.09796791523694992,240,496
 , , , , , , , 
0,0,-0.29497942328453064,1.2761085033416748,-0.32081979513168335,-0.09796791523694992,232,519
0,1,-0.3013920187950134,1.2974095344543457,-0.35242390632629395,-0.09796791523694992,258,505
0,2,-0.3078046143054962,1.3169560432434082,-0.38837140798568726,-0.09796791523694992,243,501
0,3,-0.7246233224868774,3.2246365547180176,-0.2229793816804886,-0.09796791523694992,229,442
0,4,-0.7310359477996826,3.2469675540924072,-0.3015629053115845,-0.09796791523694992,285,448
0,5,-0.7374485731124878,3.2647666931152344,-0.4030072093009949,-0.09796791523694992,306,452
0,6,-0.7438611388206482,3.273571252822876,-0.5420850515365601,-0.09796791523694992,300,455
0,7,-0.6430917382240295,3.297395706176758,-0.6908676028251648,-0.09796791523694992,253,472
 , , , , , , , 
0,0,-0.29497942328453064,1.2934836149215698,-0.2414092868566513,-0.09796791523694992,228,522
0,1,-0.3013920187950134,1.3208271265029907,-0.25077828764915466,-0.09796791523694992,239,515
0,2,-0.7246233224868774,3.2248497009277344,-0.2198754847049713,-0.09796791523694992,249,451
0,3,-0.7310359477996826,3.2490227222442627,-0.2785511612892151,-0.09796791523694992,291,458
0,4,-0.7374485731124878,3.2720375061035156,-0.3389474153518677,-0.09796791523694992,302,463
0,5,-0.7438611388206482,3.29822039604187,-0.36313748359680176,-0.09796791523694992,285,468
 , , , , , , , 
0,0,-0.6211057305335999,3.2487049102783203,-0.18227249383926392,-0.09796791523694992,257,458
0,1,-0.6266022324562073,3.2757458686828613,-0.21215733885765076,-0.09796791523694992,287,467
0,2,-0.6320987939834595,3.303962469100952,-0.22187833487987518,-0.09796791523694992,290,472
0,3,-0.6375952959060669,3.336968421936035,-0.14686475694179535,-0.09796791523694992,263,476
 , , , , , , , 
0,0,-0.6211057305335999,3.2479753494262695,-0.19484394788742065,-0.09796791523694992,287,444
0,1,-0.6266022324562073,3.2762949466705322,-0.20350396633148193,-0.09796791523694992,315,452
0,2,-0.6320987939834595,3.305795431137085,-0.1926479935646057,-0.09796791523694992,319,454
0,3,-0.5313293933868408,3.3558123111724854,-0.14024542272090912,-0.09796791523694992,289,462
0,4,-0.32154586911201477,3.407588481903076,-0.22052691876888275,-0.09796791523694992,230,486
 , , , , , , , 
0,0,-0.6156092286109924,3.222735643386841,-0.1213442012667656,-0.09796791523694992,252,436
0,1,-0.6211057305335999,3.2496721744537354,-0.16412825882434845,-0.09796791523694992,312,441
0,2,-0.5221685171127319,3.29618239402771,-0.17513947188854218,-0.09796791523694992,335,449
0,3,-0.5267489552497864,3.3235456943511963,-0.20377738773822784,-0.09796791523694992,338,450
0,4,-0.42506352066993713,3.3668766021728516,-0.21660833060741425,-0.09796791523694992,306,465
0,5,-0.2143639177083969,3.4145760536193848,-0.24166274070739746,-0.09796791523694992,240,495
 , , , , , , , 
0,0,-0.5130077004432678,3.2423994541168213,-0.058253057301044464,-0.09796791523694992,270,446
0,1,-0.5175881385803223,3.270139455795288,-0.10663001984357834,-0.09796791523694992,326,446
0,2,-0.5221685171127319,3.297089099884033,-0.15714812278747559,-0.09796791523694992,354,447
0,3,-0.42139917612075806,3.3383569717407227,-0.20674045383930206,-0.09796791523694992,350,452
0,4,-0.31879764795303345,3.3731470108032227,-0.28931257128715515,-0.09796791523694992,311,471
0,5,-0.2143639177083969,3.3926823139190674,-0.4554528594017029,-0.09796791523694992,236,503
 , , , , , , , 
0,0,-0.4104061424732208,3.252345085144043,-0.18314574658870697,-0.09796791523694992,293,445
0,1,-0.4140704870223999,3.2779481410980225,-0.23807847499847412,-0.09796791523694992,347,444
0,2,-0.417734831571579,3.303968667984009,-0.27828291058540344,-0.09796791523694992,370,446
0,3,-0.31604939699172974,3.3444995880126953,-0.2817463278770447,-0.09796791523694992,363,454
0,4,-0.31879764795303345,3.372401714324951,-0.2978748679161072,-0.09796791523694992,317,477
0,5,-0.2143639177083969,3.40762996673584,-0.32525262236595154,-0.09796791523694992,235,511
 , , , , , , , 
0,0,-0.40674179792404175,3.2254724502563477,-0.13776041567325592,-0.09796791523694992,228,456
0,1,-0.4104061424732208,3.251757860183716,-0.19329431653022766,-0.09796791523694992,302,460
0,2,-0.3105528652667999,3.2899892330169678,-0.2293618619441986,-0.09796791523694992,343,465
0,3,-0.31330111622810364,3.316405773162842,-0.2672957181930542,-0.09796791523694992,361,467
0,4,-0.31604939699172974,3.343916654586792,-0.2885841131210327,-0.09796791523694992,344,477
0,5,-0.21253176033496857,3.3819503784179688,-0.2840724289417267,-0.09796791523694992,287,502
 , , , , , , , 
0,0,-0.40674179792404175,3.2230069637298584,-0.1867520809173584,-0.09796791523694992,251,454
0,1,-0.3078046143054962,3.261356830596924,-0.2202998846769333,-0.09796791523694992,315,460
0,2,-0.3105528652667999,3.287781000137329,-0.2590990960597992,-0.09796791523694992,350,464
0,3,-0.31330111622810364,3.315828323364258,-0.27436670660972595,-0.09796791523694992,362,467
0,4,-0.21069958806037903,3.3560264110565186,-0.2400783747434616,-0.09796791523694992,334,485
0,5,-0.21253176033496857,3.390176773071289,-0.15807472169399261,-0.09796791523694992,270,513
 , , , , , , , 
0,0,-0.3050563335418701,3.2367310523986816,-0.1363862156867981,-0.09796791523694992,268,462
0,1,-0.3078046143054962,3.264148712158203,-0.17411044239997864,-0.09796791523694992,323,466
0,2,-0.3105528652667999,3.290769100189209,-0.21788828074932098,-0.09796791523694992,350,471
0,3,-0.2088674157857895,3.326888084411621,-0.23736494779586792,-0.09796791523694992,350,477
0,4,-0.31604939699172974,3.3489933013916016,-0.22204190492630005,-0.09796791523694992,310,498
0,5,-0.31879764795303345,3.3834214210510254,-0.11951068043708801,-0.09796791523694992,234,528
 , , , , , , , 
0,0,-0.3050563335418701,3.232118844985962,-0.22008399665355682,-0.09796791523694992,296,453
0,1,-0.2052030712366104,3.2685470581054688,-0.23284682631492615,-0.09796791523694992,348,450
0,2,-0.20703524351119995,3.2942984104156494,-0.27894940972328186,-0.09796791523694992,372,450
0,3,-0.2088674157857895,3.3193359375,-0.32639870047569275,-0.09796791523694992,361,459
0,4,-0.21069958806037903,3.3440842628479004,-0.3710135221481323,-0.09796791523694992,306,485
 , , , , , , , 
0,0,-0.20337089896202087,3.234930992126465,-0.28626900911331177,-0.09796791523694992,286,467
0,1,-0.2052030712366104,3.260538339614868,-0.3263530731201172,-0.09796791523694992,332,465
0,2,-0.20703524351119995,3.2842791080474854,-0.3791126608848572,-0.09796791523694992,349,465
0,3,-0.2088674157857895,3.3073883056640625,-0.43093982338905334,-0.09796791523694992,331,473
0,4,-0.21069958806037903,3.3282952308654785,-0.49295273423194885,-0.09796791523694992,267,497
 , , , , , , , 
0,0,-0.20153872668743134,3.2094125747680664,-0.23921655118465424,-0.09796791523694992,226,476
0,1,-0.20337089896202087,3.237247943878174,-0.2587580680847168,-0.09796791523694992,299,476
0,2,-0.2052030712366104,3.262080430984497,-0.31056085228919983,-0.09796791523694992,339,475
0,3,-0.10351762175559998,3.2913124561309814,-0.3600383400917053,-0.09796791523694992,350,475
0,4,-0.10443370789289474,3.3109817504882812,-0.4411875009536743,-0.09796791523694992,317,489
0,5,-0.10534979403018951,3.322516918182373,-0.5610062479972839,-0.09796791523694992,230,517
 , , , , , , , 
0,0,-0.20153872668743134,3.1925125122070312,-0.4067153036594391,-0.09796791523694992,254,419
0,1,-0.10168544948101044,3.226689577102661,-0.4077056646347046,-0.09796791523694992,320,420
0,2,-0.1026015356183052,3.2484304904937744,-0.4657217860221863,-0.09796791523694992,354,422
0,3,-0.10351762175559998,3.267124891281128,-0.5368980169296265,-0.09796791523694992,360,424
0,4,-0.10443370789289474,3.2838003635406494,-0.6114746332168579,-0.09796791523694992,321,442
0,5,-0.21069958806037903,3.308375120162964,-0.6125401258468628,-0.09796791523694992,238,474
 , , , , , , , 
0,0,-0.20153872668743134,3.1933083534240723,-0.4004191756248474,-0.09796791523694992,264,426
0,1,-0.10168544948101044,3.22659969329834,-0.4084155261516571,-0.09796791523694992,322,432
0,2,-0.1026015356183052,3.247800588607788,-0.4700949788093567,-0.09796791523694992,353,434
0,3,-0.10351762175559998,3.2666337490081787,-0.5398775935173035,-0.09796791523694992,351,440
0,4,-0.2088674157857895,3.2820470333099365,-0.5938805937767029,-0.09796791523694992,307,461
0,5,-0.21069958806037903,3.333601951599121,-0.45568570494651794,-0.09796791523694992,227,491
 , , , , , , , 
0,0,-0.20153872668743134,3.1881895065307617,-0.4393198490142822,-0.09796791523694992,260,401
0,1,-0.10168544948101044,3.2209718227386475,-0.4506552219390869,-0.09796791523694992,311,410
0,2,-0.1026015356183052,3.2410693168640137,-0.5144598484039307,-0.09796791523694992,334,417
0,3,-0.10351762175559998,3.2588820457458496,-0.5848522186279297,-0.09796791523694992,331,421
0,4,-0.2088674157857895,3.2740626335144043,-0.6364284157752991,-0.09796791523694992,288,438
 , , , , , , , 
0,0,-0.20337089896202087,3.2457780838012695,-0.1079539880156517,0.09796791523694992,277,336
0,1,-0.2052030712366104,3.272414207458496,-0.17006193101406097,0.09796791523694992,306,335
0,2,-0.20703524351119995,3.2982003688812256,-0.22823186218738556,0.09796791523694992,306,337
0,3,-0.2088674157857895,3.3269002437591553,-0.23719488084316254,0.09796791523694992,265,353
0,4,-0.20153872668743134,3.175962448120117,-0.5203994512557983,-0.09796791523694992,233,340
0,5,-0.10168544948101044,3.210543632507324,-0.5197680592536926,-0.09796791523694992,288,343
0,6,-0.1026015356183052,3.230315923690796,-0.5781496167182922,-0.09796791523694992,316,344
0,7,-0.10351762175559998,3.249523162841797,-0.6347932815551758,-0.09796791523694992,317,344
0,8,-0.2088674157857895,3.2727978229522705,-0.6429010629653931,-0.09796791523694992,274,361
 , , , , , , , 
0,0,-0.3023080825805664,3.206752300262451,-0.15336473286151886,0.09796791523694992,237,360
0,1,-0.3050563335418701,3.2344934940338135,-0.1818811297416687,0.09796791523694992,292,363
0,2,-0.2052030712366104,3.2702581882476807,-0.20743083953857422,0.09796791523694992,317,367
0,3,-0.3105528652667999,3.2862961292266846,-0.2772974371910095,0.09796791523694992,314,370
0,4,-0.31330111622810364,3.317596197128296,-0.2520911991596222,0.09796791523694992,271,388
0,5,-0.20337089896202087,3.2022368907928467,-0.5407476425170898,-0.09796791523694992,283,346
0,6,-0.2052030712366104,3.2210052013397217,-0.6022806763648987,-0.09796791523694992,312,346
0,7,-0.20703524351119995,3.2409756183624268,-0.6529110074043274,-0.09796791523694992,313,346
0,8,-0.2088674157857895,3.274174690246582,-0.635850727558136,-0.09796791523694992,271,362
 , , , , , , , 
0,0,-0.40307745337486267,3.198021173477173,-0.09143997728824615,0.09796791523694992,268,410
0,1,-0.3050563335418701,3.23685622215271,-0.1333858072757721,0.09796791523694992,321,417
0,2,-0.3078046143054962,3.2627551555633545,-0.19852010905742645,0.09796791523694992,347,421
0,3,-0.3105528652667999,3.288480043411255,-0.2500704824924469,0.09796791523694992,345,426
0,4,-0.31330111622810364,3.317802667617798,-0.2493610829114914,0.09796791523694992,303,446
 , , , , , , , 
0,0,-0.40674179792404175,3.223733901977539,-0.17374993860721588,0.09796791523694992,275,460
0,1,-0.4104061424732208,3.249849557876587,-0.2230907529592514,0.09796791523694992,302,465
0,2,-0.4140704870223999,3.2737793922424316,-0.289817214012146,0.09796791523694992,304,468
0,3,-0.417734831571579,3.2970213890075684,-0.35114121437072754,0.09796791523694992,269,483
 , , , , , , , 
0,0,-0.19695831835269928,1.2286570072174072,-0.2013782411813736,0.09796791523694992,226,393
0,1,-0.20153872668743134,1.2541861534118652,-0.22384576499462128,0.09796791523694992,235,393
0,2,-0.5084272623062134,3.210829734802246,0.14199580252170563,0.09796791523694992,269,391
0,3,-0.6156092286109924,3.222219467163086,0.134357750415802,0.09796791523694992,294,392
0,4,-0.6211057305335999,3.251988172531128,0.10899419337511063,0.09796791523694992,287,395
0,5,-0.6266022324562073,3.282331943511963,0.0426509827375412,0.09796791523694992,240,407
0,6,-0.5084272623062134,3.20382022857666,-0.255200058221817,-0.09796791523694992,259,360
0,7,-0.5130077004432678,3.2327280044555664,-0.2569371461868286,-0.09796791523694992,285,360
0,8,-0.5175881385803223,3.2575299739837646,-0.3060731589794159,-0.09796791523694992,283,358
0,9,-0.6266022324562073,3.2623097896575928,-0.3644954264163971,-0.09796791523694992,239,370
 , , , , , , , 
0,0,-0.6101126670837402,3.189645767211914,0.20496773719787598,0.09796791523694992,249,374
0,1,-0.6156092286109924,3.2121098041534424,0.2882715165615082,0.09796791523694992,270,375
0,2,-0.7246233224868774,3.208728313446045,0.389952689409256,0.09796791523694992,258,374
0,3,-0.6101126670837402,3.189746856689453,-0.20338809490203857,-0.09796791523694992,240,352
0,4,-0.6156092286109924,3.2228634357452393,-0.11790169030427933,-0.09796791523694992,259,354
0,5,-0.6211057305335999,3.2537894248962402,-0.012703629210591316,-0.09796791523694992,250,352
 , , , , , , , 
0,0,-0.2821542024612427,1.2414288520812988,-0.20724596083164215,0.09796791523694992,232,390
0,1,-0.7117981314659119,3.1673929691314697,0.22148247063159943,0.09796791523694992,244,397
0,2,-0.718210756778717,3.185521364212036,0.3411051034927368,0.09796791523694992,263,398
0,3,-0.7246233224868774,3.1660611629486084,0.6511968970298767,0.09796791523694992,246,399
0,4,-0.2418464720249176,1.2103195190429688,-0.3746258318424225,-0.09796791523694992,227,356
0,5,-0.6101126670837402,3.1918094158172607,-0.1679428368806839,-0.09796791523694992,241,355
0,6,-0.6156092286109924,3.224821090698242,-0.03577718511223793,-0.09796791523694992,261,354
0,7,-0.7246233224868774,3.219090461730957,0.29233071208000183,-0.09796791523694992,243,355
 , , , , , , , 
0,0,-0.32246196269989014,1.2316018342971802,-0.20708169043064117,0.09796791523694992,230,372
0,1,-0.8134835958480835,3.1391777992248535,0.26813313364982605,0.09796791523694992,241,374
0,2,-0.8208122849464417,3.1582391262054443,0.36265334486961365,0.09796791523694992,262,374
0,3,-0.8281409740447998,3.1249711513519287,0.7223690748214722,0.09796791523694992,248,371
0,4,-0.7117981314659119,3.1724066734313965,-0.13140884041786194,-0.09796791523694992,234,349
0,5,-0.718210756778717,3.2036869525909424,-0.017011502757668495,-0.09796791523694992,253,350
0,6,-0.8281409740447998,3.1859450340270996,0.37015658617019653,-0.09796791523694992,233,351
 , , , , , , , 
0,0,-0.8134835958480835,3.1454451084136963,0.18030120432376862,0.09796791523694992,259,388
0,1,-0.8208122849464417,3.171168327331543,0.22289727628231049,0.09796791523694992,287,387
0,2,-0.8281409740447998,3.191124677658081,0.3224673271179199,0.09796791523694992,277,387
0,3,-0.8134835958480835,3.143284797668457,-0.21469542384147644,-0.09796791523694992,242,352
0,4,-0.8208122849464417,3.1736950874328613,-0.18344378471374512,-0.09796791523694992,267,353
0,5,-0.8281409740447998,3.2050492763519287,-0.12215182185173035,-0.09796791523694992,257,353
 , , , , , , , 
0,0,-0.9151690602302551,3.1201767921447754,0.12268542498350143,0.09796791523694992,268,420
0,1,-0.9234138131141663,3.149836301803589,0.07458876818418503,0.09796791523694992,297,423
0,2,-0.9316586256027222,3.1783947944641113,-0.053835559636354446,0.09796791523694992,295,428
0,3,-0.835469663143158,3.2156527042388916,-0.3601682484149933,0.09796791523694992,259,437
 , , , , , , , 
0,0,-0.9151690602302551,3.1201791763305664,0.12262536585330963,0.09796791523694992,251,373
0,1,-0.9234138131141663,3.1502902507781982,0.05199233442544937,0.09796791523694992,292,375
0,2,-0.9316586256027222,3.1781718730926514,-0.0656975656747818,0.09796791523694992,299,377
0,3,-0.9399033784866333,3.189859390258789,-0.3309549391269684,0.09796791523694992,273,382
0,4,-0.9151690602302551,3.10943341255188,-0.2863190770149231,-0.09796791523694992,239,345
0,5,-0.9234138131141663,3.1283133029937744,-0.3750840425491333,-0.09796791523694992,284,341
0,6,-0.9316586256027222,3.137622594833374,-0.5103104710578918,-0.09796791523694992,292,343
0,7,-0.835469663143158,3.151871681213379,-0.7320160269737244,-0.09796791523694992,266,349
 , , , , , , , 
0,0,-1.0168545246124268,3.0903806686401367,0.06035676598548889,0.09796791523694992,260,391
0,1,-1.0260154008865356,3.1188063621520996,-0.007964995689690113,0.09796791523694992,306,391
0,2,-0.9316586256027222,3.1779844760894775,-0.0742071121931076,0.09796791523694992,319,392
0,3,-0.9399033784866333,3.1985743045806885,-0.2320736050605774,0.09796791523694992,298,396
0,4,-0.7374485731124878,3.279428720474243,-0.2578040361404419,0.09796791523694992,228,416
0,5,-0.9151690602302551,3.104820489883423,-0.33263182640075684,-0.09796791523694992,246,343
0,6,-0.9234138131141663,3.122666835784912,-0.4195048213005066,-0.09796791523694992,291,344
0,7,-0.9316586256027222,3.13474178314209,-0.5277177095413208,-0.09796791523694992,306,343
0,8,-0.9399033784866333,3.1286635398864746,-0.7044143080711365,-0.09796791523694992,289,345
 , , , , , , , 
0,0,-1.0260154008865356,3.1177351474761963,0.0821303203701973,0.09796791523694992,230,362
0,1,-1.0351762771606445,3.14664363861084,-0.01110036764293909,0.09796791523694992,244,363
0,2,-0.9399033784866333,3.205314874649048,-0.10340233892202377,0.09796791523694992,225,364
0,3,-1.0260154008865356,3.0943057537078857,-0.39024266600608826,-0.09796791523694992,248,330
0,4,-0.9316586256027222,3.1495015621185303,-0.430965781211853,-0.09796791523694992,263,330
0,5,-0.9399033784866333,3.157440662384033,-0.5615181922912598,-0.09796791523694992,250,327
 , , , , , , , 
0,0,-1.1185399293899536,3.055164098739624,0.054138317704200745,0.09796791523694992,230,386
0,1,-1.0260154008865356,3.1186277866363525,0.034322917461395264,0.09796791523694992,279,387
0,2,-1.0351762771606445,3.1466104984283447,-0.018195517361164093,0.09796791523694992,293,390
0,3,-1.0443370342254639,3.1732630729675293,-0.0889582708477974,0.09796791523694992,278,393
0,4,-1.0260154008865356,3.092223882675171,-0.4064099192619324,-0.09796791523694992,272,356
0,5,-1.0351762771606445,3.1119627952575684,-0.4660228490829468,-0.09796791523694992,290,356
0,6,-0.9399033784866333,3.1644492149353027,-0.520573079586029,-0.09796791523694992,277,357
 , , , , , , , 
0,0,-1.1286169290542603,3.082520008087158,0.06340302526950836,0.09796791523694992,271,374
0,1,-1.1386938095092773,3.110386610031128,0.04418688267469406,0.09796791523694992,290,372
0,2,-1.148770809173584,3.1380250453948975,0.03573844954371452,0.09796791523694992,279,376
0,3,-1.158847689628601,3.1655373573303223,0.03728800639510155,0.09796791523694992,230,393
0,4,-1.1286169290542603,3.0639028549194336,-0.3441630005836487,-0.09796791523694992,236,379
0,5,-1.0351762771606445,3.1276042461395264,-0.3458044230937958,-0.09796791523694992,253,380
0,6,-1.0443370342254639,3.1556828022003174,-0.34522294998168945,-0.09796791523694992,247,378
 , , , , , , , 
0,0,-1.1286169290542603,3.080200433731079,0.1353309452533722,0.09796791523694992,253,351
0,1,-1.1386938095092773,3.10772442817688,0.1360340714454651,0.09796791523694992,272,348
0,2,-1.148770809173584,3.1329777240753174,0.18146267533302307,0.09796791523694992,264,347
0,3,-1.0260154008865356,3.1072683334350586,-0.2681442201137543,-0.09796791523694992,239,346
0,4,-1.0351762771606445,3.1347241401672363,-0.27385076880455017,-0.09796791523694992,259,343
0,5,-1.0443370342254639,3.165431022644043,-0.23991365730762482,-0.09796791523694992,251,342
 , , , , , , , 
0,0,-1.0260154008865356,3.116800308227539,0.11212913691997528,0.09796791523694992,238,375
0,1,-1.0351762771606445,3.1451587677001953,0.09728772193193436,0.09796791523694992,260,371
0,2,-1.0443370342254639,3.1723217964172363,0.11784568428993225,0.09796791523694992,253,369
0,3,-1.0260154008865356,3.107895612716675,-0.26077109575271606,-0.09796791523694992,242,351
0,4,-1.0351762771606445,3.1335883140563965,-0.2865544259548187,-0.09796791523694992,257,354
0,5,-1.0443370342254639,3.1618235111236572,-0.28352200984954834,-0.09796791523694992,247,356
 , , , , , , , 
0,0,-1.0260154008865356,3.1179957389831543,-0.07155752182006836,0.0,232,319
0,1,-1.0351762771606445,3.1454646587371826,-0.08683886379003525,0.0,246,322
0,2,-1.0443370342254639,3.1735785007476807,-0.07689611613750458,0.0,235,324
 , , , , , , , 
0,0,-0.9151690602302551,3.113255500793457,0.24123600125312805,0.09796791523694992,244,342
0,1,-0.9234138131141663,3.1452953815460205,0.18479812145233154,0.09796791523694992,291,343
0,2,-0.9316586256027222,3.1749556064605713,0.15731795132160187,0.09796791523694992,306,344
0,3,-0.9399033784866333,3.202650308609009,0.16663211584091187,0.09796791523694992,294,348
0,4,-0.9481481313705444,3.22886323928833,0.20100654661655426,0.09796791523694992,244,366
0,5,-0.8134835958480835,3.148214340209961,-0.12279964983463287,-0.09796791523694992,261,386
0,6,-0.8208122849464417,3.1730611324310303,-0.19410225749015808,-0.09796791523694992,309,386
0,7,-0.9316586256027222,3.168635368347168,-0.2546399235725403,-0.09796791523694992,329,382
0,8,-0.9399033784866333,3.196342945098877,-0.2610107362270355,-0.09796791523694992,317,385
0,9,-0.9481481313705444,3.2251861095428467,-0.2532503306865692,-0.09796791523694992,264,407
 , , , , , , , 
0,0,-0.7117981314659119,3.171783208847046,-0.1456838995218277,-0.09796791523694992,255,410
0,1,-0.718210756778717,3.1970808506011963,-0.20633180439472198,-0.09796791523694992,299,409
0,2,-0.7246233224868774,3.2232513427734375,-0.24218088388442993,-0.09796791523694992,316,406
0,3,-0.835469663143158,3.220998764038086,-0.3087228238582611,-0.09796791523694992,299,411
0,4,-0.8427983522415161,3.2415432929992676,-0.38344988226890564,-0.09796791523694992,242,434
 , , , , , , , 
0,0,-0.7117981314659119,3.1735622882843018,-0.09967830777168274,-0.09796791523694992,271,413
0,1,-0.718210756778717,3.200725793838501,-0.1387534737586975,-0.09796791523694992,309,413
0,2,-0.7246233224868774,3.2280421257019043,-0.16656988859176636,-0.09796791523694992,319,411
0,3,-0.7310359477996826,3.2550926208496094,-0.19522199034690857,-0.09796791523694992,295,419
0,4,-0.8427983522415161,3.246469259262085,-0.3392237722873688,-0.09796791523694992,226,444
 , , , , , , , 
0,0,-0.6101126670837402,3.1949994564056396,-0.08849116414785385,-0.09796791523694992,272,418
0,1,-0.6156092286109924,3.2223727703094482,-0.1306271106004715,-0.09796791523694992,310,416
0,2,-0.6211057305335999,3.249663829803467,-0.16429072618484497,-0.09796791523694992,320,412
0,3,-0.7310359477996826,3.2502100467681885,-0.2643386721611023,-0.09796791523694992,290,423
 , , , , , , , 
0,0,-0.6156092286109924,3.221534013748169,0.14989487826824188,0.09796791523694992,231,347
0,1,-0.6211057305335999,3.2527360916137695,0.0837550088763237,0.09796791523694992,239,345
0,2,-0.5130077004432678,3.2232820987701416,-0.3563719391822815,-0.09796791523694992,233,360
0,3,-0.5175881385803223,3.244856834411621,-0.41962552070617676,-0.09796791523694992,239,360
 , , , , , , , 
0,0,-0.5084272623062134,3.210663318634033,0.1457144320011139,0.09796791523694992,253,358
0,1,-0.5130077004432678,3.2413251399993896,0.1017831489443779,0.09796791523694992,289,357
0,2,-0.5175881385803223,3.2715277671813965,0.047828346490859985,0.09796791523694992,297,356
0,3,-0.5221685171127319,3.3003952503204346,-0.053699903190135956,0.09796791523694992,266,364
0,4,-0.40674179792404175,3.2176647186279297,-0.26321759819984436,-0.09796791523694992,271,386
0,5,-0.4104061424732208,3.243042230606079,-0.3065420091152191,-0.09796791523694992,305,388
0,6,-0.5175881385803223,3.2492616176605225,-0.38403263688087463,-0.09796791523694992,311,387
0,7,-0.5221685171127319,3.2640275955200195,-0.4915451407432556,-0.09796791523694992,275,400
 , , , , , , , 
0,0,-0.40674179792404175,3.2264418601989746,0.11280123144388199,0.09796791523694992,251,351
0,1,-0.4104061424732208,3.256509780883789,0.08022329956293106,0.09796791523694992,287,350
0,2,-0.4140704870223999,3.2863011360168457,0.043011583387851715,0.09796791523694992,295,348
0,3,-0.5221685171127319,3.3004140853881836,-0.052530959248542786,0.09796791523694992,258,359
0,4,-0.40674179792404175,3.21679425239563,-0.27365025877952576,-0.09796791523694992,251,381
0,5,-0.4104061424732208,3.2420897483825684,-0.3164590299129486,-0.09796791523694992,285,382
0,6,-0.4140704870223999,3.2668232917785645,-0.35984790325164795,-0.09796791523694992,295,378
0,7,-0.417734831571579,3.2867183685302734,-0.4371873140335083,-0.09796791523694992,260,388
 , , , , , , , 
0,0,-0.4104061424732208,3.2573764324188232,0.028124481439590454,0.09796791523694992,255,360
0,1,-0.4140704870223999,3.286581039428711,0.0032183360308408737,0.09796791523694992,259,361
0,2,-0.3078046143054962,3.249504327774048,-0.35454660654067993,-0.09796791523694992,255,379
0,3,-0.3105528652667999,3.275531530380249,-0.38409528136253357,-0.09796791523694992,262,376
0,4,-0.417734831571579,3.2801599502563477,-0.4839422404766083,-0.09796791523694992,229,382
 , , , , , , , 
0,0,-0.3050563335418701,3.2395617961883545,-0.016411857679486275,0.09796791523694992,275,367
0,1,-0.3078046143054962,3.2686595916748047,-0.02908010594546795,0.09796791523694992,311,367
0,2,-0.3105528652667999,3.2974820137023926,-0.05699611082673073,0.09796791523694992,316,366
0,3,-0.31330111622810364,3.325263738632202,-0.11231689900159836,0.09796791523694992,273,380
0,4,-0.3050563335418701,3.207447052001953,-0.45531609654426575,-0.09796791523694992,257,346
0,5,-0.3078046143054962,3.2351467609405518,-0.46776750683784485,-0.09796791523694992,293,346
0,6,-0.3105528652667999,3.2596499919891357,-0.5013158917427063,-0.09796791523694992,299,345
0,7,-0.31330111622810364,3.2794830799102783,-0.5612358450889587,-0.09796791523694992,259,356
 , , , , , , , 
0,0,-0.3050563335418701,3.2317440509796143,-0.22552011907100677,0.09796791523694992,266,478
0,1,-0.3078046143054962,3.2606730461120605,-0.23019970953464508,0.09796791523694992,310,473
0,2,-0.3105528652667999,3.28841233253479,-0.2509613633155823,0.09796791523694992,323,468
0,3,-0.31330111622810364,3.311877727508545,-0.3185279369354248,0.09796791523694992,290,477
 , , , , , , , 
0,0,-0.40674179792404175,3.2189531326293945,-0.24696439504623413,0.09796791523694992,250,473
0,1,-0.4104061424732208,3.24836802482605,-0.24371615052223206,0.09796791523694992,298,474
0,2,-0.4140704870223999,3.277796983718872,-0.2401493787765503,0.09796791523694992,315,474
0,3,-0.417734831571579,3.306053400039673,-0.25231122970581055,0.09796791523694992,295,479
 , , , , , , , 
0,0,-0.5084272623062134,3.2074339389801025,-0.20483654737472534,0.09796791523694992,243,454
0,1,-0.5130077004432678,3.2366175651550293,-0.20212580263614655,0.09796791523694992,292,463
0,2,-0.5175881385803223,3.2665469646453857,-0.1866893470287323,0.09796791523694992,312,467
0,3,-0.5221685171127319,3.296142578125,-0.17588987946510315,0.09796791523694992,303,468
0,4,-0.5267489552497864,3.325542688369751,-0.16806752979755402,0.09796791523694992,243,483
 , , , , , , , 
0,0,-0.16123098134994507,1.2599025964736938,-0.2244049459695816,0.09796791523694992,228,521
0,1,-0.20611914992332458,1.2772232294082642,-0.25769299268722534,0.09796791523694992,234,522
0,2,-0.5130077004432678,3.2330665588378906,-0.2526431679725647,0.09796791523694992,275,464
0,3,-0.5175881385803223,3.265296220779419,-0.20742052793502808,0.09796791523694992,299,468
0,4,-0.5221685171127319,3.2977423667907715,-0.14278817176818848,0.09796791523694992,294,469
0,5,-0.6320987939834595,3.3113200664520264,0.023608336225152016,0.09796791523694992,248,481
 , , , , , , , 
0,0,-0.19695831835269928,1.2254043817520142,-0.220307856798172,0.09796791523694992,226,470
0,1,-0.20153872668743134,1.25180983543396,-0.23677359521389008,0.09796791523694992,269,474
0,2,-0.20611914992332458,1.2768712043762207,-0.2594318687915802,0.09796791523694992,280,476
0,3,-0.21069958806037903,1.3015077114105225,-0.2829744517803192,0.09796791523694992,264,477
0,4,-0.6156092286109924,3.2108113765716553,-0.30239129066467285,0.09796791523694992,252,458
0,5,-0.6211057305335999,3.2441372871398926,-0.25075763463974,0.09796791523694992,284,458
0,6,-0.6266022324562073,3.2775752544403076,-0.181721031665802,0.09796791523694992,286,456
0,7,-0.7374485731124878,3.2889225482940674,-0.06406892091035843,0.09796791523694992,244,464
 , , , , , , , 
0,0,-0.2418464720249176,1.243364691734314,-0.24343760311603546,0.09796791523694992,267,464
0,1,-0.24734298884868622,1.2684110403060913,-0.2648489773273468,0.09796791523694992,290,461
0,2,-0.25283950567245483,1.2933878898620605,-0.2856768071651459,0.09796791523694992,283,459
0,3,-0.25833600759506226,1.32139253616333,-0.29239577054977417,0.09796791523694992,231,469
0,4,-0.6156092286109924,3.212050437927246,-0.28893354535102844,0.09796791523694992,256,431
0,5,-0.6211057305335999,3.2431254386901855,-0.2635209262371063,0.09796791523694992,293,430
0,6,-0.6266022324562073,3.272489547729492,-0.2575540840625763,0.09796791523694992,299,428
0,7,-0.7374485731124878,3.2727198600769043,-0.3322947025299072,0.09796791523694992,264,432
 , , , , , , , 
0,0,-0.2418464720249176,1.245009183883667,-0.23488271236419678,0.09796791523694992,259,424
0,1,-0.24734298884868622,1.2696670293807983,-0.2587604820728302,0.09796791523694992,288,418
0,2,-0.25283950567245483,1.2936506271362305,-0.28448450565338135,0.09796791523694992,285,415
0,3,-0.25833600759506226,1.3195972442626953,-0.3003944754600525,0.09796791523694992,239,423
0,4,-0.6156092286109924,3.2113428115844727,-0.2966953217983246,0.09796791523694992,240,395
0,5,-0.6211057305335999,3.2428481578826904,-0.266914427280426,0.09796791523694992,280,395
0,6,-0.6266022324562073,3.269378900527954,-0.294420063495636,0.09796791523694992,286,394
0,7,-0.7374485731124878,3.2523481845855713,-0.4933011531829834,0.09796791523694992,260,396
0,8,-0.20153872668743134,1.2114202976226807,-0.39439892768859863,-0.09796791523694992,236,393
0,9,-0.24734298884868622,1.221976637840271,-0.43102744221687317,-0.09796791523694992,267,386
0,10,-0.25283950567245483,1.2420371770858765,-0.46022510528564453,-0.09796791523694992,270,377
0,11,-0.25833600759506226,1.266265630722046,-0.4776451587677002,-0.09796791523694992,226,382
0,12,-0.6156092286109924,3.1572868824005127,-0.6574878692626953,-0.09796791523694992,227,351
0,13,-0.6211057305335999,3.182734251022339,-0.6763938069343567,-0.09796791523694992,265,351
0,14,-0.6266022324562073,3.199601173400879,-0.7335352897644043,-0.09796791523694992,273,351
0,15,-0.6320987939834595,3.1744086742401123,-0.9426171183586121,-0.09796791523694992,246,354
 , , , , , , , 
0,0,-0.24734298884868622,1.2726248502731323,-0.24379777908325195,0.09796791523694992,235,357
0,1,-0.25283950567245483,1.2981325387954712,-0.263278067111969,0.09796791523694992,233,353
0,2,-0.24734298884868622,1.2418713569641113,-0.36982014775276184,-0.09796791523694992,245,351
0,3,-0.25283950567245483,1.2656898498535156,-0.3905029892921448,-0.09796791523694992,244,346
0,4,-0.6266022324562073,3.232246160507202,-0.5728058815002441,-0.09796791523694992,226,344
 , , , , , , , 
0,0,-0.2418464720249176,1.2246798276901245,-0.3246183693408966,-0.09796791523694992,262,464
0,1,-0.24734298884868622,1.2475147247314453,-0.35031193494796753,-0.09796791523694992,290,459
0,2,-0.25283950567245483,1.2695294618606567,-0.37783387303352356,-0.09796791523694992,286,454
0,3,-0.25833600759506226,1.2944142818450928,-0.39505091309547424,-0.09796791523694992,240,462
0,4,-0.6156092286109924,3.1923909187316895,-0.45759090781211853,-0.09796791523694992,260,420
0,5,-0.6211057305335999,3.2230963706970215,-0.4460451304912567,-0.09796791523694992,295,422
0,6,-0.6266022324562073,3.2487616539001465,-0.470181405544281,-0.09796791523694992,300,422
0,7,-0.7374485731124878,3.228644371032715,-0.6300561428070068,-0.09796791523694992,270,426
 , , , , , , , 
0,0,-0.23634997010231018,1.206602931022644,-0.2778346836566925,-0.09796791523694992,231,475
0,1,-0.2418464720249176,1.2341628074645996,-0.28646135330200195,-0.09796791523694992,280,473
0,2,-0.24734298884868622,1.2596205472946167,-0.30392009019851685,-0.09796791523694992,303,466
0,3,-0.25283950567245483,1.285204529762268,-0.3204883933067322,-0.09796791523694992,290,466
0,4,-0.25833600759506226,1.3157107830047607,-0.31698378920555115,-0.09796791523694992,232,479
0,5,-0.6156092286109924,3.205854892730713,-0.3510623574256897,-0.09796791523694992,254,458
0,6,-0.6211057305335999,3.237924814224243,-0.3211703300476074,-0.09796791523694992,289,456
0,7,-0.6266022324562073,3.270188093185425,-0.2852928638458252,-0.09796791523694992,297,450
0,8,-0.7374485731124878,3.2787506580352783,-0.26628783345222473,-0.09796791523694992,258,457
 , , , , , , , 
0,0,-0.23634997010231018,1.209776759147644,-0.26367172598838806,-0.09796791523694992,229,486
0,1,-0.2418464720249176,1.237465500831604,-0.27183979749679565,-0.09796791523694992,269,485
0,2,-0.24734298884868622,1.2625195980072021,-0.29164326190948486,-0.09796791523694992,283,482
0,3,-0.25283950567245483,1.2875868082046509,-0.31077930331230164,-0.09796791523694992,258,488
0,4,-0.6156092286109924,3.221489429473877,-0.15085376799106598,-0.09796791523694992,271,453
0,5,-0.6211057305335999,3.2508535385131836,-0.13877329230308533,-0.09796791523694992,294,456
0,6,-0.7310359477996826,3.2593092918395996,-0.1031646803021431,-0.09796791523694992,288,456
0,7,-0.8427983522415161,3.2640087604522705,0.029712049290537834,-0.09796791523694992,238,467
 , , , , , , , 
0,0,-0.2418464720249176,1.2626099586486816,-0.10504300892353058,0.09796791523694992,252,366
0,1,-0.24734298884868622,1.291709065437317,-0.10246516019105911,0.09796791523694992,254,364
0,2,-0.25283950567245483,1.3223004341125488,-0.07736219465732574,0.09796791523694992,226,372
0,3,-0.718210756778717,3.1970574855804443,0.20669342577457428,0.09796791523694992,264,340
0,4,-0.7246233224868774,3.225022315979004,0.21732978522777557,0.09796791523694992,285,342
0,5,-0.7310359477996826,3.2520370483398438,0.24082164466381073,0.09796791523694992,272,344
0,6,-0.23634997010231018,1.20503568649292,-0.2845551073551178,-0.09796791523694992,244,400
0,7,-0.2418464720249176,1.235659122467041,-0.279936283826828,-0.09796791523694992,275,397
0,8,-0.24734298884868622,1.2650989294052124,-0.2802429497241974,-0.09796791523694992,282,393
0,9,-0.25283950567245483,1.300292730331421,-0.25239306688308716,-0.09796791523694992,250,400
0,10,-0.6156092286109924,3.2176647186279297,-0.21767807006835938,-0.09796791523694992,253,410
0,11,-0.6211057305335999,3.2474563121795654,-0.2033074051141739,-0.09796791523694992,274,412
0,12,-0.7310359477996826,3.2561867237091064,-0.17603307962417603,-0.09796791523694992,262,411
 , , , , , , , 
0,0,-0.2418464720249176,1.2411054372787476,-0.2547062933444977,-0.09796791523694992,228,491
0,1,-0.6101126670837402,3.195270538330078,-0.07809074968099594,-0.09796791523694992,242,427
0,2,-0.6156092286109924,3.2233173847198486,-0.10476668924093246,-0.09796791523694992,289,432
0,3,-0.7246233224868774,3.2303078174591064,-0.11451113969087601,-0.09796791523694992,307,432
0,4,-0.7310359477996826,3.2591865062713623,-0.10697264224290848,-0.09796791523694992,288,433
 , , , , , , , 
0,0,-0.718210756778717,3.1996541023254395,0.16159287095069885,0.09796791523694992,227,355
0,1,-0.7246233224868774,3.2290453910827637,0.14583216607570648,0.09796791523694992,245,354
0,2,-0.835469663143158,3.235057830810547,0.0674096941947937,0.09796791523694992,228,352
0,3,-0.718210756778717,3.1961312294006348,-0.2205537110567093,-0.09796791523694992,238,360
0,4,-0.7246233224868774,3.2213187217712402,-0.2666575014591217,-0.09796791523694992,253,362
0,5,-0.7310359477996826,3.239954710006714,-0.3693677484989166,-0.09796791523694992,236,361
 , , , , , , , 
0,0,-0.8208122849464417,3.1696949005126953,0.2429542988538742,0.09796791523694992,264,351
0,1,-0.8281409740447998,3.199869394302368,0.2193116843700409,0.09796791523694992,282,347
0,2,-0.835469663143158,3.2320971488952637,0.15391914546489716,0.09796791523694992,260,345
0,3,-0.718210756778717,3.2012765407562256,-0.1254122406244278,-0.09796791523694992,249,397
0,4,-0.7246233224868774,3.228933811187744,-0.14828477799892426,-0.09796791523694992,260,401
0,5,-0.835469663143158,3.222956657409668,-0.28756600618362427,-0.09796791523694992,234,403
 , , , , , , , 
0,0,-0.8208122849464417,3.1724233627319336,0.20425987243652344,0.09796791523694992,254,360
0,1,-0.9316586256027222,3.1757776737213135,0.13974517583847046,0.09796791523694992,264,365
0,2,-0.9399033784866333,3.205970525741577,0.08054617047309875,0.09796791523694992,246,366
0,3,-0.8208122849464417,3.1770167350769043,-0.11205928772687912,-0.09796791523694992,257,382
0,4,-0.8281409740447998,3.204376220703125,-0.13868845999240875,-0.09796791523694992,271,385
0,5,-0.835469663143158,3.2318856716156006,-0.15829762816429138,-0.09796791523694992,253,386
 , , , , , , , 
0,0,-1.1286169290542603,3.0805509090423584,0.12710146605968475,0.09796791523694992,259,399
0,1,-1.1386938095092773,3.1082308292388916,0.12392237782478333,0.09796791523694992,284,398
0,2,-1.148770809173584,3.134280204772949,0.15737135708332062,0.09796791523694992,281,398
0,3,-1.0534979104995728,3.1823065280914307,0.3577897846698761,0.09796791523694992,246,408
0,4,-1.0260154008865356,3.1091856956481934,-0.24491183459758759,-0.09796791523694992,251,358
0,5,-1.0351762771606445,3.1365904808044434,-0.25157397985458374,-0.09796791523694992,276,357
0,6,-1.0443370342254639,3.1675374507904053,-0.21028605103492737,-0.09796791523694992,277,354
0,7,-0.9481481313705444,3.235037088394165,-0.02224348485469818,-0.09796791523694992,242,364
 , , , , , , , 
0,0,-1.2312184572219849,3.043264150619507,0.048683155328035355,0.09796791523694992,267,400
0,1,-1.1386938095092773,3.1097683906555176,0.07614025473594666,0.09796791523694992,297,397
0,2,-1.148770809173584,3.1372876167297363,0.07683893293142319,0.09796791523694992,296,397
0,3,-1.158847689628601,3.163170576095581,0.12794049084186554,0.09796791523694992,259,410
0,4,-0.40307745337486267,1.2109040021896362,-0.18694278597831726,-0.09796791523694992,235,353
0,5,-1.1286169290542603,3.0630929470062256,-0.35129743814468384,-0.09796791523694992,256,358
0,6,-1.1386938095092773,3.08880877494812,-0.3683983087539673,-0.09796791523694992,285,355
0,7,-1.148770809173584,3.1173179149627686,-0.3616740107536316,-0.09796791523694992,286,354
0,8,-1.158847689628601,3.1513140201568604,-0.3020568788051605,-0.09796791523694992,250,367
 , , , , , , , 
0,0,-1.2312184572219849,3.0435047149658203,0.03008183278143406,0.09796791523694992,254,411
0,1,-1.1386938095092773,3.1105213165283203,0.03336178883910179,0.09796791523694992,285,411
0,2,-1.148770809173584,3.138143539428711,0.023105992004275322,0.09796791523694992,288,411
0,3,-1.158847689628601,3.165066719055176,0.06611023843288422,0.09796791523694992,258,419
0,4,-1.1286169290542603,3.05875825881958,-0.3872293531894684,-0.09796791523694992,256,352
0,5,-1.1386938095092773,3.082841634750366,-0.41538506746292114,-0.09796791523694992,286,353
0,6,-1.148770809173584,3.109174966812134,-0.4260387122631073,-0.09796791523694992,291,353
0,7,-1.158847689628601,3.1428472995758057,-0.38016894459724426,-0.09796791523694992,261,360
 , , , , , , , 
0,0,-0.40307745337486267,1.210368275642395,-0.19038009643554688,0.09796791523694992,256,419
0,1,-0.41223829984664917,1.232064127922058,-0.22862131893634796,0.09796791523694992,262,418
0,2,-0.42139917612075806,1.2446985244750977,-0.3025548458099365,0.09796791523694992,237,423
0,3,-1.0260154008865356,3.118739366531372,0.021944105625152588,0.09796791523694992,232,420
0,4,-1.0351762771606445,3.1464147567749023,-0.0395495630800724,0.09796791523694992,263,421
0,5,-0.9399033784866333,3.206596612930298,-0.04972425103187561,0.09796791523694992,269,418
0,6,-0.8427983522415161,3.2640655040740967,-0.02264452539384365,0.09796791523694992,246,423
0,7,-0.3627697229385376,1.1855220794677734,-0.3558695316314697,-0.09796791523694992,253,368
0,8,-0.37101447582244873,1.2008064985275269,-0.4007517397403717,-0.09796791523694992,260,366
0,9,-0.37925925850868225,1.1997404098510742,-0.48495009541511536,-0.09796791523694992,235,369
0,10,-0.9234138131141663,3.1309568881988525,-0.35233673453330994,-0.09796791523694992,244,356
0,11,-0.9316586256027222,3.1511685848236084,-0.4186021685600281,-0.09796791523694992,275,355
0,12,-0.9399033784866333,3.172161340713501,-0.4713035523891449,-0.09796791523694992,275,358
0,13,-0.8427983522415161,3.232499361038208,-0.4534129500389099,-0.09796791523694992,250,364
 , , , , , , , 
0,0,-0.3627697229385376,1.222144603729248,-0.19613289833068848,0.09796791523694992,232,399
0,1,-0.37101447582244873,1.241594672203064,-0.24694320559501648,0.09796791523694992,243,397
0,2,-0.9316586256027222,3.178680658340454,-0.03289235010743141,0.09796791523694992,246,385
0,3,-0.9399033784866333,3.2038381099700928,-0.14197222888469696,0.09796791523694992,243,384
0,4,-0.3627697229385376,1.18746817111969,-0.34932059049606323,-0.09796791523694992,252,352
0,5,-0.37101447582244873,1.2009624242782593,-0.4002844989299774,-0.09796791523694992,258,354
0,6,-0.37925925850868225,1.1931740045547485,-0.5008886456489563,-0.09796791523694992,234,359
0,7,-0.9316586256027222,3.1512460708618164,-0.4180203974246979,-0.09796791523694992,254,352
0,8,-0.9399033784866333,3.163984775543213,-0.5233884453773499,-0.09796791523694992,254,350
 , , , , , , , 
0,0,-0.28856682777404785,1.2655925750732422,-0.23493559658527374,0.09796791523694992,231,384
 , , , , , , , 
0,0,-0.20153872668743134,1.2450188398361206,-0.270218163728714,0.0,234,343
0,1,-0.24734298884868622,1.2587502002716064,-0.30750513076782227,0.0,249,341
0,2,-0.25283950567245483,1.275100827217102,-0.35858240723609924,0.0,231,343
0,3,-0.6211057305335999,3.2448132038116455,-0.24185435473918915,0.0,233,343
0,4,-0.6266022324562073,3.2807962894439697,-0.10908007621765137,0.0,232,344
 , , , , , , , 
0,0,-0.20153872668743134,1.2633357048034668,-0.16453702747821808,0.09796791523694992,261,365
0,1,-0.20611914992332458,1.2874952554702759,-0.20015250146389008,0.09796791523694992,273,365
0,2,-0.21069958806037903,1.3071675300598145,-0.2555577754974365,0.09796791523694992,254,368
0,3,-0.6156092286109924,3.224928855895996,-0.024178659543395042,0.09796791523694992,254,337
0,4,-0.5175881385803223,3.2708873748779297,0.08049048483371735,0.09796791523694992,283,336
0,5,-0.5221685171127319,3.2919015884399414,0.242645263671875,0.09796791523694992,287,333
0,6,-0.5267489552497864,3.2833704948425293,0.5540379881858826,0.09796791523694992,250,344
0,7,-0.20153872668743134,1.228965163230896,-0.3357595205307007,-0.09796791523694992,261,407
0,8,-0.20611914992332458,1.246899962425232,-0.378081351518631,-0.09796791523694992,278,402
0,9,-0.21069958806037903,1.2562613487243652,-0.4424979090690613,-0.09796791523694992,259,404
0,10,-0.5130077004432678,3.214576482772827,-0.42783892154693604,-0.09796791523694992,260,370
0,11,-0.5175881385803223,3.253875970840454,-0.34274381399154663,-0.09796791523694992,287,372
0,12,-0.5221685171127319,3.2968671321868896,-0.16174167394638062,-0.09796791523694992,285,375
0,13,-0.5267489552497864,3.3250198364257812,0.1781129240989685,-0.09796791523694992,247,387
 , , , , , , , 
0,0,-0.16123098134994507,1.2428442239761353,-0.30504143238067627,-0.09796791523694992,240,484
0,1,-0.16489532589912415,1.2611796855926514,-0.3498932123184204,-0.09796791523694992,253,481
0,2,-0.16855967044830322,1.2722645998001099,-0.41391006112098694,-0.09796791523694992,229,487
0,3,-0.4104061424732208,3.2326202392578125,-0.40181949734687805,-0.09796791523694992,260,425
0,4,-0.4140704870223999,3.2724950313568115,-0.30397650599479675,-0.09796791523694992,286,426
0,5,-0.417734831571579,3.3134498596191406,-0.12124501168727875,-0.09796791523694992,282,427
0,6,-0.42139917612075806,3.3372440338134766,0.22398744523525238,-0.09796791523694992,241,439
 , , , , , , , 
0,0,-0.16123098134994507,1.268219232559204,-0.17126603424549103,0.09796791523694992,243,383
0,1,-0.16489532589912415,1.291425347328186,-0.21265031397342682,0.09796791523694992,251,383
0,2,-0.4104061424732208,3.2561898231506348,-0.09230024367570877,0.09796791523694992,233,354
0,3,-0.4140704870223999,3.2865824699401855,0.0009160665213130414,0.09796791523694992,257,355
0,4,-0.31330111622810364,3.3223650455474854,0.1785636693239212,0.09796791523694992,255,355
0,5,-0.1209232360124588,1.2449499368667603,-0.31493598222732544,-0.09796791523694992,238,411
0,6,-0.12367149442434311,1.2627558708190918,-0.3610306680202484,-0.09796791523694992,244,412
0,7,-0.3078046143054962,3.2243621349334717,-0.5370944738388062,-0.09796791523694992,230,381
0,8,-0.3105528652667999,3.2708044052124023,-0.4224637448787689,-0.09796791523694992,256,381
0,9,-0.31330111622810364,3.3163344860076904,-0.26818034052848816,-0.09796791523694992,251,383
 , , , , , , , 
0,0,-0.12367149442434311,1.298990249633789,-0.19370022416114807,0.09796791523694992,231,395
0,1,-0.3105528652667999,3.2971200942993164,-0.07507208734750748,0.09796791523694992,241,362
0,2,-0.2088674157857895,3.3353450298309326,-0.0009125071810558438,0.09796791523694992,237,361
0,3,-0.08061549067497253,1.2484984397888184,-0.3137836158275604,-0.09796791523694992,228,415
0,4,-0.12367149442434311,1.2623106241226196,-0.3625839650630951,-0.09796791523694992,230,419
0,5,-0.20703524351119995,3.27299165725708,-0.46662846207618713,-0.09796791523694992,237,389
0,6,-0.2088674157857895,3.305220603942871,-0.44726207852363586,-0.09796791523694992,234,388
 , , , , , , , 
0,0,-0.08061549067497253,1.2783470153808594,-0.15178149938583374,0.09796791523694992,232,411
0,1,-0.08244766294956207,1.3047245740890503,-0.17631247639656067,0.09796791523694992,243,406
0,2,-0.2052030712366104,3.2764272689819336,-0.05138596147298813,0.09796791523694992,251,355
0,3,-0.10351762175559998,3.310944080352783,-0.0037147633265703917,0.09796791523694992,277,353
0,4,0.0,3.341377019882202,0.05790279433131218,0.09796791523694992,277,349
0,5,0.21069958806037903,3.3597283363342285,0.18104252219200134,0.09796791523694992,249,360
0,6,-0.04030774533748627,1.2529854774475098,-0.3034963011741638,-0.09796791523694992,232,456
0,7,-0.041223831474781036,1.2767735719680786,-0.3291501998901367,-0.09796791523694992,241,452
0,8,-0.1026015356183052,3.2523417472839355,-0.4375753700733185,-0.09796791523694992,257,397
0,9,-0.10351762175559998,3.2829315662384033,-0.42979592084884644,-0.09796791523694992,286,391
0,10,0.0,3.320650577545166,-0.37607404589653015,-0.09796791523694992,283,390
0,11,0.21069958806037903,3.356318235397339,-0.23596346378326416,-0.09796791523694992,253,403
 , , , , , , , 
0,0,0.0,3.312426805496216,-0.03013322316110134,0.09796791523694992,232,368
0,1,0.10351762175559998,3.2859816551208496,-0.40581801533699036,-0.09796791523694992,227,394
 , , , , , , , 
0,0,0.20703524351119995,3.30562424659729,0.05535538122057915,0.09796791523694992,243,368
0,1,0.2088674157857895,3.3328585624694824,0.12876808643341064,0.09796791523694992,245,364
0,2,0.20703524351119995,3.286881685256958,-0.3558425307273865,-0.09796791523694992,226,405
0,3,0.2088674157857895,3.3187248706817627,-0.3325551450252533,-0.09796791523694992,226,402
 , , , , , , , 
0,0,0.04030774533748627,1.2723503112792969,-0.20786400139331818,0.09796791523694992,225,454
0,1,0.041223831474781036,1.3001773357391357,-0.21915625035762787,0.09796791523694992,231,451
0,2,0.20337089896202087,3.2474958896636963,-0.02234679087996483,0.09796791523694992,227,383
0,3,0.2052030712366104,3.2765953540802,-0.03922927379608154,0.09796791523694992,282,384
0,4,0.20703524351119995,3.306087017059326,-0.0020489993039518595,0.09796791523694992,308,383
0,5,0.2088674157857895,3.333575487136841,0.10863000154495239,0.09796791523694992,308,382
0,6,0.10534979403018951,3.354747772216797,0.3154587149620056,0.09796791523694992,279,394
0,7,0.041223831474781036,1.2633473873138428,-0.3774176239967346,-0.09796791523694992,225,416
0,8,0.2052030712366104,3.2481396198272705,-0.43267345428466797,-0.09796791523694992,269,349
0,9,0.20703524351119995,3.2822954654693604,-0.3959183394908905,-0.09796791523694992,291,350
0,10,0.2088674157857895,3.323983907699585,-0.27505889534950256,-0.09796791523694992,291,349
0,11,0.10534979403018951,3.368978261947632,-0.061912160366773605,-0.09796791523694992,260,362
 , , , , , , , 
0,0,0.04030774533748627,1.2514492273330688,-0.3097704350948334,-0.09796791523694992,244,433
0,1,0.041223831474781036,1.2704174518585205,-0.3528881371021271,-0.09796791523694992,248,431
0,2,0.1026015356183052,3.266326904296875,-0.31671378016471863,-0.09796791523694992,228,389
0,3,0.10351762175559998,3.2981669902801514,-0.2906188368797302,-0.09796791523694992,239,390
 , , , , , , , 
0,0,0.0,1.283584713935852,-0.1269558072090149,0.09796791523694992,238,420
0,1,0.0,1.3088895082473755,-0.16431203484535217,0.09796791523694992,240,418
0,2,0.0,3.282104730606079,0.08668380230665207,0.09796791523694992,263,340
0,3,0.0,3.311753511428833,0.07326716929674149,0.09796791523694992,273,338
0,4,0.31330111622810364,3.301084518432617,0.41573596000671387,0.09796791523694992,241,336
0,5,0.5267489552497864,3.3048439025878906,0.40680116415023804,0.09796791523694992,236,352
0,6,0.0,1.2572300434112549,-0.28823602199554443,-0.09796791523694992,237,469
0,7,0.0,1.2770919799804688,-0.33049362897872925,-0.09796791523694992,241,466
0,8,0.0,3.235928535461426,-0.3418419063091278,-0.09796791523694992,228,376
0,9,0.0,3.268312454223633,-0.31282559037208557,-0.09796791523694992,274,376
0,10,0.10351762175559998,3.2982277870178223,-0.2899276912212372,-0.09796791523694992,279,377
0,11,0.31330111622810364,3.327091693878174,-0.021348271518945694,-0.09796791523694992,243,378
0,12,0.5267489552497864,3.3297476768493652,0.016177309677004814,-0.09796791523694992,239,395
 , , , , , , , 
0,0,-0.039391662925481796,1.2563128471374512,-0.09523787349462509,0.09796791523694992,232,397
0,1,-0.04030774533748627,1.2834664583206177,-0.12164197862148285,0.09796791523694992,260,397
0,2,-0.041223831474781036,1.309926986694336,-0.150272399187088,0.09796791523694992,258,398
0,3,-0.1026015356183052,3.281341791152954,0.04466136172413826,0.09796791523694992,266,332
0,4,-0.10351762175559998,3.3109374046325684,-0.007604118902236223,0.09796791523694992,276,328
0,5,0.31330111622810364,3.307666301727295,0.35963794589042664,0.09796791523694992,259,327
0,6,0.42139917612075806,3.329498052597046,0.31907719373703003,0.09796791523694992,244,341
0,7,0.0,1.236128330230713,-0.24684147536754608,-0.09796791523694992,246,422
0,8,-0.04030774533748627,1.2578879594802856,-0.2824903130531311,-0.09796791523694992,277,420
0,9,-0.041223831474781036,1.2797223329544067,-0.3174923062324524,-0.09796791523694992,276,420
0,10,-0.042139917612075806,1.2967649698257446,-0.3674454689025879,-0.09796791523694992,233,431
0,11,-0.10168544948101044,3.2286407947540283,-0.3919542729854584,-0.09796791523694992,234,359
0,12,-0.1026015356183052,3.2625374794006348,-0.35362040996551514,-0.09796791523694992,280,356
0,13,0.0,3.2923460006713867,-0.3654278516769409,-0.09796791523694992,288,353
0,14,0.31330111622810364,3.326253652572632,-0.07766500115394592,-0.09796791523694992,272,354
0,15,0.5267489552497864,3.32806134223938,-0.10718123614788055,-0.09796791523694992,257,371
 , , , , , , , 
0,0,-0.10351762175559998,3.3003885746002197,-0.26419520378112793,-0.09796791523694992,233,371
0,1,0.2088674157857895,3.334345579147339,-0.08165055513381958,-0.09796791523694992,236,371
 , , , , , , , 
0,0,-0.11817498505115509,1.2522958517074585,-0.08205918222665787,0.09796791523694992,242,403
0,1,-0.1209232360124588,1.2810251712799072,-0.08977557718753815,0.09796791523694992,270,401
0,2,-0.16489532589912415,1.3040944337844849,-0.11107376217842102,0.09796791523694992,265,401
0,3,-0.3078046143054962,3.255852222442627,0.29053065180778503,0.09796791523694992,263,353
0,4,-0.3105528652667999,3.2804558277130127,0.33947914838790894,0.09796791523694992,273,354
0,5,-0.2088674157857895,3.2929635047912598,0.5300167798995972,0.09796791523694992,259,357
0,6,-0.11817498505115509,1.2345024347305298,-0.22579306364059448,-0.09796791523694992,272,418
0,7,-0.1209232360124588,1.2617383003234863,-0.2389591932296753,-0.09796791523694992,304,413
0,8,-0.12367149442434311,1.2884764671325684,-0.25440874695777893,-0.09796791523694992,298,414
0,9,-0.12641975283622742,1.3161813020706177,-0.264719158411026,-0.09796791523694992,248,430
0,10,-0.3050563335418701,3.2380831241607666,-0.09922812879085541,-0.09796791523694992,249,369
0,11,-0.2052030712366104,3.2754008769989014,-0.09677843004465103,-0.09796791523694992,291,370
0,12,-0.20703524351119995,3.30593204498291,-0.03207327425479889,-0.09796791523694992,304,371
0,13,-0.10443370789289474,3.336350440979004,0.1612832397222519,-0.09796791523694992,288,376
0,14,0.0,3.344993829727173,0.4194782078266144,-0.09796791523694992,237,395
 , , , , , , , 
0,0,-0.20153872668743134,1.2573583126068115,-0.20527993142604828,-0.09796791523694992,238,358
0,1,-0.20611914992332458,1.2772362232208252,-0.2576283812522888,-0.09796791523694992,229,360
 , , , , , , , 
0,0,-0.2418464720249176,1.2639747858047485,-0.0870952233672142,0.09796791523694992,236,465
0,1,-0.24734298884868622,1.2919580936431885,-0.0992753729224205,0.09796791523694992,232,462
0,2,-0.6101126670837402,3.1702938079833984,0.4063119888305664,0.09796791523694992,235,378
0,3,-0.6156092286109924,3.2048842906951904,0.35981544852256775,0.09796791523694992,280,378
0,4,-0.6211057305335999,3.2391762733459473,0.30829179286956787,0.09796791523694992,290,379
0,5,-0.6266022324562073,3.2793426513671875,0.14640367031097412,0.09796791523694992,262,383
0,6,-0.23634997010231018,1.21742582321167,-0.22573663294315338,-0.09796791523694992,233,404
0,7,-0.2418464720249176,1.2433505058288574,-0.24351055920124054,-0.09796791523694992,261,398
0,8,-0.24734298884868622,1.269467830657959,-0.2597360610961914,-0.09796791523694992,251,401
0,9,-0.5130077004432678,3.242899179458618,-0.012349630706012249,-0.09796791523694992,262,350
0,10,-0.5175881385803223,3.2715351581573486,-0.047318194061517715,-0.09796791523694992,275,347
0,11,-0.6266022324562073,3.2748515605926514,-0.22554446756839752,-0.09796791523694992,252,347
 , , , , , , , 
0,0,-0.2821542024612427,1.2578465938568115,-0.04379996657371521,0.09796791523694992,246,415
0,1,-0.28856682777404785,1.2854163646697998,-0.06799916923046112,0.09796791523694992,248,407
0,2,-0.718210756778717,3.1863338947296143,0.3334282636642456,0.09796791523694992,257,367
0,3,-0.6211057305335999,3.236781597137451,0.3324931263923645,0.09796791523694992,270,368
0,4,-0.6266022324562073,3.2800004482269287,0.13084203004837036,0.09796791523694992,250,371
0,5,-0.23634997010231018,1.225500226020813,-0.17672523856163025,-0.09796791523694992,227,386
0,6,-0.2821542024612427,1.2425543069839478,-0.2003878802061081,-0.09796791523694992,256,381
0,7,-0.28856682777404785,1.2677123546600342,-0.22321383655071259,-0.09796791523694992,251,380
0,8,-0.6156092286109924,3.2246973514556885,-0.04557301476597786,-0.09796791523694992,264,332
0,9,-0.6211057305335999,3.252208709716797,-0.10220488905906677,-0.09796791523694992,278,333
0,10,-0.6266022324562073,3.2661125659942627,-0.32868078351020813,-0.09796791523694992,257,336
 , , , , , , , 
0,0,-0.31513330340385437,1.2202391624450684,-0.025520984083414078,0.09796791523694992,225,494
0,1,-0.32246196269989014,1.247529149055481,-0.05828213691711426,0.09796791523694992,258,487
0,2,-0.3297906517982483,1.274399995803833,-0.0856320858001709,0.09796791523694992,262,480
0,3,-0.8134835958480835,3.140665292739868,0.2501080334186554,0.09796791523694992,258,391
0,4,-0.8208122849464417,3.1715869903564453,0.21685972809791565,0.09796791523694992,310,391
0,5,-0.7246233224868774,3.225242853164673,0.21403244137763977,0.09796791523694992,328,391
0,6,-0.7310359477996826,3.26065993309021,0.04284609109163284,0.09796791523694992,312,395
0,7,-0.5267489552497864,3.328615188598633,-0.08832899481058121,0.09796791523694992,260,415
 , , , , , , , 
0,0,-0.3627697229385376,1.237299919128418,-0.03456387668848038,0.09796791523694992,233,501
0,1,-0.37101447582244873,1.2632948160171509,-0.08139119297266006,0.09796791523694992,235,497
0,2,-0.9151690602302551,3.1167514324188232,0.1908310204744339,0.09796791523694992,257,386
0,3,-0.9234138131141663,3.1454546451568604,0.1820627599954605,0.09796791523694992,307,389
0,4,-0.9316586256027222,3.1745665073394775,0.16498197615146637,0.09796791523694992,326,389
0,5,-0.835469663143158,3.2318997383117676,0.15801075100898743,0.09796791523694992,316,390
0,6,-0.6320987939834595,3.3094727993011475,0.1130775734782219,0.09796791523694992,271,407
 , , , , , , , 
0,0,-0.40307745337486267,1.2249451875686646,-0.027302926406264305,0.09796791523694992,243,470
0,1,-0.41223829984664917,1.2498430013656616,-0.09023290127515793,0.09796791523694992,249,466
0,2,-1.1185399293899536,3.053983688354492,0.10070641338825226,0.09796791523694992,245,385
0,3,-1.0260154008865356,3.1156840324401855,0.13975076377391815,0.09796791523694992,304,384
0,4,-1.0351762771606445,3.142726182937622,0.15735691785812378,0.09796791523694992,329,383
0,5,-0.9399033784866333,3.1972973346710205,0.24904753267765045,0.09796791523694992,326,384
0,6,-0.8427983522415161,3.250119924545288,0.3022514879703522,0.09796791523694992,286,401
 , , , , , , , 
0,0,-0.44338518381118774,1.2086044549942017,-0.07995334267616272,0.09796791523694992,260,514
0,1,-0.453462153673172,1.2333552837371826,-0.11574410647153854,0.09796791523694992,265,515
0,2,-0.46353909373283386,1.257838487625122,-0.14616826176643372,0.09796791523694992,240,516
0,3,-1.2202253341674805,3.0160207748413086,-0.052518703043460846,0.09796791523694992,226,447
0,4,-1.1286169290542603,3.0827667713165283,-0.049986544996500015,0.09796791523694992,286,452
0,5,-1.1386938095092773,3.110485315322876,-0.03658381104469299,0.09796791523694992,315,454
0,6,-1.0443370342254639,3.174316883087158,0.034990690648555756,0.09796791523694992,321,453
0,7,-0.9481481313705444,3.2337610721588135,0.0935395210981369,0.09796791523694992,292,463
0,8,-0.8501270413398743,3.2922794818878174,0.04043535515666008,0.09796791523694992,227,486
 , , , , , , , 
0,0,-0.4836929440498352,1.1956454515457153,-0.013445437885820866,0.09796791523694992,230,418
0,1,-0.49468597769737244,1.2213079929351807,-0.06230965256690979,0.09796791523694992,244,417
0,2,-1.2422114610671997,3.0683722496032715,0.12280914187431335,0.09796791523694992,231,408
0,3,-1.148770809173584,3.1342740058898926,0.1574964076280594,0.09796791523694992,239,408
0,4,-0.4836929440498352,1.1823129653930664,-0.17856276035308838,-0.09796791523694992,246,371
0,5,-0.49468597769737244,1.2008858919143677,-0.23097388446331024,-0.09796791523694992,263,366
0,6,-0.5056790113449097,1.2148191928863525,-0.2947784960269928,-0.09796791523694992,247,363
0,7,-1.1386938095092773,3.0958425998687744,-0.303669810295105,-0.09796791523694992,245,361
0,8,-1.148770809173584,3.1213152408599854,-0.32537493109703064,-0.09796791523694992,254,360
0,9,-1.0534979104995728,3.1857500076293945,-0.3257066011428833,-0.09796791523694992,237,362
 , , , , , , , 
0,0,-0.4836929440498352,1.1943087577819824,-0.05809776112437248,0.09796791523694992,266,459
0,1,-0.5359098315238953,1.2017607688903809,-0.09360390901565552,0.09796791523694992,284,457
0,2,-0.5056790113449097,1.2421925067901611,-0.14013439416885376,0.09796791523694992,270,457
0,3,-1.2312184572219849,3.043058395385742,0.060179632157087326,0.09796791523694992,256,416
0,4,-1.2422114610671997,3.0704879760742188,0.04576597362756729,0.09796791523694992,285,424
0,5,-1.2532044649124146,3.0979764461517334,0.013179329223930836,0.09796791523694992,293,425
0,6,-1.158847689628601,3.165717363357544,0.015880219638347626,0.09796791523694992,270,432
 , , , , , , , 
0,0,-0.5240007042884827,1.1776567697525024,-0.04749089479446411,0.09796791523694992,264,432
0,1,-0.5359098315238953,1.2021552324295044,-0.08839470893144608,0.09796791523694992,282,431
0,2,-0.5478188991546631,1.2240835428237915,-0.14108511805534363,0.09796791523694992,270,430
0,3,-1.2422114610671997,3.0694315433502197,0.0926271602511406,0.09796791523694992,248,429
0,4,-1.2532044649124146,3.0970640182495117,0.07632768899202347,0.09796791523694992,258,428
0,5,-1.158847689628601,3.163727283477783,0.11335001140832901,0.09796791523694992,241,430
0,6,-0.4836929440498352,1.1765952110290527,-0.21300776302814484,-0.09796791523694992,262,382
0,7,-0.49468597769737244,1.1958997249603271,-0.25553810596466064,-0.09796791523694992,281,381
0,8,-0.5056790113449097,1.2117794752120972,-0.3070351183414459,-0.09796791523694992,270,380
0,9,-1.2422114610671997,3.0531413555145264,-0.32911860942840576,-0.09796791523694992,249,374
0,10,-1.148770809173584,3.121253490447998,-0.32596924901008606,-0.09796791523694992,257,375
0,11,-1.0534979104995728,3.189703941345215,-0.2843896746635437,-0.09796791523694992,238,378
 , , , , , , , 
0,0,-0.4836929440498352,1.1923338174819946,-0.08993718028068542,0.09796791523694992,260,414
0,1,-0.49468597769737244,1.2164002656936646,-0.12588189542293549,0.09796791523694992,283,411
0,2,-0.5056790113449097,1.2372159957885742,-0.1788204312324524,0.09796791523694992,273,412
0,3,-1.1386938095092773,3.1082704067230225,0.12293050438165665,0.09796791523694992,243,404
0,4,-1.148770809173584,3.1365208625793457,0.10351400077342987,0.09796791523694992,253,405
0,5,-1.0534979104995728,3.2001447677612305,0.11900172382593155,0.09796791523694992,236,407
0,6,-0.44338518381118774,1.186479926109314,-0.24368496239185333,-0.09796791523694992,268,370
0,7,-0.453462153673172,1.2053680419921875,-0.28574445843696594,-0.09796791523694992,289,371
0,8,-0.46353909373283386,1.2190327644348145,-0.34275639057159424,-0.09796791523694992,278,371
0,9,-0.4736160337924957,1.2117613554000854,-0.4534682333469391,-0.09796791523694992,229,380
0,10,-1.1386938095092773,3.0993332862854004,-0.26568543910980225,-0.09796791523694992,243,368
0,11,-1.0443370342254639,3.164261817932129,-0.2548719048500061,-0.09796791523694992,259,365
0,12,-1.0534979104995728,3.1902894973754883,-0.27774298191070557,-0.09796791523694992,244,365
 , , , , , , , 
0,0,-0.44338518381118774,1.205398440361023,-0.11887723207473755,0.09796791523694992,241,406
0,1,-0.453462153673172,1.229552984237671,-0.1508699655532837,0.09796791523694992,265,404
0,2,-0.46353909373283386,1.2506517171859741,-0.19847683608531952,0.09796791523694992,260,400
0,3,-1.0443370342254639,3.1735734939575195,0.07709664851427078,0.09796791523694992,233,394
0,4,-0.40307745337486267,1.1930559873580933,-0.2790224850177765,-0.09796791523694992,266,352
0,5,-0.41223829984664917,1.2131798267364502,-0.3137582838535309,-0.09796791523694992,292,348
0,6,-0.46353909373283386,1.2137609720230103,-0.3609808087348938,-0.09796791523694992,285,346
0,7,-0.4736160337924957,1.2109283208847046,-0.4556880295276642,-0.09796791523694992,235,357
0,8,-1.0351762771606445,3.1343834400177,-0.27772241830825806,-0.09796791523694992,226,365
0,9,-1.0443370342254639,3.156435012817383,-0.33827710151672363,-0.09796791523694992,238,364
 , , , , , , , 
0,0,-0.3627697229385376,1.206158995628357,-0.27800384163856506,-0.09796791523694992,254,459
0,1,-0.37101447582244873,1.2299305200576782,-0.2996818721294403,-0.09796791523694992,279,454
0,2,-0.37925925850868225,1.2522772550582886,-0.32612138986587524,-0.09796791523694992,274,448
0,3,-0.9234138131141663,3.148833751678467,-0.10898932814598083,-0.09796791523694992,254,398
0,4,-0.9316586256027222,3.173417568206787,-0.18577852845191956,-0.09796791523694992,298,394
0,5,-0.9399033784866333,3.1952974796295166,-0.27351129055023193,-0.09796791523694992,310,390
0,6,-0.9481481313705444,3.203352689743042,-0.4522087574005127,-0.09796791523694992,286,391
 , , , , , , , 
0,0,-0.32246196269989014,1.219533920288086,-0.2691892683506012,-0.09796791523694992,268,455
0,1,-0.37101447582244873,1.2329226732254028,-0.28712379932403564,-0.09796791523694992,290,449
0,2,-0.37925925850868225,1.2595914602279663,-0.2966194152832031,-0.09796791523694992,280,446
0,3,-0.8208122849464417,3.177213430404663,-0.10633412003517151,-0.09796791523694992,271,393
0,4,-0.8281409740447998,3.203017473220825,-0.16715607047080994,-0.09796791523694992,305,396
0,5,-0.835469663143158,3.2286908626556396,-0.21377108991146088,-0.09796791523694992,307,397
0,6,-0.9481481313705444,3.2174086570739746,-0.33799606561660767,-0.09796791523694992,269,406
 , , , , , , , 
0,0,-0.31513330340385437,1.1873871088027954,-0.2823945879936218,-0.09796791523694992,225,450
0,1,-0.32246196269989014,1.216609239578247,-0.28211265802383423,-0.09796791523694992,271,449
0,2,-0.3297906517982483,1.2430721521377563,-0.2935982346534729,-0.09796791523694992,291,442
0,3,-0.33711934089660645,1.267433524131775,-0.31361427903175354,-0.09796791523694992,276,441
0,4,-0.718210756778717,3.2018563747406006,-0.1096123680472374,-0.09796791523694992,261,407
0,5,-0.7246233224868774,3.2292771339416504,-0.1406092345714569,-0.09796791523694992,294,408
0,6,-0.835469663143158,3.2327661514282227,-0.13916125893592834,-0.09796791523694992,296,409
0,7,-0.8427983522415161,3.2638230323791504,0.045775458216667175,-0.09796791523694992,256,416
 , , , , , , , 
0,0,-0.2757416367530823,1.1949820518493652,-0.29142484068870544,-0.09796791523694992,227,444
0,1,-0.2821542024612427,1.2242017984390259,-0.2922781705856323,-0.09796791523694992,273,441
0,2,-0.28856682777404785,1.2490483522415161,-0.3111231029033661,-0.09796791523694992,292,434
0,3,-0.29497942328453064,1.2687989473342896,-0.348608136177063,-0.09796791523694992,268,439
0,4,-0.6156092286109924,3.2239041328430176,-0.08480976521968842,-0.09796791523694992,265,405
0,5,-0.6211057305335999,3.2525265216827393,-0.09153010696172714,-0.09796791523694992,298,404
0,6,-0.6266022324562073,3.282599687576294,-0.007823821157217026,-0.09796791523694992,299,404
0,7,-0.6320987939834595,3.3027536869049072,0.23919861018657684,-0.09796791523694992,261,415
 , , , , , , , 
0,0,-0.20153872668743134,1.2388863563537598,-0.2970693111419678,-0.09796791523694992,233,477
0,1,-0.20611914992332458,1.2640666961669922,-0.3159749209880829,-0.09796791523694992,247,473
0,2,-0.5130077004432678,3.2362942695617676,-0.20723550021648407,-0.09796791523694992,276,412
0,3,-0.5175881385803223,3.2631304264068604,-0.23908337950706482,-0.09796791523694992,309,410
0,4,-0.417734831571579,3.30553936958313,-0.25896012783050537,-0.09796791523694992,317,408
0,5,-0.31604939699172974,3.344226598739624,-0.28496891260147095,-0.09796791523694992,292,419
0,6,-0.21253176033496857,3.3755388259887695,-0.3521696627140045,-0.09796791523694992,231,447
 , , , , , , , 
0,0,-0.20611914992332458,1.2950299978256226,-0.1435346156358719,0.09796791523694992,227,419
0,1,-0.4104061424732208,3.2508091926574707,0.20864230394363403,0.09796791523694992,269,345
0,2,-0.4140704870223999,3.2819223403930664,0.1749599725008011,0.09796791523694992,299,344
0,3,-0.417734831571579,3.3131325244903564,0.12962740659713745,0.09796791523694992,301,346
0,4,-0.31604939699172974,3.354710102081299,0.10478056222200394,0.09796791523694992,268,361
0,5,-0.16123098134994507,1.2458570003509521,-0.29249340295791626,-0.09796791523694992,248,448
0,6,-0.16489532589912415,1.2718586921691895,-0.30882853269577026,-0.09796791523694992,254,448
0,7,-0.16855967044830322,1.3010084629058838,-0.3120191991329193,-0.09796791523694992,227,455
0,8,-0.40674179792404175,3.2218804359436035,-0.20527249574661255,-0.09796791523694992,238,372
0,9,-0.4104061424732208,3.24918532371521,-0.23256541788578033,-0.09796791523694992,298,371
0,10,-0.4140704870223999,3.275547504425049,-0.26909974217414856,-0.09796791523694992,328,371
0,11,-0.31330111622810364,3.314358949661255,-0.29158180952072144,-0.09796791523694992,327,374
0,12,-0.21069958806037903,3.3494365215301514,-0.319103479385376,-0.09796791523694992,295,390
0,13,0.0,3.3872969150543213,-0.2994586229324341,-0.09796791523694992,232,421
 , , , , , , , 
0,0,-0.1209232360124588,1.2567933797836304,-0.2637336254119873,-0.09796791523694992,228,483
0,1,-0.12367149442434311,1.2832163572311401,-0.27973371744155884,-0.09796791523694992,231,483
0,2,-0.3050563335418701,3.2331314086914062,-0.2046705037355423,-0.09796791523694992,228,405
0,3,-0.3078046143054962,3.261039972305298,-0.22494548559188843,-0.09796791523694992,286,405
0,4,-0.3105528652667999,3.2884764671325684,-0.25011739134788513,-0.09796791523694992,312,406
0,5,-0.2088674157857895,3.3250908851623535,-0.26133784651756287,-0.09796791523694992,311,409
0,6,-0.10534979403018951,3.3573215007781982,-0.28677448630332947,-0.09796791523694992,276,425
 , , , , , , , 
0,0,-0.3078046143054962,3.2659084796905518,0.137197345495224,0.09796791523694992,228,358
0,1,-0.3105528652667999,3.2954037189483643,0.1301986575126648,0.09796791523694992,256,357
0,2,-0.2088674157857895,3.3334059715270996,0.11371541023254395,0.09796791523694992,259,355
0,3,-0.21069958806037903,3.364588975906372,0.009635892696678638,0.09796791523694992,226,366
0,4,-0.20703524351119995,3.2930996417999268,-0.2927643358707428,-0.09796791523694992,242,393
0,5,-0.2088674157857895,3.318918228149414,-0.3306176960468292,-0.09796791523694992,247,390
 , , , , , , , 
0,0,-0.2052030712366104,3.2761547565460205,0.06652816385030746,0.09796791523694992,275,342
0,1,-0.20703524351119995,3.30556058883667,0.05902867391705513,0.09796791523694992,302,341
0,2,-0.2088674157857895,3.3353354930877686,-0.008008145727217197,0.09796791523694992,303,341
0,3,-0.21069958806037903,3.360015869140625,-0.1756231188774109,0.09796791523694992,262,358
0,4,-0.1026015356183052,3.2675132751464844,-0.3042308986186981,-0.09796791523694992,272,379
0,5,-0.10351762175559998,3.2966437339782715,-0.30741485953330994,-0.09796791523694992,303,375
0,6,-0.10443370789289474,3.3194127082824707,-0.3724871277809143,-0.09796791523694992,303,374
0,7,-0.10534979403018951,3.327697277069092,-0.5294124484062195,-0.09796791523694992,269,385
 , , , , , , , 
0,0,-0.04030774533748627,1.2844740152359009,-0.11049535870552063,0.09796791523694992,241,351
0,1,-0.08244766294956207,1.3099186420440674,-0.13230785727500916,0.09796791523694992,241,350
0,2,-0.1026015356183052,3.2811357975006104,0.057845257222652435,0.09796791523694992,230,348
0,3,-0.10351762175559998,3.3106563091278076,0.04379987716674805,0.09796791523694992,255,350
0,4,-0.10443370789289474,3.340237617492676,-0.0076726265251636505,0.09796791523694992,255,350
0,5,-0.04030774533748627,1.2616844177246094,-0.2650190591812134,-0.09796791523694992,233,344
0,6,-0.041223831474781036,1.2839641571044922,-0.2998775839805603,-0.09796791523694992,234,343
0,7,0.0,3.2612903118133545,-0.3790929317474365,-0.09796791523694992,227,337
0,8,-0.10351762175559998,3.2895126342773438,-0.376126229763031,-0.09796791523694992,254,337
0,9,-0.10443370789289474,3.3126354217529297,-0.4285941421985626,-0.09796791523694992,255,337
 , , , , , , , 
0,0,-0.039391662925481796,1.256507158279419,-0.09263983368873596,0.09796791523694992,230,393
0,1,-0.04030774533748627,1.284237027168274,-0.11321631073951721,0.09796791523694992,257,394
0,2,-0.041223831474781036,1.3114510774612427,-0.1363333761692047,0.09796791523694992,256,394
0,3,-0.1026015356183052,3.2815959453582764,0.018066896125674248,0.09796791523694992,264,370
0,4,-0.10351762175559998,3.310764789581299,0.034648600965738297,0.09796791523694992,288,375
0,5,-0.10443370789289474,3.3401172161102295,0.029373744502663612,0.09796791523694992,283,380
0,6,-0.10534979403018951,3.3694283962249756,-0.028245139867067337,0.09796791523694992,244,393
0,7,0.0,1.2386739253997803,-0.23373247683048248,-0.09796791523694992,227,369
0,8,0.0,1.2623693943023682,-0.26482251286506653,-0.09796791523694992,251,373
0,9,-0.041223831474781036,1.2851529121398926,-0.294741690158844,-0.09796791523694992,247,377
0,10,0.0,3.260408878326416,-0.38659968972206116,-0.09796791523694992,274,334
0,11,0.0,3.291595935821533,-0.3721238076686859,-0.09796791523694992,301,334
0,12,-0.10443370789289474,3.315927028656006,-0.402334988117218,-0.09796791523694992,301,335
0,13,-0.10534979403018951,3.3362603187561035,-0.47245436906814575,-0.09796791523694992,260,351
 , , , , , , , 
0,0,-0.1026015356183052,3.2810699939727783,0.061471182852983475,0.09796791523694992,245,336
0,1,-0.10351762175559998,3.309666633605957,0.09203691780567169,0.09796791523694992,272,338
0,2,-0.10443370789289474,3.3371002674102783,0.14494462311267853,0.09796791523694992,274,339
0,3,-0.10534979403018951,3.359754800796509,0.2566986083984375,0.09796791523694992,240,350
0,4,0.0,3.2669479846954346,-0.3267662227153778,-0.09796791523694992,242,355
0,5,0.0,3.3010072708129883,-0.27646011114120483,-0.09796791523694992,273,353
0,6,0.0,3.3352837562561035,-0.2098461389541626,-0.09796791523694992,275,354
0,7,-0.10534979403018951,3.3688652515411377,-0.06777702271938324,-0.09796791523694992,246,361
 , , , , , , , 
0,0,-0.10351762175559998,3.310000419616699,0.07912588119506836,0.09796791523694992,252,345
0,1,-0.10443370789289474,3.336859941482544,0.15037144720554352,0.09796791523694992,254,346
0,2,-0.10534979403018951,3.357752561569214,0.28168103098869324,0.09796791523694992,226,353
0,3,0.0,3.262798547744751,-0.36588338017463684,-0.09796791523694992,232,325
0,4,0.0,3.296945333480835,-0.3212953507900238,-0.09796791523694992,258,328
0,5,0.0,3.3320975303649902,-0.25549736618995667,-0.09796791523694992,256,332
0,6,-0.10534979403018951,3.365278482437134,-0.16955004632472992,-0.09796791523694992,229,337
 , , , , , , , 
0,0,-0.10351762175559998,3.3081722259521484,0.13549932837486267,0.09796791523694992,247,353
0,1,-0.2088674157857895,3.332817554473877,0.12982068955898285,0.09796791523694992,246,352
0,2,-0.04030774533748627,1.2652760744094849,-0.24730417132377625,-0.09796791523694992,229,387
0,3,-0.041223831474781036,1.2928322553634644,-0.25898927450180054,-0.09796791523694992,230,386
0,4,-0.1026015356183052,3.2699742317199707,-0.27652788162231445,-0.09796791523694992,236,356
0,5,-0.10351762175559998,3.3007214069366455,-0.26000428199768066,-0.09796791523694992,261,357
0,6,-0.10443370789289474,3.3320727348327637,-0.23353321850299835,-0.09796791523694992,262,355
 , , , , , , , 
0,0,-0.07878332585096359,1.2563577890396118,-0.06559105962514877,0.09796791523694992,241,364
0,1,-0.08061549067497253,1.2841233015060425,-0.09075317531824112,0.09796791523694992,266,368
0,2,-0.08244766294956207,1.3108115196228027,-0.12314841896295547,0.09796791523694992,261,372
0,3,-0.2052030712366104,3.272277593612671,0.17267219722270966,0.09796791523694992,268,337
0,4,-0.20703524351119995,3.3026809692382812,0.15004678070545197,0.09796791523694992,292,338
0,5,-0.2088674157857895,3.334751605987549,0.06291833519935608,0.09796791523694992,287,339
0,6,-0.21069958806037903,3.361790418624878,-0.1375342607498169,0.09796791523694992,244,354
0,7,-0.039391662925481796,1.2419425249099731,-0.212063729763031,-0.09796791523694992,250,387
0,8,-0.08061549067497253,1.2642557621002197,-0.24262335896492004,-0.09796791523694992,275,392
0,9,-0.08244766294956207,1.2864083051681519,-0.28026050329208374,-0.09796791523694992,270,396
0,10,-0.08427983522415161,1.3004716634750366,-0.34649908542633057,-0.09796791523694992,230,406
0,11,-0.1026015356183052,3.274923324584961,-0.2099437564611435,-0.09796791523694992,269,368
0,12,-0.10351762175559998,3.3018381595611572,-0.2454175502061844,-0.09796791523694992,292,368
0,13,-0.2088674157857895,3.313838005065918,-0.3781605362892151,-0.09796791523694992,286,370
0,14,-0.21069958806037903,3.3029112815856934,-0.6413484215736389,-0.09796791523694992,243,385
 , , , , , , , 
0,0,-0.1209232360124588,1.2803934812545776,-0.0983750969171524,0.09796791523694992,226,435
0,1,-0.12367149442434311,1.3092635869979858,-0.10355772823095322,0.09796791523694992,226,434
0,2,-0.3050563335418701,3.227633237838745,0.2782319188117981,0.09796791523694992,225,346
0,3,-0.3078046143054962,3.2562472820281982,0.2860685884952545,0.09796791523694992,274,347
0,4,-0.3105528652667999,3.2879481315612793,0.2569710910320282,0.09796791523694992,291,349
0,5,-0.2088674157857895,3.327164649963379,0.23345723748207092,0.09796791523694992,278,351
0,6,0.0,3.3598291873931885,0.27657416462898254,0.09796791523694992,236,369
0,7,-0.1209232360124588,1.2606662511825562,-0.24455168843269348,-0.09796791523694992,249,468
0,8,-0.12367149442434311,1.2883973121643066,-0.2548092305660248,-0.09796791523694992,250,467
0,9,-0.3050563335418701,3.2383246421813965,-0.09101318567991257,-0.09796791523694992,243,381
0,10,-0.3078046143054962,3.2676193714141846,-0.08743422478437424,-0.09796791523694992,293,379
0,11,-0.3105528652667999,3.295624017715454,-0.1244942769408226,-0.09796791523694992,314,376
0,12,-0.2088674157857895,3.3311312198638916,-0.16760888695716858,-0.09796791523694992,303,377
0,13,0.10534979403018951,3.3692564964294434,-0.044240422546863556,-0.09796791523694992,262,394
 , , , , , , , 
0,0,-0.15756665170192719,1.2481595277786255,-0.0788317620754242,0.09796791523694992,227,354
0,1,-0.16123098134994507,1.2769972085952759,-0.08360745757818222,0.09796791523694992,261,349
0,2,-0.16489532589912415,1.306096076965332,-0.08433558791875839,0.09796791523694992,255,352
0,3,-0.4104061424732208,3.2302277088165283,0.4206194579601288,0.09796791523694992,228,331
0,4,-0.3105528652667999,3.2725164890289307,0.40898799896240234,0.09796791523694992,242,333
0,5,-0.2088674157857895,3.3055403232574463,0.44489243626594543,0.09796791523694992,230,332
0,6,-0.11817498505115509,1.2301275730133057,-0.2485247701406479,-0.09796791523694992,238,361
0,7,-0.1209232360124588,1.2588213682174683,-0.25387752056121826,-0.09796791523694992,270,357
0,8,-0.12367149442434311,1.2878600358963013,-0.257510781288147,-0.09796791523694992,268,358
0,9,-0.12641975283622742,1.3217105865478516,-0.23556411266326904,-0.09796791523694992,228,366
0,10,-0.3078046143054962,3.2687807083129883,-0.007363822776824236,-0.09796791523694992,227,348
0,11,-0.3105528652667999,3.29783034324646,-0.030837740749120712,-0.09796791523694992,245,345
0,12,-0.10443370789289474,3.3400118350982666,0.03959288075566292,-0.09796791523694992,235,344
 , , , , , , , 
0,0,-0.19695831835269928,1.2414865493774414,-0.09414168447256088,0.09796791523694992,235,377
0,1,-0.20153872668743134,1.2710767984390259,-0.08633410185575485,0.09796791523694992,263,375
0,2,-0.20611914992332458,1.300093412399292,-0.0863828957080841,0.09796791523694992,262,373
0,3,-0.4104061424732208,3.2244067192077637,0.4631332457065582,0.09796791523694992,241,345
0,4,-0.4140704870223999,3.252599000930786,0.4714072346687317,0.09796791523694992,256,343
0,5,-0.2088674157857895,3.2817652225494385,0.5954365134239197,0.09796791523694992,246,342
0,6,-0.15756665170192719,1.2292914390563965,-0.23012855648994446,-0.09796791523694992,252,385
0,7,-0.16123098134994507,1.2582387924194336,-0.23355351388454437,-0.09796791523694992,284,381
0,8,-0.16489532589912415,1.287456750869751,-0.23548804223537445,-0.09796791523694992,283,378
0,9,-0.16855967044830322,1.3202217817306519,-0.21677929162979126,-0.09796791523694992,236,391
0,10,-0.3078046143054962,3.2680039405822754,0.0716361552476883,-0.09796791523694992,251,359
0,11,-0.3105528652667999,3.2973737716674805,0.06295794993638992,-0.09796791523694992,265,358
0,12,-0.2088674157857895,3.3329455852508545,0.12649410963058472,-0.09796791523694992,250,362
 , , , , , , , 
0,0,-0.20153872668743134,1.2542279958724976,-0.22361083328723907,-0.09796791523694992,226,432
0,1,-0.20611914992332458,1.2737005949020386,-0.274575412273407,-0.09796791523694992,227,428
 , , , , , , , 
0,0,-0.31513330340385437,1.2192726135253906,-0.054857105016708374,0.09796791523694992,231,528
0,1,-0.32246196269989014,1.24550199508667,-0.09192713350057602,0.09796791523694992,265,521
0,2,-0.3297906517982483,1.2699626684188843,-0.13646630942821503,0.09796791523694992,270,513
0,3,-0.33711934089660645,1.2883368730545044,-0.21196666359901428,0.09796791523694992,233,517
0,4,-0.7117981314659119,3.169431209564209,0.19010156393051147,0.09796791523694992,249,440
0,5,-0.718210756778717,3.2001469135284424,0.15152043104171753,0.09796791523694992,305,438
0,6,-0.7246233224868774,3.23061466217041,0.10549610108137131,0.09796791523694992,330,435
0,7,-0.6266022324562073,3.2818384170532227,0.0711233913898468,0.09796791523694992,322,435
0,8,-0.42139917612075806,3.3447463512420654,0.006411850452423096,0.09796791523694992,274,452
 , , , , , , , 
0,0,-0.35452497005462646,1.209497332572937,-0.019296012818813324,0.09796791523694992,232,469
0,1,-0.3627697229385376,1.2360023260116577,-0.06636195629835129,0.09796791523694992,268,465
0,2,-0.37101447582244873,1.2605749368667603,-0.1161426529288292,0.09796791523694992,272,461
0,3,-0.37925925850868225,1.2822076082229614,-0.1746351420879364,0.09796791523694992,242,463
0,4,-0.9151690602302551,3.1178994178771973,0.1710522472858429,0.09796791523694992,250,387
0,5,-0.9234138131141663,3.14660906791687,0.16088272631168365,0.09796791523694992,307,388
0,6,-0.8281409740447998,3.2013237476348877,0.19694651663303375,0.09796791523694992,335,386
0,7,-0.835469663143158,3.2302632331848145,0.18852722644805908,0.09796791523694992,333,387
0,8,-0.6320987939834595,3.301758050918579,0.25256776809692383,0.09796791523694992,292,404
 , , , , , , , 
0,0,-0.39391663670539856,1.1972614526748657,0.018406422808766365,0.09796791523694992,232,415
0,1,-0.40307745337486267,1.2250005006790161,-0.02469731867313385,0.09796791523694992,273,409
0,2,-0.41223829984664917,1.2520391941070557,-0.051453400403261185,0.09796791523694992,276,408
0,3,-0.42139917612075806,1.2799108028411865,-0.05140245705842972,0.09796791523694992,247,410
0,4,-1.0260154008865356,3.115701913833618,0.1393532156944275,0.09796791523694992,280,370
0,5,-1.0351762771606445,3.1436781883239746,0.13702966272830963,0.09796791523694992,309,369
0,6,-0.9399033784866333,3.2013111114501953,0.1906348317861557,0.09796791523694992,309,369
0,7,-0.8427983522415161,3.2539753913879395,0.2574501037597656,0.09796791523694992,273,382
0,8,-0.40307745337486267,1.2132757902145386,-0.1708737313747406,-0.09796791523694992,260,383
0,9,-0.41223829984664917,1.2373855113983154,-0.1978043019771576,-0.09796791523694992,262,384
0,10,-0.42139917612075806,1.2660449743270874,-0.19479268789291382,-0.09796791523694992,229,389
0,11,-1.0260154008865356,3.108724355697632,-0.25069916248321533,-0.09796791523694992,260,348
0,12,-0.9316586256027222,3.1712584495544434,-0.21957287192344666,-0.09796791523694992,289,347
0,13,-0.835469663143158,3.231062412261963,-0.17429478466510773,-0.09796791523694992,292,345
0,14,-0.7374485731124878,3.2873029708862305,-0.12146802246570587,-0.09796791523694992,259,355
 , , , , , , , 
0,0,-0.44338518381118774,1.2112449407577515,-0.0016362140886485577,0.09796791523694992,235,445
0,1,-0.453462153673172,1.2385579347610474,-0.023157725110650063,0.09796791523694992,239,444
0,2,-1.1286169290542603,3.080641031265259,0.12490145117044449,0.09796791523694992,273,371
0,3,-1.0351762771606445,3.1425223350524902,0.1613783985376358,0.09796791523694992,297,374
0,4,-1.0443370342254639,3.1686484813690186,0.1928187757730484,0.09796791523694992,297,374
0,5,-0.9481481313705444,3.221055269241333,0.30126896500587463,0.09796791523694992,257,387
0,6,-0.40307745337486267,1.2145484685897827,-0.16157999634742737,-0.09796791523694992,252,386
0,7,-0.41223829984664917,1.2398730516433716,-0.18156081438064575,-0.09796791523694992,254,387
0,8,-0.46353909373283386,1.2558739185333252,-0.16218356788158417,-0.09796791523694992,227,388
0,9,-1.0260154008865356,3.1073358058929443,-0.2673605978488922,-0.09796791523694992,241,361
0,10,-1.0351762771606445,3.1345508098602295,-0.27582740783691406,-0.09796791523694992,272,359
0,11,-0.9399033784866333,3.1989858150482178,-0.22632771730422974,-0.09796791523694992,276,354
0,12,-0.8427983522415161,3.2604541778564453,-0.15516036748886108,-0.09796791523694992,243,361
 , , , , , , , 
0,0,-0.4836929440498352,1.1956628561019897,-0.011783750727772713,0.09796791523694992,255,442
0,1,-0.49468597769737244,1.2224384546279907,-0.03346534073352814,0.09796791523694992,263,438
0,2,-0.5056790113449097,1.2489092350006104,-0.053906138986349106,0.09796791523694992,235,438
0,3,-1.1286169290542603,3.0810370445251465,0.1147155687212944,0.09796791523694992,272,391
0,4,-1.1386938095092773,3.108342409133911,0.1210920587182045,0.09796791523694992,302,390
0,5,-1.148770809173584,3.1348347663879395,0.14590738713741302,0.09796791523694992,304,389
0,6,-1.0534979104995728,3.1952743530273438,0.21285945177078247,0.09796791523694992,264,400
0,7,-0.44338518381118774,1.200056552886963,-0.16425983607769012,-0.09796791523694992,254,389
0,8,-0.453462153673172,1.2240104675292969,-0.1906844824552536,-0.09796791523694992,263,384
0,9,-0.46353909373283386,1.2489675283432007,-0.20881304144859314,-0.09796791523694992,238,383
0,10,-1.1286169290542603,3.0703773498535156,-0.2805922329425812,-0.09796791523694992,258,352
0,11,-1.1386938095092773,3.0981903076171875,-0.2786984443664551,-0.09796791523694992,288,352
0,12,-1.0443370342254639,3.1656882762908936,-0.23649834096431732,-0.09796791523694992,289,350
0,13,-1.0534979104995728,3.197838544845581,-0.17004680633544922,-0.09796791523694992,252,359
 , , , , , , , 
0,0,-1.1386938095092773,3.1062817573547363,0.16574223339557648,0.09796791523694992,233,327
0,1,-1.148770809173584,3.1328113079071045,0.18431411683559418,0.09796791523694992,238,323
 , , , , , , , 
0,0,-0.4836929440498352,1.1955173015594482,0.02206977643072605,0.09796791523694992,247,385
0,1,-0.49468597769737244,1.2228851318359375,-0.005253346171230078,0.09796791523694992,251,386
0,2,-1.1286169290542603,3.0749564170837402,0.22492648661136627,0.09796791523694992,241,356
0,3,-1.1386938095092773,3.1022732257843018,0.22881610691547394,0.09796791523694992,271,357
0,4,-1.148770809173584,3.1282451152801514,0.25012141466140747,0.09796791523694992,275,353
0,5,-1.158847689628601,3.1515309810638428,0.2997831106185913,0.09796791523694992,241,360
0,6,-0.44338518381118774,1.2037327289581299,-0.13470160961151123,-0.09796791523694992,248,419
0,7,-0.453462153673172,1.2272135019302368,-0.1688467115163803,-0.09796791523694992,257,414
0,8,-0.5056790113449097,1.2315664291381836,-0.21429941058158875,-0.09796791523694992,226,417
0,9,-1.1286169290542603,3.078911542892456,-0.1620258092880249,-0.09796791523694992,249,382
0,10,-1.1386938095092773,3.106766939163208,-0.15638208389282227,-0.09796791523694992,284,379
0,11,-1.148770809173584,3.1354024410247803,-0.13315387070178986,-0.09796791523694992,288,375
0,12,-1.0534979104995728,3.2013721466064453,-0.07940086722373962,-0.09796791523694992,255,381
 , , , , , , , 
0,0,-0.4836929440498352,1.1956939697265625,-0.008037916384637356,0.09796791523694992,253,381
0,1,-0.49468597769737244,1.2221732139587402,-0.042051106691360474,0.09796791523694992,257,379
0,2,-1.1286169290542603,3.0799524784088135,0.14085732400417328,0.09796791523694992,240,361
0,3,-1.1386938095092773,3.1060547828674316,0.1699403077363968,0.09796791523694992,271,359
0,4,-1.148770809173584,3.1296098232269287,0.23242424428462982,0.09796791523694992,270,357
0,5,-1.158847689628601,3.148813009262085,0.3271002769470215,0.09796791523694992,232,364
0,6,-0.44338518381118774,1.2040107250213623,-0.13219380378723145,-0.09796791523694992,250,367
0,7,-0.453462153673172,1.2266381978988647,-0.17297597229480743,-0.09796791523694992,251,367
0,8,-1.1286169290542603,3.078902006149292,-0.16220557689666748,-0.09796791523694992,253,332
0,9,-1.1386938095092773,3.107156276702881,-0.14844238758087158,-0.09796791523694992,281,333
0,10,-1.148770809173584,3.1367106437683105,-0.09759226441383362,-0.09796791523694992,276,335
0,11,-1.158847689628601,3.1657512187957764,0.006022490095347166,-0.09796791523694992,237,344
 , , , , , , , 
0,0,-0.3627697229385376,1.2328301668167114,-0.11061415076255798,0.09796791523694992,258,427
0,1,-0.41223829984664917,1.2445582151412964,-0.14602915942668915,0.09796791523694992,270,425
0,2,-0.37925925850868225,1.274572491645813,-0.223648339509964,0.09796791523694992,246,427
0,3,-0.9234138131141663,3.1456124782562256,0.17931777238845825,0.09796791523694992,236,398
0,4,-0.9316586256027222,3.175889730453491,0.1371755301952362,0.09796791523694992,269,398
0,5,-0.835469663143158,3.234194278717041,0.10064897686243057,0.09796791523694992,276,397
0,6,-0.7374485731124878,3.28926944732666,0.04268002510070801,0.09796791523694992,257,399
0,7,-0.35452497005462646,1.1899323463439941,-0.21752478182315826,-0.09796791523694992,228,377
0,8,-0.3627697229385376,1.2114794254302979,-0.25381720066070557,-0.09796791523694992,271,375
0,9,-0.37101447582244873,1.2309153079986572,-0.2956109941005707,-0.09796791523694992,280,375
0,10,-0.37925925850868225,1.2422415018081665,-0.36247700452804565,-0.09796791523694992,257,376
0,11,-0.9234138131141663,3.1446073055267334,-0.19615450501441956,-0.09796791523694992,233,363
0,12,-0.9316586256027222,3.1697044372558594,-0.24096925556659698,-0.09796791523694992,266,364
0,13,-0.835469663143158,3.223512649536133,-0.281264066696167,-0.09796791523694992,270,365
0,14,-0.7374485731124878,3.270972967147827,-0.34907251596450806,-0.09796791523694992,247,370
 , , , , , , , 
0,0,-0.35452497005462646,1.2086275815963745,-0.049753621220588684,0.09796791523694992,227,388
0,1,-0.3627697229385376,1.2355024814605713,-0.07509459555149078,0.09796791523694992,272,384
0,2,-0.37101447582244873,1.2618697881698608,-0.10110917687416077,0.09796791523694992,286,379
0,3,-0.37925925850868225,1.287659764289856,-0.12839747965335846,0.09796791523694992,263,382
0,4,-0.9234138131141663,3.134760856628418,0.3167124092578888,0.09796791523694992,247,354
0,5,-0.9316586256027222,3.169210195541382,0.24738459289073944,0.09796791523694992,281,352
0,6,-0.835469663143158,3.2304930686950684,0.1845485419034958,0.09796791523694992,279,354
0,7,-0.7374485731124878,3.28774356842041,0.1088964119553566,0.09796791523694992,248,360
0,8,-0.3627697229385376,1.2168660163879395,-0.22658945620059967,-0.09796791523694992,255,452
0,9,-0.37101447582244873,1.240041971206665,-0.25462591648101807,-0.09796791523694992,266,450
0,10,-0.37925925850868225,1.2629159688949585,-0.28212904930114746,-0.09796791523694992,243,452
0,11,-0.8208122849464417,3.1787757873535156,-0.03710766136646271,-0.09796791523694992,278,376
0,12,-0.8281409740447998,3.2056658267974854,-0.10473135858774185,-0.09796791523694992,306,379
0,13,-0.835469663143158,3.228839159011841,-0.21151933073997498,-0.09796791523694992,303,382
0,14,-0.7374485731124878,3.2774405479431152,-0.2819558084011078,-0.09796791523694992,269,391
 , , , , , , , 
0,0,-0.32246196269989014,1.2434426546096802,-0.1165173351764679,0.09796791523694992,236,395
0,1,-0.3297906517982483,1.270546793937683,-0.1309165209531784,0.09796791523694992,250,390
0,2,-0.33711934089660645,1.2969118356704712,-0.1508684903383255,0.09796791523694992,232,387
0,3,-0.28856682777404785,1.2537308931350708,-0.29168155789375305,-0.09796791523694992,234,430
0,4,-0.7246233224868774,3.230452299118042,-0.11035538464784622,-0.09796791523694992,232,406
0,5,-0.7310359477996826,3.2591426372528076,-0.10830061137676239,-0.09796791523694992,228,407
 , , , , , , , 
0,0,-0.2821542024612427,1.2541892528533936,-0.10538529604673386,0.09796791523694992,257,375
0,1,-0.28856682777404785,1.280732274055481,-0.12901176512241364,0.09796791523694992,267,372
0,2,-0.29497942328453064,1.3036155700683594,-0.17878711223602295,0.09796791523694992,240,376
0,3,-0.6211057305335999,3.2224175930023193,0.4509235918521881,0.09796791523694992,241,366
0,4,-0.6266022324562073,3.234856367111206,0.557876706123352,0.09796791523694992,234,369
0,5,-0.2418464720249176,1.236719012260437,-0.27521637082099915,-0.09796791523694992,248,413
0,6,-0.28856682777404785,1.2480515241622925,-0.3150976598262787,-0.09796791523694992,252,416
0,7,-0.6156092286109924,3.2250189781188965,-0.0015523626934736967,-0.09796791523694992,233,382
0,8,-0.6211057305335999,3.253706216812134,-0.026513639837503433,-0.09796791523694992,256,384
0,9,-0.6266022324562073,3.282102108001709,0.057689569890499115,-0.09796791523694992,249,385
 , , , , , , , 
0,0,-0.1209232360124588,1.2628188133239746,-0.23318177461624146,-0.09796791523694992,236,516
0,1,-0.12367149442434311,1.2911443710327148,-0.2405024915933609,-0.09796791523694992,238,514
0,2,-0.3050563335418701,3.2395153045654297,0.023873018100857735,-0.09796791523694992,260,398
0,3,-0.3078046143054962,3.2687630653381348,0.013037039898335934,-0.09796791523694992,306,399
0,4,-0.3105528652667999,3.2977778911590576,-0.03600829467177391,-0.09796791523694992,320,401
0,5,-0.2088674157857895,3.3341970443725586,-0.08750440925359726,-0.09796791523694992,301,406
0,6,0.10534979403018951,3.3695192337036133,0.01365993358194828,-0.09796791523694992,260,424
 , , , , , , , 
0,0,-0.08061549067497253,1.265993595123291,-0.23338544368743896,-0.09796791523694992,248,495
0,1,-0.08244766294956207,1.2931703329086304,-0.2471899539232254,-0.09796791523694992,244,495
0,2,-0.20337089896202087,3.247565269470215,-0.007063678000122309,-0.09796791523694992,267,380
0,3,-0.2052030712366104,3.276824712753296,-0.006002772133797407,-0.09796791523694992,308,382
0,4,-0.20703524351119995,3.305940866470337,-0.03115078993141651,-0.09796791523694992,315,383
0,5,0.0,3.3413095474243164,0.06167268007993698,-0.09796791523694992,292,388
0,6,0.21069958806037903,3.3637475967407227,0.07585281878709793,-0.09796791523694992,251,409
0,7,-0.9481481313705444,1.9902275800704956,-2.5504813194274902,-0.09796791523694992,251,409
 , , , , , , , 
0,0,0.0,1.2861711978912354,-0.09732036292552948,0.09796791523694992,236,349
0,1,0.0,1.3144149780273438,-0.11181779205799103,0.09796791523694992,234,346
0,2,0.1026015356183052,3.269533395767212,-0.2816924750804901,-0.09796791523694992,231,330
0,3,0.10351762175559998,3.296248435974121,-0.3116251230239868,-0.09796791523694992,240,333
 , , , , , , , 
0,0,0.039391662925481796,1.2559269666671753,-0.10019882768392563,0.09796791523694992,265,383
0,1,0.04030774533748627,1.283345103263855,-0.1229153573513031,0.09796791523694992,284,387
0,2,0.041223831474781036,1.3110735416412354,-0.1399172842502594,0.09796791523694992,272,395
0,3,0.10168544948101044,3.2523105144500732,0.014989594928920269,0.09796791523694992,240,352
0,4,0.1026015356183052,3.2813944816589355,0.04060386121273041,0.09796791523694992,288,352
0,5,0.10351762175559998,3.3107542991638184,0.03563905879855156,0.09796791523694992,305,349
0,6,0.10443370789289474,3.3401870727539062,-0.0199265256524086,0.09796791523694992,286,351
0,7,0.0,3.3655779361724854,-0.1945016235113144,0.09796791523694992,227,372
0,8,0.07878332585096359,1.2311792373657227,-0.25871771574020386,-0.09796791523694992,236,380
0,9,0.08061549067497253,1.256220817565918,-0.28127914667129517,-0.09796791523694992,256,381
0,10,0.041223831474781036,1.2823277711868286,-0.30679965019226074,-0.09796791523694992,248,384
0,11,0.2052030712366104,3.254699468612671,-0.3801957368850708,-0.09796791523694992,266,339
0,12,0.20703524351119995,3.284306526184082,-0.3788747787475586,-0.09796791523694992,280,338
0,13,0.10443370789289474,3.310506820678711,-0.44473662972450256,-0.09796791523694992,262,341
 , , , , , , , 
0,0,0.04030774533748627,1.282994031906128,-0.126526340842247,0.09796791523694992,234,371
0,1,0.041223831474781036,1.3117088079452515,-0.13383029401302338,0.09796791523694992,229,370
0,2,0.2052030712366104,3.276704788208008,0.028679346665740013,0.09796791523694992,241,337
0,3,0.20703524351119995,3.3058319091796875,0.04111691564321518,0.09796791523694992,260,337
0,4,0.10443370789289474,3.3378987312316895,0.12521520256996155,0.09796791523694992,252,336
 , , , , , , , 
0,0,0.2052030712366104,3.27679443359375,0.015324689447879791,0.09796791523694992,245,365
0,1,0.20703524351119995,3.3057312965393066,0.048548273742198944,0.09796791523694992,267,365
0,2,0.2088674157857895,3.3320765495300293,0.14762577414512634,0.09796791523694992,263,363
0,3,0.2052030712366104,3.2537624835968018,-0.3881318271160126,-0.09796791523694992,255,336
0,4,0.20703524351119995,3.2875173091888428,-0.3499218225479126,-0.09796791523694992,279,333
0,5,0.2088674157857895,3.3251450061798096,-0.2606463134288788,-0.09796791523694992,274,332
0,6,0.10534979403018951,3.3693058490753174,-0.04030526429414749,-0.09796791523694992,237,345
 , , , , , , , 
0,0,0.2052030712366104,3.276824712753296,0.0059836688451468945,0.09796791523694992,244,348
0,1,0.20703524351119995,3.3056747913360596,0.05225132778286934,0.09796791523694992,273,344
0,2,0.2088674157857895,3.3314218521118164,0.16172640025615692,0.09796791523694992,271,343
0,3,0.10534979403018951,3.346106767654419,0.3967575430870056,0.09796791523694992,236,355
0,4,0.2052030712366104,3.249363660812378,-0.4233812391757965,-0.09796791523694992,236,340
0,5,0.20703524351119995,3.2855610847473145,-0.36783745884895325,-0.09796791523694992,264,336
0,6,0.2088674157857895,3.3256235122680664,-0.2544708251953125,-0.09796791523694992,259,338
 , , , , , , , 
0,0,0.10351762175559998,3.309553861618042,0.09600698947906494,0.09796791523694992,241,344
0,1,0.10443370789289474,3.3364031314849854,0.16019253432750702,0.09796791523694992,238,344
0,2,0.2052030712366104,3.261249303817749,-0.3191703259944916,-0.09796791523694992,232,341
0,3,0.20703524351119995,3.292818784713745,-0.295905202627182,-0.09796791523694992,254,341
0,4,0.10443370789289474,3.3356361389160156,-0.17543594539165497,-0.09796791523694992,246,344
 , , , , , , , 
0,0,0.0,3.2758398056030273,0.2204495519399643,0.09796791523694992,234,326
0,1,0.0,3.302992582321167,0.25163426995277405,0.09796791523694992,253,328
0,2,0.0,3.3260433673858643,0.32494381070137024,0.09796791523694992,244,332
0,3,0.1026015356183052,3.275627851486206,-0.1986464112997055,-0.09796791523694992,229,340
0,4,0.10351762175559998,3.3066537380218506,-0.16853973269462585,-0.09796791523694992,252,337
0,5,0.10443370789289474,3.33917498588562,-0.08460007607936859,-0.09796791523694992,247,336
 , , , , , , , 
0,0,-0.039391662925481796,1.258993148803711,-0.04825316369533539,0.09796791523694992,249,371
0,1,-0.04030774533748627,1.287374496459961,-0.06891836225986481,0.09796791523694992,275,368
0,2,-0.08244766294956207,1.3128869533538818,-0.09859093278646469,0.09796791523694992,270,367
0,3,-0.1026015356183052,3.2707581520080566,0.26709485054016113,0.09796791523694992,254,356
0,4,-0.10351762175559998,3.3007705211639404,0.25938189029693604,0.09796791523694992,274,352
0,5,-0.10443370789289474,3.331451892852783,0.24222922325134277,0.09796791523694992,259,353
0,6,-0.039391662925481796,1.2423290014266968,-0.20978803932666779,-0.09796791523694992,252,406
0,7,-0.04030774533748627,1.2678680419921875,-0.2336522489786148,-0.09796791523694992,276,406
0,8,-0.041223831474781036,1.2932639122009277,-0.25682470202445984,-0.09796791523694992,269,407
0,9,-0.10168544948101044,3.248821258544922,-0.1513591855764389,-0.09796791523694992,230,366
0,10,-0.1026015356183052,3.2783918380737305,-0.14609818160533905,-0.09796791523694992,279,365
0,11,-0.10351762175559998,3.307530641555786,-0.15035097301006317,-0.09796791523694992,297,364
0,12,-0.10443370789289474,3.336308002471924,-0.16216033697128296,-0.09796791523694992,280,366
 , , , , , , , 
0,0,-0.2052030712366104,3.258065938949585,0.3501758575439453,0.09796791523694992,249,342
0,1,-0.20703524351119995,3.2922115325927734,0.3025859594345093,0.09796791523694992,262,340
0,2,-0.2088674157857895,3.3315351009368896,0.15937787294387817,0.09796791523694992,237,345
0,3,-0.07878332585096359,1.2419949769973755,-0.20046311616897583,-0.09796791523694992,227,394
0,4,-0.08061549067497253,1.2675167322158813,-0.22496668994426727,-0.09796791523694992,243,399
0,5,-0.08244766294956207,1.2894624471664429,-0.265855073928833,-0.09796791523694992,234,402
0,6,-0.2052030712366104,3.276294231414795,-0.05926591902971268,-0.09796791523694992,254,362
0,7,-0.20703524351119995,3.3038103580474854,-0.12269124388694763,-0.09796791523694992,270,358
0,8,-0.2088674157857895,3.320566177368164,-0.31363630294799805,-0.09796791523694992,249,360
 , , , , , , , 
0,0,-0.19695831835269928,1.2449785470962524,0.013402596116065979,0.09796791523694992,259,386
0,1,-0.20153872668743134,1.2739989757537842,0.004035787656903267,0.09796791523694992,286,382
0,2,-0.20611914992332458,1.3029565811157227,-0.0030286607798188925,0.09796791523694992,282,379
0,3,-0.40674179792404175,3.165908098220825,0.6321992874145508,0.09796791523694992,225,345
0,4,-0.4104061424732208,3.2015087604522705,0.601359486579895,0.09796791523694992,268,339
0,5,-0.4140704870223999,3.229959726333618,0.6074420213699341,0.09796791523694992,275,337
0,6,-0.2088674157857895,3.227123975753784,0.8427326679229736,0.09796791523694992,254,338
0,7,-0.15756665170192719,1.2432290315628052,-0.13600848615169525,-0.09796791523694992,249,461
0,8,-0.16123098134994507,1.271679162979126,-0.143332377076149,-0.09796791523694992,273,458
0,9,-0.20611914992332458,1.2951405048370361,-0.14253464341163635,-0.09796791523694992,265,458
0,10,-0.4104061424732208,3.2518880367279053,0.19109266996383667,-0.09796791523694992,244,420
0,11,-0.3105528652667999,3.2898871898651123,0.23082174360752106,-0.09796791523694992,249,418
0,12,0.0,3.306218147277832,0.4869028329849243,-0.09796791523694992,235,417
 , , , , , , , 
0,0,-0.23634997010231018,1.2349579334259033,0.08922666311264038,0.09796791523694992,226,356
0,1,-0.2821542024612427,1.2573949098587036,0.05526936426758766,0.09796791523694992,247,355
0,2,-0.28856682777404785,1.2872098684310913,0.003190977033227682,0.09796791523694992,239,353
0,3,-0.2418464720249176,1.260769009590149,-0.12521743774414062,-0.09796791523694992,243,373
0,4,-0.24734298884868622,1.2821208238601685,-0.18755680322647095,-0.09796791523694992,235,371
 , , , , , , , 
0,0,-0.2821542024612427,1.2568473815917969,0.06656802445650101,0.09796791523694992,228,421
0,1,-0.718210756778717,3.1805543899536133,0.38467323780059814,0.09796791523694992,255,336
0,2,-0.7246233224868774,3.2104365825653076,0.37563011050224304,0.09796791523694992,254,337
0,3,-0.2821542024612427,1.2553197145462036,-0.09093362092971802,-0.09796791523694992,236,393
0,4,-0.28856682777404785,1.2800183296203613,-0.13591322302818298,-0.09796791523694992,232,387
 , , , , , , , 
0,0,-0.32246196269989014,1.2470502853393555,0.06776062399148941,0.09796791523694992,230,429
0,1,-0.8208122849464417,3.1496057510375977,0.43124884366989136,0.09796791523694992,261,351
0,2,-0.8281409740447998,3.184619665145874,0.38139134645462036,0.09796791523694992,267,348
0,3,-0.7310359477996826,3.26090407371521,0.015612952411174774,0.09796791523694992,231,354
0,4,-0.32246196269989014,1.2454744577407837,-0.0922994613647461,-0.09796791523694992,233,402
0,5,-0.8208122849464417,3.17899227142334,0.0009928413201123476,-0.09796791523694992,237,348
0,6,-0.7246233224868774,3.232334613800049,-0.003797557670623064,-0.09796791523694992,243,345
 , , , , , , , 
0,0,-0.3627697229385376,1.2369585037231445,0.0451594740152359,0.09796791523694992,241,487
0,1,-0.37101447582244873,1.2654176950454712,0.03544427081942558,0.09796791523694992,240,479
0,2,-0.9151690602302551,3.0917577743530273,0.43770885467529297,0.09796791523694992,271,371
0,3,-0.8208122849464417,3.1445798873901367,0.4664871394634247,0.09796791523694992,315,368
0,4,-0.8281409740447998,3.180417537689209,0.41497793793678284,0.09796791523694992,327,365
0,5,-0.7310359477996826,3.243638038635254,0.33548659086227417,0.09796791523694992,302,371
0,6,-0.6320987939834595,3.311068058013916,0.04717918857932091,0.09796791523694992,242,393
 , , , , , , , 
0,0,-0.40307745337486267,1.2248300313949585,0.03205167502164841,0.09796791523694992,251,465
0,1,-0.41223829984664917,1.253057837486267,0.009783568792045116,0.09796791523694992,256,455
0,2,-1.0168545246124268,3.0673656463623047,0.38126689195632935,0.09796791523694992,238,388
0,3,-0.9234138131141663,3.1246602535247803,0.40438851714134216,0.09796791523694992,284,388
0,4,-0.9316586256027222,3.1589388847351074,0.3552438020706177,0.09796791523694992,302,386
0,5,-0.835469663143158,3.218472719192505,0.3340316414833069,0.09796791523694992,289,388
0,6,-0.7374485731124878,3.280665397644043,0.24155627191066742,0.09796791523694992,246,405
 , , , , , , , 
0,0,-0.44338518381118774,1.2111310958862305,0.01668754778802395,0.09796791523694992,257,500
0,1,-0.453462153673172,1.2387568950653076,0.006597915664315224,0.09796791523694992,264,490
0,2,-0.46353909373283386,1.2662721872329712,-0.008804251439869404,0.09796791523694992,227,495
0,3,-1.0168545246124268,3.070594310760498,0.3543267548084259,0.09796791523694992,243,418
0,4,-1.0260154008865356,3.0982742309570312,0.3573717176914215,0.09796791523694992,287,421
0,5,-1.0351762771606445,3.1323273181915283,0.30002346634864807,0.09796791523694992,303,418
0,6,-0.9399033784866333,3.2005419731140137,0.20313821732997894,0.09796791523694992,289,421
0,7,-0.7374485731124878,3.2875640392303467,0.11418316513299942,0.09796791523694992,248,439
 , , , , , , , 
0,0,-0.44338518381118774,1.2099969387054443,0.054995447397232056,0.09796791523694992,246,398
0,1,-0.453462153673172,1.238159418106079,0.03903261944651604,0.09796791523694992,250,392
0,2,-1.1286169290542603,3.0578958988189697,0.3939805328845978,0.09796791523694992,245,349
0,3,-1.1386938095092773,3.0876541137695312,0.37795236706733704,0.09796791523694992,259,350
0,4,-1.0443370342254639,3.1632726192474365,0.2668686807155609,0.09796791523694992,242,352
0,5,-0.44338518381118774,1.2056899070739746,-0.11588270217180252,-0.09796791523694992,247,370
0,6,-0.453462153673172,1.231911301612854,-0.13021768629550934,-0.09796791523694992,251,365
0,7,-1.0351762771606445,3.146185874938965,-0.05480564758181572,-0.09796791523694992,235,346
 , , , , , , , 
0,0,-0.44338518381118774,1.2111109495162964,0.018095193430781364,0.09796791523694992,242,480
0,1,-0.453462153673172,1.238766074180603,-0.004555404186248779,0.09796791523694992,248,476
0,2,-1.1185399293899536,3.0488901138305664,0.2030462920665741,0.09796791523694992,232,389
0,3,-1.1286169290542603,3.072963237762451,0.2506887912750244,0.09796791523694992,277,394
0,4,-1.1386938095092773,3.1003663539886475,0.25334563851356506,0.09796791523694992,291,396
0,5,-1.148770809173584,3.1373307704925537,0.07505618035793304,0.09796791523694992,276,395
0,6,-0.8427983522415161,3.263101816177368,0.08247599750757217,0.09796791523694992,231,410
 , , , , , , , 
0,0,-0.44338518381118774,1.210565447807312,0.04060021787881851,0.09796791523694992,239,399
0,1,-0.453462153673172,1.2385433912277222,0.02392256259918213,0.09796791523694992,246,394
0,2,-0.40307745337486267,1.220097541809082,-0.11224072426557541,-0.09796791523694992,245,369
0,3,-0.453462153673172,1.231853723526001,-0.13076162338256836,-0.09796791523694992,255,362
0,4,-0.46353909373283386,1.259015440940857,-0.13565757870674133,-0.09796791523694992,228,364
0,5,-1.1386938095092773,3.108020782470703,-0.12908442318439484,-0.09796791523694992,235,346
 , , , , , , , 
0,0,-0.44338518381118774,1.2111315727233887,0.016656123101711273,0.09796791523694992,246,425
0,1,-0.453462153673172,1.2387744188308716,0.00029975915094837546,0.09796791523694992,260,419
0,2,-0.46353909373283386,1.2661356925964355,0.020569153130054474,0.09796791523694992,237,420
0,3,-1.1286169290542603,3.0737385749816895,0.24099694192409515,0.09796791523694992,234,388
0,4,-1.1386938095092773,3.0977237224578857,0.2838364839553833,0.09796791523694992,251,389
0,5,-1.2532044649124146,3.0939249992370605,0.1589309722185135,0.09796791523694992,233,389
0,6,-0.40307745337486267,1.2166627645492554,-0.14480264484882355,-0.09796791523694992,235,394
0,7,-0.41223829984664917,1.2423694133758545,-0.16360843181610107,-0.09796791523694992,246,391
0,8,-0.42139917612075806,1.2731391191482544,-0.14117614924907684,-0.09796791523694992,225,391
0,9,-1.0260154008865356,3.1119675636291504,-0.20657935738563538,-0.09796791523694992,231,353
0,10,-1.1386938095092773,3.1051902770996094,-0.18506526947021484,-0.09796791523694992,248,354
0,11,-1.148770809173584,3.129593849182129,-0.2326384037733078,-0.09796791523694992,232,352
 , , , , , , , 
0,0,-0.40307745337486267,1.224532961845398,-0.041895221918821335,0.09796791523694992,249,452
0,1,-0.41223829984664917,1.250988245010376,-0.07264934480190277,0.09796791523694992,270,441
0,2,-0.42139917612075806,1.2780835628509521,-0.08553467690944672,0.09796791523694992,253,439
0,3,-1.0260154008865356,3.1098430156707764,0.23641832172870636,0.09796791523694992,231,426
0,4,-1.0351762771606445,3.132322072982788,0.3000791072845459,0.09796791523694992,246,434
0,5,-1.148770809173584,3.110781192779541,0.4141489267349243,0.09796791523694992,235,435
0,6,-0.3627697229385376,1.2201379537582397,-0.20825229585170746,-0.09796791523694992,263,377
0,7,-0.41223829984664917,1.2299281358718872,-0.23984630405902863,-0.09796791523694992,278,371
0,8,-0.42139917612075806,1.2526986598968506,-0.2675073742866516,-0.09796791523694992,261,371
0,9,-1.0260154008865356,3.112154006958008,-0.20375089347362518,-0.09796791523694992,245,354
0,10,-1.0351762771606445,3.1437482833862305,-0.13540975749492645,-0.09796791523694992,270,353
0,11,-1.0443370342254639,3.1743640899658203,-0.030411314219236374,-0.09796791523694992,263,352
 , , , , , , , 
0,0,-0.37101447582244873,1.2635513544082642,-0.07730598002672195,0.09796791523694992,235,389
0,1,-0.9316586256027222,3.1537342071533203,0.39881327748298645,0.09796791523694992,229,380
0,2,-0.3627697229385376,1.2190536260604858,-0.2145083099603653,-0.09796791523694992,228,417
0,3,-0.37101447582244873,1.2388646602630615,-0.2602936923503876,-0.09796791523694992,237,416
0,4,-0.9234138131141663,3.149561882019043,-0.08539199829101562,-0.09796791523694992,234,376
0,5,-0.9316586256027222,3.1782643795013428,-0.06105715036392212,-0.09796791523694992,269,371
0,6,-0.835469663143158,3.2356815338134766,0.022538229823112488,-0.09796791523694992,273,367
0,7,-0.8427983522415161,3.2600367069244385,0.163699209690094,-0.09796791523694992,239,375
 , , , , , , , 
0,0,-0.37101447582244873,1.26170814037323,-0.10310573130846024,0.09796791523694992,236,384
0,1,-0.8281409740447998,3.1917731761932373,0.3159845173358917,0.09796791523694992,248,356
0,2,-0.835469663143158,3.2139480113983154,0.37507620453834534,0.09796791523694992,251,356
0,3,-0.7374485731124878,3.2626638412475586,0.4196914732456207,0.09796791523694992,225,363
0,4,-0.32246196269989014,1.229255199432373,-0.22058437764644623,-0.09796791523694992,230,366
0,5,-0.3297906517982483,1.2501853704452515,-0.2616577446460724,-0.09796791523694992,233,371
0,6,-0.8281409740447998,3.2069249153137207,-0.0538034625351429,-0.09796791523694992,239,348
0,7,-0.7310359477996826,3.2608845233917236,-0.019273752346634865,-0.09796791523694992,246,345
 , , , , , , , 
0,0,-0.3297906517982483,1.2713147401809692,-0.12323510646820068,0.09796791523694992,240,378
0,1,-0.7246233224868774,3.2256462574005127,0.20786282420158386,0.09796791523694992,232,370
0,2,-0.6266022324562073,3.2771739959716797,0.1888175904750824,0.09796791523694992,242,370
0,3,-0.5267489552497864,3.3252387046813965,0.17397791147232056,0.09796791523694992,226,374
0,4,-0.2821542024612427,1.2338690757751465,-0.24832196533679962,-0.09796791523694992,230,358
0,5,-0.28856682777404785,1.259661078453064,-0.26490211486816406,-0.09796791523694992,244,353
0,6,-0.29497942328453064,1.2846274375915527,-0.2847994565963745,-0.09796791523694992,225,353
0,7,-0.6211057305335999,3.246774196624756,-0.21392831206321716,-0.09796791523694992,239,354
0,8,-0.6266022324562073,3.27353572845459,-0.24389611184597015,-0.09796791523694992,251,352
0,9,-0.5267489552497864,3.319718599319458,-0.2587442398071289,-0.09796791523694992,234,356
 , , , , , , , 
0,0,-0.6156092286109924,3.2157320976257324,0.2445763647556305,0.09796791523694992,237,360
0,1,-0.6211057305335999,3.249300479888916,0.17132976651191711,0.09796791523694992,275,359
0,2,-0.6266022324562073,3.2802681922912598,0.12394478917121887,0.09796791523694992,285,360
0,3,-0.5267489552497864,3.3279550075531006,0.11043673753738403,0.09796791523694992,262,369
0,4,-0.6156092286109924,3.221463203430176,-0.1514095962047577,-0.09796791523694992,243,380
0,5,-0.6211057305335999,3.247067928314209,-0.20941878855228424,-0.09796791523694992,281,378
0,6,-0.5221685171127319,3.294074058532715,-0.21111415326595306,-0.09796791523694992,295,375
0,7,-0.5267489552497864,3.3201119899749756,-0.2536470293998718,-0.09796791523694992,272,384
 , , , , , , , 
0,0,-0.4104061424732208,3.2524099349975586,0.18199115991592407,0.09796791523694992,266,348
0,1,-0.4140704870223999,3.2834997177124023,0.14231634140014648,0.09796791523694992,300,348
0,2,-0.417734831571579,3.3141696453094482,0.09964673221111298,0.09796791523694992,309,349
0,3,-0.42139917612075806,3.3445754051208496,0.034400489181280136,0.09796791523694992,282,361
0,4,-0.4104061424732208,3.2466001510620117,-0.26623064279556274,-0.09796791523694992,260,395
0,5,-0.4140704870223999,3.272338390350342,-0.3056581914424896,-0.09796791523694992,298,392
0,6,-0.417734831571579,3.2969677448272705,-0.35164326429367065,-0.09796791523694992,312,387
0,7,-0.31604939699172974,3.334324836730957,-0.383843332529068,-0.09796791523694992,288,397
 , , , , , , , 
0,0,-0.3078046143054962,3.265756368637085,0.14077112078666687,0.09796791523694992,279,340
0,1,-0.3105528652667999,3.2958567142486572,0.11817014962434769,0.09796791523694992,310,342
0,2,-0.31330111622810364,3.3262898921966553,0.07609371840953827,0.09796791523694992,311,347
0,3,-0.31604939699172974,3.3563313484191895,-0.00992158055305481,0.09796791523694992,277,363
0,4,-0.3050563335418701,3.2289350032806396,-0.2626952826976776,-0.09796791523694992,226,374
0,5,-0.3078046143054962,3.2560737133026123,-0.2880382835865021,-0.09796791523694992,289,374
0,6,-0.3105528652667999,3.282411575317383,-0.3200165033340454,-0.09796791523694992,322,373
0,7,-0.31330111622810364,3.305833339691162,-0.3761141300201416,-0.09796791523694992,328,373
0,8,-0.31604939699172974,3.3206253051757812,-0.4883701503276825,-0.09796791523694992,293,388
 , , , , , , , 
0,0,-0.04030774533748627,1.2841404676437378,-0.11430622637271881,0.09796791523694992,232,392
0,1,-0.08244766294956207,1.3096835613250732,-0.13461515307426453,0.09796791523694992,233,390
0,2,-0.1026015356183052,3.2816367149353027,-0.007617990951985121,0.09796791523694992,276,354
0,3,-0.10351762175559998,3.3109397888183594,0.006514078006148338,0.09796791523694992,307,352
0,4,-0.10443370789289474,3.340139865875244,-0.02669285237789154,0.09796791523694992,305,355
0,5,-0.10534979403018951,3.364269495010376,-0.188510924577713,0.09796791523694992,262,370
0,6,-0.1026015356183052,3.256312370300293,-0.4069732427597046,-0.09796791523694992,253,352
0,7,-0.10351762175559998,3.2864298820495605,-0.40217313170433044,-0.09796791523694992,285,349
0,8,-0.10443370789289474,3.3098158836364746,-0.44984936714172363,-0.09796791523694992,285,350
0,9,-0.10534979403018951,3.311098575592041,-0.6248778104782104,-0.09796791523694992,243,364
 , , , , , , , 
0,0,0.20703524351119995,3.306055784225464,-0.014524364843964577,0.09796791523694992,227,340
0,1,0.3105528652667999,3.2679872512817383,-0.44373005628585815,-0.09796791523694992,227,344
 , , , , , , , 
0,0,0.2052030712366104,3.2762978076934814,-0.05907462537288666,0.09796791523694992,251,348
0,1,0.20703524351119995,3.3057501316070557,-0.04725015163421631,0.09796791523694992,275,348
0,2,0.31330111622810364,3.3271331787109375,0.013408170081675053,0.09796791523694992,270,349
0,3,0.3078046143054962,3.239743947982788,-0.43478822708129883,-0.09796791523694992,247,334
0,4,0.3105528652667999,3.2693076133728027,-0.43389448523521423,-0.09796791523694992,274,332
0,5,0.31330111622810364,3.3061323165893555,-0.373476505279541,-0.09796791523694992,272,330
0,6,0.42139917612075806,3.3358867168426514,-0.24336980283260345,-0.09796791523694992,225,341
 , , , , , , , 
0,0,0.20703524351119995,3.3050806522369385,0.08159491419792175,0.09796791523694992,238,336
0,1,0.2088674157857895,3.331507921218872,0.15994462370872498,0.09796791523694992,230,339
0,2,0.20703524351119995,3.293976068496704,-0.2827337086200714,-0.09796791523694992,246,337
0,3,0.31330111622810364,3.3185791969299316,-0.2388027161359787,-0.09796791523694992,242,335
 , , , , , , , 
0,0,0.10351762175559998,3.2856760025024414,-0.40828657150268555,-0.09796791523694992,227,350
 , , , , , , , 
0,0,-0.10351762175559998,3.3109374046325684,-0.007573924493044615,0.09796791523694992,243,369
0,1,0.0,3.3399863243103027,0.11244501173496246,0.09796791523694992,241,368
0,2,0.0,3.2869303226470947,-0.4113008677959442,-0.09796791523694992,251,345
0,3,0.0,3.327986240386963,-0.30440273880958557,-0.09796791523694992,247,345
 , , , , , , , 
0,0,-0.2052030712366104,3.276320457458496,-0.05779528617858887,0.09796791523694992,240,376
0,1,-0.10351762175559998,3.310584783554077,0.048912473022937775,0.09796791523694992,272,374
0,2,-0.10443370789289474,3.3384034633636475,0.1109408438205719,0.09796791523694992,277,371
0,3,-0.21069958806037903,3.3583261966705322,0.2054165005683899,0.09796791523694992,241,377
0,4,-0.1026015356183052,3.249894618988037,-0.4553942084312439,-0.09796791523694992,241,352
0,5,-0.10351762175559998,3.2864038944244385,-0.40238428115844727,-0.09796791523694992,272,350
0,6,-0.10443370789289474,3.323190212249756,-0.3371244966983795,-0.09796791523694992,277,345
0,7,-0.10534979403018951,3.3641574382781982,-0.19050535559654236,-0.09796791523694992,235,355
 , , , , , , , 
0,0,-0.1209232360124588,1.28117036819458,-0.08767905831336975,0.09796791523694992,237,396
0,1,-0.16489532589912415,1.3040614128112793,-0.1114601418375969,0.09796791523694992,236,397
0,2,-0.3078046143054962,3.265557050704956,0.14532318711280823,0.09796791523694992,280,347
0,3,-0.3105528652667999,3.2944886684417725,0.15159419178962708,0.09796791523694992,310,346
0,4,-0.31330111622810364,3.324528217315674,0.1323164850473404,0.09796791523694992,311,345
0,5,-0.31604939699172974,3.3556606769561768,0.06781668961048126,0.09796791523694992,270,360
0,6,-0.11817498505115509,1.2345856428146362,-0.22533735632896423,-0.09796791523694992,232,420
0,7,-0.1209232360124588,1.2616398334503174,-0.2394786924123764,-0.09796791523694992,260,420
0,8,-0.12367149442434311,1.2883868217468262,-0.2548622786998749,-0.09796791523694992,262,420
0,9,-0.12641975283622742,1.3167818784713745,-0.26171544194221497,-0.09796791523694992,227,427
0,10,-0.2052030712366104,3.268172264099121,-0.23804989457130432,-0.09796791523694992,276,396
0,11,-0.20703524351119995,3.2975451946258545,-0.23750869929790497,-0.09796791523694992,301,400
0,12,-0.31330111622810364,3.316932201385498,-0.2606843411922455,-0.09796791523694992,300,402
0,13,-0.31604939699172974,3.3378207683563232,-0.3521522283554077,-0.09796791523694992,259,416
 , , , , , , , 
0,0,-0.4104061424732208,3.2572264671325684,-0.042039088904857635,0.0,249,357
0,1,-0.4140704870223999,3.285280466079712,-0.09250932931900024,0.0,279,356
0,2,-0.417734831571579,3.3101632595062256,-0.1909693330526352,0.0,284,354
0,3,-0.31604939699172974,3.341998815536499,-0.31000474095344543,0.0,250,367
 , , , , , , , 
0,0,-0.23634997010231018,1.2357475757598877,-0.07752850651741028,0.09796791523694992,227,389
0,1,-0.2418464720249176,1.2648440599441528,-0.07339923083782196,0.09796791523694992,257,388
0,2,-0.24734298884868622,1.2937159538269043,-0.07287333905696869,0.09796791523694992,258,387
0,3,-0.5130077004432678,3.2156894207000732,0.41939228773117065,0.09796791523694992,269,338
0,4,-0.5175881385803223,3.248004198074341,0.3945247530937195,0.09796791523694992,287,342
0,5,-0.417734831571579,3.2895514965057373,0.4153330326080322,0.09796791523694992,280,346
0,6,-0.21069958806037903,3.3352057933807373,0.4437945485115051,0.09796791523694992,243,361
0,7,-0.19695831835269928,1.226825475692749,-0.2122511863708496,-0.09796791523694992,238,416
0,8,-0.20153872668743134,1.2559194564819336,-0.2139064222574234,-0.09796791523694992,271,413
0,9,-0.20611914992332458,1.2851494550704956,-0.21469923853874207,-0.09796791523694992,271,414
0,10,-0.25283950567245483,1.3085644245147705,-0.20523779094219208,-0.09796791523694992,233,423
0,11,-0.5130077004432678,3.242645025253296,0.042442355304956436,-0.09796791523694992,244,397
0,12,-0.4140704870223999,3.28649640083313,0.023794645443558693,-0.09796791523694992,266,398
0,13,-0.417734831571579,3.3156168460845947,0.018304239958524704,-0.09796791523694992,266,395
0,14,-0.21069958806037903,3.364372968673706,0.03931519761681557,-0.09796791523694992,234,406
 , , , , , , , 
0,0,-0.3297906517982483,1.277018666267395,-0.02552090212702751,0.09796791523694992,226,402
0,1,-0.7246233224868774,3.1754541397094727,0.603731095790863,0.09796791523694992,225,351
0,2,-0.2821542024612427,1.2478549480438232,-0.1641782522201538,-0.09796791523694992,244,407
0,3,-0.28856682777404785,1.2698516845703125,-0.21070364117622375,-0.09796791523694992,250,401
 , , , , , , , 
0,0,-0.3627697229385376,1.2377756834030151,-0.004107635468244553,0.09796791523694992,226,463
0,1,-0.9234138131141663,3.144954204559326,0.19051414728164673,0.09796791523694992,267,371
0,2,-0.8281409740447998,3.1964666843414307,0.2643166482448578,0.09796791523694992,280,375
0,3,-0.9399033784866333,3.2049448490142822,0.11429419368505478,0.09796791523694992,264,377
0,4,-0.3297906517982483,1.268154501914978,-0.15235531330108643,-0.09796791523694992,229,425
 , , , , , , , 
0,0,-0.40307745337486267,1.2248671054840088,0.030605001375079155,0.09796791523694992,254,424
0,1,-0.41223829984664917,1.2530087232589722,-0.014788397587835789,0.09796791523694992,253,424
0,2,-1.0260154008865356,3.1137611865997314,0.17750504612922668,0.09796791523694992,271,362
0,3,-0.9316586256027222,3.1724627017974854,0.20142659544944763,0.09796791523694992,292,360
0,4,-0.9399033784866333,3.205348491668701,0.10235068947076797,0.09796791523694992,284,360
0,5,-0.7374485731124878,3.2895069122314453,0.016112636774778366,0.09796791523694992,235,375
0,6,-0.3627697229385376,1.231294870376587,-0.12656445801258087,-0.09796791523694992,250,395
0,7,-0.37101447582244873,1.2541941404342651,-0.1718589961528778,-0.09796791523694992,251,394
0,8,-0.9234138131141663,3.144012451171875,-0.20547156035900116,-0.09796791523694992,232,363
0,9,-0.9316586256027222,3.1704039573669434,-0.23158355057239532,-0.09796791523694992,250,366
0,10,-0.835469663143158,3.223036527633667,-0.2866670787334442,-0.09796791523694992,241,366
 , , , , , , , 
0,0,-0.40307745337486267,1.2251437902450562,0.016087964177131653,0.09796791523694992,251,411
0,1,-0.41223829984664917,1.2524452209472656,-0.040378522127866745,0.09796791523694992,256,408
0,2,-0.42139917612075806,1.273848056793213,-0.13462893664836884,0.09796791523694992,227,410
0,3,-1.0260154008865356,3.113474130630493,0.18247078359127045,0.09796791523694992,263,344
0,4,-0.9316586256027222,3.170513868331909,0.23007270693778992,0.09796791523694992,290,341
0,5,-0.9399033784866333,3.2020366191864014,0.17803427577018738,0.09796791523694992,286,341
0,6,-0.7374485731124878,3.2868549823760986,0.13303858041763306,0.09796791523694992,244,355
0,7,-0.40307745337486267,1.2160807847976685,-0.1496114879846573,-0.09796791523694992,245,390
0,8,-0.41223829984664917,1.235694169998169,-0.2081088125705719,-0.09796791523694992,248,390
0,9,-0.9234138131141663,3.1450791358947754,-0.1884394735097885,-0.09796791523694992,237,342
0,10,-0.9316586256027222,3.172654867172241,-0.19837717711925507,-0.09796791523694992,262,343
0,11,-0.835469663143158,3.2286839485168457,-0.2138766348361969,-0.09796791523694992,258,341
 , , , , , , , 
0,0,-0.44338518381118774,1.211193323135376,0.01130648236721754,0.09796791523694992,259,407
0,1,-0.453462153673172,1.2381386756896973,-0.03968342766165733,0.09796791523694992,267,402
0,2,-0.46353909373283386,1.2589949369430542,-0.1358470767736435,0.09796791523694992,235,405
0,3,-1.0260154008865356,3.1089649200439453,0.247698113322258,0.09796791523694992,228,375
0,4,-1.0351762771606445,3.137892723083496,0.2347734123468399,0.09796791523694992,252,378
0,5,-0.9399033784866333,3.199709415435791,0.2158547341823578,0.09796791523694992,247,379
0,6,-0.39391663670539856,1.1921766996383667,-0.11175078898668289,-0.09796791523694992,225,378
0,7,-0.40307745337486267,1.2166327238082886,-0.14505457878112793,-0.09796791523694992,267,371
0,8,-0.41223829984664917,1.2368055582046509,-0.20139865577220917,-0.09796791523694992,274,367
0,9,-0.42139917612075806,1.2439802885055542,-0.30549463629722595,-0.09796791523694992,243,369
0,10,-1.0260154008865356,3.1117992401123047,-0.20910051465034485,-0.09796791523694992,236,343
0,11,-0.9316586256027222,3.173736572265625,-0.18024620413780212,-0.09796791523694992,260,344
0,12,-0.9399033784866333,3.1986443996429443,-0.23110288381576538,-0.09796791523694992,258,343
 , , , , , , , 
0,0,-0.40307745337486267,1.2174186706542969,-0.13830292224884033,-0.09796791523694992,228,335
0,1,-0.41223829984664917,1.2375843524932861,-0.19655705988407135,-0.09796791523694992,235,332
 , , , , , , , 
0,0,-0.44338518381118774,1.211244821548462,0.0017517423257231712,0.09796791523694992,262,422
0,1,-0.453462153673172,1.2379398345947266,-0.04546397551894188,0.09796791523694992,268,420
0,2,-0.46353909373283386,1.2588154077529907,-0.13750140368938446,0.09796791523694992,239,422
0,3,-1.1286169290542603,3.0752131938934326,0.22138869762420654,0.09796791523694992,263,362
0,4,-1.1386938095092773,3.1034679412841797,0.21199819445610046,0.09796791523694992,288,364
0,5,-1.0443370342254639,3.1682722568511963,0.19890831410884857,0.09796791523694992,283,367
0,6,-0.9481481313705444,3.2318804264068604,0.1446019411087036,0.09796791523694992,248,377
0,7,-0.44338518381118774,1.2012617588043213,-0.15520063042640686,-0.09796791523694992,259,388
0,8,-0.453462153673172,1.2213798761367798,-0.20686565339565277,-0.09796791523694992,266,386
0,9,-0.46353909373283386,1.22898530960083,-0.30515244603157043,-0.09796791523694992,237,388
0,10,-1.0260154008865356,3.116025686264038,-0.13191238045692444,-0.09796791523694992,245,343
0,11,-1.0351762771606445,3.1431808471679688,-0.14799906313419342,-0.09796791523694992,270,345
0,12,-0.9399033784866333,3.2023117542266846,-0.17301391065120697,-0.09796791523694992,264,349
0,13,-0.8427983522415161,3.2561726570129395,-0.22798137366771698,-0.09796791523694992,228,361
 , , , , , , , 
0,0,-0.44338518381118774,1.2112327814102173,0.005679487716406584,0.09796791523694992,255,406
0,1,-0.453462153673172,1.2382307052612305,-0.03670099750161171,0.09796791523694992,260,407
0,2,-0.5056790113449097,1.2444202899932861,-0.11873583495616913,0.09796791523694992,234,408
0,3,-1.1286169290542603,3.0720551013946533,0.2615830898284912,0.09796791523694992,247,353
0,4,-1.1386938095092773,3.101032018661499,0.24506531655788422,0.09796791523694992,274,352
0,5,-1.0443370342254639,3.1665701866149902,0.22437958419322968,0.09796791523694992,275,350
0,6,-0.9481481313705444,3.2298150062561035,0.18508122861385345,0.09796791523694992,243,358
0,7,-0.44338518381118774,1.2012505531311035,-0.15528780221939087,-0.09796791523694992,255,379
0,8,-0.453462153673172,1.2217470407485962,-0.20468606054782867,-0.09796791523694992,263,377
0,9,-0.46353909373283386,1.2310951948165894,-0.29652541875839233,-0.09796791523694992,235,378
0,10,-1.0351762771606445,3.1428349018096924,-0.15517300367355347,-0.09796791523694992,251,348
0,11,-1.0443370342254639,3.167015790939331,-0.21799974143505096,-0.09796791523694992,253,346
 , , , , , , , 
0,0,-0.44338518381118774,1.2112354040145874,0.005087240133434534,0.09796791523694992,253,423
0,1,-0.453462153673172,1.23836350440979,-0.0319032222032547,0.09796791523694992,265,419
0,2,-0.5056790113449097,1.2470929622650146,-0.08625011146068573,0.09796791523694992,241,419
0,3,-1.1386938095092773,3.104789972305298,0.1916641891002655,0.09796791523694992,246,391
0,4,-1.148770809173584,3.135932683944702,0.12001925706863403,0.09796791523694992,245,391
0,5,-0.44338518381118774,1.2024457454681396,-0.14574429392814636,-0.09796791523694992,263,379
0,6,-0.453462153673172,1.2244946956634521,-0.18754933774471283,-0.09796791523694992,277,373
0,7,-0.46353909373283386,1.2428768873214722,-0.24244524538516998,-0.09796791523694992,251,376
0,8,-1.1286169290542603,3.076524496078491,-0.20235098898410797,-0.09796791523694992,231,347
0,9,-1.1386938095092773,3.101964235305786,-0.23296768963336945,-0.09796791523694992,257,349
0,10,-1.0443370342254639,3.162004232406616,-0.2815013825893402,-0.09796791523694992,254,350
 , , , , , , , 
0,0,-0.41223829984664917,1.252889633178711,-0.02274297922849655,0.09796791523694992,234,380
0,1,-0.453462153673172,1.2312382459640503,-0.1364351361989975,-0.09796791523694992,229,394
0,2,-1.0351762771606445,3.1417131423950195,-0.17643210291862488,-0.09796791523694992,242,352
0,3,-1.0443370342254639,3.167506694793701,-0.21074414253234863,-0.09796791523694992,235,353
 , , , , , , , 
0,0,-0.3627697229385376,1.236533284187317,-0.05559664964675903,0.09796791523694992,236,448
0,1,-0.37101447582244873,1.263188362121582,-0.08302789181470871,0.09796791523694992,255,441
0,2,-0.37925925850868225,1.2899298667907715,-0.10312354564666748,0.09796791523694992,242,436
0,3,-0.3627697229385376,1.2204633951187134,-0.20633646845817566,-0.09796791523694992,256,391
0,4,-0.37101447582244873,1.2425137758255005,-0.24227628111839294,-0.09796791523694992,274,385
0,5,-0.37925925850868225,1.2638604640960693,-0.2778673470020294,-0.09796791523694992,258,382
0,6,-0.9316586256027222,3.1788501739501953,-0.001829457120038569,-0.09796791523694992,245,362
0,7,-0.9399033784866333,3.2000958919525146,0.21005284786224365,-0.09796791523694992,238,362
 , , , , , , , 
0,0,-0.7246233224868774,3.2321465015411377,-0.035073161125183105,-0.09796791523694992,233,377
0,1,-0.7310359477996826,3.260861873626709,-0.022784316912293434,-0.09796791523694992,241,374
 , , , , , , , 
0,0,-0.2821542024612427,1.2546448707580566,-0.09981454908847809,0.09796791523694992,239,396
0,1,-0.28856682777404785,1.2829382419586182,-0.10482755303382874,0.09796791523694992,248,397
0,2,-0.6156092286109924,3.20342755317688,0.3725614547729492,0.09796791523694992,271,333
0,3,-0.6211057305335999,3.237626552581787,0.3241623640060425,0.09796791523694992,306,334
0,4,-0.6266022324562073,3.2699685096740723,0.28779730200767517,0.09796791523694992,316,333
0,5,-0.5267489552497864,3.319304943084717,0.2639991044998169,0.09796791523694992,293,343
0,6,-0.31879764795303345,3.3790230751037598,0.20982423424720764,0.09796791523694992,237,367
0,7,-0.2418464720249176,1.2390390634536743,-0.2645750343799591,-0.09796791523694992,233,445
0,8,-0.24734298884868622,1.2677797079086304,-0.2678546607494354,-0.09796791523694992,241,445
0,9,-0.5084272623062134,3.213146448135376,0.07266440987586975,-0.09796791523694992,227,358
0,10,-0.5130077004432678,3.242849588394165,-0.02179841697216034,-0.09796791523694992,290,360
0,11,-0.5175881385803223,3.270781993865967,-0.08466487377882004,-0.09796791523694992,323,363
0,12,-0.5221685171127319,3.2982921600341797,-0.12946251034736633,-0.09796791523694992,331,364
0,13,-0.42139917612075806,3.3410558700561523,-0.15720446407794952,-0.09796791523694992,305,377
0,14,-0.31879764795303345,3.3769755363464355,-0.24053971469402313,-0.09796791523694992,242,408
 , , , , , , , 
0,0,-0.20153872668743134,1.2557833194732666,-0.21470420062541962,-0.09796791523694992,227,517
0,1,-0.20611914992332458,1.286205530166626,-0.20827960968017578,-0.09796791523694992,233,515
0,2,-0.40674179792404175,3.2265214920043945,0.11049974709749222,-0.09796791523694992,241,418
0,3,-0.4104061424732208,3.2573964595794678,0.02570118010044098,-0.09796791523694992,307,414
0,4,-0.4140704870223999,3.2863776683807373,-0.03670618310570717,-0.09796791523694992,344,409
0,5,-0.417734831571579,3.314112663269043,-0.10153034329414368,-0.09796791523694992,349,408
0,6,-0.31604939699172974,3.3530097007751465,-0.14961540699005127,-0.09796791523694992,316,424
0,7,-0.21253176033496857,3.3842179775238037,-0.2556453049182892,-0.09796791523694992,249,456
 , , , , , , , 
0,0,-0.3078046143054962,3.25014066696167,0.34866371750831604,0.09796791523694992,259,362
0,1,-0.3105528652667999,3.2841129302978516,0.3020567297935486,0.09796791523694992,289,360
0,2,-0.31330111622810364,3.3194122314453125,0.22693154215812683,0.09796791523694992,294,358
0,3,-0.31604939699172974,3.3555266857147217,0.07415470480918884,0.09796791523694992,258,372
0,4,-0.3078046143054962,3.2681541442871094,-0.064421646296978,-0.09796791523694992,276,392
0,5,-0.3105528652667999,3.2960031032562256,-0.11401394009590149,-0.09796791523694992,307,390
0,6,-0.31330111622810364,3.3215811252593994,-0.19259612262248993,-0.09796791523694992,310,389
0,7,-0.31604939699172974,3.3384575843811035,-0.34606239199638367,-0.09796791523694992,276,402
 , , , , , , , 
0,0,0.0,3.2788803577423096,0.16931858658790588,0.09796791523694992,270,342
0,1,0.0,3.307084560394287,0.1904492825269699,0.09796791523694992,298,341
0,2,0.0,3.3375163078308105,0.17069637775421143,0.09796791523694992,295,342
0,3,0.0,3.3709616661071777,0.03953889384865761,0.09796791523694992,244,357
0,4,0.1026015356183052,3.2742292881011963,-0.220499649643898,-0.09796791523694992,268,376
0,5,0.10351762175559998,3.3043019771575928,-0.20964829623699188,-0.09796791523694992,297,374
0,6,0.10443370789289474,3.332015037536621,-0.2343541383743286,-0.09796791523694992,296,372
0,7,0.0,3.345327377319336,-0.4168093800544739,-0.09796791523694992,246,387
 , , , , , , , 
0,0,0.10351762175559998,3.3092589378356934,0.1056869626045227,0.09796791523694992,236,337
0,1,0.10443370789289474,3.3391788005828857,0.08444837480783463,0.09796791523694992,236,331
0,2,0.10351762175559998,3.3064301013946533,-0.17287009954452515,-0.09796791523694992,233,336
0,3,0.10443370789289474,3.333376407623291,-0.21412108838558197,-0.09796791523694992,227,336
 , , , , , , , 
0,0,0.2052030712366104,3.2756309509277344,0.08864811062812805,0.09796791523694992,230,337
0,1,0.20703524351119995,3.3031375408172607,0.13963648676872253,0.09796791523694992,258,334
0,2,0.2088674157857895,3.3304004669189453,0.18154877424240112,0.09796791523694992,253,334
0,3,0.20703524351119995,3.292490243911743,-0.29953959584236145,-0.09796791523694992,254,352
0,4,0.2088674157857895,3.32425856590271,-0.2717190384864807,-0.09796791523694992,254,348
 , , , , , , , 
0,0,0.20337089896202087,3.2472708225250244,0.04428713023662567,0.09796791523694992,236,354
0,1,0.2052030712366104,3.2755937576293945,0.09000804275274277,0.09796791523694992,288,357
0,2,0.20703524351119995,3.3033909797668457,0.133508563041687,0.09796791523694992,310,357
0,3,0.2088674157857895,3.3287220001220703,0.21008634567260742,0.09796791523694992,298,356
0,4,0.2052030712366104,3.2596771717071533,-0.3348444402217865,-0.09796791523694992,269,346
0,5,0.20703524351119995,3.2934272289276123,-0.2890537679195404,-0.09796791523694992,292,345
0,6,0.2088674157857895,3.3282666206359863,-0.21718436479568481,-0.09796791523694992,279,347
 , , , , , , , 
0,0,0.2052030712366104,3.276278495788574,0.060131851583719254,0.09796791523694992,254,348
0,1,0.20703524351119995,3.304330587387085,0.10777130722999573,0.09796791523694992,283,343
0,2,0.2088674157857895,3.329366445541382,0.19961659610271454,0.09796791523694992,275,341
0,3,0.2052030712366104,3.2626943588256836,-0.30404147505760193,-0.09796791523694992,254,333
0,4,0.20703524351119995,3.295910358428955,-0.2592121958732605,-0.09796791523694992,278,332
0,5,0.2088674157857895,3.331197500228882,-0.16628246009349823,-0.09796791523694992,266,334
 , , , , , , , 
0,0,0.1026015356183052,3.279733180999756,-0.11202030628919601,0.0,228,346
0,1,0.10351762175559998,3.3098719120025635,-0.08432915061712265,0.0,259,341
0,2,0.0,3.3344647884368896,-0.2224792093038559,-0.09796791523694992,244,352
 , , , , , , , 
0,0,-0.2052030712366104,3.2701382637023926,0.20931224524974823,0.09796791523694992,246,356
0,1,-0.20703524351119995,3.300692319869995,0.18880301713943481,0.09796791523694992,269,358
0,2,-0.2088674157857895,3.332892656326294,0.12788031995296478,0.09796791523694992,268,357
0,3,-0.21069958806037903,3.364405632019043,-0.0364065021276474,0.09796791523694992,228,369
0,4,-0.08061549067497253,1.265311360359192,-0.23705697059631348,-0.09796791523694992,230,403
0,5,-0.08244766294956207,1.2869129180908203,-0.2779344320297241,-0.09796791523694992,230,400
0,6,-0.1026015356183052,3.2766053676605225,-0.18181347846984863,-0.09796791523694992,261,365
0,7,-0.10351762175559998,3.304440498352051,-0.2074551284313202,-0.09796791523694992,286,364
0,8,-0.2088674157857895,3.3223516941070557,-0.2941194474697113,-0.09796791523694992,282,365
0,9,-0.21069958806037903,3.3263237476348877,-0.5060834884643555,-0.09796791523694992,239,380
 , , , , , , , 
0,0,-0.3105528652667999,3.2951254844665527,0.13705645501613617,0.09796791523694992,227,363
0,1,-0.31330111622810364,3.3271188735961914,-0.016560092568397522,0.09796791523694992,228,361
 , , , , , , , 
0,0,-0.20153872668743134,1.2663624286651611,-0.13934113085269928,0.09796791523694992,235,512
0,1,-0.20611914992332458,1.29361891746521,-0.15574035048484802,0.09796791523694992,230,515
0,2,-0.40674179792404175,3.209477186203003,0.34915170073509216,0.09796791523694992,255,414
0,3,-0.4104061424732208,3.2469701766967773,0.26168015599250793,0.09796791523694992,305,416
0,4,-0.4140704870223999,3.280226230621338,0.20430362224578857,0.09796791523694992,322,420
0,5,-0.31330111622810364,3.320028066635132,0.21773383021354675,0.09796791523694992,314,424
0,6,-0.21069958806037903,3.3505795001983643,0.30686941742897034,0.09796791523694992,271,442
 , , , , , , , 
0,0,-0.6156092286109924,3.1873552799224854,0.4914441704750061,0.09796791523694992,268,350
0,1,-0.6211057305335999,3.215217113494873,0.49968579411506653,0.09796791523694992,284,351
0,2,-0.6266022324562073,3.240159511566162,0.5262024402618408,0.09796791523694992,263,352
0,3,-0.20153872668743134,1.2628613710403442,-0.1681394875049591,-0.09796791523694992,256,465
0,4,-0.24734298884868622,1.2857166528701782,-0.16107217967510223,-0.09796791523694992,263,457
0,5,-0.25283950567245483,1.3183459043502808,-0.128169447183609,-0.09796791523694992,232,462
0,6,-0.5130077004432678,3.237527370452881,0.1869879812002182,-0.09796791523694992,231,443
0,7,-0.6211057305335999,3.246612071990967,0.21637272834777832,-0.09796791523694992,242,445
 , , , , , , , 
0,0,-0.2821542024612427,1.2574337720870972,0.05437663570046425,0.09796791523694992,251,406
0,1,-0.3297906517982483,1.2766987085342407,0.03832273930311203,0.09796791523694992,249,404
0,2,-0.718210756778717,3.1704976558685303,0.4602646231651306,0.09796791523694992,258,352
0,3,-0.7246233224868774,3.201537609100342,0.4451499283313751,0.09796791523694992,274,350
0,4,-0.7310359477996826,3.2522921562194824,0.23734885454177856,0.09796791523694992,261,346
0,5,-0.2821542024612427,1.2551698684692383,-0.09297888725996017,-0.09796791523694992,254,465
0,6,-0.28856682777404785,1.2824718952178955,-0.11038602143526077,-0.09796791523694992,258,459
0,7,-0.7117981314659119,3.1745829582214355,0.058780547231435776,-0.09796791523694992,238,386
0,8,-0.718210756778717,3.203263998031616,0.05476655811071396,-0.09796791523694992,287,386
0,9,-0.7246233224868774,3.2323145866394043,0.011995513923466206,-0.09796791523694992,303,383
0,10,-0.7310359477996826,3.251788377761841,-0.24415677785873413,-0.09796791523694992,284,383
0,11,-0.31604939699172974,3.353360414505005,-0.14153455197811127,-0.09796791523694992,239,400
0,12,-1.8962962627410889,1.1371430158615112,2.54478120803833,-0.09796791523694992,239,400
 , , , , , , , 
0,0,-0.32246196269989014,1.248779058456421,0.016630729660391808,0.09796791523694992,230,469
0,1,-0.3297906517982483,1.2769416570663452,-0.0291236974298954,0.09796791523694992,236,461
0,2,-0.9151690602302551,3.118098497390747,0.1673818826675415,0.09796791523694992,247,365
0,3,-0.9234138131141663,3.1456661224365234,0.1783743053674698,0.09796791523694992,295,364
0,4,-0.8281409740447998,3.1978611946105957,0.2468717396259308,0.09796791523694992,310,364
0,5,-0.7310359477996826,3.2517144680023193,0.245138019323349,0.09796791523694992,293,368
0,6,-0.5267489552497864,3.327099323272705,0.1337566077709198,0.09796791523694992,248,386
0,7,-0.32246196269989014,1.2408638000488281,-0.1413601040840149,-0.09796791523694992,231,412
0,8,-0.3297906517982483,1.2634872198104858,-0.18715818226337433,-0.09796791523694992,239,402
0,9,-0.8208122849464417,3.172553539276123,-0.20222976803779602,-0.09796791523694992,257,349
0,10,-0.8281409740447998,3.200133800506592,-0.2154211401939392,-0.09796791523694992,274,346
0,11,-0.7310359477996826,3.251593828201294,-0.2467329204082489,-0.09796791523694992,260,346
 , , , , , , , 
0,0,-0.3627697229385376,1.2376598119735718,0.01743524707853794,0.09796791523694992,247,449
0,1,-0.37101447582244873,1.2654945850372314,-0.0325833223760128,0.09796791523694992,254,442
0,2,-0.9234138131141663,3.142977237701416,0.22074218094348907,0.09796791523694992,253,405
0,3,-0.9316586256027222,3.1716156005859375,0.21435131132602692,0.09796791523694992,267,406
0,4,-0.835469663143158,3.229173183441162,0.20635946094989777,0.09796791523694992,252,406
0,5,-0.32246196269989014,1.2403700351715088,-0.1456288993358612,-0.09796791523694992,253,386
0,6,-0.3297906517982483,1.2615526914596558,-0.1997823715209961,-0.09796791523694992,259,380
0,7,-0.9234138131141663,3.142596483230591,-0.22609594464302063,-0.09796791523694992,264,339
0,8,-0.9316586256027222,3.1698195934295654,-0.2394484430551529,-0.09796791523694992,280,340
0,9,-0.835469663143158,3.22613787651062,-0.24935388565063477,-0.09796791523694992,263,343
 , , , , , , , 
0,0,-1.0260154008865356,3.1106762886047363,0.22518867254257202,0.09796791523694992,249,352
0,1,-1.0351762771606445,3.1379470825195312,0.234047070145607,0.09796791523694992,266,352
0,2,-1.0443370342254639,3.1728646755218506,0.10219145566225052,0.09796791523694992,250,353
0,3,-1.0260154008865356,3.1100330352783203,-0.23390373587608337,-0.09796791523694992,228,345
0,4,-1.0351762771606445,3.1382267475128174,-0.23026324808597565,-0.09796791523694992,249,340
0,5,-0.9399033784866333,3.1950390338897705,-0.27651381492614746,-0.09796791523694992,233,340
 , , , , , , , 
0,0,-0.40307745337486267,1.2252377271652222,0.005335272755473852,0.09796791523694992,237,479
0,1,-0.41223829984664917,1.2523674964904785,-0.042721960693597794,0.09796791523694992,247,474
0,2,-0.42139917612075806,1.2770938873291016,-0.09922183305025101,0.09796791523694992,226,472
0,3,-1.1185399293899536,3.0530502796173096,0.1258627027273178,0.09796791523694992,227,399
0,4,-1.1286169290542603,3.07954478263855,0.14950954914093018,0.09796791523694992,277,403
0,5,-1.1386938095092773,3.106891632080078,0.15388546884059906,0.09796791523694992,296,404
0,6,-1.0443370342254639,3.1718592643737793,0.1296960562467575,0.09796791523694992,282,403
0,7,-0.8427983522415161,3.263885974884033,0.041054997593164444,0.09796791523694992,238,416
 , , , , , , , 
0,0,-0.40307745337486267,1.2252403497695923,-0.004706101026386023,0.09796791523694992,254,426
0,1,-0.41223829984664917,1.251950979232788,-0.05355490371584892,0.09796791523694992,269,418
0,2,-0.46353909373283386,1.2611720561981201,-0.11387697607278824,0.09796791523694992,246,419
0,3,-1.1286169290542603,3.078425884246826,0.17100635170936584,0.09796791523694992,247,391
0,4,-1.1386938095092773,3.1063191890716553,0.16503582894802094,0.09796791523694992,270,391
0,5,-1.148770809173584,3.137951612472534,0.041681185364723206,0.09796791523694992,259,391
0,6,-0.40307745337486267,1.215476632118225,-0.15444272756576538,-0.09796791523694992,256,379
0,7,-0.41223829984664917,1.236320972442627,-0.2043529450893402,-0.09796791523694992,264,377
0,8,-0.42139917612075806,1.2533375024795532,-0.2644979953765869,-0.09796791523694992,241,378
0,9,-1.0260154008865356,3.1118056774139404,-0.20900346338748932,-0.09796791523694992,251,344
0,10,-1.0351762771606445,3.1393070220947266,-0.21503664553165436,-0.09796791523694992,275,341
0,11,-1.0443370342254639,3.156500816345215,-0.3376622796058655,-0.09796791523694992,266,341
 , , , , , , , 
0,0,-0.40307745337486267,1.225101351737976,-0.019042370840907097,0.09796791523694992,251,455
0,1,-0.41223829984664917,1.252535104751587,-0.037490468472242355,0.09796791523694992,267,449
0,2,-0.42139917612075806,1.280856966972351,-0.014812313951551914,0.09796791523694992,249,447
0,3,-1.0260154008865356,3.1104726791381836,0.22798512876033783,0.09796791523694992,231,425
0,4,-1.0351762771606445,3.135843515396118,0.2607192099094391,0.09796791523694992,253,426
0,5,-1.148770809173584,3.1346628665924072,0.1495538204908371,0.09796791523694992,241,425
0,6,-1.0260154008865356,3.1122679710388184,-0.20200484991073608,-0.09796791523694992,237,359
0,7,-1.0351762771606445,3.1407535076141357,-0.19276092946529388,-0.09796791523694992,262,359
0,8,-1.0443370342254639,3.1638402938842773,-0.26005327701568604,-0.09796791523694992,251,357
 , , , , , , , 
0,0,-0.32246196269989014,1.2437012195587158,-0.11372294276952744,0.09796791523694992,250,463
0,1,-0.3297906517982483,1.2701048851013184,-0.13513623178005219,0.09796791523694992,268,459
0,2,-0.33711934089660645,1.2973829507827759,-0.14676272869110107,0.09796791523694992,252,460
0,3,-0.8208122849464417,3.167850971221924,0.26591718196868896,0.09796791523694992,252,415
0,4,-0.8281409740447998,3.1949005126953125,0.28261786699295044,0.09796791523694992,285,415
0,5,-0.9399033784866333,3.1879823207855225,0.3485727608203888,0.09796791523694992,288,413
0,6,-0.9481481313705444,3.2009057998657227,0.469214528799057,0.09796791523694992,250,420
 , , , , , , , 
0,0,-0.2821542024612427,1.2500956058502197,-0.14614269137382507,0.09796791523694992,261,435
0,1,-0.28856682777404785,1.2748883962631226,-0.1777040660381317,0.09796791523694992,276,432
0,2,-0.29497942328453064,1.295623540878296,-0.22964775562286377,0.09796791523694992,263,433
0,3,-0.6156092286109924,3.216602087020874,0.23285441100597382,0.09796791523694992,254,411
0,4,-0.6211057305335999,3.247910976409912,0.19590994715690613,0.09796791523694992,296,409
0,5,-0.6266022324562073,3.2763261795043945,0.20299865305423737,0.09796791523694992,307,410
0,6,-0.6320987939834595,3.301619052886963,0.2543777823448181,0.09796791523694992,283,418
0,7,-0.5313293933868408,3.347555160522461,0.2738972306251526,0.09796791523694992,225,435
0,8,-0.2418464720249176,1.2266393899917603,-0.3171332776546478,-0.09796791523694992,247,385
0,9,-0.24734298884868622,1.2484744787216187,-0.34687620401382446,-0.09796791523694992,267,380
0,10,-0.25283950567245483,1.264463186264038,-0.394457072019577,-0.09796791523694992,252,382
0,11,-0.6156092286109924,3.2216813564300537,-0.14669319987297058,-0.09796791523694992,250,353
0,12,-0.6211057305335999,3.2480673789978027,-0.1932993084192276,-0.09796791523694992,289,354
0,13,-0.6266022324562073,3.2772514820098877,-0.18746989965438843,-0.09796791523694992,302,352
 , , , , , , , 
0,0,-0.20153872668743134,1.2669801712036133,-0.13360756635665894,0.09796791523694992,231,399
0,1,-0.20611914992332458,1.293627142906189,-0.1556716114282608,0.09796791523694992,245,399
0,2,-0.25283950567245483,1.3100132942199707,-0.19577662646770477,0.09796791523694992,236,397
0,3,-0.20611914992332458,1.2649646997451782,-0.3123605251312256,-0.09796791523694992,232,473
0,4,-0.5130077004432678,3.24019193649292,-0.13305506110191345,-0.09796791523694992,253,422
0,5,-0.5175881385803223,3.2674801349639893,-0.16957563161849976,-0.09796791523694992,296,420
0,6,-0.417734831571579,3.311170816421509,-0.17262321710586548,-0.09796791523694992,314,417
0,7,-0.42139917612075806,3.340390682220459,-0.17075873911380768,-0.09796791523694992,300,422
0,8,-0.31879764795303345,3.3787896633148193,-0.21355068683624268,-0.09796791523694992,242,444
 , , , , , , , 
0,0,-0.31330111622810364,3.32627272605896,0.07683715969324112,0.09796791523694992,231,339
0,1,-0.417734831571579,3.289567470550537,-0.41520529985427856,-0.09796791523694992,233,344
 , , , , , , , 
0,0,-0.10626588016748428,3.3977160453796387,0.08769113570451736,0.09796791523694992,239,387
0,1,-0.2052030712366104,3.264378547668457,-0.2853919565677643,-0.09796791523694992,279,401
0,2,-0.20703524351119995,3.293388843536377,-0.28949040174484253,-0.09796791523694992,319,402
0,3,-0.2088674157857895,3.3218462467193604,-0.299773246049881,-0.09796791523694992,333,402
0,4,-0.21069958806037903,3.3495261669158936,-0.3181578814983368,-0.09796791523694992,314,411
0,5,-0.10626588016748428,3.382354736328125,-0.33442336320877075,-0.09796791523694992,254,436
 , , , , , , , 
0,0,-0.1026015356183052,3.280989170074463,0.0656333938241005,0.09796791523694992,251,347
0,1,-0.10351762175559998,3.3099365234375,0.08175666630268097,0.09796791523694992,293,345
0,2,-0.10443370789289474,3.3391551971435547,0.0853751078248024,0.09796791523694992,307,344
0,3,-0.10534979403018951,3.368710994720459,0.07505642622709274,0.09796791523694992,285,352
0,4,0.0,3.3997700214385986,0.07084574550390244,0.09796791523694992,225,375
0,5,-0.1026015356183052,3.2605066299438477,-0.3718791902065277,-0.09796791523694992,271,361
0,6,-0.10351762175559998,3.292020797729492,-0.35350191593170166,-0.09796791523694992,309,362
0,7,-0.10443370789289474,3.321078300476074,-0.357331782579422,-0.09796791523694992,322,361
0,8,-0.10534979403018951,3.348249912261963,-0.37824487686157227,-0.09796791523694992,303,368
0,9,0.0,3.3790159225463867,-0.3817145824432373,-0.09796791523694992,241,392
 , , , , , , , 
0,0,0.0,3.2830028533935547,0.04021394997835159,0.09796791523694992,248,345
0,1,0.0,3.311901330947876,0.06624986976385117,0.09796791523694992,286,344
0,2,0.0,3.3410890102386475,0.07264535129070282,0.09796791523694992,298,342
0,3,0.0,3.3708434104919434,0.04858357459306717,0.09796791523694992,273,351
0,4,0.0,3.2665517330169678,-0.3307032883167267,-0.09796791523694992,243,375
0,5,0.0,3.298129081726074,-0.3089081048965454,-0.09796791523694992,279,376
0,6,0.0,3.3277904987335205,-0.3065347969532013,-0.09796791523694992,292,374
0,7,0.0,3.3552839756011963,-0.32713156938552856,-0.09796791523694992,271,379
 , , , , , , , 
0,0,0.1026015356183052,3.2816197872161865,0.013078738935291767,0.09796791523694992,239,352
0,1,0.10351762175559998,3.3108713626861572,0.022243589162826538,0.09796791523694992,270,355
0,2,0.0,3.3415606021881104,-0.04610900953412056,0.09796791523694992,272,355
0,3,0.0,3.3601560592651367,-0.2725728750228882,0.09796791523694992,234,363
0,4,0.1026015356183052,3.2616167068481445,-0.3620145618915558,-0.09796791523694992,236,341
0,5,0.10351762175559998,3.2926905155181885,-0.3472094237804413,-0.09796791523694992,272,341
0,6,0.10443370789289474,3.316483497619629,-0.3977239429950714,-0.09796791523694992,275,341
0,7,0.10534979403018951,3.3157238960266113,-0.5998515486717224,-0.09796791523694992,237,349
 , , , , , , , 
0,0,0.0,3.282792329788208,0.05477152019739151,0.09796791523694992,244,337
0,1,0.0,3.31192684173584,0.06496649980545044,0.09796791523694992,282,335
0,2,0.0,3.341836929321289,0.016700102016329765,0.09796791523694992,288,332
0,3,0.0,3.3659374713897705,-0.18817664682865143,0.09796791523694992,250,339
0,4,0.1026015356183052,3.272197961807251,-0.24883581697940826,-0.09796791523694992,254,342
0,5,0.10351762175559998,3.301999092102051,-0.24324063956737518,-0.09796791523694992,290,340
0,6,0.10443370789289474,3.3271780014038086,-0.2951816916465759,-0.09796791523694992,290,340
0,7,0.10534979403018951,3.3272719383239746,-0.53207927942276,-0.09796791523694992,247,349
 , , , , , , , 
0,0,-0.2052030712366104,3.2768216133117676,0.007584549020975828,0.0,268,327
0,1,-0.20703524351119995,3.3060877323150635,-0.00022311348584480584,0.0,305,325
0,2,-0.2088674157857895,3.3350830078125,-0.04182576388120651,0.0,306,329
0,3,-0.21069958806037903,3.359869956970215,-0.178396537899971,0.0,269,340
 , , , , , , , 
0,0,-0.32246196269989014,1.2467288970947266,-0.07343626767396927,-0.09796791523694992,255,493
0,1,-0.3297906517982483,1.2735956907272339,-0.09686147421598434,-0.09796791523694992,269,486
0,2,-0.33711934089660645,1.3024007081985474,-0.09216412901878357,-0.09796791523694992,246,486
0,3,-0.9316586256027222,3.1788313388824463,-0.011142225004732609,-0.09796791523694992,234,475
 , , , , , , , 
0,0,-0.3627697229385376,1.2376595735549927,-0.01745118387043476,0.0,234,378
0,1,-0.37101447582244873,1.2636148929595947,-0.07626070827245712,0.0,239,375
0,2,-0.9234138131141663,3.1487016677856445,0.1127355620265007,0.0,237,341
0,3,-0.9316586256027222,3.178419589996338,0.052353039383888245,-0.09796791523694992,227,376
0,4,-0.835469663143158,3.2332537174224854,0.1273312121629715,-0.09796791523694992,231,373
 , , , , , , , 
0,0,-0.3627697229385376,1.237490177154541,0.026901913806796074,0.09796791523694992,227,406
0,1,-0.37101447582244873,1.2656224966049194,-0.02716466784477234,0.09796791523694992,233,401
0,2,-1.0260154008865356,3.1118361949920654,0.20854826271533966,0.09796791523694992,241,353
0,3,-0.9316586256027222,3.167243719100952,0.27140364050865173,0.09796791523694992,270,350
0,4,-0.835469663143158,3.2152302265167236,0.3639202415943146,0.09796791523694992,271,350
0,5,-0.7374485731124878,3.260869026184082,0.4334143102169037,0.09796791523694992,242,362
0,6,-0.3627697229385376,1.2328356504440308,-0.11055298894643784,-0.09796791523694992,240,373
0,7,-0.37101447582244873,1.2549375295639038,-0.16634348034858704,-0.09796791523694992,245,367
0,8,-0.9234138131141663,3.147198438644409,-0.14890943467617035,-0.09796791523694992,234,342
0,9,-0.9316586256027222,3.176570415496826,-0.1203821450471878,-0.09796791523694992,258,343
0,10,-0.835469663143158,3.235664129257202,-0.024924252182245255,-0.09796791523694992,257,344
0,11,-0.7374485731124878,3.289395809173584,0.03147142007946968,-0.09796791523694992,228,353
 , , , , , , , 
0,0,-0.9316586256027222,3.1787002086639404,-0.030945416539907455,-0.09796791523694992,228,336
 , , , , , , , 
0,0,-0.40307745337486267,1.2251224517822266,0.017634253948926926,0.09796791523694992,245,465
0,1,-0.41223829984664917,1.2522293329238892,-0.04659692943096161,0.09796791523694992,251,461
0,2,-1.0260154008865356,3.113553762435913,0.18110844492912292,0.09796791523694992,274,401
0,3,-1.0351762771606445,3.1402759552001953,0.20039159059524536,0.09796791523694992,296,401
0,4,-0.9399033784866333,3.193859815597534,0.2898178994655609,0.09796791523694992,294,401
0,5,-0.7374485731124878,3.2668068408966064,0.3861203193664551,0.09796791523694992,261,415
 , , , , , , , 
0,0,-0.41223829984664917,1.252453088760376,-0.040135640650987625,0.09796791523694992,226,364
0,1,-1.0351762771606445,3.1358444690704346,0.2607085108757019,0.09796791523694992,244,334
0,2,-0.9399033784866333,3.1869022846221924,0.35831359028816223,0.09796791523694992,240,335
0,3,-0.40307745337486267,1.2222683429718018,-0.0854177325963974,-0.09796791523694992,233,367
0,4,-0.41223829984664917,1.243485689163208,-0.1548968106508255,-0.09796791523694992,240,363
0,5,-1.0351762771606445,3.1461105346679688,-0.05897844582796097,-0.09796791523694992,246,341
0,6,-0.9399033784866333,3.206981658935547,-0.001923358766362071,-0.09796791523694992,242,342
 , , , , , , , 
0,0,-0.40307745337486267,1.2252482175827026,0.0016515400493517518,0.09796791523694992,243,423
0,1,-0.41223829984664917,1.2506617307662964,-0.0780685618519783,0.09796791523694992,251,419
0,2,-0.42139917612075806,1.2602447271347046,-0.22934100031852722,0.09796791523694992,228,418
0,3,-1.0260154008865356,3.111745834350586,0.2098942995071411,0.09796791523694992,252,375
0,4,-1.0351762771606445,3.1390161514282227,0.2192402333021164,0.09796791523694992,275,376
0,5,-0.9399033784866333,3.1943891048431396,0.28392457962036133,0.09796791523694992,269,376
0,6,-0.8427983522415161,3.2514610290527344,0.28746655583381653,0.09796791523694992,239,387
0,7,-0.3627697229385376,1.229629397392273,-0.14183533191680908,-0.09796791523694992,250,380
0,8,-0.41223829984664917,1.2340257167816162,-0.21778470277786255,-0.09796791523694992,260,374
0,9,-0.42139917612075806,1.2278401851654053,-0.36499637365341187,-0.09796791523694992,236,374
0,10,-1.0260154008865356,3.1127254962921143,-0.19482558965682983,-0.09796791523694992,243,348
0,11,-1.0351762771606445,3.141369581222534,-0.18244433403015137,-0.09796791523694992,269,347
0,12,-0.9399033784866333,3.204522132873535,-0.12558528780937195,-0.09796791523694992,262,348
0,13,-0.7374485731124878,3.2892699241638184,-0.042656805366277695,-0.09796791523694992,231,357
 , , , , , , , 
0,0,-0.40307745337486267,1.2252483367919922,0.0015986637445166707,0.09796791523694992,242,414
0,1,-0.41223829984664917,1.251212477684021,-0.06867870688438416,0.09796791523694992,250,411
0,2,-0.42139917612075806,1.2659330368041992,-0.19551841914653778,0.09796791523694992,227,411
0,3,-1.0260154008865356,3.1092705726623535,0.24383091926574707,0.09796791523694992,240,371
0,4,-1.0351762771606445,3.1359612941741943,0.2592994272708893,0.09796791523694992,264,371
0,5,-1.0443370342254639,3.168088912963867,0.2018042653799057,0.09796791523694992,255,372
0,6,-0.3627697229385376,1.2273601293563843,-0.1602894365787506,-0.09796791523694992,244,375
0,7,-0.41223829984664917,1.231539249420166,-0.2314317673444748,-0.09796791523694992,255,372
0,8,-0.42139917612075806,1.227989673614502,-0.3644934296607971,-0.09796791523694992,229,374
0,9,-1.0351762771606445,3.138446569442749,-0.2272493541240692,-0.09796791523694992,244,358
0,10,-0.9399033784866333,3.199857711791992,-0.21364527940750122,-0.09796791523694992,239,358
 , , , , , , , 
0,0,-0.40307745337486267,1.2252360582351685,-0.005701575893908739,0.09796791523694992,233,390
0,1,-0.41223829984664917,1.2511643171310425,-0.0695507749915123,0.09796791523694992,244,386
0,2,-1.0260154008865356,3.111508846282959,0.2133779674768448,0.09796791523694992,227,353
0,3,-1.0351762771606445,3.1387083530426025,0.2236049622297287,0.09796791523694992,249,355
0,4,-1.0443370342254639,3.1706576347351074,0.15634086728096008,0.09796791523694992,241,354
0,5,-0.3627697229385376,1.2311426401138306,-0.12803737819194794,-0.09796791523694992,238,371
0,6,-0.41223829984664917,1.2385367155075073,-0.1904636174440384,-0.09796791523694992,248,367
0,7,-0.42139917612075806,1.2452795505523682,-0.30015483498573303,-0.09796791523694992,226,367
0,8,-1.0260154008865356,3.116832733154297,-0.11122357100248337,-0.09796791523694992,226,342
0,9,-1.0351762771606445,3.144798994064331,-0.10829589515924454,-0.09796791523694992,250,342
0,10,-0.9399033784866333,3.205066204071045,-0.11083999276161194,-0.09796791523694992,239,344
 , , , , , , , 
0,0,-0.32246196269989014,1.2458192110061646,-0.08752209693193436,0.09796791523694992,253,480
0,1,-0.3297906517982483,1.2709884643554688,-0.1265564262866974,0.09796791523694992,268,474
0,2,-0.37925925850868225,1.2837618589401245,-0.16281592845916748,0.09796791523694992,249,475
0,3,-0.8208122849464417,3.1667001247406006,0.27929040789604187,0.09796791523694992,262,424
0,4,-0.8281409740447998,3.194150924682617,0.2909684479236603,0.09796791523694992,288,426
0,5,-0.9399033784866333,3.2015864849090576,0.18595528602600098,0.09796791523694992,278,425
0,6,-0.9481481313705444,3.2262303829193115,-0.23957903683185577,0.09796791523694992,232,431
0,7,-0.10534979403018951,3.2057175636291504,1.0378926992416382,0.09796791523694992,232,431
 , , , , , , , 
0,0,-0.16123098134994507,1.2724463939666748,-0.1363532692193985,0.09796791523694992,229,435
0,1,-0.20611914992332458,1.295270562171936,-0.14134752750396729,0.09796791523694992,247,430
0,2,-0.21069958806037903,1.3235162496566772,-0.1493372768163681,0.09796791523694992,237,427
0,3,-0.4104061424732208,3.2481038570404053,0.24721141159534454,0.09796791523694992,228,407
0,4,-0.4140704870223999,3.279435634613037,0.21662673354148865,0.09796791523694992,266,405
0,5,-0.417734831571579,3.3112194538116455,0.17168563604354858,0.09796791523694992,277,401
0,6,-0.5267489552497864,3.3267881870269775,0.14128614962100983,0.09796791523694992,248,405
0,7,-0.16123098134994507,1.2441514730453491,-0.29966533184051514,-0.09796791523694992,244,374
0,8,-0.16489532589912415,1.2678947448730469,-0.32471907138824463,-0.09796791523694992,260,369
0,9,-0.21069958806037903,1.28573739528656,-0.34767255187034607,-0.09796791523694992,242,373
0,10,-0.4104061424732208,3.255404233932495,-0.11676821857690811,-0.09796791523694992,226,370
0,11,-0.4140704870223999,3.282991886138916,-0.15359045565128326,-0.09796791523694992,264,368
0,12,-0.417734831571579,3.309997081756592,-0.19382639229297638,-0.09796791523694992,265,370
0,13,-0.5267489552497864,3.32108211517334,-0.24061211943626404,-0.09796791523694992,230,374
 , , , , , , , 
0,0,-0.20703524351119995,3.3060696125030518,0.01094265840947628,0.09796791523694992,257,408
0,1,-0.2088674157857895,3.335341453552246,0.004876196850091219,0.09796791523694992,274,406
0,2,-0.21069958806037903,3.36456036567688,0.016855787485837936,0.09796791523694992,258,408
0,3,-0.10351762175559998,3.287971258163452,-0.38937053084373474,-0.09796791523694992,256,379
0,4,-0.10443370789289474,3.317570447921753,-0.38855162262916565,-0.09796791523694992,277,375
0,5,-0.10534979403018951,3.3499765396118164,-0.3626338541507721,-0.09796791523694992,264,375
 , , , , , , , 
0,0,-0.10351762175559998,3.3109018802642822,0.017101824283599854,0.09796791523694992,245,325
0,1,-0.10443370789289474,3.3400747776031494,0.03386563062667847,0.09796791523694992,263,324
0,2,-0.10534979403018951,3.368561267852783,0.08149339258670807,0.09796791523694992,249,329
0,3,-0.10351762175559998,3.287102460861206,-0.39663660526275635,-0.09796791523694992,231,348
0,4,-0.10443370789289474,3.316535711288452,-0.3972865045070648,-0.09796791523694992,250,346
0,5,0.0,3.350149393081665,-0.37609243392944336,-0.09796791523694992,248,341
 , , , , , , , 
0,0,-0.1026015356183052,3.266897678375244,-0.31077152490615845,-0.09796791523694992,292,395
0,1,-0.10351762175559998,3.298114776611328,-0.291210412979126,-0.09796791523694992,336,394
0,2,0.0,3.3318355083465576,-0.25889068841934204,-0.09796791523694992,351,395
0,3,0.0,3.363825798034668,-0.2227575182914734,-0.09796791523694992,331,403
0,4,0.0,3.3980774879455566,-0.12854917347431183,-0.09796791523694992,267,428
 , , , , , , , 
0,0,-0.10443370789289474,3.3402247428894043,-0.012097769416868687,0.09796791523694992,255,337
0,1,-0.10534979403018951,3.3693177700042725,0.039291203022003174,0.09796791523694992,241,340
0,2,-0.10351762175559998,3.303114414215088,-0.2275928109884262,-0.09796791523694992,238,341
0,3,-0.10443370789289474,3.3338468074798584,-0.20667025446891785,-0.09796791523694992,257,338
0,4,-0.10534979403018951,3.365426778793335,-0.1665804237127304,-0.09796791523694992,247,337
 , , , , , , , 
0,0,-0.1026015356183052,3.2816274166107178,-0.010979978367686272,0.09796791523694992,269,365
0,1,-0.10351762175559998,3.3109447956085205,-0.0029808874242007732,0.09796791523694992,311,365
0,2,-0.10443370789289474,3.340222120285034,0.012757403776049614,0.09796791523694992,328,363
0,3,-0.10534979403018951,3.369158983230591,0.051138315349817276,0.09796791523694992,309,372
0,4,-0.10626588016748428,3.3958678245544434,0.14228640496730804,0.09796791523694992,246,398
0,5,-0.1026015356183052,3.258085250854492,-0.39252784848213196,-0.09796791523694992,252,350
0,6,0.0,3.292081594467163,-0.36780112981796265,-0.09796791523694992,297,347
0,7,0.0,3.3222625255584717,-0.3615577816963196,-0.09796791523694992,316,343
0,8,0.0,3.3546860218048096,-0.33320701122283936,-0.09796791523694992,297,351
0,9,0.0,3.3902881145477295,-0.26344436407089233,-0.09796791523694992,236,375
 , , , , , , , 
0,0,-0.1026015356183052,3.2816312313079834,0.009752464480698109,0.09796791523694992,238,335
0,1,-0.10351762175559998,3.310716152191162,0.03903110325336456,0.09796791523694992,282,335
0,2,-0.10443370789289474,3.3396291732788086,0.06421532481908798,0.09796791523694992,298,335
0,3,-0.10534979403018951,3.3678700923919678,0.10628918558359146,0.09796791523694992,283,340
0,4,-0.10626588016748428,3.3931241035461426,0.1971597671508789,0.09796791523694992,226,361
0,5,-0.1026015356183052,3.2623608112335205,-0.35524746775627136,-0.09796791523694992,237,353
0,6,-0.10351762175559998,3.2941415309906006,-0.33316028118133545,-0.09796791523694992,278,354
0,7,-0.10443370789289474,3.326017379760742,-0.3079855740070343,-0.09796791523694992,296,352
0,8,-0.10534979403018951,3.3599071502685547,-0.2546977400779724,-0.09796791523694992,279,358
0,9,-0.10626588016748428,3.3956282138824463,-0.14789223670959473,-0.09796791523694992,227,377
 , , , , , , , 
0,0,-0.10351762175559998,3.3106164932250977,-0.04671324044466019,0.09796791523694992,230,344
0,1,-0.10443370789289474,3.339932680130005,-0.045781902968883514,0.09796791523694992,244,345
0,2,-0.10534979403018951,3.369523048400879,-0.012709369882941246,0.09796791523694992,232,347
0,3,-0.10351762175559998,3.293365716934204,-0.3407444655895233,-0.09796791523694992,232,334
0,4,-0.10443370789289474,3.320726156234741,-0.36059001088142395,-0.09796791523694992,249,332
0,5,-0.10534979403018951,3.349789619445801,-0.3643556237220764,-0.09796791523694992,239,332
 , , , , , , , 
0,0,-0.10351762175559998,3.308338165283203,-0.1313857138156891,0.0,264,321
0,1,-0.10443370789289474,3.337801456451416,-0.12778525054454803,0.0,280,320
0,2,-0.10534979403018951,3.367636203765869,-0.11346279829740524,0.0,265,324
 , , , , , , , 
0,0,-0.20703524351119995,3.306074619293213,0.009335195645689964,0.09796791523694992,256,368
0,1,-0.2088674157857895,3.3352386951446533,0.02665875293314457,0.09796791523694992,275,367
0,2,-0.21069958806037903,3.3640942573547363,0.05848543718457222,0.09796791523694992,266,367
0,3,-0.20703524351119995,3.28572940826416,-0.3663305640220642,-0.09796791523694992,257,352
0,4,-0.2088674157857895,3.3169102668762207,-0.35018935799598694,-0.09796791523694992,276,350
0,5,-0.21069958806037903,3.350004196166992,-0.31308719515800476,-0.09796791523694992,264,352
 , , , , , , , 
0,0,-0.20611914992332458,1.286700963973999,-0.20519615709781647,-0.09796791523694992,226,485
0,1,-0.5130077004432678,3.242910146713257,0.009069596417248249,-0.09796791523694992,265,469
0,2,-0.5175881385803223,3.2715940475463867,-0.04305848479270935,-0.09796791523694992,305,469
0,3,-0.5221685171127319,3.2995128631591797,-0.09331279993057251,-0.09796791523694992,315,467
0,4,-0.5267489552497864,3.3240582942962646,-0.19523660838603973,-0.09796791523694992,284,476
 , , , , , , , 
0,0,-0.718210756778717,3.1936020851135254,0.2545662224292755,0.09796791523694992,248,420
0,1,-0.7246233224868774,3.22308611869812,0.24436914920806885,0.09796791523694992,276,425
0,2,-0.6266022324562073,3.2715182304382324,0.2696113884449005,0.09796791523694992,272,430
0,3,-0.5267489552497864,3.314769744873047,0.3158835768699646,0.09796791523694992,231,435
0,4,-0.6211057305335999,3.2525885105133057,-0.08930283784866333,-0.09796791523694992,243,400
0,5,-0.6266022324562073,3.28088641166687,-0.10632900148630142,-0.09796791523694992,245,399
 , , , , , , , 
0,0,-1.0260154008865356,3.113283157348633,0.18570415675640106,-0.09796791523694992,263,468
0,1,-1.0351762771606445,3.135050058364868,0.2700926959514618,-0.09796791523694992,283,469
0,2,-1.0443370342254639,3.153111696243286,0.36796751618385315,-0.09796791523694992,273,468
 , , , , , , , 
0,0,-1.3338199853897095,2.8910837173461914,0.8014265298843384,0.09796791523694992,246,356
0,1,-1.345729112625122,2.936028480529785,0.7360913157463074,0.09796791523694992,271,357
0,2,-1.3576382398605347,2.9756364822387695,0.6859728693962097,0.09796791523694992,266,361
0,3,-1.264197587966919,3.046518087387085,0.6967630982398987,0.09796791523694992,231,372
0,4,-1.3338199853897095,2.9681801795959473,0.4365265369415283,-0.09796791523694992,270,367
0,5,-1.345729112625122,3.004857063293457,0.36459261178970337,-0.09796791523694992,298,367
0,6,-1.2532044649124146,3.0782382488250732,0.3494010269641876,-0.09796791523694992,297,369
0,7,-1.264197587966919,3.107250928878784,0.33427804708480835,-0.09796791523694992,257,384
 , , , , , , , 
0,0,-1.3338199853897095,2.9410386085510254,0.5924032330513,0.09796791523694992,273,393
0,1,-1.2422114610671997,3.011296510696411,0.6017341613769531,0.09796791523694992,303,391
0,2,-1.2532044649124146,3.03788423538208,0.6073641777038574,0.09796791523694992,303,390
0,3,-1.158847689628601,3.080453395843506,0.7299486398696899,0.09796791523694992,268,403
 , , , , , , , 
0,0,-1.345729112625122,2.9598796367645264,0.6334084868431091,0.09796791523694992,235,349
0,1,-1.3576382398605347,2.9931039810180664,0.6052272319793701,0.09796791523694992,236,350
0,2,-1.345729112625122,3.009575843811035,0.32333600521087646,-0.09796791523694992,232,342
0,3,-1.2532044649124146,3.078331708908081,0.3485773503780365,-0.09796791523694992,236,341
 , , , , , , , 
0,0,-1.3338199853897095,2.94183611869812,0.5884295105934143,0.09796791523694992,245,355
0,1,-1.345729112625122,2.978649377822876,0.5382758975028992,0.09796791523694992,275,355
0,2,-1.3576382398605347,3.008364677429199,0.5241313576698303,0.09796791523694992,277,356
0,3,-1.264197587966919,3.054466962814331,0.661046028137207,0.09796791523694992,245,365
0,4,-1.345729112625122,3.022020101547241,0.17171980440616608,-0.09796791523694992,238,368
0,5,-1.3576382398605347,3.050466537475586,0.1400924026966095,-0.09796791523694992,243,367
 , , , , , , , 
0,0,-1.3576382398605347,3.004450559616089,0.5461203455924988,0.09796791523694992,229,352
0,1,-1.345729112625122,3.0171444416046143,0.24275946617126465,-0.09796791523694992,230,339
0,2,-1.3576382398605347,3.046739101409912,0.20579592883586884,-0.09796791523694992,232,341
 , , , , , , , 
0,0,-1.345729112625122,3.008190155029297,0.3359842002391815,0.0,225,343
0,1,-1.3576382398605347,3.03265643119812,0.3577239215373993,0.0,234,340
 , , , , , , , 
0,0,-1.3338199853897095,2.9558334350585938,0.513515293598175,0.09796791523694992,249,393
0,1,-1.345729112625122,2.9874188899993896,0.4872592091560364,0.09796791523694992,279,394
0,2,-1.3576382398605347,3.0154995918273926,0.48138663172721863,0.09796791523694992,287,392
0,3,-1.264197587966919,3.0759878158569336,0.5523130893707275,0.09796791523694992,261,397
0,4,-1.3338199853897095,2.9972376823425293,0.1312095671892166,-0.09796791523694992,244,348
0,5,-1.345729112625122,3.0259134769439697,0.0770803838968277,-0.09796791523694992,280,346
0,6,-1.2532044649124146,3.096325159072876,0.10199173539876938,-0.09796791523694992,284,346
0,7,-1.264197587966919,3.1224894523620605,0.12965284287929535,-0.09796791523694992,257,353
 , , , , , , , 
0,0,-1.3338199853897095,2.971975088119507,0.4098949432373047,0.09796791523694992,250,364
0,1,-1.345729112625122,2.9984049797058105,0.4143194258213043,0.09796791523694992,283,364
0,2,-1.2532044649124146,3.0602939128875732,0.48190486431121826,0.09796791523694992,289,363
0,3,-1.264197587966919,3.066208839416504,0.6042458415031433,0.09796791523694992,259,374
0,4,-1.2312184572219849,3.0435216426849365,-0.028333256021142006,-0.09796791523694992,233,344
0,5,-1.2422114610671997,3.070770263671875,-0.01899927295744419,-0.09796791523694992,269,341
0,6,-1.2532044649124146,3.09794545173645,0.019111549481749535,-0.09796791523694992,276,339
0,7,-1.158847689628601,3.162137746810913,0.1513352245092392,-0.09796791523694992,251,345
 , , , , , , , 
0,0,-1.0260154008865356,3.110949754714966,0.22137989103794098,0.09796791523694992,241,446
0,1,-1.0351762771606445,3.133031129837036,0.2925845682621002,0.09796791523694992,270,447
0,2,-0.9399033784866333,3.1699416637420654,0.4860088527202606,0.09796791523694992,274,444
0,3,-0.8427983522415161,3.164647102355957,0.7997785806655884,0.09796791523694992,248,448
 , , , , , , , 
0,0,-0.6156092286109924,3.2202506065368652,0.17531800270080566,0.09796791523694992,248,455
0,1,-0.6211057305335999,3.2516427040100098,0.11885612457990646,0.09796791523694992,295,451
0,2,-0.6266022324562073,3.2822928428649902,0.045555997639894485,0.09796791523694992,310,448
0,3,-0.6320987939834595,3.3082823753356934,-0.1437554657459259,0.09796791523694992,289,450
0,4,-0.6375952959060669,3.275406837463379,-0.6547049283981323,0.09796791523694992,237,464
 , , , , , , , 
0,0,-0.5175881385803223,3.2711586952209473,0.0685790404677391,0.09796791523694992,259,362
0,1,-0.5221685171127319,3.3008317947387695,0.001483169966377318,0.09796791523694992,275,362
0,2,-0.5267489552497864,3.3283467292785645,-0.09791754931211472,0.09796791523694992,266,360
0,3,-0.5175881385803223,3.2635622024536133,-0.2331191450357437,-0.09796791523694992,267,368
0,4,-0.5221685171127319,3.2871265411376953,-0.30048513412475586,-0.09796791523694992,283,369
0,5,-0.5267489552497864,3.3075857162475586,-0.38387155532836914,-0.09796791523694992,269,374
 , , , , , , , 
0,0,-0.5130077004432678,3.240388870239258,0.12817303836345673,0.09796791523694992,240,396
0,1,-0.5175881385803223,3.271230697631836,0.06505728513002396,0.09796791523694992,287,395
0,2,-0.5221685171127319,3.3008272647857666,0.005657462403178215,0.09796791523694992,304,394
0,3,-0.5267489552497864,3.3286211490631104,-0.08809910714626312,0.09796791523694992,288,399
0,4,-0.6375952959060669,3.32761287689209,-0.2896907925605774,0.09796791523694992,233,420
0,5,-0.4104061424732208,3.245964765548706,-0.2738697826862335,-0.09796791523694992,242,354
0,6,-0.4140704870223999,3.270020008087158,-0.32953810691833496,-0.09796791523694992,287,355
0,7,-0.417734831571579,3.2921247482299805,-0.3944165110588074,-0.09796791523694992,306,354
0,8,-0.5267489552497864,3.2934563159942627,-0.49053552746772766,-0.09796791523694992,292,357
0,9,-0.6375952959060669,3.259809732437134,-0.7284016013145447,-0.09796791523694992,236,376
 , , , , , , , 
0,0,-0.5130077004432678,3.2405357360839844,-0.12440446019172668,-0.09796791523694992,277,402
0,1,-0.4140704870223999,3.2817342281341553,-0.17845569550991058,-0.09796791523694992,324,401
0,2,-0.417734831571579,3.3064465522766113,-0.2471057027578354,-0.09796791523694992,342,399
0,3,-0.5267489552497864,3.3101933002471924,-0.36069396138191223,-0.09796791523694992,318,409
0,4,-0.6375952959060669,3.2766408920288086,-0.6485000848770142,-0.09796791523694992,254,434
 , , , , , , , 
0,0,-0.5130077004432678,3.240077257156372,0.13581815361976624,0.09796791523694992,250,393
0,1,-0.5175881385803223,3.2711174488067627,0.07051637768745422,0.09796791523694992,295,393
0,2,-0.5221685171127319,3.3008317947387695,-0.001237364485859871,0.09796791523694992,311,393
0,3,-0.5267489552497864,3.3273491859436035,-0.12738962471485138,0.09796791523694992,292,398
0,4,-0.6375952959060669,3.312811851501465,-0.42685505747795105,0.09796791523694992,236,415
0,5,-0.4104061424732208,3.2476274967193604,-0.2533935010433197,-0.09796791523694992,258,340
0,6,-0.4140704870223999,3.270634412765503,-0.3233802914619446,-0.09796791523694992,300,344
0,7,-0.417734831571579,3.2916135787963867,-0.3986600637435913,-0.09796791523694992,319,342
0,8,-0.5267489552497864,3.288266658782959,-0.5241970419883728,-0.09796791523694992,299,348
0,9,-0.6375952959060669,3.2341599464416504,-0.8349475264549255,-0.09796791523694992,238,370
 , , , , , , , 
0,0,-0.5175881385803223,3.269989490509033,0.11113233864307404,0.09796791523694992,255,328
0,1,-0.5221685171127319,3.3004066944122314,0.052983660250902176,0.09796791523694992,273,326
0,2,-0.5267489552497864,3.329014301300049,-0.07172046601772308,0.09796791523694992,256,331
0,3,-0.5175881385803223,3.2623395919799805,-0.24964535236358643,-0.09796791523694992,243,351
0,4,-0.5221685171127319,3.286005735397339,-0.31250518560409546,-0.09796791523694992,258,352
0,5,-0.5267489552497864,3.3001420497894287,-0.44333118200302124,-0.09796791523694992,244,353
 , , , , , , , 
0,0,-0.5130077004432678,3.2395904064178467,0.14697861671447754,0.09796791523694992,245,367
0,1,-0.5175881385803223,3.271038770675659,0.07407625019550323,0.09796791523694992,296,364
0,2,-0.5221685171127319,3.300816535949707,0.01009662076830864,0.09796791523694992,316,361
0,3,-0.6320987939834595,3.310267925262451,-0.08673978596925735,0.09796791523694992,301,366
0,4,-0.7438611388206482,3.3019721508026123,-0.3272707760334015,0.09796791523694992,245,382
0,5,-0.5130077004432678,3.2364020347595215,-0.2055479884147644,-0.09796791523694992,239,347
0,6,-0.5175881385803223,3.260026693344116,-0.2782244384288788,-0.09796791523694992,282,350
0,7,-0.5221685171127319,3.2824387550354004,-0.34797850251197815,-0.09796791523694992,300,350
0,8,-0.5267489552497864,3.3004937171936035,-0.4407053291797638,-0.09796791523694992,289,352
0,9,-0.6375952959060669,3.272193193435669,-0.6705819964408875,-0.09796791523694992,234,369
 , , , , , , , 
0,0,-0.5175881385803223,3.266463279724121,0.18814685940742493,0.09796791523694992,245,353
0,1,-0.5221685171127319,3.2984135150909424,0.1263362616300583,0.09796791523694992,264,352
0,2,-0.6320987939834595,3.3107752799987793,0.06453476846218109,0.09796791523694992,253,352
0,3,-0.5130077004432678,3.2393558025360107,-0.15206056833267212,-0.09796791523694992,226,340
0,4,-0.5175881385803223,3.264615297317505,-0.21787512302398682,-0.09796791523694992,275,339
0,5,-0.5221685171127319,3.2886857986450195,-0.282911479473114,-0.09796791523694992,291,341
0,6,-0.5267489552497864,3.311000347137451,-0.35320961475372314,-0.09796791523694992,280,341
0,7,-0.6375952959060669,3.3075997829437256,-0.4655230641365051,-0.09796791523694992,229,357
 , , , , , , , 
0,0,-0.5130077004432678,3.2317090034484863,0.2694530189037323,0.09796791523694992,271,363
0,1,-0.5175881385803223,3.266200065612793,0.19266639649868011,0.09796791523694992,317,365
0,2,-0.5221685171127319,3.297872304916382,0.1397501528263092,0.09796791523694992,338,362
0,3,-0.6320987939834595,3.310019016265869,0.09576794505119324,0.09796791523694992,323,366
0,4,-0.7438611388206482,3.31811261177063,0.015988577157258987,0.09796791523694992,261,388
0,5,-0.5130077004432678,3.2380573749542236,-0.1775757521390915,-0.09796791523694992,248,343
0,6,-0.5175881385803223,3.2629010677337646,-0.24219568073749542,-0.09796791523694992,299,341
0,7,-0.5221685171127319,3.287855625152588,-0.2924008369445801,-0.09796791523694992,315,343
0,8,-0.5267489552497864,3.311872720718384,-0.3449347913265228,-0.09796791523694992,302,345
0,9,-0.6375952959060669,3.3111765384674072,-0.43936067819595337,-0.09796791523694992,244,364
 , , , , , , , 
0,0,-0.5130077004432678,3.2400598526000977,0.13623623549938202,0.09796791523694992,265,450
0,1,-0.5175881385803223,3.2709882259368896,0.07627162337303162,0.09796791523694992,319,450
0,2,-0.5221685171127319,3.3006184101104736,0.03756483644247055,0.09796791523694992,345,446
0,3,-0.5267489552497864,3.3297295570373535,-0.019529297947883606,0.09796791523694992,338,447
0,4,-0.6375952959060669,3.334143877029419,-0.20103058218955994,0.09796791523694992,284,464
 , , , , , , , 
0,0,-0.25283950567245483,1.3095922470092773,-0.19857381284236908,0.19593583047389984,228,536
0,1,-0.6156092286109924,3.2115671634674072,0.2942564785480499,0.19593583047389984,250,431
0,2,-0.5175881385803223,3.2605199813842773,0.2723800539970398,0.19593583047389984,313,431
0,3,-0.5221685171127319,3.2923645973205566,0.23627783358097076,0.19593583047389984,340,432
0,4,-0.5267489552497864,3.3242785930633545,0.19144831597805023,0.19593583047389984,341,432
0,5,-0.5313293933868408,3.3567628860473633,0.11527553200721741,0.19593583047389984,302,446
0,6,-0.10718195885419846,3.388627529144287,0.5190359354019165,0.19593583047389984,231,475
 , , , , , , , 
0,0,-0.07145464420318604,0.35888996720314026,-0.10640908032655716,0.3918716609477997,230,333
0,1,-0.6211057305335999,3.2482216358184814,0.19069251418113708,0.3918716609477997,305,407
0,2,-0.6266022324562073,3.2778713703155518,0.17629902064800262,0.3918716609477997,354,409
0,3,-0.5267489552497864,3.323106527328491,0.21081794798374176,0.3918716609477997,367,413
0,4,-0.5313293933868408,3.342586040496826,0.32903406023979187,0.3918716609477997,350,418
0,5,-0.4287278354167938,3.337660074234009,0.6632497906684875,0.3918716609477997,285,442
 , , , , , , , 
0,0,-0.6211057305335999,3.2433125972747803,0.2612077593803406,0.5878074765205383,248,368
0,1,-0.6266022324562073,3.2757298946380615,0.21240510046482086,0.5878074765205383,342,370
0,2,-0.5267489552497864,3.324476718902588,0.18797741830348969,0.5878074765205383,390,374
0,3,-0.5313293933868408,3.3561840057373047,0.1310526579618454,0.5878074765205383,402,381
0,4,-0.5359097719192505,3.3875668048858643,0.029583686962723732,0.5878074765205383,378,393
0,5,-0.4323921799659729,3.429210662841797,-0.1385042369365692,0.5878074765205383,308,423
 , , , , , , , 
0,0,2.0062263011932373,0.7444867491722107,0.016964474692940712,0.19593583047389984,237,348
0,1,0.18321701884269714,0.22316204011440277,-0.05065103992819786,0.3918716609477997,226,379
0,2,0.19787438213825226,0.2849119305610657,-0.05846152454614639,0.4898395836353302,251,349
0,3,-0.6320987939834595,3.31007981300354,0.09363823384046555,0.5878074765205383,284,409
0,4,-0.6375952959060669,3.33956241607666,0.06519274413585663,0.5878074765205383,338,413
0,5,-0.6430917382240295,3.3688552379608154,0.030508756637573242,0.5878074765205383,360,413
0,6,-0.6485882997512817,3.3977599143981934,-0.013883134350180626,0.5878074765205383,347,416
0,7,-0.436056524515152,3.461078643798828,-0.009423487819731236,0.5878074765205383,285,438
 , , , , , , , 
0,0,0.1539023071527481,0.30137187242507935,-0.09610364586114883,0.3918716609477997,236,351
0,1,-0.7438611388206482,3.3180882930755615,-0.02041567675769329,0.4898395836353302,234,440
0,2,-0.7502737045288086,3.346111297607422,-0.06566572934389114,0.4898395836353302,311,435
0,3,-0.7566863298416138,3.3747477531433105,-0.06430812925100327,0.4898395836353302,350,432
0,4,-0.6540848016738892,3.426439046859741,-0.03144002705812454,0.4898395836353302,354,436
0,5,-0.6595813035964966,3.4553520679473877,0.013383215293288231,0.4898395836353302,324,451
0,6,-0.44338521361351013,3.517942428588867,0.0963277667760849,0.4898395836353302,268,479
 , , , , , , , 
0,0,-0.6540848016738892,3.2636125087738037,-1.0441768169403076,0.0,280,366
0,1,-0.6595813035964966,3.2895236015319824,-1.0576725006103516,0.0,285,367
0,2,-0.7502737045288086,3.3448715209960938,-0.11227907985448837,0.3918716609477997,278,403
0,3,-0.7566863298416138,3.3726563453674316,-0.13507895171642303,0.3918716609477997,350,402
0,4,-0.7630988955497742,3.400113344192505,-0.16189271211624146,0.3918716609477997,380,407
0,5,-0.7695115208625793,3.4279134273529053,-0.17873185873031616,0.3918716609477997,380,414
0,6,-0.7759241461753845,3.4584171772003174,-0.13813473284244537,0.3918716609477997,340,433
0,7,-0.8940991163253784,3.4619951248168945,0.07607816904783249,0.3918716609477997,255,467
 , , , , , , , 
0,0,0.13191625475883484,0.31305065751075745,-0.09134682267904282,0.29390373826026917,237,349
0,1,0.14290928840637207,0.3457638621330261,-0.07249103486537933,0.29390373826026917,262,356
0,2,0.1539023071527481,0.375092089176178,-0.0636647641658783,0.29390373826026917,251,367
0,3,-0.7566863298416138,3.36681866645813,-0.2399766594171524,0.29390373826026917,242,470
0,4,-0.7630988955497742,3.3908467292785645,-0.29855877161026,0.29390373826026917,307,464
0,5,-0.7695115208625793,3.410891056060791,-0.3851727545261383,0.29390373826026917,332,460
0,6,-0.7759241461753845,3.412407636642456,-0.5789690017700195,0.29390373826026917,320,460
0,7,-0.6705743074417114,3.3525328636169434,-1.0495071411132812,0.29390373826026917,251,479
 , , , , , , , 
0,0,0.15481838583946228,0.33864450454711914,-0.08112847059965134,0.09796791523694992,248,371
0,1,0.16672749817371368,0.36755022406578064,-0.07444452494382858,0.09796791523694992,236,389
0,2,-0.7630988955497742,3.3877511024475098,-0.33184507489204407,0.19593583047389984,293,447
0,3,-0.7695115208625793,3.41110897064209,-0.3832389712333679,0.19593583047389984,335,448
0,4,-0.7759241461753845,3.435544729232788,-0.42043256759643555,0.19593583047389984,340,452
0,5,-0.6705743074417114,3.4960505962371826,-0.3443414568901062,0.19593583047389984,313,462
0,6,-0.5633924007415771,3.559504270553589,-0.11692452430725098,0.19593583047389984,251,489
 , , , , , , , 
0,0,0.2088674157857895,0.2815561592578888,-0.029109802097082138,0.19593583047389984,237,347
0,1,-0.7630988955497742,3.3882997035980225,-0.3261953592300415,0.19593583047389984,230,473
0,2,-0.7695115208625793,3.4116570949554443,-0.37832874059677124,0.19593583047389984,289,475
0,3,-0.7759241461753845,3.430551528930664,-0.4593975245952606,0.19593583047389984,316,474
0,4,-0.7823367118835449,3.444411516189575,-0.560882568359375,0.19593583047389984,312,476
0,5,-0.6760708689689636,3.486335515975952,-0.6241355538368225,0.19593583047389984,269,490
 , , , , , , , 
0,0,-0.7695115208625793,3.410665988922119,-0.38716253638267517,0.09796791523694992,263,487
0,1,-0.7759241461753845,3.4318735599517822,-0.44941556453704834,0.09796791523694992,298,490
0,2,-0.7823367118835449,3.4531984329223633,-0.5039651989936829,0.09796791523694992,304,491
0,3,-0.7887493371963501,3.480525493621826,-0.5147513151168823,0.09796791523694992,275,500
 , , , , , , , 
0,0,-0.8794417381286621,3.3908684253692627,-0.32136911153793335,0.09796791523694992,264,461
0,1,-0.8867704272270203,3.416243314743042,-0.3531414866447449,0.09796791523694992,309,461
0,2,-0.8940991163253784,3.443411111831665,-0.36622071266174316,0.09796791523694992,320,461
0,3,-0.7887493371963501,3.5057616233825684,-0.2977628707885742,0.09796791523694992,300,465
0,4,-0.7951619625091553,3.5446691513061523,-0.12826868891716003,0.09796791523694992,237,487
 , , , , , , , 
0,0,-0.8794417381286621,3.4004011154174805,-0.19631381332874298,0.09796791523694992,254,390
0,1,-0.8867704272270203,3.4272608757019043,-0.2220577895641327,0.09796791523694992,304,390
0,2,-0.8940991163253784,3.4552085399627686,-0.22963330149650574,0.09796791523694992,318,392
0,3,-0.9014278054237366,3.4860918521881104,-0.189060777425766,0.09796791523694992,302,395
0,4,-0.9087564945220947,3.5192456245422363,-0.049857500940561295,0.09796791523694992,246,412
0,5,-0.8794417381286621,3.3504674434661865,-0.6128908395767212,-0.09796791523694992,232,359
0,6,-0.8867704272270203,3.373175621032715,-0.6458441019058228,-0.09796791523694992,288,354
0,7,-0.7823367118835449,3.4278955459594727,-0.6542883515357971,-0.09796791523694992,302,355
0,8,-0.7887493371963501,3.4637725353240967,-0.6175010204315186,-0.09796791523694992,291,353
0,9,-0.7951619625091553,3.513453245162964,-0.48659858107566833,-0.09796791523694992,236,369
 , , , , , , , 
0,0,-0.8867704272270203,3.43377685546875,-0.06785265356302261,0.09796791523694992,240,351
0,1,-0.8940991163253784,3.4626336097717285,-0.03695723041892052,0.09796791523694992,256,353
0,2,-0.9014278054237366,3.4908576011657715,0.04992641881108284,0.09796791523694992,245,351
0,3,-0.8940991163253784,3.431029796600342,-0.46822303533554077,-0.09796791523694992,234,388
 , , , , , , , 
0,0,-0.8794417381286621,3.4045944213867188,-0.10002241283655167,0.09796791523694992,233,409
0,1,-0.8867704272270203,3.4318456649780273,-0.1336498260498047,0.09796791523694992,285,408
0,2,-0.8940991163253784,3.459970712661743,-0.14071182906627655,0.09796791523694992,296,416
0,3,-0.9014278054237366,3.489938497543335,-0.09438908845186234,0.09796791523694992,282,419
0,4,-0.9087564945220947,3.5191917419433594,0.053532447665929794,0.09796791523694992,228,434
0,5,-0.8794417381286621,3.3700168132781982,-0.4942196011543274,-0.09796791523694992,231,359
0,6,-0.8867704272270203,3.3904991149902344,-0.547670304775238,-0.09796791523694992,280,362
0,7,-0.8940991163253784,3.41666316986084,-0.5635687112808228,-0.09796791523694992,294,365
0,8,-0.7887493371963501,3.4796814918518066,-0.5204276442527771,-0.09796791523694992,283,365
0,9,-0.7951619625091553,3.5263378620147705,-0.38219529390335083,-0.09796791523694992,230,379
 , , , , , , , 
0,0,-0.7759241461753845,3.410085678100586,-0.5924907922744751,-0.09796791523694992,245,351
0,1,-0.7823367118835449,3.423887252807617,-0.6749488711357117,-0.09796791523694992,262,353
0,2,-0.7887493371963501,3.441074848175049,-0.7335061430931091,-0.09796791523694992,248,356
 , , , , , , , 
0,0,0.17588834464550018,0.30156150460243225,-0.04325273260474205,0.09796791523694992,237,346
0,1,-0.6311826705932617,1.3828877210617065,-0.321174293756485,0.09796791523694992,237,462
0,2,-0.6430917978286743,1.4008868932724,-0.36030909419059753,0.09796791523694992,253,460
0,3,-0.6046161651611328,1.4430962800979614,-0.3891723155975342,0.09796791523694992,237,458
0,4,-1.4410018920898438,3.240529775619507,-0.06533218920230865,0.09796791523694992,268,463
0,5,-1.4529110193252563,3.2677066326141357,-0.04187406972050667,0.09796791523694992,286,467
0,6,-1.464820146560669,3.294607639312744,0.03187151625752449,0.09796791523694992,268,470
 , , , , , , , 
0,0,-0.8409661650657654,1.3145278692245483,-0.2658306956291199,0.09796791523694992,249,482
0,1,-0.8565396070480347,1.3436920642852783,-0.24571198225021362,0.09796791523694992,246,474
0,2,-1.8843871355056763,3.00156831741333,-0.14649975299835205,0.09796791523694992,238,485
0,3,-1.8999606370925903,3.0239999294281006,-0.19022338092327118,0.09796791523694992,261,489
0,4,-1.9155341386795044,3.043651819229126,-0.2608962059020996,0.09796791523694992,248,495
 , , , , , , , 
0,0,-0.9893720149993896,1.1863957643508911,-0.3456612229347229,0.09796791523694992,232,500
0,1,-1.0076936483383179,1.1783748865127563,-0.4421865940093994,0.09796791523694992,233,495
0,2,-2.235247850418091,2.7880845069885254,-0.14443962275981903,0.09796791523694992,229,498
 , , , , , , , 
0,0,-1.0388405323028564,1.1332699060440063,-0.37733733654022217,-0.09796791523694992,263,421
0,1,-1.0580782890319824,1.1268097162246704,-0.45859894156455994,-0.09796791523694992,261,416
0,2,-1.1286169290542603,1.0275681018829346,-0.6043664216995239,-0.09796791523694992,226,412
0,3,-2.327772378921509,2.657863140106201,-0.3146880865097046,-0.09796791523694992,230,416
0,4,-2.3470101356506348,2.677652359008789,-0.3351609706878662,-0.09796791523694992,262,419
0,5,-2.2535696029663086,2.797520399093628,-0.31057503819465637,-0.09796791523694992,257,427
0,6,-2.2718911170959473,2.830714702606201,-0.1974359005689621,-0.09796791523694992,230,431
 , , , , , , , 
0,0,-1.0388405323028564,1.143596887588501,-0.3447754383087158,-0.09796791523694992,238,451
0,1,-1.0580782890319824,1.1470941305160522,-0.4052012860774994,-0.09796791523694992,237,444
0,2,-2.3470101356506348,2.683255672454834,-0.28686946630477905,-0.09796791523694992,240,439
0,3,-2.2535696029663086,2.7994794845581055,-0.2923887372016907,-0.09796791523694992,230,449
 , , , , , , , 
0,0,-1.0388405323028564,1.1844189167022705,-0.15438859164714813,0.09796791523694992,230,366
0,1,-2.3470101356506348,2.6954867839813232,0.12847447395324707,0.09796791523694992,227,358
0,2,-2.3662478923797607,2.7183749675750732,0.11163182556629181,0.09796791523694992,226,359
0,3,-1.0388405323028564,1.135677695274353,-0.37002718448638916,-0.09796791523694992,228,396
0,4,-1.0580782890319824,1.1366608142852783,-0.4336072504520416,-0.09796791523694992,227,388
0,5,-2.3470101356506348,2.6746840476989746,-0.3580784499645233,-0.09796791523694992,230,381
0,6,-2.2535696029663086,2.7933874130249023,-0.34577932953834534,-0.09796791523694992,227,385
 , , , , , , , 
0,0,-0.9399033784866333,1.2434486150741577,-0.2762081027030945,0.09796791523694992,258,423
0,1,-1.0076936483383179,1.2111197710037231,-0.34246915578842163,0.09796791523694992,260,412
0,2,-2.1234853267669678,2.875959873199463,-0.10137675702571869,0.09796791523694992,248,430
0,3,-2.1408910751342773,2.9000906944274902,-0.08491891622543335,0.09796791523694992,242,435
0,4,-0.9399033784866333,1.1919504404067993,-0.44912096858024597,-0.09796791523694992,247,378
0,5,-0.9573089480400085,1.1842883825302124,-0.5296823382377625,-0.09796791523694992,246,368
0,6,-2.1234853267669678,2.826702833175659,-0.5396044850349426,-0.09796791523694992,239,384
0,7,-2.028212547302246,2.9347660541534424,-0.5240750312805176,-0.09796791523694992,231,391
 , , , , , , , 
0,0,-0.8409661650657654,1.3147550821304321,-0.2647050619125366,0.09796791523694992,248,383
0,1,-0.8565396070480347,1.3259079456329346,-0.328406423330307,0.09796791523694992,247,375
0,2,-1.8999606370925903,3.029877185821533,-0.02460150420665741,0.09796791523694992,249,392
0,3,-1.8028556108474731,3.1223790645599365,-0.04017185792326927,0.09796791523694992,243,397
0,4,-0.7914975881576538,1.2964290380477905,-0.44573190808296204,-0.09796791523694992,236,436
0,5,-0.8061549067497253,1.2917133569717407,-0.5302205681800842,-0.09796791523694992,235,427
0,6,-1.7881982326507568,3.0742170810699463,-0.3770237863063812,-0.09796791523694992,236,445
0,7,-1.690177083015442,3.162336826324463,-0.37957867980003357,-0.09796791523694992,230,451
 , , , , , , , 
0,0,-0.6797351837158203,1.370290756225586,-0.27237120270729065,-0.09796791523694992,230,524
0,1,-0.6925603747367859,1.3915714025497437,-0.2996048331260681,-0.09796791523694992,261,510
0,2,-0.7053855657577515,1.413883090019226,-0.3207938075065613,-0.09796791523694992,255,501
0,3,-1.5390230417251587,3.1601614952087402,-0.13953761756420135,-0.09796791523694992,250,443
0,4,-1.551848292350769,3.1865835189819336,-0.13871470093727112,-0.09796791523694992,309,442
0,5,-1.5646734237670898,3.210448741912842,-0.18822039663791656,-0.09796791523694992,328,445
0,6,-1.464820146560669,3.2852699756622314,-0.2499140501022339,-0.09796791523694992,317,450
0,7,-1.363134741783142,3.358205795288086,-0.2788042724132538,-0.09796791523694992,267,469
 , , , , , , , 
0,0,-0.5340776443481445,1.4182978868484497,-0.34222063422203064,-0.09796791523694992,240,521
0,1,-0.5441545844078064,1.4370802640914917,-0.38022351264953613,-0.09796791523694992,267,506
0,2,-0.5038468241691589,1.4736220836639404,-0.41727563738822937,-0.09796791523694992,256,499
0,3,-1.0993021726608276,3.3397698402404785,-0.11025795340538025,-0.09796791523694992,262,438
0,4,-1.1084630489349365,3.364867687225342,-0.17539452016353607,-0.09796791523694992,311,441
0,5,-1.1176239252090454,3.3877034187316895,-0.25493884086608887,-0.09796791523694992,322,446
0,6,-1.1267848014831543,3.403489828109741,-0.3844030499458313,-0.09796791523694992,301,452
0,7,-1.0223510265350342,3.455073595046997,-0.4802911579608917,-0.09796791523694992,242,475
 , , , , , , , 
0,0,-0.38842010498046875,1.4576159715652466,-0.37203285098075867,-0.09796791523694992,257,484
0,1,-0.3957487940788269,1.4765161275863647,-0.4112865626811981,-0.09796791523694992,279,469
0,2,-0.40307745337486267,1.48666250705719,-0.47634655237197876,-0.09796791523694992,262,463
0,3,-0.8794417381286621,3.39925479888916,-0.21525143086910248,-0.09796791523694992,250,440
0,4,-0.8867704272270203,3.420896530151367,-0.3047846555709839,-0.09796791523694992,299,436
0,5,-0.8940991163253784,3.4387667179107666,-0.40752914547920227,-0.09796791523694992,313,433
0,6,-0.9014278054237366,3.4439287185668945,-0.5726566314697266,-0.09796791523694992,293,432
0,7,-0.7951619625091553,3.4833784103393555,-0.6687348484992981,-0.09796791523694992,232,451
 , , , , , , , 
0,0,0.19237788021564484,0.35849761962890625,-0.0538833811879158,-0.09796791523694992,226,371
0,1,-0.29131507873535156,1.4740697145462036,-0.3951922059059143,-0.09796791523694992,262,494
0,2,-0.296811580657959,1.4927451610565186,-0.43530264496803284,-0.09796791523694992,283,478
0,3,-0.3023080825805664,1.5036044120788574,-0.4973193407058716,-0.09796791523694992,265,470
0,4,-0.6595813035964966,3.4401872158050537,-0.32364848256111145,-0.09796791523694992,254,464
0,5,-0.665077805519104,3.4644248485565186,-0.37043362855911255,-0.09796791523694992,293,463
0,6,-0.6705743074417114,3.4816699028015137,-0.46788573265075684,-0.09796791523694992,300,461
0,7,-0.5633924007415771,3.503645181655884,-0.6389148831367493,-0.09796791523694992,275,461
 , , , , , , , 
0,0,-0.29131507873535156,1.5080894231796265,-0.23393289744853973,0.09796791523694992,254,378
0,1,-0.296811580657959,1.5343624353408813,-0.2520090341567993,0.09796791523694992,264,370
0,2,-0.25192341208457947,1.5723371505737305,-0.25265270471572876,0.09796791523694992,239,368
0,3,-0.5496510863304138,3.4723572731018066,0.12370487302541733,0.09796791523694992,249,346
0,4,-0.5542315244674683,3.5026750564575195,0.07671055197715759,0.09796791523694992,281,347
0,5,-0.5588119626045227,3.5323452949523926,-0.029619669541716576,0.09796791523694992,282,347
0,6,-0.4507139027118683,3.5742075443267822,-0.15182189643383026,0.09796791523694992,248,354
0,7,-0.24276256561279297,1.474457859992981,-0.4253975749015808,-0.09796791523694992,262,397
0,8,-0.2473430037498474,1.4980095624923706,-0.4479537904262543,-0.09796791523694992,269,393
0,9,-0.25192341208457947,1.5221322774887085,-0.4681781530380249,-0.09796791523694992,243,391
0,10,-0.5496510863304138,3.461564302444458,-0.3002338111400604,-0.09796791523694992,265,357
0,11,-0.5542315244674683,3.4835615158081055,-0.3733835220336914,-0.09796791523694992,298,358
0,12,-0.4470495581626892,3.5181353092193604,-0.46204137802124023,-0.09796791523694992,297,360
0,13,-0.4507139027118683,3.516784429550171,-0.6559252142906189,-0.09796791523694992,263,367
 , , , , , , , 
0,0,-0.23818212747573853,1.4874775409698486,-0.23317447304725647,0.09796791523694992,253,412
0,1,-0.29131507873535156,1.5041738748550415,-0.257913202047348,0.09796791523694992,294,403
0,2,-0.2473430037498474,1.5380340814590454,-0.2813296318054199,0.09796791523694992,301,398
0,3,-0.25192341208457947,1.5592586994171143,-0.3237127363681793,0.09796791523694992,263,409
0,4,-0.5496510863304138,3.4743340015411377,0.03963373228907585,0.09796791523694992,247,414
0,5,-0.5542315244674683,3.503472089767456,-0.017293579876422882,0.09796791523694992,287,410
0,6,-0.5588119626045227,3.5298051834106445,-0.13716645538806915,0.09796791523694992,290,408
0,7,-0.5633924007415771,3.541228771209717,-0.3787350058555603,0.09796791523694992,262,409
0,8,-0.23818212747573853,1.4451037645339966,-0.4226521849632263,-0.09796791523694992,232,389
0,9,-0.24276256561279297,1.46842360496521,-0.445781409740448,-0.09796791523694992,272,382
0,10,-0.2473430037498474,1.4892964363098145,-0.47612106800079346,-0.09796791523694992,278,378
0,11,-0.25192341208457947,1.506982684135437,-0.5148599147796631,-0.09796791523694992,243,386
0,12,-0.5496510863304138,3.4548754692077637,-0.369329571723938,-0.09796791523694992,253,362
0,13,-0.5542315244674683,3.475494623184204,-0.44221311807632446,-0.09796791523694992,287,362
0,14,-0.4470495581626892,3.5044171810150146,-0.5566138029098511,-0.09796791523694992,291,360
0,15,-0.4507139027118683,3.490990161895752,-0.7816632390022278,-0.09796791523694992,260,364
 , , , , , , , 
0,0,-0.29131507873535156,1.5090800523757935,-0.2274550199508667,0.09796791523694992,233,376
0,1,-0.2473430037498474,1.5434510707855225,-0.2499081939458847,0.09796791523694992,237,375
0,2,-0.5542315244674683,3.5033860206604004,0.030047103762626648,0.09796791523694992,247,360
0,3,-0.5588119626045227,3.5313832759857178,-0.08758936077356339,0.09796791523694992,250,360
0,4,-0.24276256561279297,1.480265736579895,-0.4047250747680664,-0.09796791523694992,246,380
0,5,-0.2473430037498474,1.497179627418518,-0.45071983337402344,-0.09796791523694992,254,374
0,6,-0.20153872668743134,1.5166587829589844,-0.5085972547531128,-0.09796791523694992,226,376
0,7,-0.5542315244674683,3.479574680328369,-0.40887221693992615,-0.09796791523694992,250,375
0,8,-0.5588119626045227,3.4891722202301025,-0.5513776540756226,-0.09796791523694992,254,373
0,9,-0.5633924007415771,3.4560980796813965,-0.8597257733345032,-0.09796791523694992,228,374
 , , , , , , , 
0,0,-0.29131507873535156,1.5043518543243408,-0.2568729519844055,0.09796791523694992,231,379
0,1,-0.296811580657959,1.5278575420379639,-0.2888387143611908,0.09796791523694992,239,375
0,2,-0.5542315244674683,3.503068447113037,-0.055930934846401215,0.09796791523694992,250,359
0,3,-0.5588119626045227,3.5292348861694336,-0.15113070607185364,0.09796791523694992,252,359
0,4,-0.24276256561279297,1.4753752946853638,-0.42220473289489746,-0.09796791523694992,230,365
0,5,-0.2473430037498474,1.4976251125335693,-0.4492374360561371,-0.09796791523694992,238,361
0,6,-0.5496510863304138,3.4550845623016357,-0.36736780405044556,-0.09796791523694992,227,333
0,7,-0.5542315244674683,3.477342367172241,-0.4274417459964752,-0.09796791523694992,264,332
0,8,-0.4470495581626892,3.510374069213867,-0.5177190899848938,-0.09796791523694992,269,331
0,9,-0.4507139027118683,3.5126185417175293,-0.6778794527053833,-0.09796791523694992,238,334
 , , , , , , , 
0,0,-0.2473430037498474,1.5268112421035767,-0.3369608521461487,0.0,230,347
0,1,-0.5542315244674683,3.4961774349212646,-0.22662745416164398,0.0,235,337
0,2,-0.5588119626045227,3.517660617828369,-0.32311680912971497,0.0,241,335
 , , , , , , , 
0,0,-0.29131507873535156,1.5016955137252808,-0.27197203040122986,0.09796791523694992,235,370
0,1,-0.296811580657959,1.5294198989868164,-0.28044813871383667,0.09796791523694992,242,364
0,2,-0.5542315244674683,3.5034244060516357,-0.025176063179969788,0.09796791523694992,259,347
0,3,-0.5588119626045227,3.530839681625366,-0.10729500651359558,0.09796791523694992,263,347
0,4,-0.5633924007415771,3.5519096851348877,-0.2601519525051117,0.09796791523694992,234,349
0,5,-0.24276256561279297,1.4743428230285645,-0.4257960617542267,-0.09796791523694992,241,352
0,6,-0.2473430037498474,1.5015380382537842,-0.4359801411628723,-0.09796791523694992,244,350
0,7,-0.5542315244674683,3.474339246749878,-0.4512021541595459,-0.09796791523694992,253,341
0,8,-0.5588119626045227,3.4904122352600098,-0.5434728264808655,-0.09796791523694992,256,342
0,9,-0.4507139027118683,3.5159525871276855,-0.6603695750236511,-0.09796791523694992,227,345
 , , , , , , , 
0,0,-0.33986759185791016,1.48641037940979,-0.29832369089126587,0.09796791523694992,239,414
0,1,-0.34628018736839294,1.5123372077941895,-0.31432443857192993,0.09796791523694992,245,410
0,2,-0.6595813035964966,3.4546799659729004,-0.06945211440324783,0.09796791523694992,266,354
0,3,-0.665077805519104,3.4826931953430176,-0.10153590142726898,0.09796791523694992,300,358
0,4,-0.6705743074417114,3.5082716941833496,-0.18157650530338287,0.09796791523694992,301,363
0,5,-0.6760708689689636,3.526703357696533,-0.3262561559677124,0.09796791523694992,271,370
0,6,-0.29131507873535156,1.4501924514770508,-0.4753949046134949,-0.09796791523694992,241,384
0,7,-0.296811580657959,1.4747648239135742,-0.4927932620048523,-0.09796791523694992,250,377
0,8,-0.6595813035964966,3.4184839725494385,-0.5035915970802307,-0.09796791523694992,251,343
0,9,-0.665077805519104,3.4407002925872803,-0.5486727952957153,-0.09796791523694992,287,344
0,10,-0.6705743074417114,3.454444169998169,-0.6385586857795715,-0.09796791523694992,289,348
0,11,-0.5633924007415771,3.4836182594299316,-0.7403680682182312,-0.09796791523694992,261,354
 , , , , , , , 
0,0,-0.38842010498046875,1.4734338521957397,-0.30339017510414124,0.09796791523694992,225,397
0,1,-0.44521740078926086,1.474943995475769,-0.36358654499053955,0.09796791523694992,232,391
0,2,-0.8867704272270203,3.4324066638946533,-0.11837197840213776,0.09796791523694992,263,376
0,3,-0.8940991163253784,3.4536118507385254,-0.2525119483470917,0.09796791523694992,269,377
0,4,-0.9014278054237366,3.4596023559570312,-0.4687553346157074,0.09796791523694992,243,380
0,5,-0.38842010498046875,1.425825595855713,-0.4796605408191681,-0.09796791523694992,233,369
0,6,-0.44521740078926086,1.4204216003417969,-0.5385701060295105,-0.09796791523694992,238,364
0,7,-0.8867704272270203,3.396252155303955,-0.5107819437980652,-0.09796791523694992,262,354
0,8,-0.8940991163253784,3.4021549224853516,-0.6453991532325745,-0.09796791523694992,270,353
0,9,-0.7887493371963501,3.4305813312530518,-0.7811142802238464,-0.09796791523694992,245,356
 , , , , , , , 
0,0,-0.5826301574707031,1.4315162897109985,-0.158826544880867,0.09796791523694992,235,401
0,1,-0.593623161315918,1.4481101036071777,-0.2376178503036499,0.09796791523694992,240,395
0,2,-1.3191626071929932,3.2573883533477783,0.15464933216571808,0.09796791523694992,233,367
0,3,-1.330155611038208,3.2855911254882812,0.13177643716335297,0.09796791523694992,274,367
0,4,-1.3411486148834229,3.313170909881592,0.12178055942058563,0.09796791523694992,281,367
0,5,-1.239463210105896,3.3840596675872803,0.11412561684846878,0.09796791523694992,258,367
0,6,-0.5441545844078064,1.4189229011535645,-0.44320133328437805,-0.09796791523694992,225,453
 , , , , , , , 
0,0,-0.6797351837158203,1.388404369354248,-0.1556154042482376,0.09796791523694992,236,466
0,1,-0.6925603747367859,1.4151670932769775,-0.15341424942016602,0.09796791523694992,250,453
0,2,-1.5390230417251587,3.163236618041992,0.005054028704762459,0.09796791523694992,284,398
0,3,-1.551848292350769,3.1895792484283447,-0.011796548962593079,0.09796791523694992,320,403
0,4,-1.5646734237670898,3.21586012840271,-0.025540616363286972,0.09796791523694992,321,409
0,5,-1.5774986743927002,3.2423014640808105,-0.0115095479413867,0.09796791523694992,288,418
 , , , , , , , 
0,0,-0.7914975881576538,1.33828866481781,-0.29730239510536194,0.09796791523694992,244,442
0,1,-0.755770206451416,1.3788068294525146,-0.3567153513431549,0.09796791523694992,232,431
0,2,-1.7588834762573242,3.0463743209838867,0.024835195392370224,0.09796791523694992,229,441
0,3,-1.7735408544540405,3.071812152862549,0.01767999865114689,0.09796791523694992,276,440
0,4,-1.7881982326507568,3.0972375869750977,0.008859338238835335,0.09796791523694992,283,445
0,5,-1.9155341386795044,3.0536062717437744,-0.08585251867771149,0.09796791523694992,267,444
 , , , , , , , 
0,0,-1.8843871355056763,2.9954941272735596,0.24060223996639252,0.09796791523694992,246,382
0,1,-1.8999606370925903,3.019594430923462,0.2506212294101715,0.09796791523694992,258,386
0,2,-1.9155341386795044,3.046017646789551,0.23164284229278564,0.09796791523694992,244,387
0,3,-1.8999606370925903,3.0276901721954346,-0.11770471185445786,-0.09796791523694992,228,396
 , , , , , , , 
0,0,-1.8843871355056763,2.99674391746521,0.22450071573257446,0.09796791523694992,231,367
0,1,-1.8999606370925903,3.0194404125213623,0.2524689733982086,0.09796791523694992,240,375
0,2,-1.9155341386795044,3.043767213821411,0.25954553484916687,0.09796791523694992,227,374
0,3,-1.8843871355056763,3.0033979415893555,-0.102346271276474,-0.09796791523694992,230,385
0,4,-1.8999606370925903,3.0291388034820557,-0.07127120345830917,-0.09796791523694992,241,390
0,5,-1.9155341386795044,3.0539581775665283,-0.0722680389881134,-0.09796791523694992,229,389
 , , , , , , , 
0,0,-1.8843871355056763,3.004925489425659,0.036010757088661194,0.09796791523694992,237,499
0,1,-1.7881982326507568,3.0965025424957275,0.06804807484149933,0.09796791523694992,242,510
 , , , , , , , 
0,0,-0.4946860074996948,1.3799169063568115,-0.5974855422973633,-0.09796791523694992,236,452
0,1,-1.2193093299865723,3.3153390884399414,-0.3218708634376526,-0.09796791523694992,281,463
0,2,-1.229386329650879,3.337264060974121,-0.37668099999427795,-0.09796791523694992,299,464
0,3,-1.239463210105896,3.3594210147857666,-0.42328962683677673,-0.09796791523694992,287,465
0,4,-1.2495402097702026,3.3869645595550537,-0.4248933494091034,-0.09796791523694992,232,482
 , , , , , , , 
0,0,0.21986043453216553,0.2737930119037628,-0.0211098100990057,0.09796791523694992,230,373
0,1,-0.8867704272270203,3.386288642883301,-0.5731286406517029,-0.09796791523694992,240,405
0,2,-0.8940991163253784,3.401038885116577,-0.6512541174888611,-0.09796791523694992,253,406
0,3,-0.9014278054237366,3.39384388923645,-0.8187820315361023,-0.09796791523694992,234,405
 , , , , , , , 
0,0,-0.665077805519104,3.4805355072021484,-0.1591639667749405,0.09796791523694992,244,386
0,1,-0.6705743074417114,3.5089197158813477,-0.16859368979930878,0.09796791523694992,254,385
0,2,-0.5633924007415771,3.5594873428344727,-0.11743408441543579,0.09796791523694992,230,385
0,3,-0.665077805519104,3.4298574924468994,-0.6128125190734863,-0.09796791523694992,251,418
0,4,-0.6705743074417114,3.4557127952575684,-0.6316573619842529,-0.09796791523694992,256,421
0,5,-0.6760708689689636,3.485368490219116,-0.6295143365859985,-0.09796791523694992,232,421
 , , , , , , , 
0,0,-0.332538902759552,3.500378131866455,-0.46750345826148987,0.0,232,333
0,1,-0.3352871537208557,3.527616024017334,-0.48385903239250183,0.0,242,334
 , , , , , , , 
0,0,-0.11084630340337753,3.529411554336548,-0.3357924222946167,0.0,256,331
0,1,-0.1117623895406723,3.558048963546753,-0.34410354495048523,0.0,265,331
0,2,0.0,3.5949127674102783,-0.2788471281528473,0.0,238,334
 , , , , , , , 
0,0,-0.04946859925985336,1.5079460144042969,-0.47908803820610046,0.09796791523694992,226,391
0,1,-0.11084630340337753,3.5373263359069824,-0.23837971687316895,0.09796791523694992,261,369
0,2,-0.1117623895406723,3.566453695297241,-0.24192610383033752,0.09796791523694992,265,367
0,3,0.0,3.5046536922454834,-0.5469841361045837,-0.09796791523694992,246,368
0,4,0.0,3.5344114303588867,-0.5463951230049133,-0.09796791523694992,247,371
 , , , , , , , 
0,0,-0.04946859925985336,1.5175772905349731,-0.44764456152915955,0.09796791523694992,227,387
0,1,0.0,3.543699264526367,-0.15487203001976013,0.09796791523694992,267,366
0,2,0.0,3.5732619762420654,-0.14970076084136963,0.09796791523694992,268,367
0,3,-0.04946859925985336,1.4556015729904175,-0.6202019453048706,-0.09796791523694992,230,363
0,4,0.0,3.4983692169189453,-0.5858346819877625,-0.09796791523694992,263,347
0,5,0.0,3.524888515472412,-0.6047911643981934,-0.09796791523694992,262,349
 , , , , , , , 
0,0,0.0,3.5255467891693115,-0.39026811718940735,0.0,256,334
0,1,0.0,3.5554394721984863,-0.3866020441055298,0.0,263,332
 , , , , , , , 
0,0,-0.11084630340337753,3.5399184226989746,-0.196163609623909,0.09796791523694992,235,357
0,1,-0.1117623895406723,3.57029128074646,-0.1764669418334961,0.09796791523694992,234,355
 , , , , , , , 
0,0,0.11084630340337753,3.462229013442993,-0.7631983757019043,0.0,248,375
0,1,0.1117623895406723,3.488041877746582,-0.7821021676063538,0.0,260,379
0,2,0.11267847567796707,3.505047082901001,-0.8385113477706909,0.0,232,386
 , , , , , , , 
0,0,0.11084630340337753,3.516716718673706,-0.4496723413467407,0.09796791523694992,231,365
0,1,0.1117623895406723,3.5434577465057373,-0.4711982309818268,0.09796791523694992,252,365
0,2,0.11267847567796707,3.568324565887451,-0.505486011505127,0.09796791523694992,241,367
0,3,0.11084630340337753,3.4324252605438232,-0.8876701593399048,-0.09796791523694992,228,392
0,4,0.1117623895406723,3.4565696716308594,-0.9111789464950562,-0.09796791523694992,245,394
0,5,0.11267847567796707,3.4709970951080322,-0.969863772392273,-0.09796791523694992,232,397
 , , , , , , , 
0,0,0.11084630340337753,3.528157949447632,-0.34871581196784973,0.09796791523694992,254,383
0,1,0.1117623895406723,3.5535459518432617,-0.3878535330295563,0.09796791523694992,274,385
0,2,0.11267847567796707,3.579024314880371,-0.42313194274902344,0.09796791523694992,265,391
0,3,0.11084630340337753,3.4535720348358154,-0.8014628291130066,-0.09796791523694992,248,448
0,4,0.1117623895406723,3.477734088897705,-0.8267316818237305,-0.09796791523694992,268,450
0,5,0.11267847567796707,3.5010876655578613,-0.8548934459686279,-0.09796791523694992,263,453
 , , , , , , , 
0,0,0.11084630340337753,3.479635000228882,-0.679442822933197,-0.09796791523694992,264,461
0,1,0.1117623895406723,3.4969987869262695,-0.7410258650779724,-0.09796791523694992,275,467
0,2,0.11267847567796707,3.4946722984313965,-0.8807511925697327,-0.09796791523694992,256,476
 , , , , , , , 
0,0,-0.22169260680675507,3.5121538639068604,-0.44431695342063904,0.09796791523694992,237,366
0,1,-0.2235247790813446,3.5110559463500977,-0.6427550911903381,0.09796791523694992,241,366
 , , , , , , , 
0,0,-0.5496510863304138,3.4358038902282715,-0.5175133943557739,0.09796791523694992,282,393
0,1,-0.5542315244674683,3.467060089111328,-0.5040949583053589,0.09796791523694992,340,381
0,2,-0.5588119626045227,3.482067346572876,-0.5945982336997986,0.09796791523694992,370,376
0,3,-0.4507139027118683,3.504624366760254,-0.7180646657943726,0.09796791523694992,367,386
0,4,-0.45437824726104736,3.4876787662506104,-0.9181782603263855,0.09796791523694992,327,412
0,5,-0.34353190660476685,3.488605260848999,-1.067244052886963,0.09796791523694992,247,450
 , , , , , , , 
0,0,-0.7759241461753845,3.4279656410217285,-0.47831180691719055,-0.09796791523694992,277,450
0,1,-0.7823367118835449,3.4433834552764893,-0.5671601295471191,-0.09796791523694992,302,440
0,2,-0.7887493371963501,3.441392183303833,-0.7320160865783691,-0.09796791523694992,291,440
0,3,-0.681567370891571,3.4671692848205566,-0.8530055284500122,-0.09796791523694992,238,460
 , , , , , , , 
0,0,-1.0993021726608276,3.341587781906128,-0.003093648934736848,0.09796791523694992,280,406
0,1,-1.1084630489349365,3.3693699836730957,0.021074851974844933,0.09796791523694992,326,400
0,2,-1.005861520767212,3.4264137744903564,0.1963260918855667,0.09796791523694992,330,397
0,3,-0.7887493371963501,3.5121498107910156,0.20935866236686707,0.09796791523694992,300,402
0,4,-0.7951619625091553,3.5226523876190186,-0.41479039192199707,0.09796791523694992,260,427
 , , , , , , , 
0,0,-1.2092323303222656,3.3010151386260986,-0.12546038627624512,0.09796791523694992,288,399
0,1,-1.2193093299865723,3.322526216506958,-0.23641718924045563,0.09796791523694992,339,398
0,2,-1.229386329650879,3.3389415740966797,-0.3615108132362366,0.09796791523694992,355,401
0,3,-1.239463210105896,3.3502237796783447,-0.49079981446266174,0.09796791523694992,345,406
0,4,-1.2495402097702026,3.3680219650268555,-0.5554201006889343,0.09796791523694992,301,430
0,5,-1.3741276264190674,3.3360939025878906,-0.6400319933891296,0.09796791523694992,229,467
 , , , , , , , 
0,0,-1.4410018920898438,3.2392280101776123,-0.1127156987786293,0.09796791523694992,278,350
0,1,-1.4529110193252563,3.260099411010742,-0.22674241662025452,0.09796791523694992,301,346
0,2,-1.464820146560669,3.270357370376587,-0.4002724587917328,0.09796791523694992,292,345
0,3,-1.5903239250183105,3.182511568069458,-0.7455898523330688,0.09796791523694992,235,361
0,4,-1.4410018920898438,3.215766668319702,-0.40515077114105225,-0.09796791523694992,277,386
0,5,-1.4529110193252563,3.2279653549194336,-0.5098040699958801,-0.09796791523694992,299,383
0,6,-1.464820146560669,3.22397780418396,-0.6792811155319214,-0.09796791523694992,286,383
 , , , , , , , 
0,0,-1.5390230417251587,3.161910057067871,-0.09174440801143646,0.09796791523694992,256,429
0,1,-1.551848292350769,3.1867306232452393,-0.1352883279323578,0.09796791523694992,327,415
0,2,-1.5646734237670898,3.2104480266571045,-0.18823447823524475,0.09796791523694992,362,401
0,3,-1.5774986743927002,3.2301344871520996,-0.28086042404174805,0.09796791523694992,357,401
0,4,-1.4767292737960815,3.30147385597229,-0.36462903022766113,0.09796791523694992,306,425
0,5,-1.3741276264190674,3.372390031814575,-0.4076157212257385,0.09796791523694992,231,462
 , , , , , , , 
0,0,-1.6626945734024048,3.1312711238861084,0.11125674098730087,0.09796791523694992,259,375
0,1,-1.6764358282089233,3.1559853553771973,0.14117442071437836,0.09796791523694992,285,366
0,2,-1.690177083015442,3.178602695465088,0.20233647525310516,0.09796791523694992,273,361
0,3,-1.551848292350769,3.174034833908081,-0.31473442912101746,-0.09796791523694992,257,353
0,4,-1.5646734237670898,3.199899911880493,-0.32101330161094666,-0.09796791523694992,284,346
0,5,-1.5774986743927002,3.225879430770874,-0.32611823081970215,-0.09796791523694992,272,345
 , , , , , , , 
0,0,-1.6626945734024048,3.1316263675689697,-0.10075412690639496,0.09796791523694992,301,434
0,1,-1.6764358282089233,3.1569032669067383,-0.11889033764600754,0.09796791523694992,342,421
0,2,-1.690177083015442,3.182676076889038,-0.12259048223495483,0.09796791523694992,342,416
0,3,-1.70391845703125,3.2106876373291016,-0.03950734809041023,0.09796791523694992,286,432
 , , , , , , , 
0,0,-1.6626945734024048,3.1332123279571533,0.014706024900078773,0.09796791523694992,293,405
0,1,-1.6764358282089233,3.159036636352539,-0.02570957876741886,0.09796791523694992,339,392
0,2,-1.8028556108474731,3.1199257373809814,-0.13010559976100922,0.09796791523694992,348,384
0,3,-1.8175129890441895,3.1310527324676514,-0.32644912600517273,0.09796791523694992,301,397
 , , , , , , , 
0,0,-1.7735408544540405,3.06990909576416,0.10955028235912323,0.09796791523694992,276,359
0,1,-1.7881982326507568,3.0964975357055664,0.0682787299156189,0.09796791523694992,319,352
0,2,-1.8028556108474731,3.1226305961608887,-0.006518181879073381,0.09796791523694992,325,350
0,3,-1.8175129890441895,3.143723487854004,-0.16450907289981842,0.09796791523694992,281,363
0,4,-1.6764358282089233,3.1316561698913574,-0.41581735014915466,-0.09796791523694992,265,355
0,5,-1.690177083015442,3.1450793743133545,-0.5029222965240479,-0.09796791523694992,273,349
0,6,-1.70391845703125,3.1355485916137695,-0.6916722655296326,-0.09796791523694992,239,352
 , , , , , , , 
0,0,-1.6626945734024048,3.1331698894500732,-0.02197396568953991,0.09796791523694992,264,407
0,1,-1.6764358282089233,3.1583313941955566,-0.07153139263391495,0.09796791523694992,320,389
0,2,-1.8028556108474731,3.1192681789398193,-0.14502179622650146,0.09796791523694992,344,374
0,3,-1.70391845703125,3.1974806785583496,-0.2935870587825775,0.09796791523694992,325,377
0,4,-1.717659592628479,3.198636770248413,-0.49574223160743713,0.09796791523694992,261,403
 , , , , , , , 
0,0,-1.551848292350769,3.189486026763916,-0.027098549529910088,0.09796791523694992,244,438
0,1,-1.5646734237670898,3.214833974838257,-0.08515255153179169,0.09796791523694992,308,418
0,2,-1.5774986743927002,3.2349660396575928,-0.21827974915504456,0.09796791523694992,340,405
0,3,-1.5903239250183105,3.2372536659240723,-0.452187716960907,0.09796791523694992,335,406
0,4,-1.6031489372253418,3.208334445953369,-0.7509297132492065,0.09796791523694992,283,430
 , , , , , , , 
0,0,-1.330155611038208,3.2876639366149902,0.061165712773799896,0.09796791523694992,229,419
0,1,-1.3411486148834229,3.3153562545776367,0.018551204353570938,0.09796791523694992,293,398
0,2,-1.3521417379379272,3.340494394302368,-0.11816592514514923,0.09796791523694992,322,383
0,3,-1.363134741783142,3.346353054046631,-0.39648348093032837,0.09796791523694992,316,381
0,4,-1.3741276264190674,3.314340829849243,-0.7445192337036133,0.09796791523694992,264,406
0,5,-1.3411486148834229,3.290842294692993,-0.40285220742225647,-0.09796791523694992,275,355
 , , , , , , , 
0,0,-0.7887493371963501,3.5176608562469482,0.07133491337299347,0.09796791523694992,238,383
0,1,-0.9087564945220947,3.518176317214966,0.10005440562963486,0.09796791523694992,267,369
0,2,-0.9160851240158081,3.545461416244507,0.13372135162353516,0.09796791523694992,248,377
 , , , , , , , 
0,0,-0.44338521361351013,3.518920421600342,-0.04896831139922142,0.09796791523694992,251,390
0,1,-0.5588119626045227,3.5324666500091553,-0.0044860802590847015,0.09796791523694992,308,377
0,2,-0.5633924007415771,3.5614218711853027,0.004080362152308226,0.09796791523694992,332,367
0,3,-0.45437824726104736,3.6064844131469727,-0.01498009916394949,0.09796791523694992,307,372
0,4,0.45804256200790405,3.5497872829437256,0.7852376103401184,0.09796791523694992,226,394
0,5,-0.3352871537208557,3.5234122276306152,-0.5135757327079773,-0.09796791523694992,256,385
0,6,-0.3380354344844818,3.5495331287384033,-0.5363758206367493,-0.09796791523694992,268,391
0,7,-0.3407836854457855,3.563793659210205,-0.6298061013221741,-0.09796791523694992,253,395
 , , , , , , , 
0,0,0.0,3.6051650047302246,-0.06275907903909683,0.0,258,390
0,1,0.11084630340337753,3.545309543609619,-0.016759678721427917,0.09796791523694992,230,387
0,2,0.1117623895406723,3.574143171310425,0.06017399579286575,0.09796791523694992,273,375
0,3,0.22718912363052368,3.6146254539489746,-0.3102929890155792,0.09796791523694992,279,369
0,4,0.11451064050197601,3.617767810821533,-0.5709932446479797,0.09796791523694992,275,388
0,5,0.0,3.637688398361206,-0.6405567526817322,0.09796791523694992,229,417
 , , , , , , , 
0,0,0.44338521361351013,3.519190788269043,-0.022238554432988167,0.09796791523694992,296,382
0,1,0.4470495581626892,3.547635555267334,-0.07100239396095276,0.09796791523694992,345,374
0,2,0.4507139027118683,3.575169324874878,-0.12717336416244507,0.09796791523694992,354,369
0,3,0.45437824726104736,3.5991110801696777,-0.23098361492156982,0.09796791523694992,320,378
0,4,0.5725532174110413,3.5027763843536377,-0.911115825176239,0.09796791523694992,236,407
 , , , , , , , 
0,0,0.665077805519104,3.4808056354522705,-0.15314149856567383,0.09796791523694992,295,405
0,1,0.6705743074417114,3.508348226547241,-0.1800939291715622,0.09796791523694992,342,401
0,2,0.6760708689689636,3.536935567855835,-0.18484564125537872,0.09796791523694992,349,400
0,3,0.7951619625091553,3.545957326889038,-0.08555026352405548,0.09796791523694992,301,407
 , , , , , , , 
0,0,0.7759241461753845,3.4595980644226074,-0.10446187108755112,0.09796791523694992,227,384
0,1,0.7823367118835449,3.4874813556671143,-0.1266271471977234,0.09796791523694992,273,388
0,2,0.7887493371963501,3.515571355819702,-0.14065960049629211,0.09796791523694992,286,387
0,3,0.7951619625091553,3.5455210208892822,-0.1020379588007927,0.09796791523694992,255,389
0,4,0.7823367118835449,3.4397644996643066,-0.5887109637260437,-0.09796791523694992,267,356
0,5,0.7887493371963501,3.467118501663208,-0.5984280705451965,-0.09796791523694992,277,357
0,6,0.9087564945220947,3.47068190574646,-0.5847592949867249,-0.09796791523694992,245,359
 , , , , , , , 
0,0,0.665077805519104,3.484009265899658,-0.03376201167702675,0.09796791523694992,238,376
0,1,0.6705743074417114,3.5120930671691895,-0.07838378101587296,0.09796791523694992,288,378
0,2,0.6760708689689636,3.5401933193206787,-0.10541199147701263,0.09796791523694992,300,379
0,3,0.681567370891571,3.5695016384124756,-0.08681809157133102,0.09796791523694992,269,384
0,4,0.7823367118835449,3.449042797088623,-0.5316609740257263,-0.09796791523694992,268,360
0,5,0.7887493371963501,3.473794937133789,-0.558368980884552,-0.09796791523694992,279,362
0,6,0.7951619625091553,3.506349802017212,-0.5353908538818359,-0.09796791523694992,251,363
 , , , , , , , 
0,0,0.5542315244674683,3.5035111904144287,-0.0051147108897566795,0.09796791523694992,232,348
0,1,0.5588119626045227,3.5323448181152344,-0.029667243361473083,0.09796791523694992,282,350
0,2,0.5633924007415771,3.5610759258270264,-0.049803923815488815,0.09796791523694992,292,353
0,3,0.5679727792739868,3.590355634689331,0.012962287291884422,0.09796791523694992,263,352
0,4,0.5542315244674683,3.486793041229248,-0.3418934643268585,-0.09796791523694992,268,340
0,5,0.6705743074417114,3.490540027618408,-0.3963216245174408,-0.09796791523694992,324,336
0,6,0.6760708689689636,3.5167059898376465,-0.4205465316772461,-0.09796791523694992,340,332
0,7,0.681567370891571,3.5518388748168945,-0.3651331663131714,-0.09796791523694992,308,336
 , , , , , , , 
0,0,0.332538902759552,3.5287134647369385,0.13923706114292145,0.09796791523694992,241,348
0,1,0.3352871537208557,3.5598249435424805,0.07642342895269394,0.09796791523694992,294,346
0,2,0.3380354344844818,3.589524984359741,0.04684079810976982,0.09796791523694992,308,345
0,3,0.3407836854457855,3.618325710296631,0.07070542126893997,0.09796791523694992,283,343
0,4,0.332538902759552,3.520364999771118,-0.27970728278160095,-0.09796791523694992,275,365
0,5,0.3352871537208557,3.5471465587615967,-0.3097500205039978,-0.09796791523694992,332,358
0,6,0.3380354344844818,3.573866844177246,-0.3381710946559906,-0.09796791523694992,349,353
0,7,0.45437824726104736,3.589874267578125,-0.3460581302642822,-0.09796791523694992,319,356
 , , , , , , , 
0,0,0.0,3.5431203842163086,-0.1675916612148285,-0.09796791523694992,283,386
0,1,0.0,3.5724008083343506,-0.16900987923145294,-0.09796791523694992,345,372
0,2,0.0,3.6002233028411865,-0.19886109232902527,-0.09796791523694992,367,363
0,3,0.0,3.6262965202331543,-0.25176796317100525,-0.09796791523694992,343,367
0,4,0.11451064050197601,3.6271159648895264,-0.5082391500473022,-0.09796791523694992,254,392
 , , , , , , , 
0,0,-0.4470495581626892,3.5216615200042725,0.43434765934944153,0.09796791523694992,238,357
0,1,-0.4507139027118683,3.558580160140991,0.36676692962646484,0.09796791523694992,254,353
0,2,-0.45437824726104736,3.5995869636535645,0.22344745695590973,0.09796791523694992,240,352
0,3,-0.3352871537208557,3.560530185699463,-0.02862602472305298,-0.09796791523694992,243,380
0,4,-0.3380354344844818,3.5886993408203125,-0.09011992812156677,-0.09796791523694992,276,361
0,5,-0.3407836854457855,3.6112194061279297,-0.23743277788162231,-0.09796791523694992,274,352
0,6,-0.22902128100395203,3.6200015544891357,-0.5201230645179749,-0.09796791523694992,233,365
 , , , , , , , 
0,0,-0.6760708689689636,3.534337282180786,0.22921855747699738,0.09796791523694992,237,345
 , , , , , , , 
0,0,-1.2193093299865723,3.2921411991119385,0.5068343281745911,0.09796791523694992,234,377
0,1,-1.229386329650879,3.3141086101531982,0.5439714193344116,0.09796791523694992,275,372
0,2,-1.239463210105896,3.3531222343444824,0.4705905616283417,0.09796791523694992,282,371
0,3,-1.2495402097702026,3.410264730453491,0.1488545835018158,0.09796791523694992,263,370
0,4,-1.1176239252090454,3.394641160964966,0.1339370161294937,-0.09796791523694992,252,360
0,5,-1.1267848014831543,3.4236671924591064,0.10006392747163773,-0.09796791523694992,272,346
0,6,-1.0223510265350342,3.4859204292297363,-0.1287318468093872,-0.09796791523694992,262,340
 , , , , , , , 
0,0,-1.3411486148834229,3.3019540309906006,0.298380583524704,0.09796791523694992,248,355
0,1,-1.3521417379379272,3.329425573348999,0.296295166015625,0.09796791523694992,252,354
 , , , , , , , 
0,0,-1.6764358282089233,3.0797669887542725,0.7037111520767212,0.09796791523694992,235,358
0,1,-1.690177083015442,3.1001601219177246,0.7303842902183533,0.09796791523694992,242,350
0,2,-1.690177083015442,3.1718857288360596,0.28913018107414246,-0.09796791523694992,228,337
 , , , , , , , 
0,0,-2.011723041534424,2.8483920097351074,0.7938798666000366,0.09796791523694992,279,405
0,1,-2.028212547302246,2.8222787380218506,0.9603378772735596,0.09796791523694992,287,390
0,2,-2.4990804195404053,1.9812054634094238,1.7443727254867554,0.09796791523694992,230,386
0,3,-1.1359455585479736,3.1837480068206787,-1.3367090225219727,0.09796791523694992,230,386
0,4,-1.717659592628479,3.234478235244751,-0.12323621660470963,0.09796791523694992,261,405
0,5,-1.8468276262283325,3.1976020336151123,0.08751717209815979,0.09796791523694992,228,437
 , , , , , , , 
0,0,-2.1408910751342773,2.782249927520752,0.8226924538612366,-0.09796791523694992,226,353
 , , , , , , , 
0,0,-2.1408910751342773,2.7878472805023193,0.8035210371017456,0.09796791523694992,246,373
0,1,-2.0447020530700684,2.973511219024658,0.43685096502304077,0.09796791523694992,227,364
0,2,-2.0611915588378906,3.0247087478637695,0.1732555329799652,0.09796791523694992,236,374
0,3,-2.028212547302246,2.956036329269409,0.3864661455154419,-0.09796791523694992,229,341
 , , , , , , , 
0,0,-2.1408910751342773,2.797410726547241,0.7695658206939697,0.09796791523694992,235,350
0,1,-2.0447020530700684,2.97739577293396,0.4095386862754822,0.09796791523694992,227,343
 , , , , , , , 
0,0,-2.028212547302246,2.960646867752075,0.349393367767334,-0.09796791523694992,236,358
0,1,-2.0447020530700684,3.0038394927978516,0.09775508940219879,-0.09796791523694992,232,349
 , , , , , , , 
0,0,-2.1234853267669678,2.807682991027832,0.6311400532722473,0.09796791523694992,240,375
0,1,-2.1408910751342773,2.8370330333709717,0.6074383854866028,0.09796791523694992,266,358
0,2,-2.0447020530700684,2.984292984008789,0.35581281781196594,0.09796791523694992,260,347
0,3,-2.0611915588378906,3.026948928833008,0.1283029019832611,0.09796791523694992,246,358
0,4,-2.028212547302246,2.9771945476531982,0.15433242917060852,-0.09796791523694992,231,348
 , , , , , , , 
0,0,-2.1408910751342773,2.849111795425415,0.5479961633682251,0.09796791523694992,256,354
0,1,-2.0447020530700684,2.9395434856414795,0.6258530020713806,0.09796791523694992,245,348
0,2,-2.028212547302246,2.9785101413726807,0.12642458081245422,-0.09796791523694992,239,338
0,3,-2.0447020530700684,3.0004303455352783,0.17328041791915894,-0.09796791523694992,227,333
 , , , , , , , 
0,0,-2.028212547302246,2.9508352279663086,0.4243555963039398,0.09796791523694992,269,378
0,1,-2.0447020530700684,2.9797251224517822,0.3922315239906311,0.09796791523694992,285,366
0,2,-2.0611915588378906,3.0068130493164062,0.37142571806907654,0.09796791523694992,264,371
0,3,-2.028212547302246,2.981182336807251,-0.007653628941625357,-0.09796791523694992,265,343
0,4,-1.931107521057129,3.07940411567688,-0.03883320093154907,-0.09796791523694992,278,334
0,5,-1.9466809034347534,3.1037230491638184,-0.06876037269830704,-0.09796791523694992,256,339
 , , , , , , , 
0,0,-1.9155341386795044,3.018990993499756,0.46645012497901917,0.09796791523694992,253,352
0,1,-1.8175129890441895,3.1201958656311035,0.41765883564949036,0.09796791523694992,268,342
0,2,-1.8321702480316162,3.161214828491211,0.27796471118927,0.09796791523694992,255,345
0,3,-1.8999606370925903,3.029881238937378,0.024100130423903465,-0.09796791523694992,254,373
0,4,-1.8028556108474731,3.122073173522949,0.05937042832374573,-0.09796791523694992,294,361
0,5,-1.8175129890441895,3.148024797439575,0.0011084552388638258,-0.09796791523694992,301,356
0,6,-1.717659592628479,3.232534646987915,-0.1665993630886078,-0.09796791523694992,283,364
0,7,-1.6159741878509521,3.301162004470825,-0.36612433195114136,-0.09796791523694992,236,388
 , , , , , , , 
0,0,-1.8028556108474731,3.1014363765716553,0.3632606863975525,0.09796791523694992,259,398
0,1,-1.70391845703125,3.200044631958008,0.26417720317840576,0.09796791523694992,278,384
0,2,-1.6031489372253418,3.2939112186431885,0.08633266389369965,0.09796791523694992,276,385
0,3,-1.5005474090576172,3.3745410442352295,0.06261447817087173,0.09796791523694992,249,408
0,4,-1.6764358282089233,3.156140089035034,-0.13767364621162415,-0.09796791523694992,235,348
0,5,-1.690177083015442,3.182647228240967,-0.12333707511425018,-0.09796791523694992,271,339
0,6,-1.70391845703125,3.201559543609619,-0.2451380342245102,-0.09796791523694992,274,337
0,7,-1.4886382818222046,3.320082187652588,-0.4340522885322571,-0.09796791523694992,268,342
0,8,-1.3851207494735718,3.3910317420959473,-0.4747982323169708,-0.09796791523694992,237,365
 , , , , , , , 
0,0,-1.5646734237670898,3.1901183128356934,0.40688198804855347,0.09796791523694992,269,334
0,1,-1.5774986743927002,3.213263750076294,0.4331126809120178,0.09796791523694992,290,335
0,2,-1.5903239250183105,3.256681203842163,0.2798425555229187,0.09796791523694992,282,338
0,3,-1.4886382818222046,3.3430421352386475,-0.18819303810596466,0.09796791523694992,253,355
0,4,-1.4410018920898438,3.241123914718628,-0.02044665440917015,-0.09796791523694992,248,344
0,5,-1.4529110193252563,3.2679688930511475,0.006334436126053333,-0.09796791523694992,311,341
0,6,-1.464820146560669,3.2946808338165283,0.02309967204928398,-0.09796791523694992,336,340
0,7,-1.4767292737960815,3.318765640258789,-0.13593783974647522,-0.09796791523694992,329,342
0,8,-1.4886382818222046,3.2910406589508057,-0.6167657375335693,-0.09796791523694992,303,357
0,9,-1.3851207494735718,3.3543918132781982,-0.6874486207962036,-0.09796791523694992,253,388
 , , , , , , , 
0,0,-1.3411486148834229,3.3034982681274414,0.2807703912258148,0.09796791523694992,240,398
0,1,-1.3521417379379272,3.3268895149230957,0.32353001832962036,0.09796791523694992,286,377
0,2,-1.363134741783142,3.3487226963043213,0.3759450316429138,0.09796791523694992,295,360
0,3,-1.4886382818222046,3.347839593887329,-0.05759966000914574,0.09796791523694992,260,364
0,4,-1.229386329650879,3.353623628616333,-0.18008284270763397,-0.09796791523694992,251,349
0,5,-1.239463210105896,3.3829758167266846,-0.14268386363983154,-0.09796791523694992,275,350
0,6,-1.2495402097702026,3.4113543033599854,-0.12135032564401627,-0.09796791523694992,269,350
0,7,-1.3741276264190674,3.3643617630004883,-0.469291627407074,-0.09796791523694992,229,360
 , , , , , , , 
0,0,-1.1267848014831543,3.425065279006958,-0.020933018997311592,-0.09796791523694992,227,337
 , , , , , , , 
0,0,-1.005861520767212,3.4164834022521973,0.32633495330810547,0.09796791523694992,248,349
0,1,-1.014106273651123,3.447524070739746,0.29549890756607056,0.09796791523694992,283,345
0,2,-1.0223510265350342,3.480482816696167,0.23335081338882446,0.09796791523694992,291,341
0,3,-0.9160851240158081,3.5426676273345947,0.19412758946418762,0.09796791523694992,272,349
0,4,-0.8940991163253784,3.461768388748169,-0.0857713595032692,-0.09796791523694992,273,356
0,5,-0.9014278054237366,3.4889068603515625,-0.12692488729953766,-0.09796791523694992,310,349
0,6,-0.9087564945220947,3.5146212577819824,-0.18712136149406433,-0.09796791523694992,316,349
0,7,-0.9160851240158081,3.540653944015503,-0.22792097926139832,-0.09796791523694992,296,358
0,8,-0.8079870939254761,3.600572109222412,-0.16163450479507446,-0.09796791523694992,243,383
 , , , , , , , 
0,0,-0.7823367118835449,3.4805243015289307,0.253988653421402,0.09796791523694992,248,358
0,1,-0.7887493371963501,3.5116467475891113,0.21763500571250916,0.09796791523694992,289,348
0,2,-0.7951619625091553,3.5423736572265625,0.180888369679451,0.09796791523694992,296,346
0,3,-0.6870638132095337,3.5959393978118896,0.1566973477602005,0.09796791523694992,277,355
0,4,-0.46170690655708313,3.6642301082611084,0.05774272605776787,0.09796791523694992,235,378
0,5,-0.7823367118835449,3.4877617359161377,-0.11865289509296417,-0.09796791523694992,236,348
0,6,-0.7887493371963501,3.514219045639038,-0.1711461842060089,-0.09796791523694992,274,341
0,7,-0.7951619625091553,3.5404140949249268,-0.21586920320987701,-0.09796791523694992,282,338
0,8,-0.6870638132095337,3.591752529144287,-0.2337694764137268,-0.09796791523694992,263,346
 , , , , , , , 
0,0,-0.4470495581626892,3.5425310134887695,0.20305941998958588,0.09796791523694992,266,334
0,1,-0.4507139027118683,3.574589729309082,0.14254072308540344,0.09796791523694992,289,337
0,2,-0.3407836854457855,3.6187808513641357,0.04130782559514046,0.09796791523694992,285,343
0,3,-0.34353190660476685,3.642733573913574,-0.19967208802700043,0.09796791523694992,259,355
0,4,-0.4470495581626892,3.542397975921631,-0.20536303520202637,-0.09796791523694992,271,356
0,5,-0.3380354344844818,3.5823915004730225,-0.230989009141922,-0.09796791523694992,295,357
0,6,-0.3407836854457855,3.596966505050659,-0.3988887071609497,-0.09796791523694992,292,362
0,7,-0.34353190660476685,3.5874314308166504,-0.6631085276603699,-0.09796791523694992,262,378
 , , , , , , , 
0,0,-0.5633924007415771,3.5556983947753906,0.2018672078847885,0.09796791523694992,237,351
0,1,-0.5679727792739868,3.590376853942871,0.004078698810189962,0.09796791523694992,236,352
0,2,-0.5633924007415771,3.554945230484009,-0.21472321450710297,-0.09796791523694992,239,339
0,3,-0.5679727792739868,3.568068265914917,-0.39963674545288086,-0.09796791523694992,243,337
0,4,-0.45804256200790405,3.5818049907684326,-0.6231069564819336,-0.09796791523694992,225,341
 , , , , , , , 
0,0,-0.8867704272270203,3.4228692054748535,0.2817707061767578,0.09796791523694992,232,347
0,1,-0.8940991163253784,3.4541215896606445,0.24544164538383484,0.09796791523694992,293,347
0,2,-0.9014278054237366,3.485239028930664,0.20418044924736023,0.09796791523694992,319,347
0,3,-1.0223510265350342,3.4880635738372803,0.040310051292181015,0.09796791523694992,320,347
0,4,-1.0305957794189453,3.5130562782287598,-0.15394091606140137,0.09796791523694992,303,360
0,5,-0.8079870939254761,3.596749782562256,-0.23159797489643097,0.09796791523694992,263,389
0,6,-0.7823367118835449,3.485438585281372,-0.17400579154491425,-0.09796791523694992,257,342
0,7,-0.9014278054237366,3.4802498817443848,-0.2764805257320404,-0.09796791523694992,283,342
0,8,-0.9087564945220947,3.4995365142822266,-0.37525978684425354,-0.09796791523694992,284,343
0,9,-0.9160851240158081,3.5004844665527344,-0.5786072611808777,-0.09796791523694992,268,353
0,10,-0.8079870939254761,3.5331661701202393,-0.7120267748832703,-0.09796791523694992,235,377
 , , , , , , , 
0,0,-1.1267848014831543,3.41999888420105,0.18739499151706696,0.09796791523694992,245,333
0,1,-1.2495402097702026,3.410768508911133,0.13682781159877777,0.09796791523694992,250,330
0,2,-1.3741276264190674,3.389528512954712,0.2241876721382141,0.09796791523694992,226,336
0,3,-1.1359455585479736,3.4419760704040527,-0.2753957211971283,-0.09796791523694992,225,341
 , , , , , , , 
0,0,-1.1176239252090454,3.3916406631469727,0.19570784270763397,0.09796791523694992,260,343
0,1,-1.239463210105896,3.3820457458496094,0.1632494181394577,0.09796791523694992,291,339
0,2,-1.363134741783142,3.3662614822387695,0.15349717438220978,0.09796791523694992,290,338
0,3,-1.4886382818222046,3.3312346935272217,0.337970107793808,0.09796791523694992,250,351
0,4,-1.1176239252090454,3.391230583190918,-0.2026897817850113,-0.09796791523694992,239,339
0,5,-1.1267848014831543,3.418088912963867,-0.21949321031570435,-0.09796791523694992,272,335
0,6,-1.2495402097702026,3.4057536125183105,-0.23001277446746826,-0.09796791523694992,268,335
0,7,-1.4886382818222046,3.348159074783325,-0.034338172525167465,-0.09796791523694992,234,342
 , , , , , , , 
0,0,-1.239463210105896,3.371589422225952,0.3118806481361389,0.09796791523694992,260,344
0,1,-1.363134741783142,3.357854127883911,0.2830091118812561,0.09796791523694992,256,340
0,2,-1.239463210105896,3.3832247257232666,-0.13665223121643066,-0.09796791523694992,258,369
0,3,-1.363134741783142,3.366105079650879,-0.1568889319896698,-0.09796791523694992,264,354
 , , , , , , , 
0,0,-1.6764358282089233,3.1557352542877197,0.14666162431240082,-0.09796791523694992,235,424
0,1,-1.690177083015442,3.1775834560394287,0.2177562266588211,-0.09796791523694992,292,402
0,2,-1.70391845703125,3.1948821544647217,0.3206312954425812,-0.09796791523694992,316,386
0,3,-1.717659592628479,3.2117807865142822,0.401870995759964,-0.09796791523694992,299,390
0,4,-1.7314008474349976,3.259986400604248,0.13352656364440918,-0.09796791523694992,242,413
 , , , , , , , 
0,0,-1.8028556108474731,3.0745162963867188,0.5460898280143738,0.09796791523694992,241,340
0,1,-1.8175129890441895,3.0875327587127686,0.6141673922538757,0.09796791523694992,253,341
0,2,-1.8321702480316162,3.116899251937866,0.5962233543395996,0.09796791523694992,236,344
0,3,-1.70391845703125,3.2032506465911865,0.22194762527942657,-0.09796791523694992,241,340
0,4,-1.717659592628479,3.231457233428955,0.18633612990379333,-0.09796791523694992,229,340
 , , , , , , , 
0,0,-1.70391845703125,3.1731908321380615,0.4908515512943268,0.09796791523694992,239,369
0,1,-1.717659592628479,3.1968445777893066,0.5071694850921631,0.09796791523694992,236,367
0,2,-1.70391845703125,3.2109246253967285,0.006175534334033728,-0.09796791523694992,244,343
0,3,-1.6031489372253418,3.294975757598877,-0.020972518250346184,-0.09796791523694992,241,341
 , , , , , , , 
0,0,-1.464820146560669,3.292419910430908,-0.12420238554477692,-0.09796791523694992,246,333
0,1,-1.5903239250183105,3.2686767578125,-0.006027324590831995,-0.09796791523694992,230,338
 , , , , , , , 
0,0,-1.1176239252090454,3.388312578201294,0.24671168625354767,0.09796791523694992,232,347
0,1,-1.1267848014831543,3.414250612258911,0.2727677524089813,0.09796791523694992,254,346
0,2,-1.2495402097702026,3.408494472503662,0.18500955402851105,0.09796791523694992,240,342
0,3,-1.3741276264190674,3.3792412281036377,-0.34625691175460815,0.09796791523694992,230,348
0,4,-1.1176239252090454,3.3930766582489014,-0.1689898669719696,-0.09796791523694992,274,337
0,5,-1.1267848014831543,3.42118501663208,-0.16432321071624756,-0.09796791523694992,290,343
0,6,-1.1359455585479736,3.448291778564453,-0.17979277670383453,-0.09796791523694992,267,348
0,7,-1.3741276264190674,3.3038601875305176,-0.7897292375564575,-0.09796791523694992,253,361
0,8,-1.1542673110961914,3.3867204189300537,-0.9169958829879761,-0.09796791523694992,233,390
 , , , , , , , 
0,0,-0.9014278054237366,3.4903955459594727,-0.0756305456161499,-0.09796791523694992,232,348
 , , , , , , , 
0,0,-0.6760708689689636,3.5086798667907715,0.4829566776752472,0.09796791523694992,228,349
0,1,-0.6705743074417114,3.511476516723633,-0.10234290361404419,-0.09796791523694992,242,359
0,2,-0.6760708689689636,3.5410940647125244,-0.06880240142345428,-0.09796791523694992,250,358
0,3,-1.1451064348220825,3.4011991024017334,-0.7402478456497192,-0.09796791523694992,227,369
 , , , , , , , 
0,0,-0.4470495581626892,3.5440571308135986,-0.1744060516357422,-0.09796791523694992,228,350
 , , , , , , , 
0,0,-0.4470495581626892,3.538184404373169,0.26834672689437866,0.09796791523694992,227,337
0,1,-0.4470495581626892,3.543160915374756,-0.19175241887569427,-0.09796791523694992,237,362
0,2,-0.5725532174110413,3.4723241329193115,-1.0210484266281128,-0.09796791523694992,231,373
 , , , , , , , 
0,0,-1.014106273651123,3.4599382877349854,0.03959622606635094,0.0,234,329
0,1,-1.0223510265350342,3.488119602203369,-0.0351475328207016,0.0,255,329
0,2,-1.0305957794189453,3.5147762298583984,-0.10775499790906906,0.0,254,334
 , , , , , , , 
0,0,-1.239463210105896,3.377061367034912,0.24564190208911896,0.09796791523694992,247,345
0,1,-1.2495402097702026,3.4067795276641846,0.21428182721138,0.09796791523694992,269,345
0,2,-1.2596170902252197,3.437795639038086,0.14938510954380035,0.09796791523694992,266,354
0,3,-1.1542673110961914,3.5061681270599365,0.13244648277759552,0.09796791523694992,228,375
0,4,-1.0223510265350342,3.4872233867645264,-0.08651991188526154,-0.09796791523694992,247,356
0,5,-1.0305957794189453,3.5134260654449463,-0.14525854587554932,-0.09796791523694992,247,363
 , , , , , , , 
0,0,-1.4529110193252563,3.2521955966949463,0.3207572102546692,0.09796791523694992,231,345
0,1,-1.464820146560669,3.2751901149749756,0.358588308095932,0.09796791523694992,271,339
0,2,-1.4767292737960815,3.308717727661133,0.2916681468486786,0.09796791523694992,294,337
0,3,-1.4886382818222046,3.3445820808410645,0.1584848016500473,0.09796791523694992,286,349
0,4,-1.5005474090576172,3.37510347366333,0.011125163175165653,0.09796791523694992,241,372
0,5,-1.464820146560669,3.293017625808716,-0.10719034820795059,-0.09796791523694992,240,344
0,6,-1.4767292737960815,3.316678285598755,-0.17980438470840454,-0.09796791523694992,267,338
0,7,-1.4886382818222046,3.3342607021331787,-0.30668118596076965,-0.09796791523694992,267,341
0,8,-1.5005474090576172,3.3430988788604736,-0.4638281464576721,-0.09796791523694992,228,360
 , , , , , , , 
0,0,-1.9155341386795044,3.0280184745788574,0.40371668338775635,0.09796791523694992,244,382
0,1,-1.931107521057129,3.050548553466797,0.42236435413360596,0.09796791523694992,270,368
0,2,-1.8321702480316162,3.163788318634033,0.24695463478565216,0.09796791523694992,256,373
0,3,-1.9622544050216675,3.1200859546661377,-0.24023063480854034,0.09796791523694992,230,394
0,4,-1.9155341386795044,3.054727792739868,-0.022812165319919586,-0.09796791523694992,228,355
0,5,-1.8175129890441895,3.147810935974121,0.03669125586748123,-0.09796791523694992,248,347
0,6,-1.8321702480316162,3.166306257247925,-0.21224597096443176,-0.09796791523694992,233,350
 , , , , , , , 
0,0,-1.3741276264190674,3.3946030139923096,-0.12583622336387634,0.09796791523694992,231,366
 , , , , , , , 
0,0,-1.2495402097702026,3.4088220596313477,0.17887432873249054,0.09796791523694992,243,345
0,1,-1.2596170902252197,3.4377052783966064,0.1514531672000885,0.09796791523694992,252,345
0,2,-1.239463210105896,3.376378297805786,-0.25485798716545105,-0.09796791523694992,237,354
0,3,-1.2495402097702026,3.401846408843994,-0.281966894865036,-0.09796791523694992,256,353
0,4,-1.2596170902252197,3.42671799659729,-0.3136228322982788,-0.09796791523694992,259,359
0,5,-1.2696939706802368,3.451409339904785,-0.3445887863636017,-0.09796791523694992,227,380
 , , , , , , , 
0,0,-1.1267848014831543,3.4210827350616455,0.1664370447397232,0.09796791523694992,236,344
0,1,-1.0223510265350342,3.48421573638916,0.16868020594120026,0.09796791523694992,259,342
0,2,-1.0305957794189453,3.5145416259765625,0.115149587392807,0.09796791523694992,264,347
0,3,-1.0388405323028564,3.543747663497925,0.0758468359708786,0.09796791523694992,228,370
0,4,-1.1176239252090454,3.392923593521118,-0.17203843593597412,-0.09796791523694992,231,349
0,5,-1.014106273651123,3.454145669937134,-0.20400819182395935,-0.09796791523694992,257,348
0,6,-1.0223510265350342,3.4767980575561523,-0.2829972803592682,-0.09796791523694992,279,345
0,7,-1.0305957794189453,3.500136137008667,-0.33809807896614075,-0.09796791523694992,282,352
0,8,-1.0388405323028564,3.5228381156921387,-0.3918047845363617,-0.09796791523694992,243,378
 , , , , , , , 
0,0,-0.681567370891571,3.5682969093322754,0.12703251838684082,0.09796791523694992,244,339
0,1,-0.6870638132095337,3.5991973876953125,-0.03336277976632118,0.09796791523694992,249,345
0,2,-0.7887493371963501,3.496511459350586,-0.3917072117328644,-0.09796791523694992,232,361
0,3,-0.5679727792739868,3.5751333236694336,-0.3305186927318573,-0.09796791523694992,250,360
0,4,-0.5725532174110413,3.58339524269104,-0.5087746977806091,-0.09796791523694992,250,370
 , , , , , , , 
0,0,-0.5633924007415771,3.556748867034912,0.182425394654274,0.09796791523694992,241,343
0,1,-0.45437824726104736,3.604200839996338,0.12919138371944427,0.09796791523694992,269,343
0,2,-0.45804256200790405,3.635178565979004,-0.055374957621097565,0.09796791523694992,270,356
0,3,-0.46170690655708313,3.6563782691955566,-0.24660450220108032,0.09796791523694992,228,381
0,4,-0.5542315244674683,3.4997706413269043,-0.16193421185016632,-0.09796791523694992,234,369
0,5,-0.5588119626045227,3.5229332447052,-0.2593860328197479,-0.09796791523694992,271,370
0,6,-0.5633924007415771,3.540334939956665,-0.38700181245803833,-0.09796791523694992,270,375
0,7,-0.3407836854457855,3.6045985221862793,-0.3227246403694153,-0.09796791523694992,291,382
0,8,-0.34353190660476685,3.611640214920044,-0.515200674533844,-0.09796791523694992,281,405
0,9,-0.34628018736839294,3.6104001998901367,-0.6987059712409973,-0.09796791523694992,234,436
 , , , , , , , 
0,0,-0.5588119626045227,3.5324392318725586,0.014626746997237206,0.09796791523694992,234,349
0,1,-0.3380354344844818,3.589148998260498,0.06996014714241028,0.09796791523694992,241,340
0,2,-0.22718912363052368,3.6274547576904297,-0.058059804141521454,0.09796791523694992,287,335
0,3,-0.22902128100395203,3.649357557296753,-0.23901784420013428,0.09796791523694992,289,348
0,4,-0.34628018736839294,3.6439623832702637,-0.4946894645690918,0.09796791523694992,242,375
0,5,-0.22718912363052368,3.5923917293548584,-0.5064796209335327,-0.09796791523694992,260,331
0,6,-0.22902128100395203,3.592597484588623,-0.6842387318611145,-0.09796791523694992,262,346
 , , , , , , , 
0,0,-0.22902128100395203,3.6479878425598145,-0.2590847313404083,0.09796791523694992,232,354
 , , , , , , , 
0,0,0.0,3.632432699203491,-0.13728512823581696,0.09796791523694992,237,353
0,1,-0.22902128100395203,3.640688180923462,-0.3468858003616333,0.09796791523694992,242,365
0,2,0.0,3.5756630897521973,-0.6542529463768005,-0.09796791523694992,227,337
0,3,-0.11451064050197601,3.5677363872528076,-0.8279703855514526,-0.09796791523694992,237,345
 , , , , , , , 
0,0,-0.11451064050197601,3.655947685241699,-0.21982857584953308,0.09796791523694992,230,351
0,1,0.0,3.593226432800293,-0.549670934677124,-0.09796791523694992,243,342
0,2,-0.11451064050197601,3.593883514404297,-0.7058890461921692,-0.09796791523694992,250,354
 , , , , , , , 
0,0,-0.22718912363052368,3.6277987957000732,0.029589679092168808,0.09796791523694992,254,340
0,1,-0.34353190660476685,3.6459972858428955,-0.12680883705615997,0.09796791523694992,256,353
0,2,-0.22718912363052368,3.6017072200775146,-0.43532177805900574,-0.09796791523694992,285,356
0,3,-0.34353190660476685,3.5945024490356445,-0.6236422657966614,-0.09796791523694992,280,374
0,4,-0.46170690655708313,3.594043493270874,-0.716077983379364,-0.09796791523694992,235,401
 , , , , , , , 
0,0,-0.45804256200790405,3.635085105895996,-0.061195336282253265,0.09796791523694992,264,358
0,1,-0.6705743074417114,3.506711006164551,-0.20956777036190033,-0.09796791523694992,245,380
0,2,-0.3380354344844818,3.588376045227051,-0.1021856814622879,-0.09796791523694992,261,368
0,3,-0.3407836854457855,3.604950428009033,-0.31876689195632935,-0.09796791523694992,314,362
0,4,-0.45804256200790405,3.600386142730713,-0.504785418510437,-0.09796791523694992,305,381
0,5,-0.46170690655708313,3.604710578918457,-0.6602858901023865,-0.09796791523694992,250,411
 , , , , , , , 
0,0,-0.681567370891571,3.5662424564361572,0.1754840761423111,0.09796791523694992,240,350
0,1,-0.6870638132095337,3.597731113433838,0.10800573229789734,0.09796791523694992,235,363
0,2,-0.45437824726104736,3.5971736907958984,-0.2594144642353058,-0.09796791523694992,242,357
0,3,-0.45804256200790405,3.6208553314208984,-0.3271009027957916,-0.09796791523694992,248,360
 , , , , , , , 
0,0,-1.1176239252090454,3.393101692199707,0.168489009141922,0.09796791523694992,260,361
0,1,-1.014106273651123,3.4543795585632324,0.20000937581062317,0.09796791523694992,285,360
0,2,-1.0223510265350342,3.484231948852539,0.16834725439548492,0.09796791523694992,303,363
0,3,-1.0305957794189453,3.5133554935455322,0.14695963263511658,0.09796791523694992,287,382
0,4,-1.0388405323028564,3.542186975479126,0.1296594887971878,0.09796791523694992,238,410
0,5,-1.014106273651123,3.4492952823638916,-0.27404919266700745,-0.09796791523694992,252,355
0,6,-0.9087564945220947,3.5102903842926025,-0.25580739974975586,-0.09796791523694992,278,352
0,7,-0.9160851240158081,3.5356600284576416,-0.29544180631637573,-0.09796791523694992,269,364
 , , , , , , , 
0,0,-1.1267848014831543,3.425119400024414,-0.00809941440820694,0.0,240,326
0,1,-1.0223510265350342,3.488222122192383,-0.022794723510742188,0.0,258,326
0,2,-1.0305957794189453,3.514582872390747,-0.11388667672872543,0.0,244,340
 , , , , , , , 
0,0,-1.239463210105896,3.3752760887145996,0.26906201243400574,0.09796791523694992,250,343
0,1,-1.2495402097702026,3.4052932262420654,0.23673023283481598,0.09796791523694992,271,338
0,2,-1.2596170902252197,3.4379146099090576,0.14662304520606995,0.09796791523694992,255,351
0,3,-1.1176239252090454,3.3956453800201416,-0.105448879301548,-0.09796791523694992,229,368
0,4,-1.1267848014831543,3.423039436340332,-0.11962985247373581,-0.09796791523694992,265,357
0,5,-1.1359455585479736,3.449082612991333,-0.16392149031162262,-0.09796791523694992,283,354
0,6,-1.1451064348220825,3.4706413745880127,-0.26602786779403687,-0.09796791523694992,269,368
 , , , , , , , 
0,0,-1.3521417379379272,3.329732656478882,0.2928253412246704,0.09796791523694992,251,337
0,1,-1.363134741783142,3.3606679439544678,0.2473626434803009,0.09796791523694992,269,333
0,2,-1.2596170902252197,3.43880558013916,0.12397955358028412,0.09796791523694992,253,346
0,3,-1.229386329650879,3.3570215702056885,-0.09812053292989731,-0.09796791523694992,231,364
0,4,-1.239463210105896,3.383584499359131,-0.12743555009365082,-0.09796791523694992,263,357
0,5,-1.2495402097702026,3.4080634117126465,-0.19278521835803986,-0.09796791523694992,280,353
0,6,-1.2596170902252197,3.4249916076660156,-0.3319454491138458,-0.09796791523694992,262,369
 , , , , , , , 
0,0,-1.363134741783142,3.3629703521728516,0.2137940526008606,0.09796791523694992,225,351
 , , , , , , , 
0,0,-1.5774986743927002,3.226149797439575,0.32343345880508423,0.09796791523694992,233,337
0,1,-1.5903239250183105,3.2555840015411377,0.2923305034637451,0.09796791523694992,242,332
 , , , , , , , 
0,0,-1.70391845703125,3.1928162574768066,0.3405878245830536,0.09796791523694992,246,353
0,1,-1.717659592628479,3.232076406478882,0.17526888847351074,0.09796791523694992,234,361
0,2,-1.5903239250183105,3.2662389278411865,-0.12636199593544006,-0.09796791523694992,243,327
0,3,-1.6031489372253418,3.280885696411133,-0.30511289834976196,-0.09796791523694992,232,335
 , , , , , , , 
0,0,-1.464820146560669,3.2866859436035156,0.23054566979408264,0.09796791523694992,229,372
0,1,-1.363134741783142,3.3596255779266357,0.26113927364349365,0.09796791523694992,257,359
0,2,-1.3741276264190674,3.395646095275879,0.09355592727661133,0.09796791523694992,256,366
0,3,-1.2696939706802368,3.4659371376037598,-0.13507820665836334,0.09796791523694992,225,388
0,4,-1.3521417379379272,3.338214874267578,-0.17084327340126038,-0.09796791523694992,236,335
0,5,-1.363134741783142,3.365562915802002,-0.16812096536159515,-0.09796791523694992,255,332
0,6,-1.3741276264190674,3.382187604904175,-0.3161831796169281,-0.09796791523694992,246,344
 , , , , , , , 
0,0,-1.3411486148834229,3.308257579803467,0.2176341712474823,0.09796791523694992,231,339
0,1,-1.3521417379379272,3.3370909690856934,0.19154475629329681,0.09796791523694992,241,342
0,2,-1.2495402097702026,3.4004321098327637,0.2985381782054901,0.09796791523694992,255,345
0,3,-1.1451064348220825,3.470745325088501,0.26466578245162964,0.09796791523694992,251,357
0,4,-1.330155611038208,3.2850770950317383,-0.14402584731578827,-0.09796791523694992,225,354
0,5,-1.3411486148834229,3.309694766998291,-0.19455567002296448,-0.09796791523694992,266,350
0,6,-1.239463210105896,3.3795080184936523,-0.20930476486682892,-0.09796791523694992,280,348
0,7,-1.1359455585479736,3.450835943222046,-0.12155105918645859,-0.09796791523694992,296,349
0,8,-1.1451064348220825,3.472243547439575,-0.24422653019428253,-0.09796791523694992,286,367
0,9,-1.0388405323028564,3.526108741760254,-0.36118873953819275,-0.09796791523694992,248,395
 , , , , , , , 
0,0,-1.239463210105896,3.3837902545928955,0.12185319513082504,0.09796791523694992,225,342
0,1,-1.1359455585479736,3.445371627807617,0.22903288900852203,0.09796791523694992,247,339
0,2,-1.0305957794189453,3.511737823486328,0.1815476268529892,0.09796791523694992,245,350
0,3,-0.9160851240158081,3.544127941131592,-0.1653352826833725,-0.09796791523694992,228,349
 , , , , , , , 
0,0,-1.1267848014831543,3.414055824279785,0.27519381046295166,0.09796791523694992,233,340
0,1,-0.9087564945220947,3.4887118339538574,0.4652593433856964,0.09796791523694992,255,340
0,2,-0.9160851240158081,3.5340447425842285,0.3141767084598541,0.09796791523694992,247,356
0,3,-1.229386329650879,3.352273941040039,-0.20366661250591278,-0.09796791523694992,251,359
0,4,-1.1267848014831543,3.4178006649017334,-0.2239370346069336,-0.09796791523694992,258,359
0,5,-0.9087564945220947,3.5195882320404053,-0.008707202970981598,-0.09796791523694992,277,360
0,6,-0.9160851240158081,3.544430732727051,-0.1587112545967102,-0.09796791523694992,267,376
 , , , , , , , 
0,0,-0.681567370891571,3.537647247314453,0.48366430401802063,0.09796791523694992,243,341
0,1,-0.5725532174110413,3.5943615436553955,0.4244282841682434,0.09796791523694992,247,350
0,2,-0.5725532174110413,3.619244337081909,-0.025370340794324875,-0.09796791523694992,226,349
 , , , , , , , 
0,0,-0.45437824726104736,3.544682741165161,0.6649645566940308,0.09796791523694992,231,343
0,1,-1.70391845703125,2.4448115825653076,-2.0815792083740234,0.09796791523694992,231,343
0,2,-0.45804256200790405,3.588087320327759,0.5858477354049683,0.09796791523694992,230,358
0,3,-0.8940991163253784,3.4584836959838867,-0.17345699667930603,-0.09796791523694992,230,346
0,4,-0.3407836854457855,3.614473819732666,0.18127310276031494,-0.09796791523694992,258,349
0,5,-1.5903239250183105,2.00734543800354,-2.5796992778778076,-0.09796791523694992,258,349
0,6,-0.34353190660476685,3.6460742950439453,0.12457122653722763,-0.09796791523694992,256,365
0,7,-1.6031489372253418,1.799437403678894,-2.7603132724761963,-0.09796791523694992,256,365
 , , , , , , , 
0,0,-0.3407836854457855,3.5710225105285645,0.5874346494674683,0.09796791523694992,236,340
0,1,-0.34353190660476685,3.601335048675537,0.582891583442688,0.09796791523694992,236,353
0,2,-0.22718912363052368,3.623061418533325,0.18768306076526642,-0.09796791523694992,244,366
0,3,-1.4767292737960815,1.8211393356323242,-2.7777934074401855,-0.09796791523694992,244,366
0,4,-0.22902128100395203,3.6534535884857178,0.1649724692106247,-0.09796791523694992,241,381
 , , , , , , , 
0,0,-0.22718912363052368,3.5702285766601562,0.6444126963615417,0.09796791523694992,235,335
0,1,-0.22902128100395203,3.592613697052002,0.684154212474823,0.09796791523694992,227,354
0,2,-0.22718912363052368,3.623507022857666,0.17887641489505768,-0.09796791523694992,249,349
0,3,-1.4767292737960815,0.9846069812774658,-3.172260046005249,-0.09796791523694992,249,349
0,4,-0.11451064050197601,3.651081085205078,0.2896270751953125,-0.09796791523694992,243,365
 , , , , , , , 
0,0,-0.22718912363052368,3.5986623764038086,0.459812730550766,-0.09796791523694992,227,372
 , , , , , , , 
0,0,0.0,3.600505828857422,0.4997710585594177,0.09796791523694992,233,354
0,1,0.11359456181526184,3.6330912113189697,0.03402925655245781,-0.09796791523694992,229,330
 , , , , , , , 
0,0,0.11359456181526184,3.630241870880127,0.14783139526844025,-0.09796791523694992,233,348
 , , , , , , , 
0,0,-0.45437824726104736,3.575148105621338,0.47462645173072815,0.09796791523694992,242,343
0,1,-0.34353190660476685,3.640263080596924,0.24054434895515442,0.09796791523694992,231,359
 , , , , , , , 
0,0,-1.0305957794189453,3.516195058822632,-0.04042961820960045,0.09796791523694992,226,340
0,1,-1.0305957794189453,3.487938642501831,-0.44670626521110535,-0.09796791523694992,227,352
 , , , , , , , 
0,0,-1.1451064348220825,3.4806084632873535,-0.03856814280152321,0.09796791523694992,235,360
0,1,-1.1451064348220825,3.445719003677368,-0.4930945932865143,-0.09796791523694992,232,346
 , , , , , , , 
0,0,-1.2495402097702026,3.410074472427368,0.15315066277980804,0.09796791523694992,228,331
0,1,-1.2596170902252197,3.4407482147216797,0.04481023550033569,0.09796791523694992,242,340
0,2,-1.2495402097702026,3.403677463531494,-0.2589269280433655,-0.09796791523694992,241,336
0,3,-1.2596170902252197,3.423585891723633,-0.34614408016204834,-0.09796791523694992,250,348
 , , , , , , , 
0,0,-1.363134741783142,3.3676557540893555,0.11904880404472351,0.09796791523694992,249,349
0,1,-1.2596170902252197,3.440608501434326,0.054480332881212234,0.09796791523694992,254,362
0,2,-1.2495402097702026,3.400750160217285,-0.29489248991012573,-0.09796791523694992,248,331
0,3,-1.2596170902252197,3.4213640689849854,-0.36745572090148926,-0.09796791523694992,251,344
 , , , , , , , 
0,0,-1.4767292737960815,3.3190150260925293,0.129703089594841,0.09796791523694992,245,343
0,1,-1.4886382818222046,3.34619140625,0.1197962686419487,0.09796791523694992,247,354
0,2,-1.5774986743927002,3.211411714553833,-0.44663888216018677,-0.09796791523694992,235,340
0,3,-1.4767292737960815,3.304037094116211,-0.3406210243701935,-0.09796791523694992,278,335
0,4,-1.4886382818222046,3.3300678730010986,-0.34927964210510254,-0.09796791523694992,277,349
0,5,-1.3851207494735718,3.3997812271118164,-0.4074535071849823,-0.09796791523694992,229,373
 , , , , , , , 
0,0,-1.8028556108474731,3.1217041015625,0.07634157687425613,0.09796791523694992,232,342
0,1,-1.70391845703125,3.2087490558624268,0.11834260076284409,0.09796791523694992,268,335
0,2,-1.6031489372253418,3.289841890335083,0.18505524098873138,0.09796791523694992,264,347
0,3,-1.690177083015442,3.1628425121307373,-0.3753426671028137,-0.09796791523694992,249,358
0,4,-1.5903239250183105,3.2518908977508545,-0.33089175820350647,-0.09796791523694992,286,350
0,5,-1.6031489372253418,3.282526969909668,-0.28691747784614563,-0.09796791523694992,283,362
0,6,-1.6159741878509521,3.31134295463562,-0.2583124339580536,-0.09796791523694992,237,386
 , , , , , , , 
0,0,-1.5903239250183105,3.2619032859802246,-0.2104054093360901,0.09796791523694992,248,350
0,1,-1.4886382818222046,3.346407651901245,-0.11359534412622452,0.09796791523694992,254,359
0,2,-1.4767292737960815,3.2474613189697266,-0.6976240277290344,-0.09796791523694992,254,321
0,3,-1.4886382818222046,3.2854864597320557,-0.6456983089447021,-0.09796791523694992,259,330
 , , , , , , , 
0,0,-1.4767292737960815,3.304445266723633,-0.3366375267505646,0.09796791523694992,234,332
0,1,-1.3741276264190674,3.3873367309570312,-0.255174845457077,0.09796791523694992,239,342
0,2,-1.464820146560669,3.230186939239502,-0.6491126418113708,-0.09796791523694992,226,338
0,3,-1.363134741783142,3.288879156112671,-0.7338613867759705,-0.09796791523694992,238,339
0,4,-1.2596170902252197,3.385270833969116,-0.6170060634613037,-0.09796791523694992,242,350
 , , , , , , , 
0,0,-1.005861520767212,3.427863597869873,-0.16913124918937683,-0.09796791523694992,229,355
 , , , , , , , 
0,0,-0.5588119626045227,3.5130114555358887,-0.3702574670314789,-0.09796791523694992,227,340
0,1,-0.5679727792739868,3.4750354290008545,-0.9027462601661682,-0.09796791523694992,231,338
0,2,-0.6870638132095337,3.4326822757720947,-1.0826019048690796,-0.09796791523694992,236,356
 , , , , , , , 
0,0,-0.5542315244674683,3.499894142150879,0.15924081206321716,0.09796791523694992,236,322
0,1,-0.5588119626045227,3.532193422317505,0.04415590316057205,0.09796791523694992,247,325
0,2,-0.5679727792739868,3.5837528705596924,-0.21802984178066254,0.09796791523694992,252,332
0,3,-0.6870638132095337,3.564363718032837,-0.50064617395401,0.09796791523694992,249,352
0,4,-0.44338521361351013,3.5094993114471436,-0.2619401514530182,-0.09796791523694992,230,376
0,5,-0.4470495581626892,3.528731107711792,-0.3725794851779938,-0.09796791523694992,241,379
0,6,-0.5679727792739868,3.525219678878784,-0.680915892124176,-0.09796791523694992,244,386
0,7,-0.5725532174110413,3.4933509826660156,-0.9466113448143005,-0.09796791523694992,243,404
 , , , , , , , 
0,0,0.3407836854457855,3.6055734157562256,0.3116407096385956,0.09796791523694992,241,343
0,1,0.3407836854457855,3.6179535388946533,-0.0877067819237709,-0.09796791523694992,245,385
 , , , , , , , 
0,0,0.45437824726104736,3.606504201889038,-0.009074244648218155,0.09796791523694992,227,350
0,1,0.45437824726104736,3.5876264572143555,-0.3686333894729614,-0.09796791523694992,252,348
0,2,0.5725532174110413,3.5908737182617188,-0.45298975706100464,-0.09796791523694992,237,366
 , , , , , , , 
0,0,0.3407836854457855,3.6082401275634766,-0.2790771424770355,-0.09796791523694992,241,338
 , , , , , , , 
0,0,-0.44338521361351013,3.5053813457489014,-0.31224948167800903,-0.09796791523694992,230,365
0,1,-0.4470495581626892,3.526132345199585,-0.39641886949539185,-0.09796791523694992,239,357
0,2,-0.5679727792739868,3.4033637046813965,-1.1436508893966675,-0.09796791523694992,245,359
0,3,-0.6870638132095337,3.127605438232422,-1.7814091444015503,-0.09796791523694992,228,384
 , , , , , , , 
0,0,-0.665077805519104,3.4805705547332764,0.15839548408985138,0.09796791523694992,267,362
0,1,-0.6705743074417114,3.5114052295684814,0.10476232320070267,0.09796791523694992,277,360
0,2,-0.45437824726104736,3.572850227355957,-0.4916248619556427,0.09796791523694992,290,371
0,3,-0.45804256200790405,3.6038873195648193,-0.47915008664131165,0.09796791523694992,283,396
0,4,-0.665077805519104,3.4733920097351074,-0.2738770842552185,-0.09796791523694992,234,337
0,5,-0.6705743074417114,3.498918056488037,-0.31386932730674744,-0.09796791523694992,242,338
0,6,-0.45437824726104736,3.4611923694610596,-1.013460397720337,-0.09796791523694992,263,344
0,7,-0.45804256200790405,3.498293399810791,-0.9897130131721497,-0.09796791523694992,257,366
 , , , , , , , 
0,0,-0.7951619625091553,3.537733793258667,-0.25606784224510193,0.09796791523694992,243,348
0,1,-0.8015744686126709,3.5689682960510254,-0.21756599843502045,0.09796791523694992,242,365
0,2,-0.8867704272270203,3.433328866958618,-0.08764137327671051,-0.09796791523694992,234,344
0,3,-1.005861520767212,3.431668996810913,-0.05002498999238014,-0.09796791523694992,241,341
0,4,-0.681567370891571,3.5036978721618652,-0.687736451625824,-0.09796791523694992,274,346
0,5,-0.6870638132095337,3.5402209758758545,-0.6497459411621094,-0.09796791523694992,271,366
 , , , , , , , 
0,0,-1.1176239252090454,3.3855245113372803,0.2824046313762665,0.09796791523694992,232,358
0,1,-0.7951619625091553,3.524953603744507,-0.39475780725479126,0.09796791523694992,281,347
0,2,-0.8015744686126709,3.5615367889404297,-0.3167402446269989,0.09796791523694992,276,370
0,3,-0.6925603747367859,3.623413324356079,-0.18527108430862427,0.09796791523694992,230,401
0,4,-0.7951619625091553,3.4453558921813965,-0.8430030345916748,-0.09796791523694992,252,342
0,5,-0.8015744686126709,3.491252899169922,-0.7720249891281128,-0.09796791523694992,251,360
 , , , , , , , 
0,0,-1.1359455585479736,3.444188117980957,-0.24619294703006744,0.09796791523694992,238,346
0,1,-1.1451064348220825,3.4642691612243652,-0.3390584886074066,0.09796791523694992,229,364
0,2,-1.0223510265350342,3.440525531768799,-0.5753237009048462,-0.09796791523694992,228,341
 , , , , , , , 
0,0,-1.4410018920898438,3.2398605346679688,0.0927724689245224,0.09796791523694992,227,374
0,1,-1.4529110193252563,3.267975091934204,-0.0005967182223685086,0.09796791523694992,256,365
0,2,-1.3521417379379272,3.3364651203155518,-0.20215292274951935,0.09796791523694992,260,359
0,3,-1.2495402097702026,3.411074638366699,-0.12897296249866486,0.09796791523694992,298,360
0,4,-1.1451064348220825,3.4786040782928467,-0.12423887848854065,0.09796791523694992,284,383
0,5,-1.4529110193252563,3.241023540496826,-0.418840616941452,-0.09796791523694992,238,342
0,6,-1.3521417379379272,3.2701473236083984,-0.6920994520187378,-0.09796791523694992,246,334
0,7,-1.1359455585479736,3.412252187728882,-0.5287510752677917,-0.09796791523694992,283,333
0,8,-1.1451064348220825,3.4338297843933105,-0.5700310468673706,-0.09796791523694992,273,352
 , , , , , , , 
0,0,-1.363134741783142,3.3664512634277344,-0.14927832782268524,0.09796791523694992,227,348
 , , , , , , , 
0,0,-1.363134741783142,3.368068218231201,-0.10674623399972916,0.09796791523694992,230,330
0,1,-1.2596170902252197,3.440650224685669,-0.05177265405654907,0.09796791523694992,228,339
0,2,-1.2495402097702026,3.374269485473633,-0.5161091685295105,-0.09796791523694992,234,335
0,3,-1.2596170902252197,3.4005022048950195,-0.5266320705413818,-0.09796791523694992,229,348
 , , , , , , , 
0,0,-1.1359455585479736,3.3383052349090576,-0.882474422454834,0.09796791523694992,230,340
0,1,-1.1451064348220825,3.3625502586364746,-0.8996549844741821,0.09796791523694992,239,348
 , , , , , , , 
0,0,-0.11359456181526184,3.6324548721313477,0.07603653520345688,0.09796791523694992,231,346
 , , , , , , , 
0,0,0.0,3.616564989089966,-0.36588433384895325,-0.09796791523694992,232,341
 , , , , , , , 
0,0,-1.0223510265350342,3.425786256790161,-0.6574200987815857,-0.09796791523694992,231,352
 , , , , , , , 
0,0,-1.3521417379379272,3.3262693881988525,-0.3298433721065521,0.09796791523694992,229,319
0,1,-1.2495402097702026,3.407432794570923,-0.20363055169582367,0.09796791523694992,262,319
0,2,-1.1451064348220825,3.4783596992492676,-0.1309024691581726,0.09796791523694992,252,336
0,3,-1.3521417379379272,3.264092445373535,-0.7201154232025146,-0.09796791523694992,232,333
0,4,-1.1359455585479736,3.4093899726867676,-0.5469022989273071,-0.09796791523694992,269,330
0,5,-1.1451064348220825,3.436525344848633,-0.5535494089126587,-0.09796791523694992,257,349
 , , , , , , , 
0,0,-1.3521417379379272,3.330787181854248,-0.28057411313056946,0.09796791523694992,228,342
0,1,-1.2495402097702026,3.4079065322875977,-0.19554215669631958,0.09796791523694992,262,344
0,2,-1.1451064348220825,3.477733612060547,-0.1465991884469986,0.09796791523694992,252,362
0,3,-1.1359455585479736,3.3944544792175293,-0.633025050163269,-0.09796791523694992,245,337
0,4,-1.1451064348220825,3.4197206497192383,-0.6493335366249084,-0.09796791523694992,236,353
 , , , , , , , 
0,0,-1.2495402097702026,3.412731409072876,-0.0729900673031807,0.09796791523694992,259,342
0,1,-1.2596170902252197,3.440201997756958,-0.0759359821677208,0.09796791523694992,247,360
0,2,-1.4529110193252563,3.254379987716675,-0.29777732491493225,-0.09796791523694992,232,361
0,3,-1.3521417379379272,3.2688040733337402,-0.6984160542488098,-0.09796791523694992,246,350
0,4,-1.1359455585479736,3.4187471866607666,-0.4849845767021179,-0.09796791523694992,283,349
0,5,-1.1451064348220825,3.445035934448242,-0.4978454113006592,-0.09796791523694992,268,371
 , , , , , , , 
0,0,-1.3411486148834229,3.3143880367279053,0.08224567025899887,0.09796791523694992,234,338
0,1,-1.3521417379379272,3.3232548236846924,-0.35894718766212463,0.09796791523694992,227,337
0,2,-1.1359455585479736,3.4483723640441895,-0.17824408411979675,0.09796791523694992,268,344
0,3,-1.0305957794189453,3.512221336364746,-0.1719452440738678,0.09796791523694992,256,366
0,4,-1.0223510265350342,3.432896614074707,-0.6192207932472229,-0.09796791523694992,237,350
0,5,-1.0305957794189453,3.4550817012786865,-0.6539672017097473,-0.09796791523694992,232,364
 , , , , , , , 
0,0,-1.330155611038208,3.2872302532196045,0.08118721842765808,0.09796791523694992,243,400
0,1,-1.3411486148834229,3.315408229827881,0.00101990916300565,0.09796791523694992,275,385
0,2,-1.3521417379379272,3.30629825592041,-0.4911801815032959,0.09796791523694992,274,372
0,3,-1.1359455585479736,3.4427363872528076,-0.2657223343849182,0.09796791523694992,326,372
0,4,-1.0305957794189453,3.507124662399292,-0.25561460852622986,0.09796791523694992,315,396
0,5,-1.0388405323028564,3.5169520378112793,-0.44153061509132385,0.09796791523694992,254,430
 , , , , , , , 
0,0,-1.3411486148834229,3.3146419525146484,-0.07127711921930313,0.09796791523694992,273,429
0,1,-1.3521417379379272,3.338225841522217,-0.17062804102897644,0.09796791523694992,293,412
0,2,-1.1359455585479736,3.4480111598968506,-0.18510028719902039,0.09796791523694992,336,400
0,3,-1.0305957794189453,3.5111238956451416,-0.19306188821792603,0.09796791523694992,362,410
0,4,-1.0388405323028564,3.5370421409606934,-0.23072026669979095,0.09796791523694992,327,441
0,5,-1.0470852851867676,3.5648133754730225,-0.2371157556772232,0.09796791523694992,250,481
 , , , , , , , 
0,0,-1.3411486148834229,3.3153862953186035,0.012036312371492386,0.19593583047389984,247,439
0,1,-1.3521417379379272,3.3425378799438477,-0.0174998976290226,0.19593583047389984,286,423
0,2,-1.1359455585479736,3.451368570327759,0.10534819215536118,0.19593583047389984,321,412
0,3,-1.0305957794189453,3.516160011291504,0.04338761791586876,0.19593583047389984,352,415
0,4,-1.0388405323028564,3.5443508625030518,-0.03843529894948006,0.19593583047389984,331,439
0,5,-1.0470852851867676,3.569922685623169,-0.14060893654823303,0.19593583047389984,268,473
 , , , , , , , 
0,0,-1.3411486148834229,3.315408229827881,0.00016997837519738823,0.29390373826026917,261,395
0,1,-1.239463210105896,3.3856968879699707,0.0440586619079113,0.29390373826026917,317,392
0,2,-1.2495402097702026,3.408384084701538,0.18703268468379974,0.29390373826026917,346,391
0,3,-1.1451064348220825,3.45987606048584,0.3812868595123291,0.29390373826026917,359,395
0,4,-1.1542673110961914,3.4845597743988037,0.4106091856956482,0.29390373826026917,334,415
0,5,-1.1634280681610107,3.5060529708862305,0.46317747235298157,0.29390373826026917,260,448
 , , , , , , , 
0,0,-1.5005474090576172,3.3731186389923096,0.11626394838094711,0.3918716609477997,318,362
0,1,-1.5124565362930298,3.3996472358703613,0.12401692569255829,0.3918716609477997,368,363
0,2,-1.5243656635284424,3.4255478382110596,0.14687757194042206,0.3918716609477997,384,366
0,3,-1.536274790763855,3.4528958797454834,0.13366450369358063,0.3918716609477997,369,373
0,4,-1.5481839179992676,3.4813501834869385,-0.07996868342161179,0.3918716609477997,324,397
0,5,-1.5600930452346802,3.4737017154693604,-0.4968555271625519,0.3918716609477997,248,437
 , , , , , , , 
0,0,-1.5005474090576172,3.3729560375213623,0.12089186906814575,0.19593583047389984,245,392
0,1,-1.5124565362930298,3.398616075515747,0.14963534474372864,0.19593583047389984,328,380
0,2,-1.5243656635284424,3.424131393432617,0.1768488734960556,0.19593583047389984,356,384
0,3,-1.6544498205184937,3.3971683979034424,0.15012776851654053,0.19593583047389984,338,402
0,4,-1.6672749519348145,3.4267938137054443,-0.018616804853081703,0.19593583047389984,303,423
0,5,-1.5600930452346802,3.5067427158355713,-0.12737834453582764,0.19593583047389984,258,458
 , , , , , , , 
0,0,-0.9307425022125244,3.5941123962402344,0.2767302989959717,0.09796791523694992,250,371
0,1,-0.9380711913108826,3.6210553646087646,0.29600977897644043,0.09796791523694992,302,370
0,2,-0.9453998804092407,3.6515142917633057,0.27047792077064514,0.09796791523694992,316,377
0,3,-0.9527285695075989,3.6880927085876465,0.11552987992763519,0.09796791523694992,294,389
0,4,-0.4800286293029785,3.7745120525360107,0.5196055769920349,0.09796791523694992,241,408
0,5,-0.9380711913108826,3.6281967163085938,-0.18934756517410278,-0.09796791523694992,273,338
0,6,-0.9453998804092407,3.653697967529297,-0.23917646706104279,-0.09796791523694992,290,341
0,7,-0.8336374759674072,3.7060444355010986,-0.3055329918861389,-0.09796791523694992,271,348
 , , , , , , , 
0,0,-0.8143997192382812,3.626420736312866,0.21524885296821594,0.19593583047389984,255,409
0,1,-0.8208122849464417,3.653949499130249,0.23358339071273804,0.19593583047389984,311,405
0,2,-0.8272249102592468,3.680373430252075,0.26654359698295593,0.19593583047389984,323,413
0,3,-0.8336374759674072,3.7117385864257812,0.2260827124118805,0.19593583047389984,302,426
0,4,-0.960057258605957,3.700549364089966,-0.36274540424346924,0.19593583047389984,250,445
 , , , , , , , 
0,0,-0.8208122849464417,3.660729169845581,0.07050004601478577,0.09796791523694992,271,427
0,1,-0.8272249102592468,3.690006732940674,0.006612290162593126,0.09796791523694992,298,431
0,2,-0.8336374759674072,3.7183427810668945,-0.045197486877441406,0.09796791523694992,303,440
0,3,-0.8400501012802124,3.746483087539673,-0.07442926615476608,0.09796791523694992,289,449
0,4,-1.0883091688156128,3.7091922760009766,0.17562392354011536,0.09796791523694992,238,471
 , , , , , , , 
0,0,-0.8208122849464417,3.655914783477783,0.20048868656158447,0.09796791523694992,274,386
0,1,-0.8272249102592468,3.6883156299591064,0.11189711093902588,0.09796791523694992,300,392
0,2,-0.7145464420318604,3.741595983505249,0.11380086094141006,0.09796791523694992,305,405
0,3,-0.8400501012802124,3.746270179748535,0.08447029441595078,0.09796791523694992,293,420
0,4,-0.8464626669883728,3.745368242263794,0.47862955927848816,0.09796791523694992,250,444
 , , , , , , , 
0,0,-0.6000357866287231,3.7914252281188965,-0.11140578240156174,-0.09796791523694992,228,352
 , , , , , , , 
0,0,-0.46170690655708313,1.7712863683700562,-0.24524186551570892,0.09796791523694992,226,411
0,1,-0.8208122849464417,3.654365062713623,0.22698859870433807,0.09796791523694992,234,344
0,2,-0.7090499401092529,3.7116050720214844,0.14741472899913788,0.09796791523694992,246,348
0,3,-0.47636428475379944,3.7700729370117188,0.28756779432296753,0.09796791523694992,268,356
0,4,-0.4800286293029785,3.8023195266723633,0.24351051449775696,0.09796791523694992,287,367
0,5,-0.3627697229385376,3.8472964763641357,0.2001863569021225,0.09796791523694992,273,387
0,6,-0.40399354696273804,1.7456419467926025,-0.44754379987716675,-0.09796791523694992,228,380
0,7,-0.47636428475379944,3.7729268074035645,-0.24732133746147156,-0.09796791523694992,225,351
0,8,-0.3600214719772339,3.8157713413238525,-0.2400687038898468,-0.09796791523694992,253,354
0,9,-0.3627697229385376,3.8398067951202393,-0.31248942017555237,-0.09796791523694992,241,370
 , , , , , , , 
0,0,-0.7200429439544678,3.7437241077423096,0.4619808495044708,0.09796791523694992,257,367
0,1,-0.6046161651611328,3.797773599624634,0.42979294061660767,0.09796791523694992,240,381
0,2,-0.7200429439544678,3.7721047401428223,-0.011109311133623123,-0.09796791523694992,235,344
 , , , , , , , 
0,0,-0.7200429439544678,3.7542977333068848,0.36625728011131287,0.09796791523694992,230,341
0,1,-0.7200429439544678,3.7714946269989014,-0.0687323585152626,-0.09796791523694992,252,342
0,2,-0.6046161651611328,3.8150217533111572,-0.23111796379089355,-0.09796791523694992,227,355
 , , , , , , , 
0,0,-0.7200429439544678,3.7604851722717285,0.2960548400878906,0.09796791523694992,231,364
0,1,-0.6000357866287231,3.790883779525757,-0.1285201609134674,-0.09796791523694992,234,334
 , , , , , , , 
0,0,-0.6000357866287231,3.78535532951355,0.2416650503873825,0.09796791523694992,237,358
 , , , , , , , 
0,0,-0.6000357866287231,3.786888360977173,0.2163199633359909,0.09796791523694992,241,351
0,1,-0.6000357866287231,3.7784149646759033,-0.33301234245300293,-0.09796791523694992,231,339
 , , , , , , , 
0,0,-0.7200429439544678,3.771458864212036,0.07067082822322845,0.09796791523694992,260,360
0,1,-0.6046161651611328,3.8185372352600098,-0.16303274035453796,0.09796791523694992,237,374
0,2,-0.6000357866287231,3.770289659500122,-0.41500911116600037,-0.09796791523694992,240,349
 , , , , , , , 
0,0,-0.6000357866287231,3.7930455207824707,0.011028740555047989,0.09796791523694992,273,357
0,1,-0.6046161651611328,3.81689453125,-0.1977970451116562,0.09796791523694992,257,367
0,2,-0.6000357866287231,3.7594432830810547,-0.503887414932251,-0.09796791523694992,256,337
0,3,-0.6046161651611328,3.7518327236175537,-0.7290802597999573,-0.09796791523694992,238,349
 , , , , , , , 
0,0,-0.6000357866287231,3.7908637523651123,-0.12910734117031097,0.09796791523694992,232,344
0,1,-0.6046161651611328,3.813758373260498,-0.25110721588134766,0.09796791523694992,227,354
0,2,-0.4800286293029785,3.776613235473633,-0.5041075348854065,-0.09796791523694992,234,332
0,3,-0.6046161651611328,3.7624504566192627,-0.6721410155296326,-0.09796791523694992,234,337
 , , , , , , , 
0,0,-0.5954553484916687,3.762698173522949,-0.10296986252069473,0.09796791523694992,232,383
0,1,-0.6000357866287231,3.788341522216797,-0.1891711801290512,0.09796791523694992,288,388
0,2,-0.6046161651611328,3.8074848651885986,-0.3329642415046692,0.09796791523694992,282,401
0,3,-0.4800286293029785,3.7562999725341797,-0.638077437877655,-0.09796791523694992,269,355
0,4,-0.4836929440498352,3.75811767578125,-0.7848311066627502,-0.09796791523694992,267,364
 , , , , , , , 
0,0,-0.6000357866287231,3.787581205368042,-0.2038266509771347,0.09796791523694992,256,347
0,1,-0.6046161651611328,3.804543972015381,-0.36503899097442627,0.09796791523694992,257,354
0,2,-0.4800286293029785,3.757946252822876,-0.628308892250061,-0.09796791523694992,238,346
0,3,-0.4836929440498352,3.7576897144317627,-0.7868775725364685,-0.09796791523694992,243,349
 , , , , , , , 
0,0,-0.6000357866287231,3.7854912281036377,-0.23952727019786835,0.09796791523694992,245,344
0,1,-0.6046161651611328,3.8014607429504395,-0.3958568871021271,0.09796791523694992,250,350
0,2,-0.4800286293029785,3.7486963272094727,-0.6813271641731262,-0.09796791523694992,238,335
0,3,-0.4836929440498352,3.7467539310455322,-0.8374033570289612,-0.09796791523694992,241,342
 , , , , , , , 
0,0,-0.6000357866287231,3.7834739685058594,-0.2695208191871643,0.09796791523694992,261,355
0,1,-0.6046161651611328,3.799607038497925,-0.4132715165615082,0.09796791523694992,264,362
0,2,-0.4800286293029785,3.743044376373291,-0.7117232084274292,-0.09796791523694992,257,336
0,3,-0.4836929440498352,3.74053692817688,-0.8647499680519104,-0.09796791523694992,261,341
 , , , , , , , 
0,0,-0.6000357866287231,3.7861146926879883,-0.2294597625732422,0.09796791523694992,261,356
0,1,-0.6046161651611328,3.8017921447753906,-0.39266330003738403,0.09796791523694992,265,363
0,2,-0.4800286293029785,3.7453994750976562,-0.6992236375808716,-0.09796791523694992,258,334
0,3,-0.4836929440498352,3.742978096008301,-0.8541210889816284,-0.09796791523694992,263,339
 , , , , , , , 
0,0,-0.4800286293029785,3.8055975437164307,-0.18536050617694855,0.09796791523694992,251,351
0,1,-0.4836929440498352,3.825282096862793,-0.326533704996109,0.09796791523694992,260,356
0,2,-0.4800286293029785,3.75490665435791,-0.6462253332138062,-0.09796791523694992,231,350
0,3,-0.4836929440498352,3.7519006729125977,-0.814032793045044,-0.09796791523694992,243,352
 , , , , , , , 
0,0,-0.4836929440498352,3.834035873413086,-0.19893862307071686,0.09796791523694992,232,333
 , , , , , , , 
0,0,-0.3600214719772339,3.808321237564087,-0.33827877044677734,0.0,232,323
0,1,-0.3627697229385376,3.81754207611084,-0.5178200006484985,0.0,244,327
 , , , , , , , 
0,0,-0.7200429439544678,3.761075496673584,-0.2884580194950104,0.0,243,321
0,1,-0.7255394458770752,3.77539324760437,-0.43973514437675476,0.0,253,329
 , , , , , , , 
0,0,-0.960057258605957,3.7163338661193848,0.12046779692173004,0.09796791523694992,269,338
0,1,-0.9673858880996704,3.746082305908203,-0.0663219764828682,0.09796791523694992,283,342
0,2,-0.8528752326965332,3.8026227951049805,-0.11730273067951202,0.09796791523694992,245,361
0,3,-1.0635749101638794,3.623006582260132,-0.20766998827457428,-0.09796791523694992,242,345
0,4,-1.0718196630477905,3.654137372970581,0.14680199325084686,-0.09796791523694992,243,350
0,5,-0.8400501012802124,3.7308366298675537,-0.3500477075576782,-0.09796791523694992,292,362
0,6,-0.8464626669883728,3.74045991897583,-0.5155856609344482,-0.09796791523694992,296,377
0,7,-0.8528752326965332,3.7530574798583984,-0.6231050491333008,-0.09796791523694992,254,400
 , , , , , , , 
0,0,-1.4180998802185059,3.5055813789367676,-0.019656216725707054,0.09796791523694992,227,403
0,1,-1.2000715732574463,3.647252082824707,-0.06883762776851654,0.09796791523694992,292,405
0,2,-1.2092323303222656,3.6727564334869385,-0.14827260375022888,0.09796791523694992,312,413
0,3,-1.2183932065963745,3.696450710296631,-0.22992882132530212,0.09796791523694992,277,433
 , , , , , , , 
0,0,-1.4400858879089355,3.554845094680786,-0.19127847254276276,0.09796791523694992,263,365
0,1,-1.4510788917541504,3.577716588973999,-0.2601555585861206,0.09796791523694992,297,369
0,2,-1.4620718955993652,3.591808557510376,-0.40293088555336,0.09796791523694992,273,386
0,3,-1.4400858879089355,3.515613555908203,-0.5603328943252563,-0.09796791523694992,246,341
0,4,-1.4510788917541504,3.5291810035705566,-0.6423537135124207,-0.09796791523694992,281,344
0,5,-1.4620718955993652,3.52624249458313,-0.7931308150291443,-0.09796791523694992,256,360
 , , , , , , , 
0,0,-1.8907997608184814,3.2666823863983154,-0.23271791636943817,-0.09796791523694992,236,390
0,1,-1.8001073598861694,3.3871097564697266,-0.18563295900821686,-0.09796791523694992,265,423
0,2,-1.8138484954833984,3.4100735187530518,-0.23392052948474884,-0.09796791523694992,286,442
0,3,-1.8275898694992065,3.4293696880340576,-0.3169156610965729,-0.09796791523694992,256,464
 , , , , , , , 
0,0,-2.127149820327759,3.120576858520508,-0.19423696398735046,0.09796791523694992,249,408
0,1,-1.920114517211914,3.309081554412842,-0.33241283893585205,0.09796791523694992,247,428
0,2,-2.055695056915283,3.274690866470337,-0.15454910695552826,0.09796791523694992,287,432
0,3,-2.193107843399048,3.2222225666046143,-0.09304247796535492,0.09796791523694992,255,453
 , , , , , , , 
0,0,-1.4510788917541504,3.5859179496765137,-0.09449808299541473,0.09796791523694992,226,367
0,1,-1.4510788917541504,3.565722942352295,-0.3916093111038208,-0.09796791523694992,243,333
0,2,-1.4620718955993652,3.5892395973205566,-0.4252076745033264,-0.09796791523694992,227,349
 , , , , , , , 
0,0,-0.5954553484916687,3.7640841007232666,-0.013113546185195446,0.09796791523694992,233,366
0,1,-0.4800286293029785,3.810107707977295,-0.003194521414116025,0.09796791523694992,273,363
0,2,-0.4836929440498352,3.839188814163208,-0.006093498785048723,0.09796791523694992,283,361
0,3,-0.4873572885990143,3.867759943008423,-0.06334898620843887,0.09796791523694992,245,378
0,4,-0.47636428475379944,3.7508177757263184,-0.47698065638542175,-0.09796791523694992,238,398
0,5,-0.4800286293029785,3.7786242961883545,-0.4888048768043518,-0.09796791523694992,272,400
0,6,-0.4836929440498352,3.8048856258392334,-0.5121078491210938,-0.09796791523694992,277,404
0,7,-0.4873572885990143,3.8256726264953613,-0.5725449323654175,-0.09796791523694992,238,422
 , , , , , , , 
0,0,-0.3572732210159302,3.7937357425689697,-0.05470242723822594,0.09796791523694992,271,343
0,1,-0.24001431465148926,3.8322086334228516,-0.06269412487745285,0.09796791523694992,302,345
0,2,-0.2418464720249176,3.8607969284057617,-0.09552217274904251,0.09796791523694992,303,349
0,3,-0.24367864429950714,3.8884692192077637,-0.14671190083026886,0.09796791523694992,255,368
0,4,-0.24001431465148926,3.792018413543701,-0.5570904612541199,-0.09796791523694992,258,434
0,5,-0.1209232360124588,3.8281993865966797,-0.5510293245315552,-0.09796791523694992,261,434
 , , , , , , , 
0,0,-0.11909107118844986,3.8073129653930664,-0.11512373387813568,0.09796791523694992,238,356
0,1,-0.12000715732574463,3.834439516067505,-0.17329518496990204,0.09796791523694992,262,358
0,2,-0.1209232360124588,3.858562469482422,-0.26503074169158936,0.09796791523694992,255,360
0,3,-0.12000715732574463,3.797074317932129,-0.5614133477210999,-0.09796791523694992,228,404
0,4,0.0,3.822871685028076,-0.5991826057434082,-0.09796791523694992,226,401
 , , , , , , , 
0,0,0.0,3.8106563091278076,-0.04433160275220871,0.09796791523694992,242,334
0,1,0.0,3.838764190673828,-0.10606572777032852,0.09796791523694992,271,333
0,2,0.0,3.865602731704712,-0.17459073662757874,0.09796791523694992,270,332
0,3,0.0,3.8920061588287354,-0.2310519963502884,0.09796791523694992,226,345
0,4,0.11909107118844986,3.7797739505767822,-0.4713743329048157,-0.09796791523694992,245,341
0,5,0.12000715732574463,3.8030896186828613,-0.5191020965576172,-0.09796791523694992,271,343
0,6,0.1209232360124588,3.825594902038574,-0.5688316226005554,-0.09796791523694992,267,347
 , , , , , , , 
0,0,0.0,3.828115701675415,-0.564710259437561,-0.09796791523694992,226,343
 , , , , , , , 
0,0,0.0,3.836597442626953,-0.16697239875793457,0.09796791523694992,239,353
0,1,0.0,3.8628110885620117,-0.2281637042760849,0.09796791523694992,240,350
0,2,0.0,3.788914680480957,-0.4088921546936035,-0.09796791523694992,229,340
0,3,0.12000715732574463,3.812281370162964,-0.4466194212436676,-0.09796791523694992,254,342
0,4,0.1209232360124588,3.829744338989258,-0.540187656879425,-0.09796791523694992,250,343
 , , , , , , , 
0,0,0.0,3.8092339038848877,-0.11316010355949402,0.09796791523694992,242,352
0,1,0.0,3.8368940353393555,-0.16001290082931519,0.09796791523694992,274,348
0,2,0.0,3.863442897796631,-0.2172003537416458,0.09796791523694992,275,346
0,3,0.0,3.889192819595337,-0.2743629813194275,0.09796791523694992,231,359
0,4,0.0,3.7847089767456055,-0.44614461064338684,-0.09796791523694992,238,367
0,5,0.0,3.8104448318481445,-0.4773574471473694,-0.09796791523694992,266,367
0,6,0.0,3.834493398666382,-0.519642174243927,-0.09796791523694992,263,369
 , , , , , , , 
0,0,0.0,3.7801096439361572,-0.10614152252674103,0.09796791523694992,234,353
0,1,-0.11909107118844986,3.807493209838867,-0.1089949980378151,0.09796791523694992,287,355
0,2,-0.12000715732574463,3.8358969688415527,-0.137307271361351,0.09796791523694992,315,356
0,3,-0.1209232360124588,3.863678216934204,-0.17531518638134003,0.09796791523694992,312,358
0,4,-0.12183932214975357,3.8923399448394775,-0.18958333134651184,0.09796791523694992,265,376
0,5,0.0,3.7689900398254395,-0.5637218356132507,-0.09796791523694992,271,344
0,6,0.0,3.7917428016662598,-0.6083135008811951,-0.09796791523694992,301,344
0,7,0.0,3.8137593269348145,-0.6546809673309326,-0.09796791523694992,297,347
0,8,0.0,3.8404746055603027,-0.6721985340118408,-0.09796791523694992,249,365
 , , , , , , , 
0,0,-0.11909107118844986,3.8088462352752686,-0.039694733917713165,0.09796791523694992,276,343
0,1,-0.12000715732574463,3.8376829624176025,-0.07173991948366165,0.09796791523694992,305,343
0,2,-0.1209232360124588,3.866013765335083,-0.11261875927448273,0.09796791523694992,303,345
0,3,-0.12183932214975357,3.894596576690674,-0.13553473353385925,0.09796791523694992,255,362
0,4,0.0,3.783116579055786,-0.4594518542289734,-0.09796791523694992,277,369
0,5,0.0,3.8071181774139404,-0.5032007098197937,-0.09796791523694992,305,369
0,6,0.0,3.829981565475464,-0.551913857460022,-0.09796791523694992,303,371
0,7,0.0,3.8570449352264404,-0.5694739818572998,-0.09796791523694992,258,386
 , , , , , , , 
0,0,-0.5954553484916687,3.764106512069702,-0.0012240983778610826,0.09796791523694992,257,346
0,1,-0.4800286293029785,3.8101065158843994,0.004466652870178223,0.09796791523694992,284,346
0,2,-0.4836929440498352,3.8380939960479736,-0.09188758581876755,0.09796791523694992,278,349
0,3,-0.4873572885990143,3.8586905002593994,-0.2721881568431854,0.09796791523694992,226,367
0,4,-0.47636428475379944,3.762357711791992,-0.3752441704273224,-0.09796791523694992,251,335
0,5,-0.4800286293029785,3.7848446369171143,-0.4380441904067993,-0.09796791523694992,277,337
0,6,-0.4836929440498352,3.7994821071624756,-0.5507667660713196,-0.09796791523694992,272,341
 , , , , , , , 
0,0,-0.7090499401092529,3.7050821781158447,0.2647823095321655,0.09796791523694992,232,333
0,1,-0.5954553484916687,3.754544258117676,0.2681366205215454,0.09796791523694992,281,337
0,2,-0.6000357866287231,3.787477970123291,0.20573553442955017,0.09796791523694992,303,343
0,3,-0.6046161651611328,3.8203327655792236,0.11341977119445801,0.09796791523694992,297,349
0,4,-0.6091966032981873,3.8509631156921387,-0.007705222815275192,0.09796791523694992,244,368
0,5,-0.5908749103546143,3.731703996658325,-0.16045793890953064,-0.09796791523694992,249,350
0,6,-0.5954553484916687,3.7600009441375732,-0.17576150596141815,-0.09796791523694992,300,351
0,7,-0.6000357866287231,3.784393787384033,-0.2562805116176605,-0.09796791523694992,325,356
0,8,-0.4836929440498352,3.822993040084839,-0.3523233234882355,-0.09796791523694992,314,366
0,9,-0.4873572885990143,3.8383729457855225,-0.48007553815841675,-0.09796791523694992,259,387
 , , , , , , , 
0,0,-1.0800644159317017,3.6462810039520264,0.5342809557914734,0.09796791523694992,236,355
0,1,-1.0883091688156128,3.6731951236724854,0.5445998311042786,0.09796791523694992,238,360
0,2,-0.960057258605957,3.7150228023529053,0.15573832392692566,-0.09796791523694992,233,382
 , , , , , , , 
0,0,-1.2999248504638672,3.5197346210479736,0.4713359773159027,0.09796791523694992,241,409
0,1,-1.3100017309188843,3.5036847591400146,0.7288040518760681,0.09796791523694992,250,412
0,2,-1.2000715732574463,3.625584602355957,0.4028933644294739,0.09796791523694992,283,417
0,3,-1.2092323303222656,3.6702880859375,0.2002745419740677,0.09796791523694992,282,425
 , , , , , , , 
0,0,-1.536274790763855,3.4285600185394287,0.4305016100406647,0.09796791523694992,250,381
0,1,-1.5481839179992676,3.3473892211914062,0.9597806334495544,0.09796791523694992,249,382
0,2,-1.2000715732574463,3.6278655529022217,0.3818098306655884,0.09796791523694992,286,386
0,3,-1.2092323303222656,3.6698601245880127,0.20797011256217957,0.09796791523694992,300,396
0,4,-1.2183932065963745,3.7022597789764404,0.09943225979804993,0.09796791523694992,254,420
 , , , , , , , 
0,0,-1.330155611038208,3.626373529434204,0.2312321811914444,0.09796791523694992,230,360
 , , , , , , , 
0,0,-1.4510788917541504,3.568208932876587,0.3682689368724823,0.09796791523694992,239,353
0,1,-1.4620718955993652,3.597029209136963,0.3533041775226593,0.09796791523694992,228,369
0,2,-1.4510788917541504,3.585277795791626,-0.11628033220767975,-0.09796791523694992,226,339
 , , , , , , , 
0,0,-1.4510788917541504,3.5688254833221436,0.3622458279132843,0.09796791523694992,242,376
0,1,-1.4620718955993652,3.597583293914795,0.34761711955070496,0.09796791523694992,233,395
 , , , , , , , 
0,0,-1.2092323303222656,3.6710944175720215,0.18490855395793915,0.09796791523694992,227,370
0,1,-1.330155611038208,3.630645275115967,-0.1498962938785553,-0.09796791523694992,239,366
 , , , , , , , 
0,0,-1.0800644159317017,3.6748247146606445,0.27655747532844543,0.09796791523694992,246,345
0,1,-1.0883091688156128,3.705496072769165,0.2413489818572998,0.09796791523694992,260,351
0,2,-1.096553921699524,3.7351229190826416,0.21799758076667786,0.09796791523694992,236,362
0,3,-0.960057258605957,3.7151107788085938,-0.15362565219402313,-0.09796791523694992,261,349
0,4,-0.9673858880996704,3.7400290966033936,-0.22296813130378723,-0.09796791523694992,280,351
0,5,-0.9747145771980286,3.7647886276245117,-0.27819839119911194,-0.09796791523694992,252,363
 , , , , , , , 
0,0,-0.7145464420318604,3.7420125007629395,-0.09916119277477264,0.09796791523694992,268,354
0,1,-0.7200429439544678,3.769347906112671,-0.1446123719215393,0.09796791523694992,304,358
0,2,-0.8464626669883728,3.767674446105957,-0.247986301779747,0.09796791523694992,308,364
0,3,-0.8528752326965332,3.7632389068603516,-0.5583312511444092,0.09796791523694992,266,381
0,4,-0.7145464420318604,3.697235345840454,-0.5856117010116577,-0.09796791523694992,243,345
0,5,-0.7200429439544678,3.7193448543548584,-0.6287855505943298,-0.09796791523694992,285,344
0,6,-0.7255394458770752,3.7264935970306396,-0.7484695315361023,-0.09796791523694992,291,346
0,7,-0.8528752326965332,3.6598830223083496,-1.0387285947799683,-0.09796791523694992,259,355
 , , , , , , , 
0,0,-0.5954553484916687,3.760761022567749,-0.1586681455373764,0.09796791523694992,249,344
0,1,-0.6000357866287231,3.7889180183410645,-0.17725114524364471,0.09796791523694992,292,341
0,2,-0.7255394458770752,3.793808698654175,-0.23232820630073547,0.09796791523694992,302,340
0,3,-0.7310359477996826,3.8114123344421387,-0.37392446398735046,0.09796791523694992,267,352
0,4,-0.5954553484916687,3.712301015853882,-0.6223511099815369,-0.09796791523694992,264,363
0,5,-0.6000357866287231,3.739283561706543,-0.6364558339118958,-0.09796791523694992,303,364
0,6,-0.6046161651611328,3.7553045749664307,-0.7109813690185547,-0.09796791523694992,310,366
0,7,-0.7310359477996826,3.724651336669922,-0.8908733129501343,-0.09796791523694992,272,381
 , , , , , , , 
0,0,-0.6000357866287231,3.7866480350494385,-0.22048422694206238,0.09796791523694992,246,352
0,1,-0.6046161651611328,3.8113045692443848,-0.2859455645084381,0.09796791523694992,257,352
0,2,-0.7310359477996826,3.8103187084198,-0.3849097490310669,0.09796791523694992,231,357
0,3,-0.47636428475379944,3.736628293991089,-0.5777138471603394,-0.09796791523694992,230,343
0,4,-0.4800286293029785,3.755418300628662,-0.6432458758354187,-0.09796791523694992,273,341
0,5,-0.6046161651611328,3.7567505836486816,-0.7033011317253113,-0.09796791523694992,285,339
0,6,-0.6091966032981873,3.7700343132019043,-0.7853763699531555,-0.09796791523694992,255,348
 , , , , , , , 
0,0,-0.47636428475379944,3.776919364929199,-0.17613793909549713,0.09796791523694992,258,345
0,1,-0.4800286293029785,3.805964708328247,-0.17766480147838593,0.09796791523694992,298,347
0,2,-0.4836929440498352,3.833646774291992,-0.20630139112472534,0.09796791523694992,307,350
0,3,-0.4873572885990143,3.8628437519073486,-0.20498314499855042,0.09796791523694992,274,361
0,4,-0.3572732210159302,3.7464592456817627,-0.5995544791221619,-0.09796791523694992,268,375
0,5,-0.3600214719772339,3.772611618041992,-0.6206002235412598,-0.09796791523694992,308,375
0,6,-0.3627697229385376,3.798057794570923,-0.6453850269317627,-0.09796791523694992,316,377
0,7,-0.4873572885990143,3.8190438747406006,-0.6152094006538391,-0.09796791523694992,283,390
 , , , , , , , 
0,0,-0.4800286293029785,3.797283172607422,-0.3123648166656494,0.09796791523694992,263,355
0,1,-0.4836929440498352,3.821824312210083,-0.36478546261787415,0.09796791523694992,275,354
0,2,-0.4873572885990143,3.8464207649230957,-0.4106411933898926,0.09796791523694992,245,362
0,3,-0.3600214719772339,3.7695114612579346,-0.6391615271568298,-0.09796791523694992,261,347
0,4,-0.3627697229385376,3.796600818634033,-0.6539017558097839,-0.09796791523694992,271,349
0,5,-0.4873572885990143,3.8185465335845947,-0.6182898879051208,-0.09796791523694992,240,358
 , , , , , , , 
0,0,-0.47636428475379944,3.772780656814575,-0.249540776014328,0.09796791523694992,239,334
0,1,-0.4800286293029785,3.8012609481811523,-0.2595123052597046,0.09796791523694992,278,337
0,2,-0.4836929440498352,3.829146385192871,-0.2775719463825226,0.09796791523694992,285,341
0,3,-0.4873572885990143,3.8597524166107178,-0.25669053196907043,0.09796791523694992,256,351
0,4,-0.3600214719772339,3.7581422328948975,-0.7029299736022949,-0.09796791523694992,264,337
0,5,-0.3627697229385376,3.7821550369262695,-0.7328501343727112,-0.09796791523694992,276,336
0,6,-0.4873572885990143,3.801539421081543,-0.7154560089111328,-0.09796791523694992,247,345
 , , , , , , , 
0,0,-0.4836929440498352,3.829817533493042,-0.2681538462638855,0.09796791523694992,236,334
0,1,-0.4836929440498352,3.782329797744751,-0.658323347568512,-0.09796791523694992,233,344
 , , , , , , , 
0,0,-0.4800286293029785,3.803051471710205,-0.23180034756660461,0.09796791523694992,257,353
0,1,-0.4836929440498352,3.8319859504699707,-0.23514242470264435,0.09796791523694992,268,354
0,2,-0.6091966032981873,3.8470802307128906,-0.1730569750070572,0.09796791523694992,241,362
0,3,-0.3600214719772339,3.7623343467712402,-0.6801352500915527,-0.09796791523694992,265,331
0,4,-0.4836929440498352,3.775455951690674,-0.6966644525527954,-0.09796791523694992,279,330
0,5,-0.4873572885990143,3.8152592182159424,-0.6382604241371155,-0.09796791523694992,251,338
 , , , , , , , 
0,0,-0.4836929440498352,3.83400559425354,-0.1995248943567276,0.09796791523694992,230,340
0,1,-0.3600214719772339,3.773175001144409,-0.6171666979789734,-0.09796791523694992,235,333
0,2,-0.4836929440498352,3.787485122680664,-0.627985417842865,-0.09796791523694992,248,332
0,3,-0.4873572885990143,3.8269662857055664,-0.5638331770896912,-0.09796791523694992,228,333
 , , , , , , , 
0,0,-0.4800286293029785,3.8027594089508057,-0.23654426634311676,0.09796791523694992,233,341
0,1,-0.6046161651611328,3.8114993572235107,-0.2833380103111267,0.09796791523694992,246,340
0,2,-0.4836929440498352,3.768911361694336,-0.7312423586845398,-0.09796791523694992,232,345
 , , , , , , , 
0,0,-0.7145464420318604,3.733111619949341,-0.2763500213623047,0.09796791523694992,253,390
0,1,-0.7200429439544678,3.7591066360473633,-0.31307244300842285,0.09796791523694992,294,390
0,2,-0.7255394458770752,3.7783284187316895,-0.41375669836997986,0.09796791523694992,308,390
0,3,-0.7310359477996826,3.775693416595459,-0.6409540772438049,0.09796791523694992,278,400
0,4,-0.7145464420318604,3.682438850402832,-0.67240971326828,-0.09796791523694992,258,344
0,5,-0.7200429439544678,3.7054812908172607,-0.7059081792831421,-0.09796791523694992,300,347
0,6,-0.7255394458770752,3.7129082679748535,-0.8131870627403259,-0.09796791523694992,312,348
0,7,-0.7310359477996826,3.6816649436950684,-1.0545270442962646,-0.09796791523694992,280,360
 , , , , , , , 
0,0,-0.9453998804092407,3.6401469707489014,-0.3950256407260895,-0.09796791523694992,228,391
0,1,-0.9527285695075989,3.6718571186065674,-0.36447232961654663,-0.09796791523694992,288,392
0,2,-0.8400501012802124,3.7232043743133545,-0.42358601093292236,-0.09796791523694992,328,394
0,3,-0.8464626669883728,3.737520456314087,-0.5364779233932495,-0.09796791523694992,336,398
0,4,-0.8528752326965332,3.724395513534546,-0.7762593626976013,-0.09796791523694992,299,414
 , , , , , , , 
0,0,-1.0635749101638794,3.6266136169433594,-0.13029836118221283,-0.09796791523694992,243,429
0,1,-0.9527285695075989,3.687549591064453,-0.1317300647497177,-0.09796791523694992,296,433
0,2,-0.960057258605957,3.711293935775757,-0.22791770100593567,-0.09796791523694992,334,434
0,3,-0.9673858880996704,3.7260568141937256,-0.39246928691864014,-0.09796791523694992,336,439
0,4,-0.9747145771980286,3.700230121612549,-0.7478805780410767,-0.09796791523694992,288,457
 , , , , , , , 
0,0,-1.0635749101638794,3.6287126541137695,0.04180532321333885,-0.09796791523694992,239,439
0,1,-1.0718196630477905,3.6569409370422363,0.03246390074491501,-0.09796791523694992,288,443
0,2,-0.960057258605957,3.717458724975586,-0.07842595875263214,-0.09796791523694992,315,449
0,3,-0.9673858880996704,3.7379724979400635,-0.2551334798336029,-0.09796791523694992,301,460
0,4,-0.8528752326965332,3.758695363998413,-0.5881402492523193,-0.09796791523694992,237,483
 , , , , , , , 
0,0,-1.1817498207092285,3.590796709060669,0.10070357471704483,-0.19593583047389984,246,430
0,1,-1.0718196630477905,3.65197491645813,0.19326114654541016,-0.19593583047389984,279,434
0,2,-0.960057258605957,3.713899612426758,0.18055181205272675,-0.19593583047389984,293,442
0,3,-0.8464626669883728,3.770301342010498,0.20419441163539886,-0.19593583047389984,260,457
 , , , , , , , 
0,0,-1.1725889444351196,3.562490701675415,-0.11548737436532974,-0.29390373826026917,244,421
0,1,-0.8336374759674072,3.717625617980957,0.08588766306638718,-0.29390373826026917,265,431
0,2,-0.8400501012802124,3.7471892833709717,0.01576118730008602,-0.29390373826026917,291,440
0,3,-0.7255394458770752,3.80035138130188,0.06549843400716782,-0.29390373826026917,265,463
 , , , , , , , 
0,0,-0.5450706481933594,3.4455251693725586,-0.023539701476693153,-0.6857753992080688,264,398
0,1,-0.5496510863304138,3.4743587970733643,-0.037402451038360596,-0.6857753992080688,332,405
0,2,-0.665077805519104,3.483823299407959,-0.04935591295361519,-0.6857753992080688,350,417
0,3,-0.5588119626045227,3.5308210849761963,-0.10790529102087021,-0.6857753992080688,334,429
0,4,-0.4507139027118683,3.559573173522949,-0.35699954628944397,-0.6857753992080688,295,447
0,5,-0.22718912363052368,3.608579158782959,-0.3741077780723572,-0.6857753992080688,242,479
 , , , , , , , 
0,0,-0.4323921799659729,3.4105236530303955,-0.3834021985530853,-0.7837433218955994,338,373
0,1,-0.3270424008369446,3.456876277923584,-0.3351850211620331,-0.7837433218955994,383,375
0,2,-0.3297906517982483,3.4857263565063477,-0.34004950523376465,-0.7837433218955994,390,379
0,3,-0.44338521361351013,3.4904773235321045,-0.44918346405029297,-0.7837433218955994,349,389
0,4,-0.5588119626045227,3.425837516784668,-0.8613808155059814,-0.7837433218955994,262,418
0,5,-0.436056524515152,3.4589951038360596,-0.12044395506381989,-0.6857753992080688,323,435
 , , , , , , , 
0,0,-0.2143639177083969,3.411219835281372,-0.285151869058609,-0.6857753992080688,379,371
0,1,-0.21619608998298645,3.4387505054473877,-0.30640798807144165,-0.6857753992080688,403,375
0,2,-0.21253176033496857,3.3927242755889893,-0.08779025077819824,-0.5878074765205383,263,419
0,3,-0.218028262257576,3.476963520050049,-0.18024523556232452,-0.5878074765205383,340,436
0,4,-0.21986043453216553,3.4921391010284424,-0.36236682534217834,-0.5878074765205383,299,454
0,5,-0.22169260680675507,3.4962058067321777,-0.5560452938079834,-0.5878074765205383,234,488
 , , , , , , , 
0,0,-0.10534979403018951,3.3587894439697266,-0.26903480291366577,-0.6857753992080688,307,419
0,1,-0.10626588016748428,3.390029191970825,-0.2446725219488144,-0.6857753992080688,355,420
0,2,-0.10718195885419846,3.4182815551757812,-0.25989702343940735,-0.6857753992080688,360,425
0,3,-0.10809804499149323,3.4451467990875244,-0.29139164090156555,-0.6857753992080688,316,436
 , , , , , , , 
0,0,0.0,3.2226037979125977,-0.11399763822555542,-0.5878074765205383,275,384
0,1,0.0,3.2537713050842285,-0.03257463499903679,-0.5878074765205383,362,385
0,2,0.0,3.283224105834961,-0.012857946567237377,-0.5878074765205383,400,390
0,3,0.0,3.3125524520874023,0.008659932762384415,-0.5878074765205383,399,400
0,4,0.0,3.33927059173584,0.1320021152496338,-0.5878074765205383,362,412
0,5,-0.10534979403018951,3.195084810256958,1.0701771974563599,-0.5878074765205383,255,446
 , , , , , , , 
0,0,0.0,3.195281744003296,0.012194769456982613,-0.5878074765205383,280,423
0,1,0.10076936334371567,3.2226192951202393,0.05235493555665016,-0.5878074765205383,353,421
0,2,0.10168544948101044,3.252169609069824,0.03379024937748909,-0.5878074765205383,384,424
0,3,0.1026015356183052,3.2816433906555176,-0.003873099572956562,-0.5878074765205383,377,433
0,4,0.20703524351119995,3.3047242164611816,-0.09494083374738693,-0.5878074765205383,332,450
0,5,0.2088674157857895,3.213622808456421,-0.892835795879364,-0.5878074765205383,255,480
 , , , , , , , 
0,0,0.09893719851970673,3.164170265197754,-0.0416293740272522,-0.5878074765205383,318,407
0,1,0.0998532846570015,3.1936912536621094,-0.01841858960688114,-0.5878074765205383,372,414
0,2,0.10076936334371567,3.2228844165802,-0.03213360533118248,-0.5878074765205383,394,420
0,3,0.10168544948101044,3.2510697841644287,-0.09107884019613266,-0.5878074765205383,381,432
0,4,0.0,3.269613265991211,-0.2989223897457123,-0.5878074765205383,331,457
0,5,0.0,3.2364158630371094,-0.7061813473701477,-0.5878074765205383,256,494
 , , , , , , , 
0,0,0.19421005249023438,3.100785970687866,0.055684398859739304,-0.5878074765205383,237,420
0,1,0.1960422247648239,3.129718780517578,0.07184173911809921,-0.5878074765205383,320,427
0,2,0.19787439703941345,3.1594574451446533,0.046564485877752304,-0.5878074765205383,360,431
0,3,0.199706569314003,3.1889781951904297,-0.022570328786969185,-0.5878074765205383,371,431
0,4,0.10076936334371567,3.2174172401428223,-0.19037702679634094,-0.5878074765205383,352,437
0,5,0.20337089896202087,3.2134485244750977,-0.46955057978630066,-0.5878074765205383,302,465
0,6,0.2052030712366104,3.2337591648101807,-0.5295448303222656,-0.5878074765205383,241,507
 , , , , , , , 
0,0,0.19237788021564484,3.071967840194702,-0.019282814115285873,-0.4898395836353302,237,436
0,1,0.19421005249023438,3.101278305053711,-0.006842334289103746,-0.4898395836353302,321,435
0,2,0.2940633296966553,3.1226701736450195,-0.03451239690184593,-0.4898395836353302,360,436
0,3,0.296811580657959,3.1513917446136475,-0.06424456089735031,-0.4898395836353302,361,441
0,4,0.2995598614215851,3.180387258529663,-0.07331833243370056,-0.4898395836353302,323,451
0,5,0.40307745337486267,3.023498296737671,-1.0460199117660522,-0.4898395836353302,242,478
 , , , , , , , 
0,0,0.1905457079410553,3.0427563190460205,-0.009426302276551723,-0.4898395836353302,259,428
0,1,0.28856682777404785,3.0644497871398926,0.01566723734140396,-0.4898395836353302,334,425
0,2,0.29131507873535156,3.0935378074645996,0.029147131368517876,-0.4898395836353302,371,422
0,3,0.2940633296966553,3.1180052757263184,0.17407996952533722,-0.4898395836353302,359,426
0,4,0.296811580657959,2.986788511276245,1.0072193145751953,-0.4898395836353302,284,438
0,5,0.2995598614215851,3.027099132537842,-0.9782173037528992,-0.4898395836353302,259,468
0,6,0.40307745337486267,3.0801234245300293,-0.865181565284729,-0.4898395836353302,230,507
 , , , , , , , 
0,0,0.4626230001449585,2.923886299133301,0.055949266999959946,-0.3918716609477997,248,427
0,1,0.46720340847969055,2.953373908996582,0.003717046231031418,-0.3918716609477997,326,428
0,2,0.471783846616745,2.9819371700286865,-0.04845485836267471,-0.3918716609477997,365,429
0,3,0.47636425495147705,3.0101208686828613,-0.08373136818408966,-0.3918716609477997,375,431
0,4,0.5771336555480957,3.022280216217041,-0.08429963141679764,-0.3918716609477997,342,442
0,5,0.6797351837158203,3.028092622756958,-0.1559036374092102,-0.3918716609477997,249,477
0,6,-0.48552513122558594,3.011922836303711,0.5901498794555664,-0.3918716609477997,249,477
 , , , , , , , 
0,0,0.5496510863304138,2.8792970180511475,-0.03262821212410927,-0.4898395836353302,333,343
0,1,0.555147647857666,2.907771110534668,-0.05422315374016762,-0.4898395836353302,409,343
0,2,0.5606440901756287,2.9364161491394043,-0.06203044578433037,-0.4898395836353302,442,347
0,3,0.5661405920982361,2.9653379917144775,-0.05597131699323654,-0.4898395836353302,441,362
0,4,0.5716371536254883,2.9921607971191406,-0.12234311550855637,-0.4898395836353302,403,387
0,5,0.5771336555480957,2.991347312927246,-0.43946030735969543,-0.4898395836353302,325,430
0,6,-0.6531687378883362,0.4710983633995056,-0.42104074358940125,-0.09796791523694992,228,379
0,7,-0.6742386817932129,0.5000251531600952,-0.41875362396240234,-0.09796791523694992,251,371
0,8,-0.6953086256980896,0.5199649333953857,-0.4266355633735657,-0.09796791523694992,240,367
 , , , , , , , 
0,0,0.538658082485199,2.8214168548583984,0.05178879573941231,-0.09796791523694992,237,418
0,1,0.5441545844078064,2.850637674331665,0.016724495217204094,-0.09796791523694992,301,423
0,2,0.5496510863304138,2.879464626312256,-0.009976842440664768,-0.09796791523694992,325,435
0,3,0.555147647857666,2.907451868057251,0.06926336884498596,-0.09796791523694992,324,448
0,4,0.6540848016738892,2.8314480781555176,0.7041191458702087,-0.09796791523694992,286,460
0,5,-0.28307029604911804,3.006030321121216,-0.023034684360027313,-0.09796791523694992,244,486
 , , , , , , , 
0,0,0.5496510863304138,2.878495693206787,0.07534853368997574,0.09796791523694992,242,417
0,1,0.6476722359657288,2.8567402362823486,0.43106502294540405,0.09796791523694992,244,416
0,2,0.37376272678375244,2.9622721672058105,0.16110244393348694,0.09796791523694992,251,419
0,3,0.28307029604911804,3.0042200088500977,-0.1068149209022522,0.09796791523694992,256,439
0,4,0.5441545844078064,2.8397529125213623,-0.24943628907203674,-0.09796791523694992,230,364
0,5,0.6412596106529236,2.847909450531006,-0.2678244411945343,-0.09796791523694992,250,366
0,6,0.6476722359657288,2.888505220413208,0.05760582908987999,-0.09796791523694992,254,366
0,7,0.5606440901756287,2.9369914531707764,-0.02165582962334156,-0.09796791523694992,258,371
0,8,0.3774270713329315,2.9683353900909424,-0.4042406380176544,-0.09796791523694992,252,390
 , , , , , , , 
0,0,0.538658082485199,2.8202385902404785,-0.09658867120742798,-0.09796791523694992,267,363
0,1,0.5441545844078064,2.8474795818328857,-0.135185107588768,-0.09796791523694992,318,366
0,2,0.45804259181022644,2.891272783279419,-0.15578798949718475,-0.09796791523694992,326,370
0,3,0.4626230001449585,2.923825740814209,-0.05902431160211563,-0.09796791523694992,323,375
0,4,0.5606440901756287,2.9135167598724365,-0.37122470140457153,-0.09796791523694992,328,393
0,5,0.5661405920982361,2.8852505683898926,-0.6867980360984802,-0.09796791523694992,302,428
0,6,0.5716371536254883,2.836848497390747,-0.9593144059181213,-0.09796791523694992,246,467
 , , , , , , , 
0,0,0.538658082485199,2.8217897415161133,0.02401845157146454,-0.09796791523694992,263,416
0,1,0.5441545844078064,2.8506150245666504,-0.020234152674674988,-0.09796791523694992,314,413
0,2,0.45804259181022644,2.8951032161712646,0.045889727771282196,-0.09796791523694992,319,419
0,3,0.4626230001449585,2.9128990173339844,0.25934645533561707,-0.09796791523694992,305,426
0,4,0.6540848016738892,2.9091789722442627,-0.2226194143295288,-0.09796791523694992,312,446
0,5,0.6604973673820496,2.8752665519714355,-0.6430104970932007,-0.09796791523694992,281,480
0,6,0.6669099926948547,2.8269665241241455,-0.9264198541641235,-0.09796791523694992,227,517
 , , , , , , , 
0,0,0.453462153673172,2.855625867843628,0.24958521127700806,0.09796791523694992,227,350
0,1,0.4626230001449585,2.912386655807495,-0.26503753662109375,0.09796791523694992,239,345
0,2,0.46720340847969055,2.887136936187744,-0.6219890117645264,0.09796791523694992,258,358
0,3,0.5661405920982361,2.8755195140838623,-0.7264643311500549,0.09796791523694992,241,382
 , , , , , , , 
0,0,0.5441545844078064,2.850684642791748,0.003503081388771534,0.0,232,361
0,1,0.5496510863304138,2.8793063163757324,-0.03178439661860466,0.0,237,359
0,2,-0.7667632699012756,0.3281610906124115,-0.36086392402648926,-0.09796791523694992,227,349
 , , , , , , , 
0,0,0.5441545844078064,2.8401522636413574,0.24484758079051971,0.09796791523694992,237,347
0,1,0.5496510863304138,2.8724589347839355,0.2009839564561844,0.09796791523694992,239,347
 , , , , , , , 
0,0,0.628434419631958,2.8022966384887695,-0.07369434088468552,-0.09796791523694992,254,367
0,1,0.6348470449447632,2.831498861312866,-0.04585850238800049,-0.09796791523694992,286,374
0,2,0.5496510863304138,2.8794777393341064,0.004767793696373701,-0.09796791523694992,279,377
0,3,0.555147647857666,2.889770030975342,-0.3275698721408844,-0.09796791523694992,275,380
0,4,0.46720340847969055,2.861257553100586,-0.7318708300590515,-0.09796791523694992,271,402
0,5,0.471783846616745,2.7793068885803223,-1.0815494060516357,-0.09796791523694992,237,434
 , , , , , , , 
0,0,0.6348470449447632,2.8169524669647217,0.2902891933917999,0.09796791523694992,238,343
0,1,0.5496510863304138,2.852403402328491,0.39396584033966064,0.09796791523694992,229,343
0,2,0.46720340847969055,2.9326155185699463,-0.34956565499305725,0.09796791523694992,228,361
0,3,0.628434419631958,2.799527406692505,-0.1447208970785141,-0.09796791523694992,232,350
0,4,0.6348470449447632,2.830083131790161,-0.10059162229299545,-0.09796791523694992,265,351
0,5,0.6412596106529236,2.860424280166626,0.017051007598638535,-0.09796791523694992,255,353
0,6,0.555147647857666,2.8899033069610596,-0.3263913094997406,-0.09796791523694992,248,358
0,7,0.5606440901756287,2.842571973800659,-0.7390345335006714,-0.09796791523694992,247,378
 , , , , , , , 
0,0,0.6348470449447632,2.8134355545043945,0.3225974440574646,0.09796791523694992,241,351
0,1,0.5606440901756287,2.900907039642334,-0.45948371291160583,0.09796791523694992,237,367
0,2,0.628434419631958,2.8015806674957275,-0.09717533737421036,-0.09796791523694992,249,354
0,3,0.6348470449447632,2.831286668777466,-0.05749208852648735,-0.09796791523694992,279,355
0,4,0.5496510863304138,2.8767507076263428,0.12538139522075653,-0.09796791523694992,259,356
0,5,0.4626230001449585,2.900513172149658,-0.37318092584609985,-0.09796791523694992,246,359
0,6,0.6540848016738892,2.7948012351989746,-0.8378357291221619,-0.09796791523694992,263,382
 , , , , , , , 
0,0,0.5441545844078064,2.844343423843384,0.19006891548633575,0.09796791523694992,239,341
0,1,0.6540848016738892,2.8616864681243896,-0.5688869953155518,0.09796791523694992,232,356
0,2,0.6348470449447632,2.8266897201538086,-0.17121335864067078,-0.09796791523694992,230,331
0,3,0.7475254535675049,2.7264323234558105,-0.9739006161689758,-0.09796791523694992,230,336
 , , , , , , , 
0,0,0.6348470449447632,2.826262950897217,0.1781201958656311,0.09796791523694992,253,368
0,1,0.5496510863304138,2.8628809452056885,0.308750718832016,0.09796791523694992,234,371
0,2,0.6540848016738892,2.855097770690918,-0.6010817885398865,0.09796791523694992,233,395
0,3,0.6348470449447632,2.8264551162719727,-0.1750461310148239,-0.09796791523694992,237,349
 , , , , , , , 
0,0,0.5441545844078064,2.8474152088165283,-0.1365339308977127,-0.09796791523694992,235,339
 , , , , , , , 
0,0,0.453462153673172,2.863774538040161,0.12524621188640594,0.09796791523694992,240,346
0,1,0.3664340674877167,2.902238130569458,0.19045139849185944,0.09796791523694992,227,346
 , , , , , , , 
0,0,0.3627697229385376,2.870596408843994,-0.22492870688438416,-0.09796791523694992,234,361
 , , , , , , , 
0,0,-0.17955268919467926,2.865921974182129,0.08648309111595154,-0.09796791523694992,292,357
0,1,-0.1813848614692688,2.895873785018921,0.059440407902002335,-0.09796791523694992,324,357
0,2,-0.18321703374385834,2.925173759460449,0.057630110532045364,-0.09796791523694992,305,362
0,3,0.277573823928833,2.9416491985321045,0.18951106071472168,-0.09796791523694992,261,371
0,4,0.09344068169593811,2.9801626205444336,-0.2249642312526703,-0.09796791523694992,261,399
 , , , , , , , 
0,0,-0.2693290412425995,2.8437933921813965,0.3058224320411682,0.09796791523694992,236,383
0,1,-0.2720772922039032,2.8787403106689453,0.2476843297481537,0.09796791523694992,271,383
0,2,-0.2748255431652069,2.911486864089966,0.20309419929981232,0.09796791523694992,261,386
0,3,-0.1813848614692688,2.896036148071289,-0.05092509463429451,-0.09796791523694992,261,355
0,4,-0.18321703374385834,2.9243741035461426,-0.08944056928157806,-0.09796791523694992,257,350
0,5,0.0,2.9603307247161865,0.05199020355939865,-0.09796791523694992,227,352
 , , , , , , , 
0,0,0.0,2.872591257095337,-0.038035303354263306,-0.09796791523694992,237,444
0,1,0.0,2.9018325805664062,-0.043448373675346375,-0.09796791523694992,279,449
0,2,0.09160851687192917,2.929522752761841,-0.05509306490421295,-0.09796791523694992,282,454
0,3,0.09252460300922394,2.9409337043762207,-0.3295578360557556,-0.09796791523694992,250,462
0,4,0.09344068169593811,2.82409405708313,-0.9779932498931885,-0.09796791523694992,232,480
 , , , , , , , 
0,0,0.2693290412425995,2.8595755100250244,-0.0592954196035862,0.09796791523694992,316,380
0,1,0.2720772922039032,2.8887124061584473,-0.06192824989557266,0.09796791523694992,369,375
0,2,0.2748255431652069,2.916995048522949,-0.09561800956726074,0.09796791523694992,373,378
0,3,0.37009841203689575,2.9350624084472656,-0.12123692035675049,0.09796791523694992,349,388
0,4,0.28032204508781433,2.9759411811828613,-0.0768275037407875,0.09796791523694992,325,413
0,5,0.09435676783323288,3.0157299041748047,-0.11552552878856659,0.09796791523694992,281,454
 , , , , , , , 
0,0,0.6348470449447632,2.8309545516967773,0.07200891524553299,0.09796791523694992,267,350
0,1,0.5496510863304138,2.878352165222168,0.08064484596252441,0.09796791523694992,262,346
0,2,0.4626230001449585,2.914426326751709,-0.24157997965812683,0.09796791523694992,230,345
0,3,0.6540848016738892,2.7718772888183594,-0.910812258720398,0.09796791523694992,240,361
 , , , , , , , 
0,0,0.7255394458770752,2.805243968963623,-0.16345888376235962,-0.09796791523694992,248,433
0,1,0.7328681349754333,2.834127187728882,-0.15543045103549957,-0.09796791523694992,230,441
 , , , , , , , 
0,0,0.8977634310722351,2.7288341522216797,-0.02669273130595684,0.09796791523694992,241,343
0,1,0.906924307346344,2.7567789554595947,-0.01334942877292633,0.09796791523694992,279,345
0,2,0.9160851836204529,2.7846221923828125,-0.014117232523858547,0.09796791523694992,269,351
0,3,0.925246000289917,2.808354377746582,-0.15272952616214752,0.09796791523694992,227,358
0,4,0.906924307346344,2.736600399017334,-0.3332066535949707,-0.09796791523694992,242,349
0,5,0.9160851836204529,2.766824722290039,-0.31464317440986633,-0.09796791523694992,229,355
 , , , , , , , 
0,0,0.9976167678833008,2.724097728729248,0.08106711506843567,0.09796791523694992,230,362
 , , , , , , , 
0,0,-0.6531687378883362,0.4819177985191345,-0.40861257910728455,-0.09796791523694992,227,375
0,1,1.1790015697479248,2.639331340789795,-0.257690966129303,-0.09796791523694992,231,445
0,2,1.1909106969833374,2.6645216941833496,-0.2749318778514862,-0.09796791523694992,228,448
 , , , , , , , 
0,0,-0.5496510863304138,0.6018058657646179,-0.3303500711917877,-0.09796791523694992,246,401
0,1,-0.5679727792739868,0.6218198537826538,-0.34144604206085205,-0.09796791523694992,255,414
0,2,-0.5862944722175598,0.6373549699783325,-0.36057597398757935,-0.09796791523694992,235,426
 , , , , , , , 
0,0,-0.41223829984664917,0.7294875979423523,-0.26706787943840027,-0.09796791523694992,242,409
0,1,-0.4259796142578125,0.7494333982467651,-0.28762707114219666,-0.09796791523694992,256,404
0,2,-0.43972086906433105,0.7677217721939087,-0.31181150674819946,-0.09796791523694992,238,401
 , , , , , , , 
0,0,2.154632329940796,1.8824775218963623,-0.2589700222015381,0.09796791523694992,285,364
0,1,2.1766183376312256,1.899853229522705,-0.2746080160140991,0.09796791523694992,342,367
0,2,2.1986043453216553,1.9175304174423218,-0.2876594364643097,0.09796791523694992,367,368
0,3,2.220590591430664,1.9342104196548462,-0.3067055344581604,0.09796791523694992,357,374
0,4,2.2425763607025146,1.9452588558197021,-0.3571116328239441,0.09796791523694992,299,395
 , , , , , , , 
0,0,-0.3572732210159302,0.7543348670005798,-0.2770424783229828,-0.09796791523694992,235,389
0,1,-0.3691823184490204,0.7739309668540955,-0.30095458030700684,-0.09796791523694992,246,384
0,2,-0.3810914158821106,0.7909638285636902,-0.33033788204193115,-0.09796791523694992,226,379
 , , , , , , , 
0,0,2.267310857772827,1.7880266904830933,-0.29117313027381897,0.09796791523694992,259,385
0,1,2.290212869644165,1.8077512979507446,-0.2837105393409729,0.09796791523694992,298,378
0,2,2.313115119934082,1.8286700248718262,-0.267816424369812,0.09796791523694992,298,379
0,3,2.33601713180542,1.854845404624939,-0.20804260671138763,0.09796791523694992,255,390
0,4,2.3580031394958496,1.5638984441757202,-0.6454165577888489,-0.09796791523694992,235,371
0,5,2.381821393966675,1.5881859064102173,-0.6309704780578613,-0.09796791523694992,273,365
0,6,2.4056396484375,1.6117192506790161,-0.6176729798316956,-0.09796791523694992,275,364
0,7,2.33601713180542,1.7783398628234863,-0.566780686378479,-0.09796791523694992,237,370
 , , , , , , , 
0,0,-0.3572732210159302,0.7613944411277771,-0.25700607895851135,0.09796791523694992,243,365
0,1,-0.3691823184490204,0.7819849252700806,-0.2793605327606201,0.09796791523694992,253,361
0,2,-0.35177668929100037,0.8162379264831543,-0.29997724294662476,0.09796791523694992,226,364
 , , , , , , , 
0,0,2.1766183376312256,1.9103740453720093,-0.18794433772563934,0.09796791523694992,249,367
0,1,2.1986043453216553,1.9291038513183594,-0.1955232173204422,0.09796791523694992,286,359
0,2,2.313115119934082,1.8372454643249512,-0.20071998238563538,0.09796791523694992,288,354
0,3,2.33601713180542,1.852033257484436,-0.23174531757831573,0.09796791523694992,245,365
0,4,2.24440860748291,1.7127684354782104,-0.5313014984130859,-0.09796791523694992,234,370
0,5,2.267310857772827,1.7321105003356934,-0.5306733846664429,-0.09796791523694992,304,365
0,6,2.290212869644165,1.7503859996795654,-0.5334837436676025,-0.09796791523694992,339,359
0,7,2.313115119934082,1.766479730606079,-0.5434232354164124,-0.09796791523694992,340,357
0,8,2.33601713180542,1.7735655307769775,-0.5815483331680298,-0.09796791523694992,290,373
 , , , , , , , 
0,0,-0.5496510863304138,0.6434535980224609,-0.23930925130844116,0.09796791523694992,270,390
0,1,-0.5679727792739868,0.6602590084075928,-0.2594289481639862,0.09796791523694992,303,378
0,2,-0.5862944722175598,0.67440265417099,-0.2853374779224396,0.09796791523694992,301,368
0,3,-0.6046161651611328,0.6820229887962341,-0.32422125339508057,0.09796791523694992,260,366
0,4,1.705750584602356,2.31107759475708,-0.05062077194452286,-0.09796791523694992,264,353
0,5,1.6324636936187744,2.399465560913086,0.01211358979344368,-0.09796791523694992,277,352
0,6,1.8321703672409058,2.283172845840454,0.15428954362869263,-0.09796791523694992,248,355
0,7,1.9430166482925415,2.2340424060821533,0.0013369872467592359,-0.09796791523694992,262,367
0,8,1.7753729820251465,2.376680374145508,-0.37436726689338684,-0.09796791523694992,252,393
 , , , , , , , 
0,0,1.5106244087219238,2.4054622650146484,0.13198058307170868,-0.09796791523694992,247,382
0,1,1.526197910308838,2.4321372509002686,0.09303733706474304,-0.09796791523694992,299,380
0,2,1.4510788917541504,2.5133414268493652,0.0020264394115656614,-0.09796791523694992,309,378
0,3,1.2825192213058472,2.623054027557373,-0.2612731158733368,-0.09796791523694992,296,381
0,4,1.2953444719314575,2.6125941276550293,-0.5125380158424377,-0.09796791523694992,302,398
0,5,1.3081696033477783,2.6389107704162598,-0.515316367149353,-0.09796791523694992,282,433
0,6,1.4153515100479126,2.6145663261413574,-0.526972770690918,-0.09796791523694992,230,472
 , , , , , , , 
0,0,1.256868839263916,2.5809459686279297,0.11056971549987793,-0.09796791523694992,245,361
0,1,1.2696940898895264,2.6095075607299805,0.02943575754761696,-0.09796791523694992,261,346
 , , , , , , , 
0,0,0.8079870939254761,2.6977994441986084,0.5676812529563904,0.09796791523694992,252,351
0,1,0.8162318468093872,2.7264246940612793,0.5682377815246582,0.09796791523694992,274,350
0,2,0.9160851836204529,2.699056386947632,0.6851385831832886,0.09796791523694992,265,351
0,3,0.7997423410415649,2.71270751953125,0.2954372465610504,-0.09796791523694992,256,346
0,4,0.8079870939254761,2.744279384613037,0.2632783353328705,-0.09796791523694992,315,347
0,5,0.906924307346344,2.745055675506592,0.2543177008628845,-0.09796791523694992,335,348
0,6,0.9160851836204529,2.7620599269866943,0.3540407121181488,-0.09796791523694992,319,351
0,7,1.480393648147583,2.418043375015259,0.8530898094177246,-0.09796791523694992,259,369
0,8,1.6819322109222412,2.3632218837738037,0.7259445786476135,-0.09796791523694992,239,400
0,9,0.8409661054611206,1.8753085136413574,-2.171797275543213,-0.09796791523694992,239,400
 , , , , , , , 
0,0,0.6220217943191528,2.7104270458221436,0.5935715436935425,0.09796791523694992,243,388
0,1,0.628434419631958,2.756722927093506,0.5087000727653503,0.09796791523694992,304,389
0,2,0.7255394458770752,2.7694308757781982,0.4757777154445648,0.09796791523694992,328,388
0,3,0.8244766592979431,2.752164363861084,0.5825469493865967,0.09796791523694992,315,388
0,4,1.2953444719314575,2.515167236328125,0.8730849027633667,0.09796791523694992,261,403
0,5,0.6540848016738892,1.8043694496154785,-2.292843818664551,0.09796791523694992,244,433
0,6,1.4950509071350098,2.563446283340454,0.36643528938293457,0.09796791523694992,244,433
 , , , , , , , 
0,0,0.538658082485199,2.7900235652923584,0.4228981137275696,0.0,244,352
0,1,0.6348470449447632,2.807901620864868,0.3676646053791046,0.0,275,345
0,2,0.6412596106529236,2.8349759578704834,0.3810881972312927,0.0,269,341
 , , , , , , , 
0,0,0.44888171553611755,2.7993364334106445,0.4641638696193695,0.09796791523694992,241,443
0,1,0.5441545844078064,2.8172173500061035,0.4355473518371582,0.09796791523694992,284,434
0,2,0.5496510863304138,2.856947660446167,0.3595349192619324,0.09796791523694992,287,432
0,3,0.7401968240737915,2.865145444869995,0.09649217128753662,0.09796791523694992,256,437
0,4,-0.277573823928833,1.7691030502319336,2.3578567504882812,0.09796791523694992,256,437
 , , , , , , , 
0,0,0.3591053783893585,2.8183934688568115,0.4253576099872589,0.09796791523694992,287,419
0,1,0.3627697229385376,2.852119207382202,0.39539042115211487,0.09796791523694992,329,415
0,2,0.45804259181022644,2.8695900440216064,0.3862394690513611,0.09796791523694992,332,415
0,3,0.4626230001449585,2.9146411418914795,0.23897215723991394,0.09796791523694992,298,423
0,4,-0.555147647857666,1.8147610425949097,-2.2726008892059326,0.09796791523694992,298,423
0,5,0.5606440901756287,2.9338090419769287,-0.13839150965213776,0.09796791523694992,269,450
0,6,-0.37376272678375244,2.4317376613616943,-1.6993123292922974,0.09796791523694992,269,450
0,7,0.5661405920982361,2.9645321369171143,-0.08894600719213486,0.09796791523694992,232,489
 , , , , , , , 
0,0,0.2693290412425995,2.823993444442749,0.4535961151123047,0.09796791523694992,275,366
0,1,0.2720772922039032,2.8599226474761963,0.4115055203437805,0.09796791523694992,321,367
0,2,0.2748255431652069,2.897326707839966,0.35142576694488525,0.09796791523694992,332,368
0,3,0.277573823928833,2.9407665729522705,0.2027456909418106,0.09796791523694992,317,373
0,4,0.18688136339187622,2.9826080799102783,-0.09916605800390244,0.09796791523694992,276,398
0,5,0.09435676783323288,3.0119411945343018,-0.1902184784412384,0.09796791523694992,228,434
 , , , , , , , 
0,0,-0.08977634459733963,2.8650927543640137,0.190817192196846,-0.09796791523694992,262,366
0,1,-0.0906924307346344,2.8974812030792236,0.13746584951877594,-0.09796791523694992,329,361
0,2,-0.09160851687192917,2.929262399673462,0.06753720343112946,-0.09796791523694992,356,358
0,3,-0.18504920601844788,2.954251766204834,-0.06643713265657425,-0.09796791523694992,355,357
0,4,-0.18688136339187622,2.977099657058716,-0.20654968917369843,-0.09796791523694992,321,376
0,5,-0.28307029604911804,2.9823803901672363,-0.3770342767238617,-0.09796791523694992,268,412
 , , , , , , , 
0,0,-0.2720772922039032,2.8622655868530273,0.3948793411254883,0.09796791523694992,248,342
0,1,-0.2748255431652069,2.899686813354492,0.3313884735107422,0.09796791523694992,276,340
0,2,-0.277573823928833,2.9376516342163086,0.24375465512275696,0.09796791523694992,275,339
0,3,-0.37376272678375244,2.9649972915649414,0.09900671243667603,0.09796791523694992,247,346
0,4,-0.1813848614692688,2.8947811126708984,0.09930272400379181,-0.09796791523694992,259,349
0,5,-0.18321703374385834,2.925351858139038,0.047739576548337936,-0.09796791523694992,289,347
0,6,-0.277573823928833,2.946974992752075,-0.06747152656316757,-0.09796791523694992,289,345
0,7,-0.28032204508781433,2.9722976684570312,-0.1660565584897995,-0.09796791523694992,262,353
 , , , , , , , 
0,0,-0.17955268919467926,2.846249580383301,0.3461971879005432,0.09796791523694992,254,356
0,1,-0.1813848614692688,2.8801066875457764,0.3075791299343109,0.09796791523694992,323,355
0,2,-0.18321703374385834,2.9150617122650146,0.2497580498456955,0.09796791523694992,353,352
0,3,-0.277573823928833,2.945309638977051,0.11985296756029129,0.09796791523694992,352,354
0,4,-0.28032204508781433,2.976778030395508,-0.03033074364066124,0.09796791523694992,322,368
0,5,-0.3774270713329315,2.9858717918395996,-0.2428865283727646,0.09796791523694992,268,401
 , , , , , , , 
0,0,-0.0906924307346344,2.874178409576416,0.3916538953781128,0.09796791523694992,255,354
0,1,-0.09160851687192917,2.9102678298950195,0.3398239314556122,0.09796791523694992,288,346
0,2,-0.09252460300922394,2.953179121017456,0.19087503850460052,0.09796791523694992,292,341
0,3,-0.09344068169593811,2.9879605770111084,-0.06380101293325424,0.09796791523694992,272,345
0,4,-0.0906924307346344,2.899256706237793,0.09276562184095383,-0.09796791523694992,262,383
0,5,-0.09160851687192917,2.929861545562744,0.03241315856575966,-0.09796791523694992,290,381
0,6,-0.09252460300922394,2.9582114219665527,-0.08176112174987793,-0.09796791523694992,283,385
0,7,-0.09344068169593811,2.978316068649292,-0.24821540713310242,-0.09796791523694992,253,396
 , , , , , , , 
0,0,0.2720772922039032,2.8831627368927,-0.189384326338768,-0.09796791523694992,269,412
0,1,0.2748255431652069,2.909339427947998,-0.23183535039424896,-0.09796791523694992,288,416
0,2,0.277573823928833,2.9245362281799316,-0.3691897392272949,-0.09796791523694992,275,420
0,3,0.18688136339187622,2.926302194595337,-0.5852696299552917,-0.09796791523694992,260,430
0,4,0.09435676783323288,2.9247729778289795,-0.74409419298172,-0.09796791523694992,238,460
 , , , , , , , 
0,0,0.3627697229385376,2.8745903968811035,0.16627541184425354,0.09796791523694992,254,342
0,1,0.45804259181022644,2.892256259918213,0.13631704449653625,0.09796791523694992,272,342
0,2,0.4626230001449585,2.924375295639038,0.016466043889522552,0.09796791523694992,262,343
0,3,0.37376272678375244,2.9666383266448975,0.008200781419873238,0.09796791523694992,253,352
0,4,0.28307029604911804,3.005913734436035,-0.0350920632481575,0.09796791523694992,230,376
0,5,0.453462153673172,2.8606643676757812,-0.1830081045627594,-0.09796791523694992,242,389
0,6,0.45804259181022644,2.8853726387023926,-0.2415659874677658,-0.09796791523694992,259,391
0,7,0.4626230001449585,2.9012904167175293,-0.3670904338359833,-0.09796791523694992,249,392
0,8,0.37376272678375244,2.94046688079834,-0.3932737112045288,-0.09796791523694992,242,400
 , , , , , , , 
0,0,0.628434419631958,2.8023111820220947,-0.07314109057188034,-0.09796791523694992,242,414
0,1,0.5441545844078064,2.847872018814087,-0.12665362656116486,-0.09796791523694992,291,416
0,2,0.5496510863304138,2.8732988834381104,-0.1885950118303299,-0.09796791523694992,300,419
0,3,0.6476722359657288,2.8788440227508545,-0.2429773062467575,-0.09796791523694992,281,421
0,4,0.7475254535675049,2.8857486248016357,-0.2331743836402893,-0.09796791523694992,270,438
0,5,0.6604973673820496,2.9381957054138184,-0.2182341367006302,-0.09796791523694992,240,468
 , , , , , , , 
0,0,1.0883091688156128,2.67110013961792,0.32144489884376526,0.09796791523694992,242,350
0,1,-0.681567370891571,0.47214075922966003,-0.37200459837913513,-0.09796791523694992,236,371
0,2,-0.7035533785820007,0.4800778031349182,-0.3930846154689789,-0.09796791523694992,235,375
 , , , , , , , 
0,0,-0.6531687378883362,0.5338473320007324,-0.33795860409736633,-0.09796791523694992,236,399
0,1,-0.6742386817932129,0.5459957718849182,-0.35674694180488586,-0.09796791523694992,231,405
0,2,1.2696940898895264,2.6095404624938965,-0.026353882625699043,-0.09796791523694992,231,442
 , , , , , , , 
0,0,-0.6046161651611328,0.5640045404434204,-0.2995930016040802,-0.09796791523694992,237,374
0,1,-0.6247701048851013,0.5720753073692322,-0.3289841413497925,-0.09796791523694992,256,385
0,2,-0.6449239253997803,0.5817665457725525,-0.35439860820770264,-0.09796791523694992,237,400
 , , , , , , , 
0,0,1.4657362699508667,2.533812999725342,0.15792593359947205,0.09796791523694992,226,369
0,1,-0.5771336555480957,0.5925365686416626,-0.29872211813926697,-0.09796791523694992,244,383
0,2,-0.5963714718818665,0.6014867424964905,-0.3292311728000641,-0.09796791523694992,259,394
0,3,-0.6156092286109924,0.609721302986145,-0.35950353741645813,-0.09796791523694992,237,407
 , , , , , , , 
0,0,1.5573447942733765,2.4779562950134277,0.16715730726718903,0.09796791523694992,226,374
0,1,-0.5496510863304138,0.623151957988739,-0.2880678176879883,-0.09796791523694992,241,379
0,2,-0.5679727792739868,0.6340603828430176,-0.31813961267471313,-0.09796791523694992,251,390
0,3,-0.5862944722175598,0.6431921720504761,-0.3500575125217438,-0.09796791523694992,228,403
 , , , , , , , 
0,0,1.813848614692688,2.2648401260375977,-0.054520491510629654,0.09796791523694992,260,359
0,1,1.8321703672409058,2.287034749984741,-0.07845348864793777,0.09796791523694992,286,354
0,2,1.850492000579834,2.3066155910491943,-0.14650952816009521,0.09796791523694992,282,352
0,3,1.962254285812378,2.229013204574585,-0.3489511013031006,0.09796791523694992,235,368
0,4,1.904541015625,2.155226230621338,-0.38761237263679504,-0.09796791523694992,231,370
0,5,1.9237788915634155,2.1720094680786133,-0.41830843687057495,-0.09796791523694992,259,362
0,6,1.9430166482925415,2.179995536804199,-0.4884330928325653,-0.09796791523694992,258,355
 , , , , , , , 
0,0,1.9237788915634155,2.209646463394165,-0.10034707933664322,0.09796791523694992,250,367
0,1,1.9430166482925415,2.229576349258423,-0.141198992729187,0.09796791523694992,242,366
0,2,-0.49468597769737244,0.672461986541748,-0.27658355236053467,-0.09796791523694992,246,397
0,3,-0.5111755132675171,0.6908023357391357,-0.2955167293548584,-0.09796791523694992,264,391
0,4,-0.5276650190353394,0.706504225730896,-0.31999853253364563,-0.09796791523694992,248,387
 , , , , , , , 
0,0,2.0153872966766357,2.1236202716827393,-0.14826487004756927,0.09796791523694992,240,326
0,1,1.9430166482925415,2.2292075157165527,-0.14690765738487244,0.09796791523694992,229,325
 , , , , , , , 
0,0,1.9952335357666016,2.1039106845855713,-0.122972272336483,0.09796791523694992,256,343
0,1,2.0153872966766357,2.123967170715332,-0.14320924878120422,0.09796791523694992,274,346
0,2,1.9430166482925415,2.227915048599243,-0.16535334289073944,0.09796791523694992,261,349
0,3,1.9952335357666016,2.0617668628692627,-0.4366697371006012,-0.09796791523694992,263,355
0,4,2.0153872966766357,2.0785415172576904,-0.4597940742969513,-0.09796791523694992,283,355
0,5,2.035541296005249,2.0951623916625977,-0.4828331172466278,-0.09796791523694992,272,355
 , , , , , , , 
0,0,1.9952335357666016,2.101161003112793,-0.16335459053516388,0.09796791523694992,261,386
0,1,2.0153872966766357,2.1207358837127686,-0.18499857187271118,0.09796791523694992,286,382
0,2,1.9430166482925415,2.2238309383392334,-0.21336276829242706,0.09796791523694992,277,382
0,3,1.9952335357666016,2.0387885570526123,-0.5337635278701782,-0.09796791523694992,256,358
0,4,2.0153872966766357,2.057164430618286,-0.5475581884384155,-0.09796791523694992,281,356
0,5,2.035541296005249,2.0740323066711426,-0.5667654275894165,-0.09796791523694992,273,355
 , , , , , , , 
0,0,1.904541015625,2.1840639114379883,-0.15845608711242676,0.09796791523694992,230,350
0,1,1.9237788915634155,2.205111265182495,-0.17346712946891785,0.09796791523694992,256,347
0,2,1.9430166482925415,2.225214958190918,-0.19840848445892334,0.09796791523694992,249,345
0,3,1.9952335357666016,2.0645127296447754,-0.423496812582016,-0.09796791523694992,227,366
0,4,2.0153872966766357,2.0831139087677,-0.4386140704154968,-0.09796791523694992,251,363
0,5,2.035541296005249,2.099750280380249,-0.4624730050563812,-0.09796791523694992,241,363
 , , , , , , , 
0,0,2.0153872966766357,2.1006479263305664,-0.3449982702732086,0.0,248,332
0,1,2.035541296005249,2.1183338165283203,-0.3680957555770874,0.0,243,330
 , , , , , , , 
0,0,1.904541015625,2.189387559890747,-0.04272865131497383,0.09796791523694992,274,342
0,1,1.9237788915634155,2.210791826248169,-0.07075212150812149,0.09796791523694992,295,343
0,2,1.9430166482925415,2.2300941944122314,-0.13276799023151398,0.09796791523694992,282,347
0,3,1.8688136339187622,2.3147714138031006,-0.30013129115104675,0.09796791523694992,228,364
0,4,1.885303258895874,2.1325817108154297,-0.38852763175964355,-0.09796791523694992,243,351
0,5,1.904541015625,2.153667449951172,-0.39618155360221863,-0.09796791523694992,294,353
0,6,1.9237788915634155,2.171721935272217,-0.4197981655597687,-0.09796791523694992,312,357
0,7,1.9430166482925415,2.1840765476226807,-0.4698476195335388,-0.09796791523694992,300,360
0,8,1.962254285812378,2.1629607677459717,-0.6417694687843323,-0.09796791523694992,236,384
 , , , , , , , 
0,0,1.8321703672409058,2.2537529468536377,-0.39658746123313904,-0.09796791523694992,244,341
0,1,1.9430166482925415,2.1898324489593506,-0.44224631786346436,-0.09796791523694992,236,340
 , , , , , , , 
0,0,1.8321703672409058,2.288222312927246,-0.026879319921135902,0.09796791523694992,244,345
0,1,1.850492000579834,2.3096489906311035,-0.08638321608304977,0.09796791523694992,243,339
0,2,1.813848614692688,2.233076572418213,-0.38189220428466797,-0.09796791523694992,240,341
0,3,1.8321703672409058,2.2544264793395996,-0.39274027943611145,-0.09796791523694992,262,340
0,4,1.850492000579834,2.263273239135742,-0.4685455858707428,-0.09796791523694992,256,339
 , , , , , , , 
0,0,1.4510788917541504,2.496734619140625,0.28845468163490295,0.09796791523694992,237,377
0,1,1.5573447942733765,2.4695065021514893,0.2640964388847351,0.09796791523694992,252,367
0,2,1.5729182958602905,2.501110315322876,0.19140717387199402,0.09796791523694992,256,364
0,3,1.526197910308838,2.4323160648345947,-0.08823660016059875,-0.09796791523694992,284,358
0,4,1.5417712926864624,2.4580109119415283,-0.06035690754652023,-0.09796791523694992,321,349
0,5,1.5573447942733765,2.4830880165100098,-0.04983107000589371,-0.09796791523694992,327,349
0,6,1.6654428243637085,2.440878391265869,-0.18620972335338593,-0.09796791523694992,325,357
0,7,1.5884915590286255,2.5171515941619873,-0.28522178530693054,-0.09796791523694992,297,384
0,8,1.509708285331726,2.5844645500183105,-0.3977440297603607,-0.09796791523694992,238,421
 , , , , , , , 
0,0,-0.6320987343788147,0.5804803371429443,-0.19212375581264496,0.09796791523694992,256,363
0,1,-0.6247701048851013,0.6232402324676514,-0.21696147322654724,0.09796791523694992,269,370
0,2,-0.6449239253997803,0.6353760957717896,-0.24565820395946503,0.09796791523694992,246,382
0,3,-0.6247701048851013,0.5703766942024231,-0.3319203853607178,-0.09796791523694992,232,343
 , , , , , , , 
0,0,-0.7383646368980408,0.4828881621360779,-0.21788771450519562,0.09796791523694992,238,385
0,1,0.8977634310722351,2.7219197750091553,0.19596010446548462,0.09796791523694992,234,411
0,2,0.906924307346344,2.748440742492676,0.2146676480770111,0.09796791523694992,264,409
0,3,0.9160851836204529,2.7788777351379395,0.1793280839920044,0.09796791523694992,229,413
0,4,0.9344068169593811,2.819101572036743,-0.3467840850353241,0.09796791523694992,245,436
0,5,1.0177706480026245,2.6473212242126465,-0.8497611284255981,-0.09796791523694992,226,352
 , , , , , , , 
0,0,-0.7383646368980408,0.4812679588794708,-0.22144339978694916,0.09796791523694992,234,392
0,1,0.8977634310722351,2.7213797569274902,0.20332367718219757,0.09796791523694992,235,426
0,2,0.8162318468093872,2.7791807651519775,0.18010880053043365,0.09796791523694992,272,423
0,3,0.8244766592979431,2.8110902309417725,0.10743054747581482,0.09796791523694992,254,427
0,4,1.0177706480026245,2.7486624717712402,-0.41863879561424255,0.09796791523694992,237,432
0,5,1.0278475284576416,2.7724149227142334,-0.4449208676815033,0.09796791523694992,246,452
 , , , , , , , 
0,0,-0.7383646368980408,0.4777207672595978,-0.2289954572916031,0.09796791523694992,232,366
0,1,0.8079870939254761,2.7497024536132812,0.19879749417304993,0.09796791523694992,229,395
0,2,0.8162318468093872,2.7787840366363525,0.18612900376319885,0.09796791523694992,271,395
0,3,0.8244766592979431,2.8101396560668945,0.12994371354579926,0.09796791523694992,268,402
0,4,0.8327214121818542,2.8397016525268555,-0.09449835866689682,0.09796791523694992,246,408
0,5,1.0278475284576416,2.8074240684509277,-0.05108309164643288,0.09796791523694992,242,426
0,6,0.8162318468093872,2.7770655155181885,-0.2102203220129013,-0.09796791523694992,269,340
0,7,0.8244766592979431,2.7970571517944336,-0.3004005551338196,-0.09796791523694992,268,344
0,8,0.925246000289917,2.767735242843628,-0.4998228847980499,-0.09796791523694992,255,345
0,9,1.1212881803512573,2.734752893447876,-0.45227137207984924,-0.09796791523694992,253,363
 , , , , , , , 
0,0,0.628434419631958,2.8012337684631348,0.10671079158782959,0.09796791523694992,241,386
0,1,0.6348470449447632,2.8308420181274414,0.07630113512277603,0.09796791523694992,296,392
0,2,0.6412596106529236,2.8599655628204346,0.05398360267281532,0.09796791523694992,308,401
0,3,0.6476722359657288,2.8890798091888428,0.0003674062027130276,0.09796791523694992,291,412
0,4,0.5606440901756287,2.934931755065918,-0.11208789795637131,0.09796791523694992,244,427
 , , , , , , , 
0,0,0.5441545844078064,2.8506054878234863,0.02152193896472454,0.09796791523694992,251,385
0,1,0.5496510863304138,2.8794808387756348,-0.0021377301309257746,0.09796791523694992,275,386
0,2,0.555147647857666,2.907684326171875,-0.058694615960121155,0.09796791523694992,262,391
0,3,0.5441545844078064,2.8412039279937744,-0.2323254644870758,-0.09796791523694992,267,344
0,4,0.5496510863304138,2.867826461791992,-0.25881773233413696,-0.09796791523694992,288,347
0,5,0.555147647857666,2.8916921615600586,-0.31014278531074524,-0.09796791523694992,278,350
0,6,0.5606440901756287,2.882389545440674,-0.5641082525253296,-0.09796791523694992,232,360
 , , , , , , , 
0,0,0.2720772922039032,2.8886334896087646,0.06550074368715286,0.09796791523694992,261,387
0,1,0.2748255431652069,2.918081045150757,0.05297088623046875,0.09796791523694992,300,388
0,2,0.277573823928833,2.9476430416107178,0.024785509333014488,0.09796791523694992,302,392
0,3,0.18688136339187622,2.9839115142822266,-0.04535268247127533,0.09796791523694992,272,399
0,4,0.2720772922039032,2.873743772506714,-0.3001518249511719,-0.09796791523694992,260,342
0,5,0.2748255431652069,2.9012398719787598,-0.31750553846359253,-0.09796791523694992,299,342
0,6,0.277573823928833,2.927353620529175,-0.34614309668540955,-0.09796791523694992,301,345
0,7,0.28032204508781433,2.952651262283325,-0.37944525480270386,-0.09796791523694992,273,349
 , , , , , , , 
0,0,0.0,2.902118444442749,0.015141494572162628,0.09796791523694992,297,354
0,1,0.09160851687192917,2.929598093032837,0.05093749612569809,0.09796791523694992,338,356
0,2,0.09252460300922394,2.9592766761779785,0.019534552469849586,0.09796791523694992,345,359
0,3,0.09344068169593811,2.9874517917633057,-0.08432456851005554,0.09796791523694992,316,368
0,4,0.18871353566646576,3.007845163345337,-0.18474476039409637,0.09796791523694992,256,394
0,5,0.0906924307346344,2.884685516357422,-0.30476707220077515,-0.09796791523694992,248,353
0,6,0.09160851687192917,2.9136927127838135,-0.30908501148223877,-0.09796791523694992,291,354
0,7,0.09252460300922394,2.9380388259887695,-0.35444045066833496,-0.09796791523694992,300,355
0,8,0.09344068169593811,2.9506213665008545,-0.4751966595649719,-0.09796791523694992,281,355
0,9,0.18871353566646576,2.956043004989624,-0.5857244729995728,-0.09796791523694992,230,373
 , , , , , , , 
0,0,-0.0906924307346344,2.897242546081543,0.14240683615207672,0.09796791523694992,266,360
0,1,-0.09160851687192917,2.9270131587982178,0.13316892087459564,0.09796791523694992,309,363
0,2,-0.09252460300922394,2.957901954650879,0.09227634221315384,0.09796791523694992,314,372
0,3,-0.09344068169593811,2.988558769226074,-0.02224981226027012,0.09796791523694992,286,384
0,4,0.09435676783323288,3.015946388244629,-0.1097274050116539,0.09796791523694992,238,406
0,5,-0.0906924307346344,2.891486406326294,-0.23151671886444092,-0.09796791523694992,253,337
0,6,-0.09160851687192917,2.919774293899536,-0.2450675666332245,-0.09796791523694992,295,340
0,7,-0.09252460300922394,2.9441957473754883,-0.29901570081710815,-0.09796791523694992,306,341
0,8,0.0,2.9656620025634766,-0.38152042031288147,-0.09796791523694992,288,346
0,9,0.09435676783323288,2.9737157821655273,-0.514768660068512,-0.09796791523694992,239,370
 , , , , , , , 
0,0,-0.09252460300922394,2.958808422088623,0.056148137897253036,0.09796791523694992,227,346
 , , , , , , , 
0,0,-0.09160851687192917,2.9261043071746826,0.15182864665985107,0.09796791523694992,237,334
0,1,-0.09252460300922394,2.9574456214904785,0.10590076446533203,0.09796791523694992,252,334
0,2,0.0,2.990008592605591,0.0236248467117548,0.09796791523694992,242,334
0,3,-0.09160851687192917,2.9231081008911133,-0.20144270360469818,-0.09796791523694992,226,337
0,4,-0.09252460300922394,2.948765516281128,-0.2499641478061676,-0.09796791523694992,241,336
0,5,0.0,2.9718871116638184,-0.3295406103134155,-0.09796791523694992,229,337
 , , , , , , , 
0,0,-0.09160851687192917,2.927037000656128,0.13264212012290955,0.09796791523694992,248,340
0,1,-0.09252460300922394,2.95798659324646,0.08952518552541733,0.09796791523694992,270,336
0,2,-0.09344068169593811,2.9886109828948975,-0.013490034267306328,0.09796791523694992,258,337
0,3,-0.09160851687192917,2.9201347827911377,-0.24073152244091034,-0.09796791523694992,245,333
0,4,-0.09252460300922394,2.9450438022613525,-0.29054728150367737,-0.09796791523694992,260,334
0,5,0.0,2.970599412918091,-0.34095221757888794,-0.09796791523694992,244,339
 , , , , , , , 
0,0,0.0906924307346344,2.8998236656188965,0.07291794568300247,0.09796791523694992,263,348
0,1,0.09160851687192917,2.9294285774230957,0.05990052968263626,0.09796791523694992,309,347
0,2,0.09252460300922394,2.959125518798828,0.03572437912225723,0.09796791523694992,321,344
0,3,0.09344068169593811,2.9877593517303467,0.07260742038488388,0.09796791523694992,300,343
0,4,0.18321703374385834,2.908416509628296,-0.31792551279067993,-0.09796791523694992,272,354
0,5,0.18504920601844788,2.9353177547454834,-0.3404819071292877,-0.09796791523694992,284,353
0,6,0.09344068169593811,2.967020034790039,-0.3588450253009796,-0.09796791523694992,261,353
 , , , , , , , 
0,0,0.3627697229385376,2.879254102706909,-0.028514152392745018,0.09796791523694992,269,399
0,1,0.3664340674877167,2.907376527786255,-0.0801229327917099,0.09796791523694992,310,407
0,2,0.277573823928833,2.9447760581970215,-0.13231676816940308,0.09796791523694992,319,411
0,3,0.28032204508781433,2.9744105339050293,-0.12251873314380646,0.09796791523694992,293,418
 , , , , , , , 
0,0,0.7328681349754333,2.8373842239379883,-0.07540863752365112,0.09796791523694992,246,366
0,1,0.7401968240737915,2.8643548488616943,-0.11764834821224213,0.09796791523694992,245,372
 , , , , , , , 
0,0,0.9160851836204529,2.7811100482940674,-0.1405213475227356,0.09796791523694992,242,374
0,1,0.925246000289917,2.805941581726074,-0.19202429056167603,0.09796791523694992,240,382
0,2,1.0076936483383179,2.704308032989502,-0.5145904421806335,-0.09796791523694992,240,435
0,3,1.0177706480026245,2.7203879356384277,-0.5743637681007385,-0.09796791523694992,234,446
 , , , , , , , 
0,0,1.2696940898895264,2.600806713104248,-0.2149435579776764,0.09796791523694992,246,363
0,1,1.2825192213058472,2.62800669670105,-0.20556415617465973,0.09796791523694992,276,368
0,2,1.2953444719314575,2.651897430419922,-0.23618659377098083,0.09796791523694992,277,373
0,3,1.3081696033477783,2.6757543087005615,-0.26408395171165466,0.09796791523694992,264,377
0,4,1.4153515100479126,2.656477928161621,-0.2382894903421402,0.09796791523694992,231,398
0,5,1.374127745628357,2.5324525833129883,-0.5403593182563782,-0.09796791523694992,247,361
0,6,1.3878690004348755,2.5544204711914062,-0.5612632632255554,-0.09796791523694992,253,362
0,7,1.401610255241394,2.5782108306884766,-0.5736088156700134,-0.09796791523694992,239,365
 , , , , , , , 
0,0,-0.5679727792739868,0.5677881836891174,-0.4252786636352539,-0.09796791523694992,230,352
0,1,-0.5862944722175598,0.5999082922935486,-0.41993629932403564,-0.09796791523694992,233,363
 , , , , , , , 
0,0,-0.3407836854457855,0.7626743316650391,-0.357816606760025,0.09796791523694992,228,384
 , , , , , , , 
0,0,-0.4104061424732208,0.7393628358840942,-0.4060627818107605,0.09796791523694992,233,394
 , , , , , , , 
0,0,-0.5111755132675171,0.6706697344779968,-0.3387330174446106,0.09796791523694992,241,373
0,1,-0.4983503222465515,0.708608090877533,-0.359859824180603,0.09796791523694992,262,363
0,2,-0.5139237642288208,0.7175090909004211,-0.39610427618026733,0.09796791523694992,244,360
0,3,1.740561842918396,2.3321754932403564,-0.3534604012966156,-0.09796791523694992,259,362
0,4,1.850492000579834,2.2767415046691895,-0.39798030257225037,-0.09796791523694992,257,361
0,5,2.1491355895996094,2.047191619873047,-0.3618452548980713,-0.09796791523694992,233,361
 , , , , , , , 
0,0,-0.539574146270752,0.6217209100723267,-0.3849171996116638,0.09796791523694992,238,418
0,1,-0.556979775428772,0.6414307951927185,-0.3978915512561798,0.09796791523694992,240,430
0,2,1.5417712926864624,2.434519052505493,-0.3443509340286255,-0.09796791523694992,239,338
0,3,1.5573447942733765,2.462733507156372,-0.3211749792098999,-0.09796791523694992,270,341
0,4,1.5729182958602905,2.489999771118164,-0.3034643530845642,-0.09796791523694992,270,343
0,5,1.4950509071350098,2.577382802963257,-0.2502606511116028,-0.09796791523694992,247,348
 , , , , , , , 
0,0,0.906924307346344,2.7503793239593506,0.18820683658123016,0.09796791523694992,271,404
0,1,0.9160851836204529,2.778982400894165,0.1776982992887497,0.09796791523694992,309,405
0,2,0.925246000289917,2.8072891235351562,0.1711980104446411,0.09796791523694992,314,410
0,3,0.9344068169593811,2.8364109992980957,0.14954806864261627,0.09796791523694992,297,418
0,4,0.8492109179496765,2.8970048427581787,0.05550099164247513,0.09796791523694992,254,441
 , , , , , , , 
0,0,0.7255394458770752,2.7957375049591064,0.28277987241744995,0.09796791523694992,260,344
0,1,0.7328681349754333,2.824634552001953,0.27906233072280884,0.09796791523694992,297,348
0,2,0.7401968240737915,2.854184150695801,0.2683330178260803,0.09796791523694992,306,351
0,3,0.7475254535675049,2.88765811920166,0.20819537341594696,0.09796791523694992,292,356
0,4,0.6604973673820496,2.946185827255249,0.02468615584075451,0.09796791523694992,248,380
0,5,0.8162318468093872,2.784790277481079,-0.035047776997089386,-0.09796791523694992,302,365
0,6,0.8244766592979431,2.812798500061035,-0.04398460313677788,-0.09796791523694992,341,366
0,7,0.8327214121818542,2.840627431869507,-0.06059691682457924,-0.09796791523694992,348,371
0,8,0.7475254535675049,2.8920674324035645,-0.13364151120185852,-0.09796791523694992,326,384
0,9,0.6604973673820496,2.927938222885132,-0.32832634449005127,-0.09796791523694992,277,413
 , , , , , , , 
0,0,0.628434419631958,2.7978529930114746,0.17411315441131592,0.09796791523694992,235,360
0,1,0.6348470449447632,2.826803684234619,0.16932138800621033,0.09796791523694992,320,357
0,2,0.6412596106529236,2.8564350605010986,0.15197736024856567,0.09796791523694992,356,361
0,3,0.6476722359657288,2.8864524364471436,0.12318331003189087,0.09796791523694992,363,365
0,4,0.6540848016738892,2.9171054363250732,0.0581190325319767,0.09796791523694992,343,376
0,5,0.5661405920982361,2.9608588218688965,-0.17227084934711456,0.09796791523694992,292,405
 , , , , , , , 
0,0,0.628434419631958,2.8026652336120605,0.05800589174032211,-0.09796791523694992,227,365
0,1,0.6348470449447632,2.8314881324768066,0.046524520963430405,-0.09796791523694992,313,360
0,2,0.6412596106529236,2.860243797302246,0.036374203860759735,-0.09796791523694992,347,365
0,3,0.6476722359657288,2.8890228271484375,0.018126796931028366,-0.09796791523694992,346,375
0,4,0.6540848016738892,2.917478561401367,-0.03465811535716057,-0.09796791523694992,320,388
0,5,0.5661405920982361,2.950932741165161,-0.2972508668899536,-0.09796791523694992,263,418
 , , , , , , , 
0,0,0.3664340674877167,2.9029831886291504,0.17873811721801758,0.09796791523694992,261,352
0,1,0.37009841203689575,2.935225486755371,0.11721408367156982,0.09796791523694992,271,356
0,2,0.37376272678375244,2.9658429622650146,-0.06917748600244522,0.09796791523694992,256,362
0,3,0.3774270713329315,2.9856655597686768,-0.2454109638929367,0.09796791523694992,228,379
0,4,0.3664340674877167,2.89959716796875,-0.22714288532733917,-0.09796791523694992,244,348
0,5,0.37009841203689575,2.923855781555176,-0.2834700345993042,-0.09796791523694992,256,351
0,6,0.37376272678375244,2.929778814315796,-0.4662684500217438,-0.09796791523694992,244,355
 , , , , , , , 
0,0,-0.0906924307346344,2.8999874591827393,0.06608442962169647,0.09796791523694992,262,429
0,1,-0.09160851687192917,2.9293954372406006,0.06149326264858246,0.09796791523694992,318,432
0,2,-0.09252460300922394,2.9591450691223145,0.034073371440172195,0.09796791523694992,341,435
0,3,0.0,2.9900972843170166,0.0052047851495444775,0.09796791523694992,331,442
0,4,0.09435676783323288,3.0141549110412598,-0.15113966166973114,0.09796791523694992,290,462
0,5,0.09527285397052765,2.998969316482544,-0.5402491688728333,0.09796791523694992,230,495
 , , , , , , , 
0,0,-0.5441545844078064,2.827291488647461,0.3644704818725586,0.09796791523694992,227,348
0,1,-0.5496510863304138,2.862384796142578,0.31331905722618103,0.09796791523694992,299,350
0,2,-0.555147647857666,2.896528720855713,0.26114001870155334,0.09796791523694992,334,350
0,3,-0.5606440901756287,2.9329612255096436,0.15532651543617249,0.09796791523694992,341,352
0,4,-0.5661405920982361,2.965510368347168,-0.045933742076158524,0.09796791523694992,320,364
0,5,-0.47636425495147705,3.002641439437866,-0.22800014913082123,0.09796791523694992,275,393
0,6,-0.5496510863304138,2.8785793781280518,-0.07209005951881409,-0.09796791523694992,263,348
0,7,-0.555147647857666,2.90557599067688,-0.12530295550823212,-0.09796791523694992,298,348
0,8,-0.46720340847969055,2.9462435245513916,-0.20513394474983215,-0.09796791523694992,305,349
0,9,-0.471783846616745,2.9545176029205322,-0.406351774930954,-0.09796791523694992,291,355
0,10,-0.47636425495147705,2.9474916458129883,-0.6165491342544556,-0.09796791523694992,251,379
 , , , , , , , 
0,0,-0.8244766592979431,2.803657293319702,0.23081427812576294,0.09796791523694992,244,348
0,1,-0.8327214121818542,2.8346989154815674,0.19318045675754547,0.09796791523694992,286,343
0,2,-0.8409661054611206,2.867537498474121,0.10351195186376572,0.09796791523694992,299,340
0,3,-0.754854142665863,2.923107147216797,-0.05016680061817169,0.09796791523694992,289,344
0,4,-0.7621828317642212,2.942669153213501,-0.23353354632854462,0.09796791523694992,254,364
0,5,-0.8244766592979431,2.8059701919555664,-0.20074963569641113,-0.09796791523694992,230,339
0,6,-0.8327214121818542,2.832406759262085,-0.22429265081882477,-0.09796791523694992,267,340
0,7,-0.7475254535675049,2.8813698291778564,-0.2821753919124603,-0.09796791523694992,279,339
0,8,-0.754854142665863,2.8901047706604004,-0.4408685564994812,-0.09796791523694992,270,343
0,9,-0.7621828317642212,2.890923261642456,-0.5969945788383484,-0.09796791523694992,238,362
 , , , , , , , 
0,0,-0.906924307346344,2.75357723236084,0.13349390029907227,0.09796791523694992,243,352
0,1,-0.9160851836204529,2.7807562351226807,0.1473572999238968,0.09796791523694992,327,346
0,2,-0.8327214121818542,2.837404489517212,0.14823000133037567,0.09796791523694992,369,344
0,3,-0.8409661054611206,2.8684608936309814,0.0735979974269867,0.09796791523694992,377,347
0,4,-0.8492109179496765,2.8966431617736816,-0.07195150852203369,0.09796791523694992,358,360
0,5,-0.8574556708335876,2.918290853500366,-0.2076304703950882,0.09796791523694992,313,391
0,6,-0.7695115208625793,2.9745349884033203,-0.1853685826063156,0.09796791523694992,245,434
0,7,-0.8244766592979431,2.8075196743011475,-0.17777307331562042,-0.09796791523694992,275,341
0,8,-0.8327214121818542,2.8340823650360107,-0.20202089846134186,-0.09796791523694992,317,339
0,9,-0.8409661054611206,2.8555054664611816,-0.2820887565612793,-0.09796791523694992,328,339
0,10,-0.8492109179496765,2.8653604984283447,-0.430612176656723,-0.09796791523694992,313,348
0,11,-0.7621828317642212,2.8983983993530273,-0.5595760345458984,-0.09796791523694992,275,372
 , , , , , , , 
0,0,-0.925246000289917,2.805213689804077,0.20237937569618225,0.09796791523694992,234,328
0,1,-0.9344068169593811,2.837347984313965,0.1305726319551468,0.09796791523694992,251,326
0,2,-0.8492109179496765,2.8974761962890625,-0.01870589703321457,0.09796791523694992,249,327
0,3,-0.925246000289917,2.808767557144165,-0.14493471384048462,-0.09796791523694992,231,337
0,4,-0.8409661054611206,2.8613462448120117,-0.2149006575345993,-0.09796791523694992,247,335
0,5,-0.8492109179496765,2.8695647716522217,-0.40164124965667725,-0.09796791523694992,243,337
 , , , , , , , 
0,0,-0.9160851836204529,2.7777233123779297,0.1963980495929718,0.09796791523694992,239,342
0,1,-0.925246000289917,2.805907726287842,0.192516028881073,0.09796791523694992,285,337
0,2,-0.9344068169593811,2.8368868827819824,0.14023618400096893,0.09796791523694992,299,335
0,3,-0.8492109179496765,2.897528648376465,0.006751414854079485,0.09796791523694992,286,338
0,4,-0.7621828317642212,2.9436144828796387,-0.22129961848258972,0.09796791523694992,250,357
0,5,-0.8244766592979431,2.8102240562438965,-0.12810038030147552,-0.09796791523694992,232,333
0,6,-0.8327214121818542,2.8375959396362305,-0.14451871812343597,-0.09796791523694992,275,332
0,7,-0.8409661054611206,2.862267017364502,-0.20226986706256866,-0.09796791523694992,287,332
0,8,-0.8492109179496765,2.8778908252716064,-0.33684030175209045,-0.09796791523694992,277,332
0,9,-0.7621828317642212,2.9019439220428467,-0.5408892035484314,-0.09796791523694992,242,350
 , , , , , , , 
0,0,-0.3664340674877167,2.9004390239715576,0.21612918376922607,0.09796791523694992,237,352
0,1,-0.37009841203689575,2.9310731887817383,0.19518908858299255,0.09796791523694992,279,351
0,2,-0.37376272678375244,2.9619529247283936,0.16686893999576569,0.09796791523694992,291,350
0,3,-0.3774270713329315,2.994563102722168,0.0837697982788086,0.09796791523694992,276,354
0,4,-0.28581857681274414,3.0341813564300537,-0.08254972100257874,0.09796791523694992,226,374
0,5,-0.3664340674877167,2.906771659851074,-0.09968677908182144,-0.09796791523694992,238,373
0,6,-0.37009841203689575,2.934340476989746,-0.13760189712047577,-0.09796791523694992,281,370
0,7,-0.37376272678375244,2.9609107971191406,-0.18443813920021057,-0.09796791523694992,294,369
0,8,-0.3774270713329315,2.9834697246551514,-0.27080169320106506,-0.09796791523694992,280,373
0,9,-0.3810914158821106,2.9938206672668457,-0.43193745613098145,-0.09796791523694992,228,395
 , , , , , , , 
0,0,-0.2748255431652069,2.917163610458374,0.09033020585775375,0.09796791523694992,238,358
0,1,-0.18504920601844788,2.9523537158966064,0.1250002086162567,0.09796791523694992,278,359
0,2,-0.18688136339187622,2.9821479320526123,0.11215174943208694,0.09796791523694992,287,361
0,3,-0.18871353566646576,3.013453245162964,0.01905227079987526,0.09796791523694992,266,368
0,4,-0.18321703374385834,2.9123406410217285,-0.27970531582832336,-0.09796791523694992,240,380
0,5,-0.18504920601844788,2.9432942867279053,-0.26274725794792175,-0.09796791523694992,270,390
0,6,-0.09344068169593811,2.9789743423461914,-0.2401895672082901,-0.09796791523694992,279,392
0,7,-0.09435676783323288,3.001689910888672,-0.31277960538864136,-0.09796791523694992,257,399
 , , , , , , , 
0,0,0.09252460300922394,2.9577629566192627,-0.09663708508014679,0.09796791523694992,237,358
0,1,0.09344068169593811,2.9868080615997314,-0.10467159748077393,0.09796791523694992,247,356
0,2,0.09435676783323288,3.0143468379974365,-0.1472635269165039,0.09796791523694992,230,360
0,3,-0.18504920601844788,2.9549965858459473,-0.003622806863859296,-0.09796791523694992,243,351
0,4,-0.18688136339187622,2.9840292930603027,-0.036806125193834305,-0.09796791523694992,255,349
0,5,-0.09435676783323288,3.01367449760437,-0.1604357659816742,-0.09796791523694992,243,349
 , , , , , , , 
0,0,0.0906924307346344,2.8838980197906494,-0.3121315836906433,-0.09796791523694992,229,388
0,1,0.09160851687192917,2.914628744125366,-0.30013009905815125,-0.09796791523694992,298,395
0,2,0.09252460300922394,2.9430694580078125,-0.3099074065685272,-0.09796791523694992,330,400
0,3,0.18688136339187622,2.9703240394592285,-0.2880270779132843,-0.09796791523694992,334,403
0,4,0.18871353566646576,2.995661497116089,-0.32753023505210876,-0.09796791523694992,303,415
0,5,0.1905457079410553,2.9921460151672363,-0.5527363419532776,-0.09796791523694992,238,445
 , , , , , , , 
0,0,0.45804259181022644,2.8944361209869385,0.0772562101483345,0.09796791523694992,273,352
0,1,0.4626230001449585,2.9243204593658447,0.024320481345057487,0.09796791523694992,296,356
0,2,0.46720340847969055,2.953223466873169,-0.030026614665985107,0.09796791523694992,290,358
0,3,0.471783846616745,2.9822919368743896,-0.015201806090772152,0.09796791523694992,255,371
0,4,0.5496510863304138,2.8656060695648193,-0.28234273195266724,-0.09796791523694992,270,400
0,5,0.555147647857666,2.888759136199951,-0.3363668620586395,-0.09796791523694992,290,406
0,6,0.5606440901756287,2.910247564315796,-0.39603888988494873,-0.09796791523694992,283,411
0,7,0.5661405920982361,2.9401135444641113,-0.3899931013584137,-0.09796791523694992,247,425
 , , , , , , , 
0,0,0.5496510863304138,2.8783979415893555,0.07899616658687592,0.09796791523694992,261,362
0,1,0.555147647857666,2.907985210418701,0.04116648808121681,0.09796791523694992,285,365
0,2,0.5606440901756287,2.937070846557617,-0.001759104779921472,0.09796791523694992,281,366
0,3,0.6604973673820496,2.9459028244018555,0.04771924763917923,0.09796791523694992,246,377
0,4,0.6412596106529236,2.8468470573425293,-0.27889031171798706,-0.09796791523694992,260,412
0,5,0.6476722359657288,2.871019124984741,-0.32253915071487427,-0.09796791523694992,281,417
0,6,0.6540848016738892,2.8947973251342773,-0.3647345304489136,-0.09796791523694992,274,421
0,7,0.6604973673820496,2.925428867340088,-0.3499801754951477,-0.09796791523694992,238,433
 , , , , , , , 
0,0,1.0076936483383179,2.7365119457244873,-0.2993106245994568,-0.09796791523694992,238,448
0,1,1.0177706480026245,2.766062021255493,-0.28161197900772095,-0.09796791523694992,251,454
0,2,1.0278475284576416,2.799774646759033,-0.2133103311061859,-0.09796791523694992,233,459
 , , , , , , , 
0,0,1.0993021726608276,2.716989517211914,0.05508372187614441,0.09796791523694992,225,372
0,1,1.110295295715332,2.7420172691345215,0.12184970080852509,0.09796791523694992,234,377
 , , , , , , , 
0,0,1.3878690004348755,2.613642692565918,-0.09461680799722672,0.09796791523694992,228,379
 , , , , , , , 
0,0,1.374127745628357,2.5882461071014404,-0.07929029315710068,0.09796791523694992,228,354
0,1,1.3878690004348755,2.613933801651001,-0.08620476722717285,0.09796791523694992,228,360
 , , , , , , , 
0,0,1.5573447942733765,2.4822418689727783,-0.0817565768957138,0.09796791523694992,231,375
0,1,1.5729182958602905,2.5065579414367676,-0.09673003852367401,0.09796791523694992,235,382
0,2,1.6489533185958862,2.3815948963165283,-0.44999000430107117,-0.09796791523694992,230,425
0,3,1.6654428243637085,2.405766725540161,-0.45260053873062134,-0.09796791523694992,233,432
 , , , , , , , 
0,0,1.6489533185958862,2.3594753742218018,-0.554400622844696,-0.09796791523694992,233,379
0,1,1.5729182958602905,2.441880226135254,-0.5739423632621765,-0.09796791523694992,232,390
 , , , , , , , 
0,0,1.4657362699508667,2.538518190383911,0.03277723491191864,0.09796791523694992,261,355
0,1,1.480393648147583,2.563727617263794,0.0446772500872612,0.09796791523694992,264,361
0,2,1.401610255241394,2.6374950408935547,0.1407758742570877,0.09796791523694992,236,367
0,3,1.4510788917541504,2.489609718322754,-0.34457650780677795,-0.09796791523694992,265,367
0,4,1.4657362699508667,2.516911745071411,-0.33212000131607056,-0.09796791523694992,302,371
0,5,1.480393648147583,2.5439064502716064,-0.32130295038223267,-0.09796791523694992,300,381
0,6,1.4950509071350098,2.578540802001953,-0.23803235590457916,-0.09796791523694992,273,388
 , , , , , , , 
0,0,-0.5679727792739868,0.6114477515220642,-0.35969018936157227,0.09796791523694992,226,377
0,1,-0.5862944722175598,0.6422504186630249,-0.35178232192993164,0.09796791523694992,235,390
0,2,1.374127745628357,2.554661512374878,-0.42309460043907166,-0.09796791523694992,252,367
0,3,1.3878690004348755,2.58443546295166,-0.4009666442871094,-0.09796791523694992,253,373
 , , , , , , , 
0,0,0.906924307346344,2.7462732791900635,0.24081292748451233,0.09796791523694992,240,339
0,1,0.9160851836204529,2.776423931121826,0.21398551762104034,0.09796791523694992,289,336
0,2,0.925246000289917,2.8036131858825684,0.2234589159488678,0.09796791523694992,300,334
0,3,0.9344068169593811,2.8121578693389893,0.39919960498809814,0.09796791523694992,278,332
0,4,0.906924307346344,2.7546186447143555,-0.10992716997861862,-0.09796791523694992,279,340
0,5,0.9160851836204529,2.781799793243408,-0.12613408267498016,-0.09796791523694992,323,342
0,6,0.925246000289917,2.8101372718811035,-0.11536756902933121,-0.09796791523694992,331,343
0,7,1.0278475284576416,2.806215286254883,0.09692496061325073,-0.09796791523694992,303,345
0,8,1.0379244089126587,2.6366798877716064,1.0428372621536255,-0.09796791523694992,225,368
0,9,0.09435676783323288,2.802159547805786,-1.120658278465271,-0.09796791523694992,225,368
 , , , , , , , 
0,0,0.2720772922039032,2.888864278793335,0.05437947064638138,0.09796791523694992,259,416
0,1,0.2748255431652069,2.917793035507202,0.06697538495063782,0.09796791523694992,315,419
0,2,0.277573823928833,2.947267770767212,0.05316994711756706,0.09796791523694992,334,426
0,3,0.37376272678375244,2.966486930847168,0.0310822781175375,0.09796791523694992,326,435
0,4,0.3774270713329315,2.994760751724243,-0.07637664675712585,0.09796791523694992,292,454
0,5,0.47636425495147705,3.003032684326172,-0.2227865606546402,0.09796791523694992,234,486
 , , , , , , , 
0,0,0.1813848614692688,2.8961098194122314,0.04654986783862114,0.09796791523694992,232,350
0,1,0.18321703374385834,2.9241509437561035,0.09645779430866241,0.09796791523694992,294,351
0,2,0.18504920601844788,2.9531753063201904,0.10379207879304886,0.09796791523694992,321,353
0,3,0.18688136339187622,2.9832887649536133,0.07597798854112625,0.09796791523694992,321,357
0,4,0.18871353566646576,3.0135135650634766,0.0003149256226606667,0.09796791523694992,294,371
0,5,0.1905457079410553,3.0400850772857666,-0.12782076001167297,0.09796791523694992,239,399
0,6,0.18321703374385834,2.9108479022979736,-0.2948347330093384,-0.09796791523694992,277,336
0,7,0.18504920601844788,2.940823793411255,-0.2890894114971161,-0.09796791523694992,302,339
0,8,0.28032204508781433,2.9630322456359863,-0.28734737634658813,-0.09796791523694992,301,344
0,9,0.28307029604911804,2.9823384284973145,-0.3773667514324188,-0.09796791523694992,272,358
 , , , , , , , 
0,0,0.09160851687192917,2.926450252532959,0.14500994980335236,0.09796791523694992,269,369
0,1,0.09252460300922394,2.95570707321167,0.14661435782909393,0.09796791523694992,295,372
0,2,0.09344068169593811,2.9862613677978516,0.1192513182759285,0.09796791523694992,295,377
0,3,0.09435676783323288,3.017667770385742,0.04067351296544075,0.09796791523694992,268,388
0,4,0.09160851687192917,2.923032760620117,-0.2025299370288849,-0.09796791523694992,258,355
0,5,0.09252460300922394,2.9525651931762695,-0.20014801621437073,-0.09796791523694992,286,356
0,6,0.09344068169593811,2.9793028831481934,-0.23607861995697021,-0.09796791523694992,288,359
0,7,0.09435676783323288,2.9996163845062256,-0.3320758044719696,-0.09796791523694992,265,368
 , , , , , , , 
0,0,-0.18321703374385834,2.9038686752319336,0.3570858836174011,0.09796791523694992,242,338
0,1,-0.18504920601844788,2.9370977878570557,0.3247668445110321,0.09796791523694992,271,338
0,2,-0.18688136339187622,2.973492383956909,0.2532336711883545,0.09796791523694992,278,339
0,3,-0.18871353566646576,3.0112690925598145,0.11628564447164536,0.09796791523694992,258,348
0,4,-0.09160851687192917,2.9300389289855957,-0.0031660522799938917,-0.09796791523694992,249,346
0,5,-0.09252460300922394,2.9591996669769287,-0.02893763594329357,-0.09796791523694992,279,346
0,6,-0.09344068169593811,2.9870738983154297,-0.09679058939218521,-0.09796791523694992,286,344
0,7,-0.09435676783323288,3.0085458755493164,-0.2379591315984726,-0.09796791523694992,267,354
 , , , , , , , 
0,0,-0.2720772922039032,2.873981237411499,0.29786762595176697,0.09796791523694992,250,380
0,1,-0.2748255431652069,2.9062230587005615,0.2680857479572296,0.09796791523694992,314,379
0,2,-0.277573823928833,2.938107967376709,0.23819200694561005,0.09796791523694992,340,382
0,3,-0.28032204508781433,2.9716477394104004,0.17730742692947388,0.09796791523694992,341,388
0,4,-0.28307029604911804,3.0056002140045166,0.05581153184175491,0.09796791523694992,314,405
0,5,-0.28581857681274414,3.032853126525879,-0.1219489574432373,0.09796791523694992,260,435
0,6,-0.1813848614692688,2.8963630199432373,-0.0264653991907835,-0.09796791523694992,230,343
0,7,-0.18321703374385834,2.9248769283294678,-0.07112005352973938,-0.09796791523694992,295,342
0,8,-0.18504920601844788,2.953017234802246,-0.10819974541664124,-0.09796791523694992,326,341
0,9,-0.18688136339187622,2.979037046432495,-0.17641600966453552,-0.09796791523694992,328,345
0,10,-0.18871353566646576,2.997023582458496,-0.31482163071632385,-0.09796791523694992,299,361
0,11,-0.28581857681274414,2.986192226409912,-0.5438064336776733,-0.09796791523694992,247,391
 , , , , , , , 
0,0,-0.37009841203689575,2.9204061031341553,0.3170442283153534,0.09796791523694992,243,339
0,1,-0.37376272678375244,2.957228899002075,0.2362351417541504,0.09796791523694992,248,341
0,2,-0.3774270713329315,2.9956562519073486,0.021631566807627678,0.09796791523694992,235,346
0,3,-0.18504920601844788,2.953969955444336,-0.0779738798737526,-0.09796791523694992,248,346
0,4,-0.28032204508781433,2.974909782409668,-0.10972695052623749,-0.09796791523694992,261,340
0,5,-0.28307029604911804,2.9896609783172607,-0.31412753462791443,-0.09796791523694992,248,343
 , , , , , , , 
0,0,-0.3664340674877167,2.8881776332855225,0.3430573344230652,0.09796791523694992,238,348
0,1,-0.37009841203689575,2.9203367233276367,0.31768110394477844,0.09796791523694992,268,350
0,2,-0.37376272678375244,2.9535229206085205,0.2787711024284363,0.09796791523694992,270,351
0,3,-0.471783846616745,2.9790942668914795,0.1389007866382599,0.09796791523694992,246,358
0,4,-0.3664340674877167,2.9084091186523438,0.020374353975057602,-0.09796791523694992,227,343
0,5,-0.37009841203689575,2.937441825866699,-0.026928849518299103,-0.09796791523694992,259,342
0,6,-0.37376272678375244,2.965252637863159,-0.09102946519851685,-0.09796791523694992,263,341
0,7,-0.471783846616745,2.970372200012207,-0.26680558919906616,-0.09796791523694992,240,347
 , , , , , , , 
0,0,-0.8244766592979431,2.8047053813934326,0.2177106887102127,0.09796791523694992,259,366
0,1,-0.8327214121818542,2.8291103839874268,0.262620210647583,0.09796791523694992,296,364
0,2,-0.8409661054611206,2.8434202671051025,0.3852883279323578,0.09796791523694992,293,363
0,3,-0.8244766592979431,2.81160831451416,-0.09288810193538666,-0.09796791523694992,250,348
0,4,-0.8327214121818542,2.8406686782836914,-0.058627426624298096,-0.09796791523694992,290,343
0,5,-0.7475254535675049,2.892998218536377,0.1117011159658432,-0.09796791523694992,283,344
 , , , , , , , 
0,0,-0.8244766592979431,2.8106606006622314,0.11814025789499283,0.0,239,324
0,1,-0.8327214121818542,2.834660768508911,0.19373810291290283,0.0,276,320
0,2,-0.8409661054611206,2.8391737937927246,0.4154233932495117,0.0,268,319
 , , , , , , , 
0,0,-0.9160851836204529,2.7838480472564697,0.06715689599514008,0.0,259,323
0,1,-0.925246000289917,2.810143232345581,0.11522404849529266,0.0,293,324
0,2,-0.8409661054611206,2.854916572570801,0.2879865765571594,0.0,286,327
 , , , , , , , 
0,0,-0.9160851836204529,2.771850824356079,0.26676276326179504,0.09796791523694992,294,351
0,1,-0.925246000289917,2.7951343059539795,0.31209906935691833,0.09796791523694992,332,346
0,2,-0.9344068169593811,2.806793451309204,0.43531981110572815,0.09796791523694992,329,343
0,3,-0.754854142665863,2.8850364685058594,0.4729025065898895,0.09796791523694992,252,356
0,4,-0.9527285099029541,2.7744851112365723,-0.8302426338195801,0.09796791523694992,229,386
0,5,-0.9160851836204529,2.782949924468994,-0.09751440584659576,-0.09796791523694992,259,346
0,6,-0.925246000289917,2.8120365142822266,-0.05130257084965706,-0.09796791523694992,295,344
0,7,-0.9344068169593811,2.839212417602539,0.08041059970855713,-0.09796791523694992,289,344
 , , , , , , , 
0,0,-0.3627697229385376,2.872659683227539,0.19683489203453064,0.09796791523694992,240,364
0,1,-0.3664340674877167,2.902320146560669,0.18919628858566284,0.09796791523694992,319,363
0,2,-0.37009841203689575,2.9315624237060547,0.187699094414711,0.09796791523694992,358,365
0,3,-0.37376272678375244,2.9608945846557617,0.18469637632369995,0.09796791523694992,362,368
0,4,-0.471783846616745,2.9803996086120605,0.10730651021003723,0.09796791523694992,327,384
0,5,-0.5716371536254883,2.9825241565704346,-0.2693401575088501,0.09796791523694992,266,415
0,6,-0.2748255431652069,2.9139182567596436,-0.16456979513168335,-0.09796791523694992,292,327
0,7,-0.277573823928833,2.942533254623413,-0.17524488270282745,-0.09796791523694992,334,325
0,8,-0.37376272678375244,2.9603238105773926,-0.19363397359848022,-0.09796791523694992,341,326
 , , , , , , , 
0,0,0.6348470449447632,2.830070734024048,-0.10093922168016434,-0.09796791523694992,234,447
0,1,0.6412596106529236,2.857604503631592,-0.12811829149723053,-0.09796791523694992,294,450
0,2,0.6476722359657288,2.886387586593628,-0.12469486892223358,-0.09796791523694992,320,452
0,3,0.7475254535675049,2.8949763774871826,-0.03205258399248123,-0.09796791523694992,312,454
0,4,0.8492109179496765,2.882751941680908,0.29233258962631226,-0.09796791523694992,250,470
0,5,-0.28307029604911804,1.7163113355636597,-2.4679999351501465,-0.09796791523694992,250,470
 , , , , , , , 
0,0,0.7255394458770752,2.8079910278320312,-0.10629310458898544,-0.09796791523694992,236,420
0,1,0.7328681349754333,2.8359365463256836,-0.11789389699697495,-0.09796791523694992,289,423
0,2,0.8327214121818542,2.8398165702819824,-0.09098386764526367,-0.09796791523694992,304,427
0,3,0.8409661054611206,2.86924409866333,-0.030398717150092125,-0.09796791523694992,285,432
 , , , , , , , 
0,0,-0.5679727792739868,0.5884022116661072,-0.3962678611278534,-0.09796791523694992,231,407
0,1,-0.5862944722175598,0.6119968891143799,-0.4021146297454834,-0.09796791523694992,233,426
0,2,1.374127745628357,2.5893871784210205,0.019475102424621582,-0.09796791523694992,256,466
0,3,1.480393648147583,2.564039707183838,0.019911831244826317,-0.09796791523694992,266,465
0,4,1.5884915590286255,2.53179669380188,-0.08607789129018784,-0.09796791523694992,257,465
 , , , , , , , 
0,0,-0.539574146270752,0.6422930359840393,-0.3495107591152191,-0.09796791523694992,248,416
0,1,-0.556979775428772,0.6616895794868469,-0.3632052540779114,-0.09796791523694992,241,438
0,2,1.5573447942733765,2.4833922386169434,0.031170323491096497,-0.09796791523694992,228,486
0,3,1.480393648147583,2.562903881072998,-0.07886107265949249,-0.09796791523694992,236,484
0,4,1.401610255241394,2.6306607723236084,-0.23626650869846344,-0.09796791523694992,239,485
 , , , , , , , 
0,0,1.723156213760376,2.328555107116699,0.17630472779273987,0.09796791523694992,230,349
0,1,1.740561842918396,2.350898504257202,0.19300886988639832,0.09796791523694992,233,351
0,2,1.813848614692688,2.2599937915802,-0.1578015238046646,-0.09796791523694992,259,359
0,3,1.740561842918396,2.3519601821899414,-0.17961062490940094,-0.09796791523694992,257,365
 , , , , , , , 
0,0,-0.5111755132675171,0.7056247591972351,-0.258131206035614,0.09796791523694992,245,409
0,1,-0.5276650190353394,0.726212203502655,-0.27232903242111206,0.09796791523694992,234,427
 , , , , , , , 
0,0,-0.539574146270752,0.6725462079048157,-0.287018746137619,0.09796791523694992,227,373
0,1,-0.556979775428772,0.6895212531089783,-0.30710187554359436,0.09796791523694992,226,385
 , , , , , , , 
0,0,-0.681567370891571,0.4587078392505646,-0.38844746351242065,0.09796791523694992,225,356
0,1,-0.7035533785820007,0.5008872151374817,-0.36619967222213745,0.09796791523694992,241,365
0,2,-0.7255394458770752,0.5281643867492676,-0.36120685935020447,0.09796791523694992,234,364
 , , , , , , , 
0,0,0.453462153673172,2.836294174194336,0.41512352228164673,0.09796791523694992,280,388
0,1,0.45804259181022644,2.8596460819244385,0.4540409445762634,0.09796791523694992,309,394
0,2,0.4626230001449585,2.861685276031494,0.6024937629699707,0.09796791523694992,299,400
0,3,-0.28032204508781433,2.7937557697296143,-1.0281329154968262,0.09796791523694992,235,409
0,4,0.7475254535675049,2.5823240280151367,1.3090139627456665,0.09796791523694992,235,409
0,5,0.09435676783323288,2.9276344776153564,-0.7327552437782288,0.09796791523694992,245,436
 , , , , , , , 
0,0,0.2720772922039032,2.865841865539551,0.36802759766578674,0.09796791523694992,270,416
0,1,0.3664340674877167,2.878636598587036,0.41558313369750977,0.09796791523694992,303,421
0,2,0.37009841203689575,2.891810894012451,0.5164482593536377,0.09796791523694992,301,425
0,3,0.28032204508781433,2.9528164863586426,0.3781581223011017,0.09796791523694992,245,433
0,4,0.09435676783323288,2.9465811252593994,-0.6524050831794739,0.09796791523694992,248,458
 , , , , , , , 
0,0,-0.2720772922039032,2.8560125827789307,0.4378187656402588,0.09796791523694992,246,374
0,1,-0.18321703374385834,2.890613079071045,0.4520164430141449,0.09796791523694992,301,371
0,2,-0.277573823928833,2.9136483669281006,0.4470653235912323,0.09796791523694992,316,372
0,3,-0.28032204508781433,2.9223523139953613,0.5674375891685486,0.09796791523694992,293,376
0,4,-0.6604973673820496,2.9002723693847656,0.5186905860900879,0.09796791523694992,235,397
0,5,-0.1813848614692688,2.895376443862915,0.08008792251348495,-0.09796791523694992,229,347
0,6,-0.18321703374385834,2.9250102043151855,0.06541642546653748,-0.09796791523694992,287,342
0,7,-0.18504920601844788,2.953028917312622,0.10787846148014069,-0.09796791523694992,306,339
0,8,-0.28032204508781433,2.9704558849334717,0.1962655484676361,-0.09796791523694992,283,342
0,9,-0.6604973673820496,2.9375648498535156,0.2265670746564865,-0.09796791523694992,226,359
 , , , , , , , 
0,0,-0.5441545844078064,2.838902235031128,0.25893884897232056,0.09796791523694992,283,416
0,1,-0.5496510863304138,2.865116834640503,0.28726452589035034,0.09796791523694992,336,421
0,2,-0.555147647857666,2.888929843902588,0.33489781618118286,0.09796791523694992,355,422
0,3,-0.5606440901756287,2.9127893447875977,0.37689024209976196,0.09796791523694992,333,427
0,4,-0.5661405920982361,2.9380927085876465,-0.4049362540245056,0.09796791523694992,257,451
0,5,0.3774270713329315,2.1625704765319824,2.0730929374694824,0.09796791523694992,257,451
0,6,-0.5716371536254883,2.7725350856781006,-1.1318315267562866,0.09796791523694992,230,488
0,7,-1.5243656635284424,1.639690637588501,2.0694169998168945,0.09796791523694992,230,488
 , , , , , , , 
0,0,-0.7328681349754333,2.8098840713500977,0.4012318551540375,0.09796791523694992,281,345
0,1,-0.7401968240737915,2.8419055938720703,0.3767513036727905,0.09796791523694992,312,344
0,2,-0.7475254535675049,2.882012367248535,0.27553388476371765,0.09796791523694992,317,346
0,3,-0.754854142665863,2.9219436645507812,0.09652244299650192,0.09796791523694992,296,359
0,4,-0.8574556708335876,2.9233882427215576,-0.11547102779150009,0.09796791523694992,253,385
0,5,-0.6348470449447632,2.8314411640167236,0.04929903894662857,-0.09796791523694992,256,356
0,6,-0.6412596106529236,2.859668493270874,0.06792706251144409,-0.09796791523694992,320,354
0,7,-0.6476722359657288,2.8887970447540283,0.0404227115213871,-0.09796791523694992,348,356
0,8,-0.6540848016738892,2.917020559310913,-0.06224238499999046,-0.09796791523694992,347,363
0,9,-0.754854142665863,2.912005662918091,-0.2594124376773834,-0.09796791523694992,322,381
0,10,-0.7621828317642212,2.916165828704834,-0.4580569565296173,-0.09796791523694992,273,411
 , , , , , , , 
0,0,-0.7401968240737915,2.8468286991119385,0.3375442326068878,0.09796791523694992,242,347
0,1,-0.7475254535675049,2.8812055587768555,0.28384676575660706,0.09796791523694992,246,347
0,2,-0.754854142665863,2.9184229373931885,0.17285487055778503,0.09796791523694992,228,353
0,3,-0.6412596106529236,2.860330104827881,0.028799166902899742,-0.09796791523694992,231,341
0,4,-0.6476722359657288,2.889029026031494,0.017105823382735252,-0.09796791523694992,256,344
0,5,-0.6540848016738892,2.917517900466919,-0.03117038495838642,-0.09796791523694992,257,346
0,6,-0.6604973673820496,2.9437289237976074,-0.1228015273809433,-0.09796791523694992,234,355
 , , , , , , , 
0,0,-0.2748255431652069,2.903794527053833,0.29322364926338196,0.09796791523694992,239,356
0,1,-0.277573823928833,2.9363579750061035,0.25887370109558105,0.09796791523694992,269,360
0,2,-0.28032204508781433,2.9698452949523926,0.2052982896566391,0.09796791523694992,271,365
0,3,-0.28307029604911804,3.004969358444214,0.08310960233211517,0.09796791523694992,249,375
0,4,-0.3664340674877167,2.9082934856414795,0.03297847881913185,-0.09796791523694992,226,357
0,5,-0.37009841203689575,2.937448263168335,-0.0261777862906456,-0.09796791523694992,263,353
0,6,-0.28032204508781433,2.9754598140716553,-0.09363369643688202,-0.09796791523694992,273,350
0,7,-0.28307029604911804,2.9977962970733643,-0.22352832555770874,-0.09796791523694992,255,357
 , , , , , , , 
0,0,-0.2720772922039032,2.886828899383545,0.12129538506269455,0.09796791523694992,234,386
0,1,-0.18321703374385834,2.9227030277252197,0.13330349326133728,0.09796791523694992,306,387
0,2,-0.18504920601844788,2.952199697494507,0.12858320772647858,0.09796791523694992,342,386
0,3,-0.18688136339187622,2.9827053546905518,0.0961964949965477,0.09796791523694992,352,385
0,4,-0.18871353566646576,3.0134897232055664,-0.01197084691375494,0.09796791523694992,329,397
0,5,-0.1905457079410553,3.0311808586120605,-0.2653253376483917,0.09796791523694992,269,429
 , , , , , , , 
0,0,-0.18321703374385834,2.9219579696655273,0.14874203503131866,0.09796791523694992,280,361
0,1,-0.18504920601844788,2.9512078762054443,0.14963217079639435,0.09796791523694992,322,354
0,2,-0.09344068169593811,2.985811471939087,0.13002909719944,0.09796791523694992,333,353
0,3,-0.09435676783323288,3.017754077911377,0.03366122767329216,0.09796791523694992,310,362
0,4,-0.1905457079410553,3.0328614711761475,-0.24536968767642975,0.09796791523694992,256,387
0,5,-0.09160851687192917,2.923980712890625,-0.1883532702922821,-0.09796791523694992,268,344
0,6,-0.09252460300922394,2.953350305557251,-0.18820780515670776,-0.09796791523694992,306,342
0,7,-0.09344068169593811,2.9806480407714844,-0.2184399962425232,-0.09796791523694992,316,341
0,8,-0.09435676783323288,3.000641345977783,-0.3226822018623352,-0.09796791523694992,294,350
0,9,-0.09527285397052765,2.989919424057007,-0.5882749557495117,-0.09796791523694992,241,375
 , , , , , , , 
0,0,0.3664340674877167,2.9014031887054443,-0.2027750015258789,-0.09796791523694992,290,409
0,1,0.37009841203689575,2.929370641708374,-0.219264417886734,-0.09796791523694992,318,417
0,2,0.37376272678375244,2.9562129974365234,-0.24862465262413025,-0.09796791523694992,317,425
0,3,0.3774270713329315,2.9759743213653564,-0.34351423382759094,-0.09796791523694992,288,437
 , , , , , , , 
0,0,0.7328681349754333,2.8377389907836914,0.06060440465807915,0.09796791523694992,237,373
0,1,0.7401968240737915,2.8665401935577393,0.036289848387241364,0.09796791523694992,260,380
0,2,0.7475254535675049,2.895120143890381,-0.013931095600128174,0.09796791523694992,257,384
0,3,0.754854142665863,2.9224295616149902,-0.08047492057085037,0.09796791523694992,232,393
0,4,0.8244766592979431,2.798936605453491,-0.2823539078235626,-0.09796791523694992,247,403
0,5,0.8327214121818542,2.8233706951141357,-0.3184563219547272,-0.09796791523694992,267,411
0,6,0.8409661054611206,2.8444581031799316,-0.3775492310523987,-0.09796791523694992,261,418
0,7,0.8492109179496765,2.8623061180114746,-0.45046746730804443,-0.09796791523694992,233,430
 , , , , , , , 
0,0,1.3878690004348755,2.606382369995117,-0.21645182371139526,0.09796791523694992,232,346
 , , , , , , , 
0,0,1.2825192213058472,2.628087043762207,-0.20453567802906036,0.09796791523694992,227,362
0,1,1.20281982421875,2.69549822807312,-0.23189309239387512,0.09796791523694992,244,358
0,2,1.214728832244873,2.704808473587036,-0.38620510697364807,0.09796791523694992,231,356
0,3,1.2825192213058472,2.581529378890991,-0.5332751274108887,-0.09796791523694992,272,350
0,4,1.2953444719314575,2.604112148284912,-0.5540241599082947,-0.09796791523694992,283,350
0,5,1.214728832244873,2.638890266418457,-0.7080973386764526,-0.09796791523694992,267,352
0,6,1.1322811841964722,2.571854591369629,-1.104708194732666,-0.09796791523694992,237,367
 , , , , , , , 
0,0,0.8327214121818542,2.835862398147583,-0.17527291178703308,-0.09796791523694992,228,366
 , , , , , , , 
0,0,0.5496510863304138,2.879401683807373,0.02148904837667942,0.09796791523694992,241,464
0,1,0.555147647857666,2.908226490020752,-0.017044316977262497,0.09796791523694992,261,465
0,2,0.5606440901756287,2.9355924129486084,-0.09319227933883667,0.09796791523694992,255,466
 , , , , , , , 
0,0,0.09160851687192917,2.929706573486328,-0.04425399377942085,0.09796791523694992,268,376
0,1,0.09252460300922394,2.95928955078125,-0.01747707463800907,0.09796791523694992,300,380
0,2,0.09344068169593811,2.9886057376861572,0.014661499299108982,0.09796791523694992,299,384
0,3,0.09435676783323288,3.017728090286255,0.03592624515295029,0.09796791523694992,269,388
0,4,0.18321703374385834,2.904827833175659,-0.3491975963115692,-0.09796791523694992,267,345
0,5,0.18504920601844788,2.935453176498413,-0.33931154012680054,-0.09796791523694992,301,347
0,6,0.18688136339187622,2.966761589050293,-0.3226621448993683,-0.09796791523694992,302,350
0,7,0.09435676783323288,2.9926700592041016,-0.3897431790828705,-0.09796791523694992,271,356
 , , , , , , , 
0,0,0.0,2.9570131301879883,-0.14944949746131897,-0.09796791523694992,229,352
0,1,0.0,2.986358165740967,-0.14957857131958008,-0.09796791523694992,235,348
 , , , , , , , 
0,0,-0.45804259181022644,2.894542932510376,0.07314292341470718,0.09796791523694992,261,356
0,1,-0.4626230001449585,2.923938751220703,0.053135864436626434,0.09796791523694992,309,356
0,2,-0.46720340847969055,2.953084707260132,0.04148949682712555,0.09796791523694992,323,356
0,3,-0.3774270713329315,2.9954206943511963,0.043359968811273575,0.09796791523694992,293,362
0,4,-0.3810914158821106,2.8377633094787598,-1.0472015142440796,0.09796791523694992,229,386
0,5,-0.45804259181022644,2.8801348209381104,-0.2975783944129944,-0.09796791523694992,239,347
0,6,-0.37009841203689575,2.9224588871002197,-0.2975272238254547,-0.09796791523694992,286,349
0,7,-0.37376272678375244,2.9508962631225586,-0.3053218424320221,-0.09796791523694992,297,351
0,8,-0.3774270713329315,2.9754140377044678,-0.34833428263664246,-0.09796791523694992,269,353
 , , , , , , , 
0,0,-0.555147647857666,2.9062724113464355,0.10794854164123535,0.09796791523694992,264,353
0,1,-0.5606440901756287,2.935647964477539,0.09142682701349258,0.09796791523694992,285,349
0,2,-0.471783846616745,2.9816181659698486,0.06518784910440445,0.09796791523694992,264,349
0,3,-0.4626230001449585,2.909193754196167,-0.298047810792923,-0.09796791523694992,261,338
0,4,-0.46720340847969055,2.93559193611145,-0.3236202597618103,-0.09796791523694992,276,339
0,5,-0.471783846616745,2.954643726348877,-0.40543460845947266,-0.09796791523694992,252,343
 , , , , , , , 
0,0,-0.7328681349754333,2.8356544971466064,0.12449687719345093,0.09796791523694992,239,360
0,1,-0.7401968240737915,2.8650033473968506,0.10062192380428314,0.09796791523694992,304,354
0,2,-0.7475254535675049,2.8941080570220947,0.07780066877603531,0.09796791523694992,333,349
0,3,-0.754854142665863,2.923537254333496,0.001213102601468563,0.09796791523694992,330,346
0,4,-0.5716371536254883,2.9839425086975098,-0.2531408965587616,0.09796791523694992,285,365
0,5,-0.4809446930885315,3.0055363178253174,-0.45805269479751587,0.09796791523694992,246,397
0,6,-0.7401968240737915,2.8539438247680664,-0.2708784341812134,-0.09796791523694992,275,353
0,7,-0.7475254535675049,2.8790926933288574,-0.30453377962112427,-0.09796791523694992,300,353
0,8,-0.6604973673820496,2.9227845668792725,-0.3714173138141632,-0.09796791523694992,293,354
0,9,-0.5716371536254883,2.9248416423797607,-0.6428807973861694,-0.09796791523694992,254,368
 , , , , , , , 
0,0,-0.7401968240737915,2.8647711277008057,0.10703069716691971,0.09796791523694992,238,344
0,1,-0.7475254535675049,2.8943557739257812,0.06796833127737045,0.09796791523694992,262,344
0,2,-0.754854142665863,2.9233133792877197,-0.03620253503322601,0.09796791523694992,254,346
0,3,-0.5716371536254883,2.980362892150879,-0.29228532314300537,0.09796791523694992,226,356
0,4,-0.7401968240737915,2.86090087890625,-0.18334530293941498,-0.09796791523694992,231,345
0,5,-0.7475254535675049,2.8863799571990967,-0.22522424161434174,-0.09796791523694992,259,342
0,6,-0.6604973673820496,2.9307868480682373,-0.301843523979187,-0.09796791523694992,255,343
0,7,-0.5716371536254883,2.942838430404663,-0.5547038912773132,-0.09796791523694992,227,351
 , , , , , , , 
0,0,-0.7475254535675049,2.892914056777954,0.11385584622621536,0.09796791523694992,227,342
0,1,-0.7475254535675049,2.884887218475342,-0.24360163509845734,-0.09796791523694992,244,332
0,2,-0.6604973673820496,2.93225359916687,-0.28724372386932373,-0.09796791523694992,240,330
 , , , , , , , 
0,0,-0.7475254535675049,2.89481520652771,0.04426756501197815,0.09796791523694992,241,331
0,1,-0.754854142665863,2.9231250286102295,-0.04910966008901596,0.09796791523694992,231,331
0,2,-0.6540848016738892,2.9072701930999756,-0.24629643559455872,-0.09796791523694992,237,333
0,3,-0.6604973673820496,2.928725481033325,-0.3212266266345978,-0.09796791523694992,229,332
 , , , , , , , 
0,0,0.0,2.926563262939453,-0.16958388686180115,0.09796791523694992,275,336
0,1,0.0,2.9541311264038086,-0.19841977953910828,0.09796791523694992,338,334
0,2,0.0,2.981137752532959,-0.23135828971862793,0.09796791523694992,363,336
0,3,0.0,3.0036673545837402,-0.30799269676208496,0.09796791523694992,355,345
0,4,0.0,3.003866195678711,-0.5211053490638733,0.09796791523694992,313,365
0,5,0.0,2.9073212146759033,-1.010866641998291,0.09796791523694992,238,401
0,6,0.09160851687192917,2.885643243789673,-0.5081362128257751,-0.09796791523694992,227,341
0,7,0.09252460300922394,2.9075753688812256,-0.5510942339897156,-0.09796791523694992,287,341
0,8,0.09344068169593811,2.9297313690185547,-0.5904686450958252,-0.09796791523694992,313,342
0,9,0.09435676783323288,2.9427337646484375,-0.669545590877533,-0.09796791523694992,308,347
0,10,0.09527285397052765,2.920478105545044,-0.8697659373283386,-0.09796791523694992,268,363
 , , , , , , , 
0,0,0.18504920601844788,2.951289415359497,-0.14801569283008575,0.09796791523694992,261,360
0,1,0.18688136339187622,2.978929042816162,-0.17822904884815216,0.09796791523694992,282,364
0,2,0.18871353566646576,3.0035552978515625,-0.24478182196617126,0.09796791523694992,275,372
0,3,0.09527285397052765,3.02138614654541,-0.39612066745758057,0.09796791523694992,242,385
0,4,0.18504920601844788,2.911952257156372,-0.5025457739830017,-0.09796791523694992,232,424
0,5,0.18688136339187622,2.9346466064453125,-0.5418800711631775,-0.09796791523694992,248,434
0,6,0.18871353566646576,2.950166940689087,-0.6146361827850342,-0.09796791523694992,240,442
 , , , , , , , 
0,0,0.6476722359657288,2.855536937713623,-0.4389660954475403,0.09796791523694992,226,370
 , , , , , , , 
0,0,0.18504920601844788,2.9530487060546875,-0.10733932256698608,0.09796791523694992,236,388
0,1,0.28032204508781433,2.973100423812866,-0.15100327134132385,0.09796791523694992,250,382
0,2,0.28307029604911804,3.0028235912323,-0.14070788025856018,0.09796791523694992,233,378
0,3,0.2748255431652069,2.888465642929077,-0.41805315017700195,-0.09796791523694992,264,355
0,4,0.277573823928833,2.9097659587860107,-0.4716736674308777,-0.09796791523694992,307,351
0,5,0.28032204508781433,2.9304895401000977,-0.5237929224967957,-0.09796791523694992,318,348
0,6,0.3774270713329315,2.958707332611084,-0.4695488214492798,-0.09796791523694992,292,353
0,7,0.5716371536254883,2.9926888942718506,-0.10865885764360428,-0.09796791523694992,228,376
 , , , , , , , 
0,0,0.18688136339187622,2.9583747386932373,-0.39217740297317505,-0.09796791523694992,227,347
 , , , , , , , 
0,0,-0.3664340674877167,2.906453847885132,-0.10855228453874588,0.09796791523694992,236,367
0,1,-0.37009841203689575,2.9362776279449463,-0.08695905655622482,0.09796791523694992,291,365
0,2,-0.37376272678375244,2.965535879135132,-0.08128324896097183,0.09796791523694992,310,364
0,3,-0.3774270713329315,2.9954538345336914,-0.04101995751261711,0.09796791523694992,298,365
0,4,-0.5716371536254883,2.992709159851074,0.10809924453496933,0.09796791523694992,242,382
0,5,-0.3664340674877167,2.867246627807617,-0.48801133036613464,-0.09796791523694992,240,333
0,6,-0.37009841203689575,2.8998734951019287,-0.46906498074531555,-0.09796791523694992,289,337
0,7,-0.37376272678375244,2.9304568767547607,-0.4619886577129364,-0.09796791523694992,306,339
0,8,-0.3774270713329315,2.9651899337768555,-0.42670226097106934,-0.09796791523694992,288,345
0,9,-0.47636425495147705,2.9956307411193848,-0.3066525161266327,-0.09796791523694992,230,362
 , , , , , , , 
0,0,-0.37009841203689575,2.9365663528442383,0.07659503817558289,0.09796791523694992,265,354
0,1,-0.37376272678375244,2.9657328128814697,0.07375070452690125,0.09796791523694992,284,355
0,2,-0.471783846616745,2.9821972846984863,0.0282168947160244,0.09796791523694992,275,356
0,3,-0.47636425495147705,3.0102715492248535,-0.07812926173210144,0.09796791523694992,231,371
0,4,-0.37009841203689575,2.921555995941162,-0.3062679171562195,-0.09796791523694992,254,389
0,5,-0.37376272678375244,2.950822353363037,-0.3060351312160492,-0.09796791523694992,269,393
0,6,-0.3774270713329315,2.9783284664154053,-0.3224669098854065,-0.09796791523694992,259,395
 , , , , , , , 
0,0,-0.3664340674877167,2.907895088195801,-0.0583467036485672,0.09796791523694992,229,365
0,1,-0.37009841203689575,2.937437057495117,-0.027428729459643364,0.09796791523694992,290,356
0,2,-0.37376272678375244,2.966433525085449,-0.035800982266664505,0.09796791523694992,315,352
0,3,-0.3774270713329315,2.9921188354492188,-0.14714080095291138,0.09796791523694992,309,355
0,4,-0.28581857681274414,3.005645513534546,-0.42327913641929626,0.09796791523694992,269,375
0,5,-0.277573823928833,2.9197583198547363,-0.40524744987487793,-0.09796791523694992,270,352
0,6,-0.28032204508781433,2.9483346939086914,-0.4116438627243042,-0.09796791523694992,289,353
0,7,-0.28307029604911804,2.9624762535095215,-0.5103746056556702,-0.09796791523694992,282,355
0,8,-0.28581857681274414,2.9295849800109863,-0.7941043376922607,-0.09796791523694992,246,370
 , , , , , , , 
0,0,-0.18504920601844788,2.9460866451263428,-0.22932568192481995,0.09796791523694992,246,353
0,1,-0.18688136339187622,2.97652530670166,-0.21466663479804993,0.09796791523694992,269,353
0,2,-0.18871353566646576,3.0029830932617188,-0.25170618295669556,0.09796791523694992,264,356
0,3,-0.1905457079410553,3.001268148422241,-0.5008441805839539,0.09796791523694992,232,366
